image;name;nameBirth;potential;positionFirst;positionSecond;skillPass;skillShotInterior;skillShotExterior;skillShotFree;skillPhysique;skillBlock;skillRebound;skillSteal;tendencyIn;tendencyEx;tendencyFr;ATT;DEF;Ranks;age;draft;info
55;特雷西-麦克格雷迪;Tracy McGrady;9;3;4;0;0;0;0;0;0;0;0;0;0;0;-25;-25;-25;18;0;0
80;姚明;Yao Ming;11;5;0;0;0;0;0;0;0;0;0;0;0;0;-25;-25;-25;18;0;0
84;吉尔伯特-阿里纳斯;Gilbert Arenas;9;2;1;0;0;0;0;0;0;0;0;0;0;0;-25;-25;-25;18;0;0
87;格雷格-奥登;Greg Oden;8;5;0;0;0;0;0;0;0;0;0;0;0;0;-25;-25;-25;18;0;0
101;史蒂夫-弗朗西斯;Steve Francis;8;1;0;0;0;0;0;0;0;0;0;0;0;0;-25;-25;-25;18;0;0
124;林书豪;Jeremy Lin;8;2;0;0;0;0;0;0;0;0;0;0;0;0;-25;-25;-25;18;0;0
129;斯蒂芬-马布里;Stephon Marbury;10;1;0;0;0;0;0;0;0;0;0;0;0;0;-25;-25;-25;18;0;0
144;阿玛雷-斯塔德迈尔;Amare Stoudemire;8;2;1;0;0;0;0;0;0;0;0;0;0;0;-25;-25;-25;18;0;0
161;易建联;Yi Jianlian;11;4;5;0;0;0;0;0;0;0;0;0;0;0;-25;-25;-25;18;0;0
165;阿不都沙拉木-阿不都热西提;Abudushalamu Abudurexiti;10;4;0;0;0;0;0;0;0;0;0;0;0;0;-25;-25;-25;18;0;0
168;拉夫-阿尔斯通;Rafer Alston;8;1;2;0;0;0;0;0;0;0;0;0;0;0;-25;-25;-25;18;0;0
171;慈世平;Metta World Peace;8;4;3;0;0;0;0;0;0;0;0;0;0;0;-25;-25;-25;18;0;0
186;巴特尔;Mengke Bateer;11;5;0;0;0;0;0;0;0;0;0;0;0;0;-25;-25;-25;18;0;0
193;杰里-贝勒斯;Jerryd Bayless;8;1;2;0;0;0;0;0;0;0;0;0;0;0;-25;-25;-25;18;0;0
195;迈克尔-比斯利;Michael Beasley;9;4;3;0;0;0;0;0;0;0;0;0;0;0;-25;-25;-25;18;0;0
203;卡洛斯-布泽尔;Carlos Boozer;9;4;5;0;0;0;0;0;0;0;0;0;0;0;-25;-25;-25;18;0;0
204;单涛;Shan Tao;10;5;0;0;0;0;0;0;0;0;0;0;0;0;-25;-25;-25;18;0;0
209;丁彦雨航;Ding Yanyuhang;10;4;3;0;0;0;0;0;0;0;0;0;0;0;-25;-25;-25;18;0;0
224;巩晓彬;Gong Xiaobin;11;4;3;0;0;0;0;0;0;0;0;0;0;0;-25;-25;-25;18;0;0
225;郭艾伦;Guo Ailun;10;2;1;0;0;0;0;0;0;0;0;0;0;0;-25;-25;-25;18;0;0
228;胡金秋;Hu Jinqiu;9;4;5;0;0;0;0;0;0;0;0;0;0;0;-25;-25;-25;18;0;0
229;胡卫东;Hu Weidong;11;2;0;0;0;0;0;0;0;0;0;0;0;0;-25;-25;-25;18;0;0
237;艾尔-杰弗森;Al Jefferson;7;4;0;0;0;0;0;0;0;0;0;0;0;0;-25;-25;-25;18;0;0
253;泰-劳森;Ty Lawson;7;1;2;0;0;0;0;0;0;0;0;0;0;0;-25;-25;-25;18;0;0
256;李楠;Li Nan;11;3;2;0;0;0;0;0;0;0;0;0;0;0;-25;-25;-25;18;0;0
257;李晓勇;Li Xiaoyong;10;1;2;0;0;0;0;0;0;0;0;0;0;0;-25;-25;-25;18;0;0
260;刘炜;Liu Wei;10;1;0;0;0;0;0;0;0;0;0;0;0;0;-25;-25;-25;18;0;0
261;刘玉栋;Liu Yudong;11;4;0;0;0;0;0;0;0;0;0;0;0;0;-25;-25;-25;18;0;0
268;肯扬-马丁;Kenyon Martin;7;4;5;0;0;0;0;0;0;0;0;0;0;0;-25;-25;-25;18;0;0
274;OJ-梅奥;O.J. Mayo;9;2;0;0;0;0;0;0;0;0;0;0;0;0;-25;-25;-25;18;0;0
283;穆铁柱;Mu Tiezhu;10;5;0;0;0;0;0;0;0;0;0;0;0;0;-25;-25;-25;18;0;0
298;约什-史密斯;Josh Smith;8;4;3;0;0;0;0;0;0;0;0;0;0;0;-25;-25;-25;18;0;0
299;路易斯-斯科拉;Luis Scola;9;4;0;0;0;0;0;0;0;0;0;0;0;0;-25;-25;-25;18;0;0
301;宋涛;Song Tao;10;4;5;0;0;0;0;0;0;0;0;0;0;0;-25;-25;-25;18;0;0
302;孙军;Sun Jun;11;3;2;0;0;0;0;0;0;0;0;0;0;0;-25;-25;-25;18;0;0
303;孙悦;Sun Yue;9;3;1;0;0;0;0;0;0;0;0;0;0;0;-25;-25;-25;18;0;0
308;王仕鹏;Wang Shipeng;9;2;1;0;0;0;0;0;0;0;0;0;0;0;-25;-25;-25;18;0;0
309;王哲林;Wang Zhelin;10;5;0;0;0;0;0;0;0;0;0;0;0;0;-25;-25;-25;18;0;0
310;王治郅;Wang Zhizhi;11;5;0;0;0;0;0;0;0;0;0;0;0;0;-25;-25;-25;18;0;0
311;德里克-威廉姆斯;Derrick Williams;7;4;3;0;0;0;0;0;0;0;0;0;0;0;-25;-25;-25;18;0;0
320;吴乃群;Wu Naiqun;9;4;5;0;0;0;0;0;0;0;0;0;0;0;-25;-25;-25;18;0;0
321;吴庆龙;Wu Qinglong;10;2;1;0;0;0;0;0;0;0;0;0;0;0;-25;-25;-25;18;0;0
334;布兰登-詹宁斯;Brandon Jennings;8;1;0;0;0;0;0;0;0;0;0;0;0;0;-25;-25;-25;18;0;0
335;赵维伦;Zhao Weilun;9;1;0;0;0;0;0;0;0;0;0;0;0;0;-25;-25;-25;18;0;0
336;郑武;Zheng Wu;10;2;3;0;0;0;0;0;0;0;0;0;0;0;-25;-25;-25;18;0;0
337;周鹏;Zhou Peng;9;3;4;0;0;0;0;0;0;0;0;0;0;0;-25;-25;-25;18;0;0
338;周琦;Zhou Qi;10;4;5;0;0;0;0;0;0;0;0;0;0;0;-25;-25;-25;18;0;0
339;朱芳雨;Zhu Fangyu;11;3;2;0;0;0;0;0;0;0;0;0;0;0;-25;-25;-25;18;0;0
357;贾利尔-奥卡福;Jahlil Okafor;8;5;0;0;0;0;0;0;0;0;0;0;0;0;-25;-25;-25;18;0;0
363;贾斯汀·帕顿;JUSTIN PATTON;8;5;0;0;0;0;0;0;0;0;0;0;0;0;-25;-25;-25;18;0;0
364;威廉-巴顿;WILLIAM BARTON;7;2;3;0;0;0;0;0;0;0;0;0;0;0;-25;-25;-25;18;0;0
380;乔丹-贝尔;Jordan Bell;9;5;4;0;0;0;0;0;0;0;0;0;0;0;-25;-25;-25;18;0;0
399;斯科特-布雷尔;Scott Burrell;7;2;3;0;0;0;0;0;0;0;0;0;0;0;-25;-25;-25;18;0;0
408;埃里克-布莱德索;Eric Bledsoe;9;1;2;0;0;0;0;0;0;0;0;0;0;0;-25;-25;-25;18;0;0
411;迪-布朗;Dee Brown;7;1;2;0;0;0;0;0;0;0;0;0;0;0;-25;-25;-25;18;0;0
417;阿隆-布鲁克斯;Aaron Brooks;8;1;0;0;0;0;0;0;0;0;0;0;0;0;-25;-25;-25;18;0;0
421;曾凡博;Zeng Fanbo;9;3;2;0;0;0;0;0;0;0;0;0;0;0;-25;-25;-25;18;0;0
426;萨穆埃尔-戴勒姆波特;Samuel Dalembert;7;5;0;0;0;0;0;0;0;0;0;0;0;0;-25;-25;-25;18;0;0
427;崔永熙;Cui Yongxi;9;3;0;0;0;0;0;0;0;0;0;0;0;0;-25;-25;-25;18;0;0
431;里基-戴维斯;Ricky Davis;7;2;3;0;0;0;0;0;0;0;0;0;0;0;-25;-25;-25;18;0;0
453;肯尼斯-法里德;Kenneth Faried;8;4;5;0;0;0;0;0;0;0;0;0;0;0;-25;-25;-25;18;0;0
466;詹姆斯-弗雷戴特;Jimmer Fredette;10;2;1;0;0;0;0;0;0;0;0;0;0;0;-25;-25;-25;18;0;0
482;郭昊文;Guo Haowen;8;3;0;0;0;0;0;0;0;0;0;0;0;0;-25;-25;-25;18;0;0
517;朱旭航;Zhu Xuhang;8;4;0;0;0;0;0;0;0;0;0;0;0;0;-25;-25;-25;18;0;0
526;姜伟泽;Jiang Weize;9;1;2;0;0;0;0;0;0;0;0;0;0;0;-25;-25;-25;18;0;0
552;乔-克劳福德;Joe Crawford;8;2;3;0;0;0;0;0;0;0;0;0;0;0;-25;-25;-25;18;0;0
585;林葳;Lin Wei;9;2;1;0;0;0;0;0;0;0;0;0;0;0;-25;-25;-25;18;0;0
587;吴前;Wu Qian;10;2;1;0;0;0;0;0;0;0;0;0;0;0;-25;-25;-25;18;0;0
607;阿隆-麦基;Aaron McKie;8;2;3;0;0;0;0;0;0;0;0;0;0;0;-25;-25;-25;18;0;0
619;帕特里克-米尔斯;Patrick Mills;8;1;0;0;0;0;0;0;0;0;0;0;0;0;-25;-25;-25;18;0;0
627;多纳塔斯-莫泰尤纳斯;Donatas Motiejnunas;9;5;0;0;0;0;0;0;0;0;0;0;0;0;-25;-25;-25;18;0;0
630;伊曼纽尔-穆迪埃;Emmanuel Mudiay;8;1;2;0;0;0;0;0;0;0;0;0;0;0;-25;-25;-25;18;0;0
632;拉蒙德-穆雷;Lamond Murray;8;3;4;0;0;0;0;0;0;0;0;0;0;0;-25;-25;-25;18;0;0
647;卡梅隆-佩恩;Cameron Payne;8;1;0;0;0;0;0;0;0;0;0;0;0;0;-25;-25;-25;18;0;0
675;兰斯-斯蒂芬森;Lance Stephenson;9;2;3;0;0;0;0;0;0;0;0;0;0;0;-25;-25;-25;18;0;0
685;斯特罗迈尔-斯威夫特;Stromile Swift;7;4;3;0;0;0;0;0;0;0;0;0;0;0;-25;-25;-25;18;0;0
696;唐正东;Tang Zhengdong;10;5;0;0;0;0;0;0;0;0;0;0;0;0;-25;-25;-25;18;0;0
706;邦齐-威尔斯;Bonzi Wells;7;2;3;0;0;0;0;0;0;0;0;0;0;0;-25;-25;-25;18;0;0
714;邹阳;Zou Yang;8;4;3;0;0;0;0;0;0;0;0;0;0;0;-25;-25;-25;18;0;0
717;克里斯坦-伍德;Christian Wood;7;2;1;0;0;0;0;0;0;0;0;0;0;0;-25;-25;-25;18;0;0
721;J.J.-希克森;J. J. Hickson;7;5;4;0;0;0;0;0;0;0;0;0;0;0;-25;-25;-25;18;0;0
726;薛玉洋;Xue Yuyang;8;4;5;0;0;0;0;0;0;0;0;0;0;0;-25;-25;-25;18;0;0
730;杨瀚森;Yang Hansen;10;5;0;0;0;0;0;0;0;0;0;0;0;0;-25;-25;-25;18;0;0
731;杨鸣;Yang Ming;8;2;1;0;0;0;0;0;0;0;0;0;0;0;-25;-25;-25;18;0;0
733;艾派-尤度;Ekpe Udoh;7;5;0;0;0;0;0;0;0;0;0;0;0;0;-25;-25;-25;18;0;0
734;于德豪;Yu Dehao;6;1;0;0;0;0;0;0;0;0;0;0;0;0;-25;-25;-25;18;0;0
735;余嘉豪;Yu Jiahao;8;5;0;0;0;0;0;0;0;0;0;0;0;0;-25;-25;-25;18;0;0
743;张宁;Zhang Ning;8;3;2;0;0;0;0;0;0;0;0;0;0;0;-25;-25;-25;18;0;0
744;张镇麟;Zhang Zhenlin;9;3;4;0;0;0;0;0;0;0;0;0;0;0;-25;-25;-25;18;0;0
746;祝铭震;Zhu Mingzhen;8;3;0;0;0;0;0;0;0;0;0;0;0;0;-25;-25;-25;18;0;0
753;科尔-阿尔德里奇;Cole Aldrich;7;5;0;0;0;0;0;0;0;0;0;0;0;0;-25;-25;-25;18;0;0
770;昆西-阿希;Quincy Acy;7;5;0;0;0;0;0;0;0;0;0;0;0;0;-25;-25;-25;18;0;0
778;安德烈-艾米特;Andre Emmett;9;3;2;0;0;0;0;0;0;0;0;0;0;0;-25;-25;-25;18;0;0
779;罗伊尔-艾维;Royal Ivey;8;2;1;0;0;0;0;0;0;0;0;0;0;0;-25;-25;-25;18;0;0
795;克里斯-安德森;Chris Andersen;7;5;0;0;0;0;0;0;0;0;0;0;0;0;-25;-25;-25;18;0;0
802;约翰尼-奥布莱恩特;Johnny O'Bryant III;8;4;0;0;0;0;0;0;0;0;0;0;0;0;-25;-25;-25;18;0;0
803;丹尼尔-奥顿;Daniel Orton;7;5;0;0;0;0;0;0;0;0;0;0;0;0;-25;-25;-25;18;0;0
832;布兰登-巴斯;Brandon Bass;8;4;0;0;0;0;0;0;0;0;0;0;0;0;-25;-25;-25;18;0;0
845;约什-鲍威尔;Josh Powell;7;4;5;0;0;0;0;0;0;0;0;0;0;0;-25;-25;-25;18;0;0
849;达柳斯-贝兹利;DARIUS BAZLEY;9;4;0;0;0;0;0;0;0;0;0;0;0;0;-25;-25;-25;18;0;0
872;特雷沃-布克;Trevor Booker;7;4;0;0;0;0;0;0;0;0;0;0;0;0;-25;-25;-25;18;0;0
874;安德雷-布拉切;Andray Blatche;9;4;0;0;0;0;0;0;0;0;0;0;0;0;-25;-25;-25;18;0;0
876;德胡安-布莱尔;DeJuan Blair;7;5;0;0;0;0;0;0;0;0;0;0;0;0;-25;-25;-25;18;0;0
886;洛伦佐-布朗;Lorenzo Brown;8;1;0;0;0;0;0;0;0;0;0;0;0;0;-25;-25;-25;18;0;0
900;马尚-布鲁克斯;MarShon Brooks;10;2;3;0;0;0;0;0;0;0;0;0;0;0;-25;-25;-25;18;0;0
927;托尼-道格拉斯;Toney Douglas;8;1;0;0;0;0;0;0;0;0;0;0;0;0;-25;-25;-25;18;0;0
932;埃克-迪奥古;Ike Diogu;9;4;3;0;0;0;0;0;0;0;0;0;0;0;-25;-25;-25;18;0;0
937;哈米杜-迪亚洛;HAMIDOU DIALLO;9;2;3;0;0;0;0;0;0;0;0;0;0;0;-25;-25;-25;18;0;0
943;昆西-杜比;Quincy Douby;10;2;1;0;0;0;0;0;0;0;0;0;0;0;-25;-25;-25;18;0;0
953;马库斯-道希特;Marcus Douthit;7;5;0;0;0;0;0;0;0;0;0;0;0;0;-25;-25;-25;18;0;0
955;哈马迪-恩迪亚耶;Hamady N'Diaye;7;5;0;0;0;0;0;0;0;0;0;0;0;0;-25;-25;-25;18;0;0
958;塔克-法尔;Tacko Fall;7;5;0;0;0;0;0;0;0;0;0;0;0;0;-25;-25;-25;18;0;0
964;凯-费尔德;Kay Felder;9;1;0;0;0;0;0;0;0;0;0;0;0;0;-25;-25;-25;18;0;0
967;杰拉德-费奇;Gerald Fitch;7;2;1;0;0;0;0;0;0;0;0;0;0;0;-25;-25;-25;18;0;0
970;诺阿-冯莱;Noah Vonleh;8;5;0;0;0;0;0;0;0;0;0;0;0;0;-25;-25;-25;18;0;0
976;约翰尼-弗林;Jonny Flynn;7;1;0;0;0;0;0;0;0;0;0;0;0;0;-25;-25;-25;18;0;0
982;贾马尔-富兰克林;Jamaal Franklin;9;2;1;0;0;0;0;0;0;0;0;0;0;0;-25;-25;-25;18;0;0
992;埃里克-格林;Erick Green;7;2;1;0;0;0;0;0;0;0;0;0;0;0;-25;-25;-25;18;0;0
994;杰拉德-格林;Gerald Green;8;3;2;0;0;0;0;0;0;0;0;0;0;0;-25;-25;-25;18;0;0
998;安德鲁-古德洛克;Andrew Goudelock;7;1;2;0;0;0;0;0;0;0;0;0;0;0;-25;-25;-25;18;0;0
999;阿奇-古德温;ARCHIE GOODWIN;8;1;0;0;0;0;0;0;0;0;0;0;0;0;-25;-25;-25;18;0;0
1007;约什-哈雷尔森;Josh Harrellson;8;5;0;0;0;0;0;0;0;0;0;0;0;0;-25;-25;-25;18;0;0
1008;大卫-哈里森;David Harrison;8;5;0;0;0;0;0;0;0;0;0;0;0;0;-25;-25;-25;18;0;0
1017;艾尔-哈灵顿;Al Harrington;8;3;4;0;0;0;0;0;0;0;0;0;0;0;-25;-25;-25;18;0;0
1035;贾斯汀-汉密尔顿;Justin Hamilton;8;5;0;0;0;0;0;0;0;0;0;0;0;0;-25;-25;-25;18;0;0
1038;泰勒-汉斯布鲁;Tyler Hansbrough;7;5;0;0;0;0;0;0;0;0;0;0;0;0;-25;-25;-25;18;0;0
1043;克里斯-赫伦;Chris Herren;7;1;0;0;0;0;0;0;0;0;0;0;0;0;-25;-25;-25;18;0;0
1056;多雷尔-莱特;Dorell Wright;8;3;4;0;0;0;0;0;0;0;0;0;0;0;-25;-25;-25;18;0;0
1058;罗德尼-怀特;Rodney White;8;5;4;0;0;0;0;0;0;0;0;0;0;0;-25;-25;-25;18;0;0
1061;沙隆-莱特;Sharone Wright;7;5;0;0;0;0;0;0;0;0;0;0;0;0;-25;-25;-25;18;0;0
1087;哈里-贾尔斯;HARRY GILES;8;4;5;0;0;0;0;0;0;0;0;0;0;0;-25;-25;-25;18;0;0
1090;科里-杰弗森;Cory Jefferson;7;5;0;0;0;0;0;0;0;0;0;0;0;0;-25;-25;-25;18;0;0
1096;皮埃尔-杰克逊;Pierre Jackson;8;1;0;0;0;0;0;0;0;0;0;0;0;0;-25;-25;-25;18;0;0
1111;罗德尼-卡尼;Rodney Carney;8;4;3;0;0;0;0;0;0;0;0;0;0;0;-25;-25;-25;18;0;0
1113;阿萨兰-卡兹米;Arsalan Kazemi;8;3;4;0;0;0;0;0;0;0;0;0;0;0;-25;-25;-25;18;0;0
1117;雷恩-凯利;Ryan Kelly;8;2;1;0;0;0;0;0;0;0;0;0;0;0;-25;-25;-25;18;0;0
1125;丹特-康宁汉姆;Dante Cunningham;7;2;1;0;0;0;0;0;0;0;0;0;0;0;-25;-25;-25;18;0;0
1126;贾里德-康宁汉姆;Jared Cunningham;7;2;0;0;0;0;0;0;0;0;0;0;0;0;-25;-25;-25;18;0;0
1129;威利-考利-斯坦;WILLIE CAULEY-STEIN;7;5;4;0;0;0;0;0;0;0;0;0;0;0;-25;-25;-25;18;0;0
1131;诺里斯-科尔;Norris Cole;8;1;0;0;0;0;0;0;0;0;0;0;0;0;-25;-25;-25;18;0;0
1137;马迪-科林斯;Mardy Collins;7;2;3;0;0;0;0;0;0;0;0;0;0;0;-25;-25;-25;18;0;0
1142;厄尔-克拉克;Earl Clark;7;4;0;0;0;0;0;0;0;0;0;0;0;0;-25;-25;-25;18;0;0
1149;乔丹-克劳福德;Jordan Crawford;10;2;1;0;0;0;0;0;0;0;0;0;0;0;-25;-25;-25;18;0;0
1157;塞玛杰-克里斯顿;Semaj Christon;7;2;1;0;0;0;0;0;0;0;0;0;0;0;-25;-25;-25;18;0;0
1161;贾瓦里斯-克里坦顿;Javaris Crittenton;8;1;2;0;0;0;0;0;0;0;0;0;0;0;-25;-25;-25;18;0;0
1168;谢里夫-库珀;Sharife Cooper;6;1;2;0;0;0;0;0;0;0;0;0;0;0;-25;-25;-25;18;0;0
1180;加尼-拉瓦尔;Gani Lawal;8;4;3;0;0;0;0;0;0;0;0;0;0;0;-25;-25;-25;18;0;0
1181;鲍比-布朗;Bobby Brown;7;2;1;0;0;0;0;0;0;0;0;0;0;0;-25;-25;-25;18;0;0
1186;原帅;Yuan Shuai;8;1;0;0;0;0;0;0;0;0;0;0;0;0;-25;-25;-25;18;0;0
1188;朱利安-莱特;Julian Wright;7;3;0;0;0;0;0;0;0;0;0;0;0;0;-25;-25;-25;18;0;0
1193;卡尔-兰德里;Carl Landry;8;5;0;0;0;0;0;0;0;0;0;0;0;0;-25;-25;-25;18;0;0
1206;里基-莱多;Ricky Ledo;8;3;2;0;0;0;0;0;0;0;0;0;0;0;-25;-25;-25;18;0;0
1236;托马斯-罗宾逊;Thomas Robinson;8;5;0;0;0;0;0;0;0;0;0;0;0;0;-25;-25;-25;18;0;0
1245;肯尼思-洛夫顿;KENNETH LOFTON;9;4;0;0;0;0;0;0;0;0;0;0;0;0;-25;-25;-25;18;0;0
1251;贾雷尔-马丁;Jarell Martin;8;4;0;0;0;0;0;0;0;0;0;0;0;0;-25;-25;-25;18;0;0
1281;雷-麦卡勒姆;Ray McCallum;8;2;0;0;0;0;0;0;0;0;0;0;0;0;-25;-25;-25;18;0;0
1282;杰拉尼-麦考伊;Jelani McCoy;8;5;0;0;0;0;0;0;0;0;0;0;0;0;-25;-25;-25;18;0;0
1289;本-麦克勒莫;Ben McLemore;7;2;0;0;0;0;0;0;0;0;0;0;0;0;-25;-25;-25;18;0;0
1290;乔丹-迈克瑞;Jordan McRae;8;2;3;0;0;0;0;0;0;0;0;0;0;0;-25;-25;-25;18;0;0
1291;沃农-麦克林;Vernon Macklin;7;4;0;0;0;0;0;0;0;0;0;0;0;0;-25;-25;-25;18;0;0
1312;乔丹-米奇;JORDAN MICKEY;8;4;5;0;0;0;0;0;0;0;0;0;0;0;-25;-25;-25;18;0;0
1325;阿奈特-摩尔特里;Arnett Moultrie;9;4;5;0;0;0;0;0;0;0;0;0;0;0;-25;-25;-25;18;0;0
1327;埃里克-莫兰德;Eric Moreland;7;4;0;0;0;0;0;0;0;0;0;0;0;0;-25;-25;-25;18;0;0
1329;达柳斯-莫里斯;Darius Morris;8;1;2;0;0;0;0;0;0;0;0;0;0;0;-25;-25;-25;18;0;0
1333;杰罗姆-莫伊索;Jérôme Moïso;7;5;4;0;0;0;0;0;0;0;0;0;0;0;-25;-25;-25;18;0;0
1336;凯文-墨菲;Kevin Murphy;7;3;2;0;0;0;0;0;0;0;0;0;0;0;-25;-25;-25;18;0;0
1340;D.J.-姆本加;DJ Mbenga;8;5;0;0;0;0;0;0;0;0;0;0;0;0;-25;-25;-25;18;0;0
1341;沙巴兹-穆罕穆德;Shabazz Muhammad;8;3;2;0;0;0;0;0;0;0;0;0;0;0;-25;-25;-25;18;0;0
1346;内森-奈特;NATHAN KNIGHT;8;4;5;0;0;0;0;0;0;0;0;0;0;0;-25;-25;-25;18;0;0
1358;安德鲁-尼克尔森;Andrew Nicholson;9;4;0;0;0;0;0;0;0;0;0;0;0;0;-25;-25;-25;18;0;0
1363;詹姆斯-纳纳利;James Nunnally;7;3;0;0;0;0;0;0;0;0;0;0;0;0;-25;-25;-25;18;0;0
1375;杰雷米-帕戈;Jeremy Pargo;8;2;1;0;0;0;0;0;0;0;0;0;0;0;-25;-25;-25;18;0;0
1383;阿德里安-佩恩;Adreian Payne;7;5;0;0;0;0;0;0;0;0;0;0;0;0;-25;-25;-25;18;0;0
1386;雷吉纳德-佩里;REGINALD PERRY;8;2;1;0;0;0;0;0;0;0;0;0;0;0;-25;-25;-25;18;0;0
1392;德克斯特-皮特曼;Dexter Pittman;7;5;0;0;0;0;0;0;0;0;0;0;0;0;-25;-25;-25;18;0;0
1396;迈尔斯-普拉姆利;Miles Plumlee;7;5;0;0;0;0;0;0;0;0;0;0;0;0;-25;-25;-25;18;0;0
1406;威尔森-钱德勒;Wilson Chandler;9;3;4;0;0;0;0;0;0;0;0;0;0;0;-25;-25;-25;18;0;0
1408;杰罗姆-乔丹;Jerome Jordan;7;5;0;0;0;0;0;0;0;0;0;0;0;0;-25;-25;-25;18;0;0
1411;达米安-琼斯;DAMIAN JONES;8;4;5;0;0;0;0;0;0;0;0;0;0;0;-25;-25;-25;18;0;0
1413;多米尼克-琼斯;Dominique Jones;10;2;1;0;0;0;0;0;0;0;0;0;0;0;-25;-25;-25;18;0;0
1420;特伦斯-琼斯;Terrence Jones;8;3;4;0;0;0;0;0;0;0;0;0;0;0;-25;-25;-25;18;0;0
1430;艾德蒙-萨姆纳;EDMOND SUMNER;9;2;0;0;0;0;0;0;0;0;0;0;0;0;-25;-25;-25;18;0;0
1432;约什-塞尔比;Josh Selby;8;1;2;0;0;0;0;0;0;0;0;0;0;0;-25;-25;-25;18;0;0
1437;贾马尔-桑普森;Jamal Sampson;7;4;5;0;0;0;0;0;0;0;0;0;0;0;-25;-25;-25;18;0;0
1437;高铭阳;Gao Mingyang;7;2;1;0;0;0;0;0;0;0;0;0;0;0;-25;-25;-25;18;0;0
1448;拉斯-史密斯;Russ Smith;8;1;0;0;0;0;0;0;0;0;0;0;0;0;-25;-25;-25;18;0;0
1451;汤米-史密斯;Tommy Smith;6;4;5;0;0;0;0;0;0;0;0;0;0;0;-25;-25;-25;18;0;0
1454;马瑞斯-斯贝茨;Marreese Speights;7;5;0;0;0;0;0;0;0;0;0;0;0;0;-25;-25;-25;18;0;0
1471;贾内尔-斯托克斯;Jarnell Stokes;9;4;5;0;0;0;0;0;0;0;0;0;0;0;-25;-25;-25;18;0;0
1476;艾尔-索顿;Al Thornton;8;3;4;0;0;0;0;0;0;0;0;0;0;0;-25;-25;-25;18;0;0
1482;杰里米-泰勒;Jeremy Tyler;8;4;0;0;0;0;0;0;0;0;0;0;0;0;-25;-25;-25;18;0;0
1483;杰梅因-泰勒;Jermaine Taylor;7;2;1;0;0;0;0;0;0;0;0;0;0;0;-25;-25;-25;18;0;0
1489;杰森-汤普森;Jason Thompson;8;5;0;0;0;0;0;0;0;0;0;0;0;0;-25;-25;-25;18;0;0
1500;马尔科-托多罗维奇;Marko Todorovic;8;5;0;0;0;0;0;0;0;0;0;0;0;0;-25;-25;-25;18;0;0
1506;马尔科姆-托马斯;Malcolm Thomas;7;2;1;0;0;0;0;0;0;0;0;0;0;0;-25;-25;-25;18;0;0
1509;哈基姆-瓦里克;Hakim Warrick;8;4;0;0;0;0;0;0;0;0;0;0;0;0;-25;-25;-25;18;0;0
1517;德万特-威尔逊;DEVANTE WILSON;8;4;0;0;0;0;0;0;0;0;0;0;0;0;-25;-25;-25;18;0;0
1527;胡明轩;Hu Mingxuan;10;1;2;0;0;0;0;0;0;0;0;0;0;0;-25;-25;-25;18;0;0
1532;马库斯-威廉姆斯;Marcus Eliot Williams;7;1;2;0;0;0;0;0;0;0;0;0;0;0;-25;-25;-25;18;0;0
1534;特伦斯-威廉姆斯;Terrence Williams;8;2;3;0;0;0;0;0;0;0;0;0;0;0;-25;-25;-25;18;0;0
1537;谢尔顿-威廉姆斯;Shelden Williams;7;5;4;0;0;0;0;0;0;0;0;0;0;0;-25;-25;-25;18;0;0
1541;沃恩-韦弗;Von Wafer;9;2;3;0;0;0;0;0;0;0;0;0;0;0;-25;-25;-25;18;0;0
1551;德里克-沃顿;Derrick Walton Jr.;8;1;0;0;0;0;0;0;0;0;0;0;0;0;-25;-25;-25;18;0;0
1557;威利-沃伦;Willie Warren;8;2;0;0;0;0;0;0;0;0;0;0;0;0;-25;-25;-25;18;0;0
1579;克里斯-辛格尔顿;Chris Singleton;7;4;5;0;0;0;0;0;0;0;0;0;0;0;-25;-25;-25;18;0;0
1584;盖尔雄-亚布塞莱;Guerschon Yabusele;8;4;3;0;0;0;0;0;0;0;0;0;0;0;-25;-25;-25;18;0;0
1611;德马尔-约翰逊;DerMarr Johnson;7;2;3;0;0;0;0;0;0;0;0;0;0;0;-25;-25;-25;18;0;0
1627;约翰-詹金斯;John Jenkins;7;2;0;0;0;0;0;0;0;0;0;0;0;0;-25;-25;-25;18;0;0
1628;伯纳德-詹姆斯;Bernard James;8;5;0;0;0;0;0;0;0;0;0;0;0;0;-25;-25;-25;18;0;0
1648;迪威-赫南德兹;Dewan Hernandez;7;5;0;0;0;0;0;0;0;0;0;0;0;0;-25;-25;-25;18;0;0
1660;克里斯蒂安-恩耶加;Christian Eyenga;7;3;0;0;0;0;0;0;0;0;0;0;0;0;-25;-25;-25;18;0;0
1672;考斯利-爱德华兹;Corsley Edwards;7;2;1;0;0;0;0;0;0;0;0;0;0;0;-25;-25;-25;18;0;0
1689;马利克-巴迪亚内;Malick Badiane;7;5;0;0;0;0;0;0;0;0;0;0;0;0;-25;-25;-25;18;0;0
1701;大卫-本沃;David Benoit;7;3;2;0;0;0;0;0;0;0;0;0;0;0;-25;-25;-25;18;0;0
1704;迈尔斯-鲍威尔;MYLES POWELL;9;1;2;0;0;0;0;0;0;0;0;0;0;0;-25;-25;-25;18;0;0
1712;本-本蒂尔;Ben Bentil;7;4;0;0;0;0;0;0;0;0;0;0;0;0;-25;-25;-25;18;0;0
1714;科里-本杰明;Corey Benjamin;7;2;3;0;0;0;0;0;0;0;0;0;0;0;-25;-25;-25;18;0;0
1720;克里斯-波特;Chris Porter;7;3;4;0;0;0;0;0;0;0;0;0;0;0;-25;-25;-25;18;0;0
1743;厄内斯特-布朗;Ernest Brown;9;5;0;0;0;0;0;0;0;0;0;0;0;0;-25;-25;-25;18;0;0
1762;马库斯-邓蒙;Marcus Denmon;8;2;0;0;0;0;0;0;0;0;0;0;0;0;-25;-25;-25;18;0;0
1792;马休-弗雷杰;Matt Freije;7;2;1;0;0;0;0;0;0;0;0;0;0;0;-25;-25;-25;18;0;0
1799;奥尔顿-福特;Alton Ford;7;2;1;0;0;0;0;0;0;0;0;0;0;0;-25;-25;-25;18;0;0
1808;杰里安-格兰特;Jerian Grant;8;1;0;0;0;0;0;0;0;0;0;0;0;0;-25;-25;-25;18;0;0
1816;东特-格林;Donte Greene;7;3;4;0;0;0;0;0;0;0;0;0;0;0;-25;-25;-25;18;0;0
1820;布兰登-古德温;BRANDON GOODWIN;9;2;1;0;0;0;0;0;0;0;0;0;0;0;-25;-25;-25;18;0;0
1822;莱斯特-哈德森;Lester Hudson;10;2;0;0;0;0;0;0;0;0;0;0;0;0;-25;-25;-25;18;0;0
1825;安德鲁-哈里森;Andrew Harrison;8;2;0;0;0;0;0;0;0;0;0;0;0;0;-25;-25;-25;18;0;0
1826;杰伦-哈里斯;JALEN HARRIS;7;2;0;0;0;0;0;0;0;0;0;0;0;0;-25;-25;-25;18;0;0
1837;唐奈尔-哈维;Donnell Harvey;7;4;3;0;0;0;0;0;0;0;0;0;0;0;-25;-25;-25;18;0;0
1845;阿什顿-黑根斯;ASHTON HAGANS;8;1;0;0;0;0;0;0;0;0;0;0;0;0;-25;-25;-25;18;0;0
1859;D.J.-怀特;D.J. White;7;5;0;0;0;0;0;0;0;0;0;0;0;0;-25;-25;-25;18;0;0
1885;丹-加祖里奇;Dan Gadzuric;7;5;0;0;0;0;0;0;0;0;0;0;0;0;-25;-25;-25;18;0;0
1890;达内尔-杰克逊;Darnell Jackson;8;4;0;0;0;0;0;0;0;0;0;0;0;0;-25;-25;-25;18;0;0
1891;富兰克林-杰克逊;FRANKLIN JACKSON;8;1;0;0;0;0;0;0;0;0;0;0;0;0;-25;-25;-25;18;0;0
1893;格兰特-杰雷特;Grant Jerrett;7;4;5;0;0;0;0;0;0;0;0;0;0;0;-25;-25;-25;18;0;0
1899;路易斯-金;LOUIS KING;7;3;0;0;0;0;0;0;0;0;0;0;0;0;-25;-25;-25;18;0;0
1930;西热力江-木合塔尔;Xirelijiang Muhetaer;8;1;2;0;0;0;0;0;0;0;0;0;0;0;-25;-25;-25;18;0;0
1948;埃里克-莱利;Eric Riley;8;5;0;0;0;0;0;0;0;0;0;0;0;0;-25;-25;-25;18;0;0
1951;贾斯汀-赖特-福尔曼;Justin Wright-Foreman;8;2;0;0;0;0;0;0;0;0;0;0;0;0;-25;-25;-25;18;0;0
1952;查森-兰德尔;Chasson Randle;7;2;0;0;0;0;0;0;0;0;0;0;0;0;-25;-25;-25;18;0;0
1953;马齐-兰佩;Maciej Lampe;7;5;0;0;0;0;0;0;0;0;0;0;0;0;-25;-25;-25;18;0;0
1957;普雷斯特-劳德戴尔;Priest Lauderdale;7;5;0;0;0;0;0;0;0;0;0;0;0;0;-25;-25;-25;18;0;0
1966;克里斯-理查德;Chris Richard;7;4;0;0;0;0;0;0;0;0;0;0;0;0;-25;-25;-25;18;0;0
1968;泰-利夫;T.J. Leaf;8;5;0;0;0;0;0;0;0;0;0;0;0;0;-25;-25;-25;18;0;0
1997;洛卡斯-马弗洛克法利迪斯;Loukas Mavrokefalidis;7;5;0;0;0;0;0;0;0;0;0;0;0;0;-25;-25;-25;18;0;0
2003;杰森-马克希尔;Jason Maxiell;7;5;4;0;0;0;0;0;0;0;0;0;0;0;-25;-25;-25;18;0;0
2012;克里斯托弗-麦卡洛;Chris McCullough;7;4;1;0;0;0;0;0;0;0;0;0;0;0;-25;-25;-25;18;0;0
2013;阿马尔-麦卡斯基尔;Amal McCaskill;7;5;0;0;0;0;0;0;0;0;0;0;0;0;-25;-25;-25;18;0;0
2016;拉沙德-麦坎茨;Rashad McCants;7;2;1;0;0;0;0;0;0;0;0;0;0;0;-25;-25;-25;18;0;0
2023;丹-麦克林托克;Dan McClintock;7;5;0;0;0;0;0;0;0;0;0;0;0;0;-25;-25;-25;18;0;0
2029;弗兰克-梅森;FRANK MASON;8;1;0;0;0;0;0;0;0;0;0;0;0;0;-25;-25;-25;18;0;0
2034;安东尼-米勒;Anthony Miller;7;3;4;0;0;0;0;0;0;0;0;0;0;0;-25;-25;-25;18;0;0
2060;马里克-纽曼;MALIK NEWMAN;7;2;1;0;0;0;0;0;0;0;0;0;0;0;-25;-25;-25;18;0;0
2074;德维恩-培根;Dwayne Bacon;8;3;0;0;0;0;0;0;0;0;0;0;0;0;-25;-25;-25;18;0;0
2078;约翰-佩特罗;Johan Petro;8;5;1;0;0;0;0;0;0;0;0;0;0;0;-25;-25;-25;18;0;0
2079;蒂姆-皮科特;Tim Pickett;9;2;3;0;0;0;0;0;0;0;0;0;0;0;-25;-25;-25;18;0;0
2085;A.J.-普莱斯;A.J. Price;8;1;2;0;0;0;0;0;0;0;0;0;0;0;-25;-25;-25;18;0;0
2091;拉隆-普罗菲特;Laron Profit;8;2;1;0;0;0;0;0;0;0;0;0;0;0;-25;-25;-25;18;0;0
2102;丹泰-琼斯;Dontae' Jones;7;3;0;0;0;0;0;0;0;0;0;0;0;0;-25;-25;-25;18;0;0
2103;所罗门-琼斯;Solomon Jones;8;4;0;0;0;0;0;0;0;0;0;0;0;0;-25;-25;-25;18;0;0
2108;索麦拉-萨马基;Soumaila Samake;7;5;0;0;0;0;0;0;0;0;0;0;0;0;-25;-25;-25;18;0;0
2112;凯弗-赛克斯;Keifer Sykes;7;2;0;0;0;0;0;0;0;0;0;0;0;0;-25;-25;-25;18;0;0
2116;亚卡尔-桑普森;Jakarr Sampson;7;4;3;0;0;0;0;0;0;0;0;0;0;0;-25;-25;-25;18;0;0
2120;马里奥-沙约克;MARIAL SHAYOK;8;2;3;0;0;0;0;0;0;0;0;0;0;0;-25;-25;-25;18;0;0
2121;高德-山姆高德;God Shammgod;9;1;2;0;0;0;0;0;0;0;0;0;0;0;-25;-25;-25;18;0;0
2124;萨乌留斯-斯托姆贝加斯;Saulius Stombergas;7;3;4;0;0;0;0;0;0;0;0;0;0;0;-25;-25;-25;18;0;0
2154;莫里斯-泰勒;Maurice Taylor;7;4;5;0;0;0;0;0;0;0;0;0;0;0;-25;-25;-25;18;0;0
2193;克拉伦斯-威姆斯;Sonny Weems;10;2;3;0;0;0;0;0;0;0;0;0;0;0;-25;-25;-25;18;0;0
2199;奎因达里-韦瑟斯庞;Quinndary Weatherspoon;8;2;0;0;0;0;0;0;0;0;0;0;0;0;-25;-25;-25;18;0;0
2200;德隆蒂-韦斯特;Delonte West;8;2;1;0;0;0;0;0;0;0;0;0;0;0;-25;-25;-25;18;0;0
2221;特里蒙特-沃特斯;Tremont Waters;9;1;0;0;0;0;0;0;0;0;0;0;0;0;-25;-25;-25;18;0;0
2229;科比-西蒙斯;KOBI SIMMONS;7;2;1;0;0;0;0;0;0;0;0;0;0;0;-25;-25;-25;18;0;0
2254;约瑟夫-杨;Joseph Young;10;1;2;0;0;0;0;0;0;0;0;0;0;0;-25;-25;-25;18;0;0
2255;杜锋;Du Feng;8;3;4;0;0;0;0;0;0;0;0;0;0;0;-25;-25;-25;18;0;0
2260;达卡里-约翰逊;Dakari Johnson;8;5;0;0;0;0;0;0;0;0;0;0;0;0;-25;-25;-25;18;0;0
2261;约翰逊-奥多姆;Darius Johnson-Odom;7;1;2;0;0;0;0;0;0;0;0;0;0;0;-25;-25;-25;18;0;0
2265;亚历山大-约翰逊;Alexander Johnson;7;4;3;0;0;0;0;0;0;0;0;0;0;0;-25;-25;-25;18;0;0
2318;张彬;Zhang Bin;7;5;0;0;0;0;0;0;0;0;0;0;0;0;-25;-25;-25;18;0;0
2320;黄云龙;Huang Yunlong;8;5;0;0;0;0;0;0;0;0;0;0;0;0;-25;-25;-25;18;0;0
2331;塞德里克-西蒙斯;Cedric Simmons;7;4;0;0;0;0;0;0;0;0;0;0;0;0;-25;-25;-25;18;0;0
2475;王睿泽;Wang Ruize;8;3;0;0;0;0;0;0;0;0;0;0;0;0;-25;-25;-25;18;0;0
2589;赵继伟;Zhao Jiwei;10;1;0;0;0;0;0;0;0;0;0;0;0;0;-25;-25;-25;18;0;0
2627;赵睿;Zhao Rui;9;2;1;0;0;0;0;0;0;0;0;0;0;0;-25;-25;-25;18;0;0
2683;埃迪-埃利斯马;Eddie Elisma;7;4;3;0;0;0;0;0;0;0;0;0;0;0;-25;-25;-25;18;0;0
2736;科里-海塔沃尔;Cory Hightower;7;3;4;0;0;0;0;0;0;0;0;0;0;0;-25;-25;-25;18;0;0
2758;弗雷德-琼斯;Fred Jones;8;2;1;0;0;0;0;0;0;0;0;0;0;0;-25;-25;-25;18;0;0
2784;杰克逊-弗罗曼;Jackson Vroman;7;5;0;0;0;0;0;0;0;0;0;0;0;0;-25;-25;-25;18;0;0
2785;皮特-拉莫斯;Peter John Ramos;8;5;0;0;0;0;0;0;0;0;0;0;0;0;-25;-25;-25;18;0;0
2787;多塔-史密斯;Donta Smith;8;2;0;0;0;0;0;0;0;0;0;0;0;0;-25;-25;-25;18;0;0
2789;大卫-杨;David Young;7;3;2;0;0;0;0;0;0;0;0;0;0;0;-25;-25;-25;18;0;0
2816;西恩-威廉姆斯;Sean Williams;8;5;0;0;0;0;0;0;0;0;0;0;0;0;-25;-25;-25;18;0;0
2819;多米尼克-麦克奎尔;Dominic McGuire;8;3;4;0;0;0;0;0;0;0;0;0;0;0;-25;-25;-25;18;0;0
2836;李根;Li Gen;8;3;2;0;0;0;0;0;0;0;0;0;0;0;-25;-25;-25;18;0;0
2837;刘晓宇;Liu Xiaoyu;9;2;1;0;0;0;0;0;0;0;0;0;0;0;-25;-25;-25;18;0;0
2838;赵泰隆;Zhao Tailong;8;3;0;0;0;0;0;0;0;0;0;0;0;0;-25;-25;-25;18;0;0
2839;罗凯文;Luo Kaiwen;8;3;0;0;0;0;0;0;0;0;0;0;0;0;-25;-25;-25;18;0;0
2840;李晓旭;Li Xiaoxu;8;4;5;0;0;0;0;0;0;0;0;0;0;0;-25;-25;-25;18;0;0
2844;马库斯-海斯里普;Marcus Haislip;8;4;0;0;0;0;0;0;0;0;0;0;0;0;-25;-25;-25;18;0;0
2860;朱俊龙;Zhu Junlong;8;3;0;0;0;0;0;0;0;0;0;0;0;0;-25;-25;-25;18;0;0
2862;特奎维恩-史密斯;TERQUAVION SMITH;9;1;0;0;0;0;0;0;0;0;0;0;0;0;-25;-25;-25;18;0;0
2874;威尔-拜纳姆;Will Bynum;8;2;1;0;0;0;0;0;0;0;0;0;0;0;-25;-25;-25;18;0;0
2883;徐杰;Xu Jie;9;1;0;0;0;0;0;0;0;0;0;0;0;0;-25;-25;-25;18;0;0
2884;孙铭徽;Sun Minghui;9;1;2;0;0;0;0;0;0;0;0;0;0;0;-25;-25;-25;18;0;0
2890;付豪;Fu Hao;8;5;4;0;0;0;0;0;0;0;0;0;0;0;-25;-25;-25;18;0;0
2902;李添荣;Li Tianrong;8;2;0;0;0;0;0;0;0;0;0;0;0;0;-25;-25;-25;18;0;0
2905;高诗岩;Gao Shiyan;8;1;0;0;0;0;0;0;0;0;0;0;0;0;-25;-25;-25;18;0;0
2961;亚历克斯-波伊恩雷斯;Alex Poythress;7;3;0;0;0;0;0;0;0;0;0;0;0;0;-25;-25;-25;18;0;0
2962;马尔科姆-德莱尼;Malcolm Delaney;8;1;2;0;0;0;0;0;0;0;0;0;0;0;-25;-25;-25;18;0;0
2966;安东尼奥-布莱克尼;Antonio Blakeney;9;2;0;0;0;0;0;0;0;0;0;0;0;0;-25;-25;-25;18;0;0
2988;安赫尔-德尔加多;Ángel Delgado;7;4;0;0;0;0;0;0;0;0;0;0;0;0;-25;-25;-25;18;0;0
2995;萨拉赫-梅杰里;Salah Mejri;7;5;0;0;0;0;0;0;0;0;0;0;0;0;-25;-25;-25;18;0;0
2999;小沃尔特-莱蒙;WALTER LEMON JR;8;1;2;0;0;0;0;0;0;0;0;0;0;0;-25;-25;-25;18;0;0
3001;阿兰-威廉姆斯;Alan Williams;7;5;0;0;0;0;0;0;0;0;0;0;0;0;-25;-25;-25;18;0;0
3002;乔纳森-西蒙斯;Jonathon Simmons;7;2;3;0;0;0;0;0;0;0;0;0;0;0;-25;-25;-25;18;0;0
3003;兰斯-托马斯;Lance Thomas;7;4;3;0;0;0;0;0;0;0;0;0;0;0;-25;-25;-25;18;0;0
3028;哈马德-哈达迪;Hamed Haddadi;10;5;0;0;0;0;0;0;0;0;0;0;0;0;-25;-25;-25;18;0;0
3032;安东尼-罗伯森;Anthony Roberson;7;1;0;0;0;0;0;0;0;0;0;0;0;0;-25;-25;-25;18;0;0
3034;约翰-卢卡斯;John Lucas III;8;2;1;0;0;0;0;0;0;0;0;0;0;0;-25;-25;-25;18;0;0
3036;达米恩-威尔金斯;Damien Wilkins;7;2;1;0;0;0;0;0;0;0;0;0;0;0;-25;-25;-25;18;0;0
3039;沙福里克-兰多夫;Shavlik Randolph;9;4;0;0;0;0;0;0;0;0;0;0;0;0;-25;-25;-25;18;0;0
3045;奥塞罗-亨特;Othello Hunter;7;5;4;0;0;0;0;0;0;0;0;0;0;0;-25;-25;-25;18;0;0
3046;兰多夫-莫里斯;Randolph Morris;10;5;4;0;0;0;0;0;0;0;0;0;0;0;-25;-25;-25;18;0;0
3051;詹姆斯-辛格尔顿;James Singleton;8;4;3;0;0;0;0;0;0;0;0;0;0;0;-25;-25;-25;18;0;0
3054;唐纳德-斯隆;Donald Sloan;8;1;2;0;0;0;0;0;0;0;0;0;0;0;-25;-25;-25;18;0;0
3057;曼尼-哈里斯;Manny Harris;8;2;0;0;0;0;0;0;0;0;0;0;0;0;-25;-25;-25;18;0;0
3058;萨马尔多-萨缪尔斯;Samardo Samuels;7;5;4;0;0;0;0;0;0;0;0;0;0;0;-25;-25;-25;18;0;0
3061;D.J.-肯尼迪;D.J.Kennedy;7;4;0;0;0;0;0;0;0;0;0;0;0;0;-25;-25;-25;18;0;0
3062;杰夫-阿德里恩;Jeff Adrien;7;4;5;0;0;0;0;0;0;0;0;0;0;0;-25;-25;-25;18;0;0
3063;考特尼-福特森;Courtney Fortson;8;2;1;0;0;0;0;0;0;0;0;0;0;0;-25;-25;-25;18;0;0
3064;桑迪亚塔-盖恩斯;Sundiata Gaines;7;1;0;0;0;0;0;0;0;0;0;0;0;0;-25;-25;-25;18;0;0
3069;杰罗姆-戴森;Jerome Dyson;7;1;2;0;0;0;0;0;0;0;0;0;0;0;-25;-25;-25;18;0;0
3075;克里斯-约翰逊;Chris Johnson;7;5;0;0;0;0;0;0;0;0;0;0;0;0;-25;-25;-25;18;0;0
3078;贾斯汀-邓特蒙;Justin Dentmon;8;1;2;0;0;0;0;0;0;0;0;0;0;0;-25;-25;-25;18;0;0
3079;加里-福布斯;Gary Forbes;8;3;4;0;0;0;0;0;0;0;0;0;0;0;-25;-25;-25;18;0;0
3081;布雷克-阿赫恩;Blake Ahearn;7;1;2;0;0;0;0;0;0;0;0;0;0;0;-25;-25;-25;18;0;0
3082;卡蒂尔-马丁;Cartier Martin;7;3;2;0;0;0;0;0;0;0;0;0;0;0;-25;-25;-25;18;0;0
3086;阿兰-安德森;Alan Anderson;7;2;3;0;0;0;0;0;0;0;0;0;0;0;-25;-25;-25;18;0;0
3093;杜普-里斯;Doup Reath;8;5;0;0;0;0;0;0;0;0;0;0;0;0;-25;-25;-25;18;0;0
3101;马克-斯特里克兰德;Mark Strickland;7;4;5;0;0;0;0;0;0;0;0;0;0;0;-25;-25;-25;18;0;0
3135;杜润旺;Du Runwang;7;4;0;0;0;0;0;0;0;0;0;0;0;0;-25;-25;-25;18;0;0
3136;廖三宁;Liao Sanning;10;2;0;0;0;0;0;0;0;0;0;0;0;0;-25;-25;-25;18;0;0
3186;泽维尔-芒福德;Xavier Munford;7;2;1;0;0;0;0;0;0;0;0;0;0;0;-25;-25;-25;18;0;0
3200;亨利-希姆斯;Henry Sims;7;5;4;0;0;0;0;0;0;0;0;0;0;0;-25;-25;-25;18;0;0
3208;马库斯-索顿;Marcus Terrell Thornton;8;2;0;0;0;0;0;0;0;0;0;0;0;0;-25;-25;-25;18;0;0
3241;赵岩昊;Zhao Yanhao;9;2;0;0;0;0;0;0;0;0;0;0;0;0;-25;-25;-25;18;0;0
5001;昆汀-皮特森;QJ Peterson;8;2;0;0;0;0;0;0;0;0;0;0;0;0;-25;-25;-25;18;0;0
5002;尼古拉斯-拉科塞维奇;Nicholas Rakocevic;8;5;0;0;0;0;0;0;0;0;0;0;0;0;-25;-25;-25;18;0;0
5003;崔晋铭;Cui Jinming;8;2;0;0;0;0;0;0;0;0;0;0;0;0;-25;-25;-25;18;0;0
5004;钟诚;Zhong Cheng;8;5;0;0;0;0;0;0;0;0;0;0;0;0;-25;-25;-25;18;0;0
5005;吴昌泽;Wu Changze;6;4;0;0;0;0;0;0;0;0;0;0;0;0;-25;-25;-25;18;0;0
5006;代怀博;Dai Huaibo;6;4;0;0;0;0;0;0;0;0;0;0;0;0;-25;-25;-25;18;0;0
5007;刘天意;Liu Tianyi;7;2;0;0;0;0;0;0;0;0;0;0;0;0;-25;-25;-25;18;0;0
5008;丁皓然;Ding Haoran;6;3;0;0;0;0;0;0;0;0;0;0;0;0;-25;-25;-25;18;0;0
5009;赵晏满;Zhao Yanman;7;4;0;0;0;0;0;0;0;0;0;0;0;0;-25;-25;-25;18;0;0
5010;王梓旭;Wang Zixu;6;3;0;0;0;0;0;0;0;0;0;0;0;0;-25;-25;-25;18;0;0
5011;李安;Li An;6;5;0;0;0;0;0;0;0;0;0;0;0;0;-25;-25;-25;18;0;0
5012;彭森傲;Peng Senao;6;5;0;0;0;0;0;0;0;0;0;0;0;0;-25;-25;-25;18;0;0
5013;付博文;Fu Bowen;6;2;0;0;0;0;0;0;0;0;0;0;0;0;-25;-25;-25;18;0;0
5014;孔德高;Kong Degao;6;2;0;0;0;0;0;0;0;0;0;0;0;0;-25;-25;-25;18;0;0
5015;蔡林翰;Cai Linhan;6;2;0;0;0;0;0;0;0;0;0;0;0;0;-25;-25;-25;18;0;0
5016;凯尔-弗格;Kyle Fogg;9;2;0;0;0;0;0;0;0;0;0;0;0;0;-25;-25;-25;18;0;0
5017;韩德君;Han Dejun;9;5;0;0;0;0;0;0;0;0;0;0;0;0;-25;-25;-25;18;0;0
5018;赵率舟;Zhao Shuaizhou;7;3;0;0;0;0;0;0;0;0;0;0;0;0;-25;-25;-25;18;0;0
5019;丛明晨;Cong Mingchen;6;2;0;0;0;0;0;0;0;0;0;0;0;0;-25;-25;-25;18;0;0
5020;刘雁宇;Liu Yanyu;6;5;0;0;0;0;0;0;0;0;0;0;0;0;-25;-25;-25;18;0;0
5021;鄢手骐;Yan Shouqi;6;2;0;0;0;0;0;0;0;0;0;0;0;0;-25;-25;-25;18;0;0
5022;周俊成;Zhou Juncheng;6;2;0;0;0;0;0;0;0;0;0;0;0;0;-25;-25;-25;18;0;0
5023;俞泽辰;Yu Zechen;6;2;0;0;0;0;0;0;0;0;0;0;0;0;-25;-25;-25;18;0;0
5024;李虎翼;Li Huyi;6;2;0;0;0;0;0;0;0;0;0;0;0;0;-25;-25;-25;18;0;0
5025;张峻豪;Zhang Junhao;6;1;0;0;0;0;0;0;0;0;0;0;0;0;-25;-25;-25;18;0;0
5026;卢梓杰;Lu Zijie;5;5;4;0;0;0;0;0;0;0;0;0;0;0;-25;-25;-25;18;0;0
5027;特洛伊-吉伦沃特;Troy Gillenwater;9;4;0;0;0;0;0;0;0;0;0;0;0;0;-25;-25;-25;18;0;0
5028;贾诚;Jia Cheng;6;5;0;0;0;0;0;0;0;0;0;0;0;0;-25;-25;-25;18;0;0
5029;张辉;Zhang Hui;7;1;0;0;0;0;0;0;0;0;0;0;0;0;-25;-25;-25;18;0;0
5030;乔文瀚;Qiao Wenhan;6;3;0;0;0;0;0;0;0;0;0;0;0;0;-25;-25;-25;18;0;0
5031;焦海龙;Jiao Hailong;6;4;0;0;0;0;0;0;0;0;0;0;0;0;-25;-25;-25;18;0;0
5032;刘毅;Liu Yi;6;3;0;0;0;0;0;0;0;0;0;0;0;0;-25;-25;-25;18;0;0
5033;侯沛佐;Hou Peizuo;6;3;0;0;0;0;0;0;0;0;0;0;0;0;-25;-25;-25;18;0;0
5034;何思雨;He Siyu;6;3;0;0;0;0;0;0;0;0;0;0;0;0;-25;-25;-25;18;0;0
5035;阿泽;Ze A;6;4;0;0;0;0;0;0;0;0;0;0;0;0;-25;-25;-25;18;0;0
5036;邹昀轩;Zou Junxuan;7;3;0;0;0;0;0;0;0;0;0;0;0;0;-25;-25;-25;18;0;0
5037;陈玖璋;Chen Jiuzhang;6;2;0;0;0;0;0;0;0;0;0;0;0;0;-25;-25;-25;18;0;0
5038;陈培东;Chen Peidong;6;2;0;0;0;0;0;0;0;0;0;0;0;0;-25;-25;-25;18;0;0
5039;赵仕浩;Zhao Shihao;6;1;0;0;0;0;0;0;0;0;0;0;0;0;-25;-25;-25;18;0;0
5040;刘野;Liu Ye;7;1;0;0;0;0;0;0;0;0;0;0;0;0;-25;-25;-25;18;0;0
5041;张新宇;Zhang Xinyu;6;5;0;0;0;0;0;0;0;0;0;0;0;0;-25;-25;-25;18;0;0
5042;马振钧;Ma Zhenjun;6;3;0;0;0;0;0;0;0;0;0;0;0;0;-25;-25;-25;18;0;0
5043;斯特凡-穆迪;Stefan Moody;8;1;0;0;0;0;0;0;0;0;0;0;0;0;-25;-25;-25;18;0;0
5044;马尔科-查卡莱维奇;Marko Cakarevic;7;4;0;0;0;0;0;0;0;0;0;0;0;0;-25;-25;-25;18;0;0
5045;杨金蒙;Yang Jinmeng;7;2;0;0;0;0;0;0;0;0;0;0;0;0;-25;-25;-25;18;0;0
5046;吕俊虎;Lv Junhu;6;4;0;0;0;0;0;0;0;0;0;0;0;0;-25;-25;-25;18;0;0
5047;区俊炫;Ou Junxuan;6;5;0;0;0;0;0;0;0;0;0;0;0;0;-25;-25;-25;18;0;0
5048;郭奇芳;Guo Qifang ;7;2;0;0;0;0;0;0;0;0;0;0;0;0;-25;-25;-25;18;0;0
5049;赵嘉义;Zhao Jiayi;8;4;0;0;0;0;0;0;0;0;0;0;0;0;-25;-25;-25;18;0;0
5050;王洪;Wang Hong;6;1;0;0;0;0;0;0;0;0;0;0;0;0;-25;-25;-25;18;0;0
5051;郭彬峰;Guo Binfeng;6;3;1;0;0;0;0;0;0;0;0;0;0;0;-25;-25;-25;18;0;0
5052;范汇鎏;Fan Huiliu;6;2;0;0;0;0;0;0;0;0;0;0;0;0;-25;-25;-25;18;0;0
5053;纪卓;Ji Zhuo;7;4;0;0;0;0;0;0;0;0;0;0;0;0;-25;-25;-25;18;0;0
5054;段昂君;Duan Angjun;8;2;0;0;0;0;0;0;0;0;0;0;0;0;-25;-25;-25;18;0;0
5055;宋文浩;Song Wenhao;6;1;2;0;0;0;0;0;0;0;0;0;0;0;-25;-25;-25;18;0;0
5056;马志轩;Ma Zhixuan;6;1;0;0;0;0;0;0;0;0;0;0;0;0;-25;-25;-25;18;0;0
5057;马俊杰;Ma Junjie;7;3;4;0;0;0;0;0;0;0;0;0;0;0;-25;-25;-25;18;0;0
5058;常浩然;Chang Haoran;6;4;5;0;0;0;0;0;0;0;0;0;0;0;-25;-25;-25;18;0;0
5059;程望樊;Cheng Wangfan;7;1;0;0;0;0;0;0;0;0;0;0;0;0;-25;-25;-25;18;0;0
5060;张效炎;Zhang Xiaoyan;6;1;2;0;0;0;0;0;0;0;0;0;0;0;-25;-25;-25;18;0;0
5061;张科迪;Zhang Kedi;6;3;4;0;0;0;0;0;0;0;0;0;0;0;-25;-25;-25;18;0;0
5062;泰勒-约翰斯;Taylor Maurice Johns;7;5;0;0;0;0;0;0;0;0;0;0;0;0;-25;-25;-25;18;0;0
5063;吴龙昊;Wu Longhao;6;2;1;0;0;0;0;0;0;0;0;0;0;0;-25;-25;-25;18;0;0
5064;马库尔-梅克;Makur Maker;7;4;0;0;0;0;0;0;0;0;0;0;0;0;-25;-25;-25;18;0;0
5065;刘子豪;Liu Zihao;6;4;3;0;0;0;0;0;0;0;0;0;0;0;-25;-25;-25;18;0;0
5066;阿克卓力-巴海;Akjoli Bhai;6;5;0;0;0;0;0;0;0;0;0;0;0;0;-25;-25;-25;18;0;0
5067;孙锴祺;Sun Kaiqi;6;5;0;0;0;0;0;0;0;0;0;0;0;0;-25;-25;-25;18;0;0
5068;宋帅;Song Shuai;6;3;4;0;0;0;0;0;0;0;0;0;0;0;-25;-25;-25;18;0;0
5069;姚天一;YAO Tianyi;6;1;2;0;0;0;0;0;0;0;0;0;0;0;-25;-25;-25;18;0;0
5070;宋润杰;Song Runjie;6;3;4;0;0;0;0;0;0;0;0;0;0;0;-25;-25;-25;18;0;0
5071;郭凯伦;Guo Kailun;6;1;2;0;0;0;0;0;0;0;0;0;0;0;-25;-25;-25;18;0;0
5072;韩文伟;Han Wenwei;6;5;0;0;0;0;0;0;0;0;0;0;0;0;-25;-25;-25;18;0;0
5073;刘琦;Liu Qi;6;5;0;0;0;0;0;0;0;0;0;0;0;0;-25;-25;-25;18;0;0
5074;孙旭;Sun Xu;6;3;4;0;0;0;0;0;0;0;0;0;0;0;-25;-25;-25;18;0;0
5075;孙智炜;Sun Zhiwei;6;4;3;0;0;0;0;0;0;0;0;0;0;0;-25;-25;-25;18;0;0
5076;翟晓川;Zhai Xiaochuan;9;4;0;0;0;0;0;0;0;0;0;0;0;0;-25;-25;-25;18;0;0
5077;范子铭;Fan Ziming;9;5;0;0;0;0;0;0;0;0;0;0;0;0;-25;-25;-25;18;0;0
5078;阿斯起亚-布克;Askia Booker;8;2;0;0;0;0;0;0;0;0;0;0;0;0;-25;-25;-25;18;0;0
5079;马库斯-基恩;Marcus Keene;8;1;0;0;0;0;0;0;0;0;0;0;0;0;-25;-25;-25;18;0;0
5080;雷蒙;Lei Meng;7;3;0;0;0;0;0;0;0;0;0;0;0;0;-25;-25;-25;18;0;0
5081;张才仁;Zhang Cairen;6;2;0;0;0;0;0;0;0;0;0;0;0;0;-25;-25;-25;18;0;0
5082;朱彦西;Zhu Yanxi;7;4;0;0;0;0;0;0;0;0;0;0;0;0;-25;-25;-25;18;0;0
5083;孙思尧;Sun Siyao;6;4;0;0;0;0;0;0;0;0;0;0;0;0;-25;-25;-25;18;0;0
5084;田宇翔;Tian Yuxiang;9;1;0;0;0;0;0;0;0;0;0;0;0;0;-25;-25;-25;18;0;0
5085;姜文;Jiang Wen;6;2;0;0;0;0;0;0;0;0;0;0;0;0;-25;-25;-25;18;0;0
5086;塔瑞克-加尼尤;Taruike Jianiyou;6;5;0;0;0;0;0;0;0;0;0;0;0;0;-25;-25;-25;18;0;0
5087;张卓;Zhang Zhuo;6;4;0;0;0;0;0;0;0;0;0;0;0;0;-25;-25;-25;18;0;0
5088;范依铭;Fan Yiming;7;4;0;0;0;0;0;0;0;0;0;0;0;0;-25;-25;-25;18;0;0
5089;孙昊锋;Sun Haofeng;7;1;0;0;0;0;0;0;0;0;0;0;0;0;-25;-25;-25;18;0;0
5090;孙亚辉;Sun Yahui;6;2;0;0;0;0;0;0;0;0;0;0;0;0;-25;-25;-25;18;0;0
5091;纪守家;Ji Shoujia;6;4;0;0;0;0;0;0;0;0;0;0;0;0;-25;-25;-25;18;0;0
5092;金意彭;Jin Yipeng;6;2;0;0;0;0;0;0;0;0;0;0;0;0;-25;-25;-25;18;0;0
5093;邹雨宸;Zou Yuchen;9;5;0;0;0;0;0;0;0;0;0;0;0;0;-25;-25;-25;18;0;0
5094;张帆;Zhang Fan;8;2;0;0;0;0;0;0;0;0;0;0;0;0;-25;-25;-25;18;0;0
5095;俞长栋;Yu Changdong;6;5;0;0;0;0;0;0;0;0;0;0;0;0;-25;-25;-25;18;0;0
5096;金鑫;Jin Xin;7;3;0;0;0;0;0;0;0;0;0;0;0;0;-25;-25;-25;18;0;0
5097;王少杰;Wang Shaojie;7;5;0;0;0;0;0;0;0;0;0;0;0;0;-25;-25;-25;18;0;0
5098;孟子凯;Meng Zikai;7;4;0;0;0;0;0;0;0;0;0;0;0;0;-25;-25;-25;18;0;0
5099;林彦廷;Lin Yanting;7;1;0;0;0;0;0;0;0;0;0;0;0;0;-25;-25;-25;18;0;0
5100;李玮颢;Li Weihao;9;3;0;0;0;0;0;0;0;0;0;0;0;0;-25;-25;-25;18;0;0
5101;矣进宏;Yi Jinhong;6;2;0;0;0;0;0;0;0;0;0;0;0;0;-25;-25;-25;18;0;0
5102;孔令韬;Kong Lingtao;7;3;0;0;0;0;0;0;0;0;0;0;0;0;-25;-25;-25;18;0;0
5103;詹理为;Zhan Liwei;6;1;0;0;0;0;0;0;0;0;0;0;0;0;-25;-25;-25;18;0;0
5104;泰勒-罗切斯特;Taylor Rochestie;8;1;0;0;0;0;0;0;0;0;0;0;0;0;-25;-25;-25;18;0;0
5105;大卫-詹姆斯;David James;9;4;0;0;0;0;0;0;0;0;0;0;0;0;-25;-25;-25;18;0;0
5106;时德帅;Shi Deshuai;8;5;0;0;0;0;0;0;0;0;0;0;0;0;-25;-25;-25;18;0;0
5107;林庭谦;Lin Tingqian;8;2;0;0;0;0;0;0;0;0;0;0;0;0;-25;-25;-25;18;0;0
5108;谷泽浴;Gu Zeyu;6;1;0;0;0;0;0;0;0;0;0;0;0;0;-25;-25;-25;18;0;0
5109;李荣培;Li Rongpei;6;2;0;0;0;0;0;0;0;0;0;0;0;0;-25;-25;-25;18;0;0
5110;田雨;Tian Yu;7;5;0;0;0;0;0;0;0;0;0;0;0;0;-25;-25;-25;18;0;0
5111;赖俊豪;Lai Junhao;6;5;0;0;0;0;0;0;0;0;0;0;0;0;-25;-25;-25;18;0;0
5112;张云梦;Zhang Yunmeng;6;3;0;0;0;0;0;0;0;0;0;0;0;0;-25;-25;-25;18;0;0
5113;高世鳌;Gao Shiao;6;5;0;0;0;0;0;0;0;0;0;0;0;0;-25;-25;-25;18;0;0
5114;岳鸿博;Yue Hongbo;7;3;0;0;0;0;0;0;0;0;0;0;0;0;-25;-25;-25;18;0;0
5115;李宗霖;Li Zonglin;7;5;0;0;0;0;0;0;0;0;0;0;0;0;-25;-25;-25;18;0;0
5116;林晗;Lin Han;7;3;0;0;0;0;0;0;0;0;0;0;0;0;-25;-25;-25;18;0;0
5117;党瑞博;Dang Ruibo;7;3;0;0;0;0;0;0;0;0;0;0;0;0;-25;-25;-25;18;0;0
5118;姜博文;Jiang Bowen;6;4;0;0;0;0;0;0;0;0;0;0;0;0;-25;-25;-25;18;0;0
5119;苏煜;Su Yu;6;1;0;0;0;0;0;0;0;0;0;0;0;0;-25;-25;-25;18;0;0
5120;王一方;Wang Yifang;6;2;0;0;0;0;0;0;0;0;0;0;0;0;-25;-25;-25;18;0;0
5121;杜伯超;Du Bochao;7;5;0;0;0;0;0;0;0;0;0;0;0;0;-25;-25;-25;18;0;0
5122;王旭;Wang Xu;6;1;0;0;0;0;0;0;0;0;0;0;0;0;-25;-25;-25;18;0;0
5123;郑昊燃;Zheng Haoran;6;3;0;0;0;0;0;0;0;0;0;0;0;0;-25;-25;-25;18;0;0
5124;陈佳林;Chen Jialin;6;2;0;0;0;0;0;0;0;0;0;0;0;0;-25;-25;-25;18;0;0
5125;阿列克谢-施韦德;Alexey Shved;8;1;0;0;0;0;0;0;0;0;0;0;0;0;-25;-25;-25;18;0;0
5126;葛昭宝;Ge Zhaobao;8;5;0;0;0;0;0;0;0;0;0;0;0;0;-25;-25;-25;18;0;0
5127;常林;Chang Lin;6;5;0;0;0;0;0;0;0;0;0;0;0;0;-25;-25;-25;18;0;0
5128;本尼-博特赖特;Bennie Boatwrighe;8;4;0;0;0;0;0;0;0;0;0;0;0;0;-25;-25;-25;18;0;0
5129;张春军;Zhang Chunjun;6;3;0;0;0;0;0;0;0;0;0;0;0;0;-25;-25;-25;18;0;0
5130;邢志强;Xing Zhiqiang;6;4;0;0;0;0;0;0;0;0;0;0;0;0;-25;-25;-25;18;0;0
5131;栾利程;Luan licheng;6;2;0;0;0;0;0;0;0;0;0;0;0;0;-25;-25;-25;18;0;0
5132;刘冠岑;Liu Guancen;6;3;0;0;0;0;0;0;0;0;0;0;0;0;-25;-25;-25;18;0;0
5133;秦子龙;Qin ZiLong;7;3;0;0;0;0;0;0;0;0;0;0;0;0;-25;-25;-25;18;0;0
5134;陈彭宇迪;Chen Pengyudi;6;1;0;0;0;0;0;0;0;0;0;0;0;0;-25;-25;-25;18;0;0
5135;何家辰;He Jiachen;6;3;0;0;0;0;0;0;0;0;0;0;0;0;-25;-25;-25;18;0;0
5136;韩霈瑜;Han Peiyu;7;4;0;0;0;0;0;0;0;0;0;0;0;0;-25;-25;-25;18;0;0
5137;李柏润;Li Borun;6;1;0;0;0;0;0;0;0;0;0;0;0;0;-25;-25;-25;18;0;0
5138;吕加晖;Lv Jiahui;6;5;0;0;0;0;0;0;0;0;0;0;0;0;-25;-25;-25;18;0;0
5139;王哲;Wang Zhe;6;1;0;0;0;0;0;0;0;0;0;0;0;0;-25;-25;-25;18;0;0
5140;尼西尔-布鲁克斯;Nysier Brooks;7;5;0;0;0;0;0;0;0;0;0;0;0;0;-25;-25;-25;18;0;0
5141;香浓-肖特;Shannon Shorter;7;2;1;0;0;0;0;0;0;0;0;0;0;0;-25;-25;-25;18;0;0
5142;艾麦尔-卡斯木;Aimer Kasim;7;3;4;0;0;0;0;0;0;0;0;0;0;0;-25;-25;-25;18;0;0
5143;周子旭;Zhou Zixu;6;3;4;0;0;0;0;0;0;0;0;0;0;0;-25;-25;-25;18;0;0
5144;高玮泽;Gao Weize;6;5;0;0;0;0;0;0;0;0;0;0;0;0;-25;-25;-25;18;0;0
5145;木塔哈尔-孜比不拉;Mutahar Zibibra;6;4;3;0;0;0;0;0;0;0;0;0;0;0;-25;-25;-25;18;0;0
5146;史亚峰;Shi Yafeng;6;5;0;0;0;0;0;0;0;0;0;0;0;0;-25;-25;-25;18;0;0
5147;王富申;Wang Fushen;6;3;0;0;0;0;0;0;0;0;0;0;0;0;-25;-25;-25;18;0;0
5148;王子麒;Wang Ziqi;6;3;4;0;0;0;0;0;0;0;0;0;0;0;-25;-25;-25;18;0;0
5149;李展帆;Li Zhanfan;6;4;3;0;0;0;0;0;0;0;0;0;0;0;-25;-25;-25;18;0;0
5150;艾克热木-尼亚孜;Aikeremu Niyazi;6;5;0;0;0;0;0;0;0;0;0;0;0;0;-25;-25;-25;18;0;0
5151;吴松峻;Wu Songjun;6;1;2;0;0;0;0;0;0;0;0;0;0;0;-25;-25;-25;18;0;0
5152;曹新欣;Cao Xinxin;6;1;2;0;0;0;0;0;0;0;0;0;0;0;-25;-25;-25;18;0;0
5153;任天航;Ren Tianhang;6;3;4;0;0;0;0;0;0;0;0;0;0;0;-25;-25;-25;18;0;0
5154;武玉杰;Wu Yujie;6;2;1;0;0;0;0;0;0;0;0;0;0;0;-25;-25;-25;18;0;0
5155;赵伟旭;Zhao Weixu;6;3;4;0;0;0;0;0;0;0;0;0;0;0;-25;-25;-25;18;0;0
5156;宋朋龙;Song Penlong;6;5;0;0;0;0;0;0;0;0;0;0;0;0;-25;-25;-25;18;0;0
5157;龚远航;Gong Yuanhang;6;2;1;0;0;0;0;0;0;0;0;0;0;0;-25;-25;-25;18;0;0
5158;吴冠希;Wu Guanxi;8;5;0;0;0;0;0;0;0;0;0;0;0;0;-25;-25;-25;18;0;0
5159;齐麟;Qi Lin;9;3;0;0;0;0;0;0;0;0;0;0;0;0;-25;-25;-25;18;0;0
5160;米切尔-克里克;Mitchell Creek;6;3;0;0;0;0;0;0;0;0;0;0;0;0;-25;-25;-25;18;0;0
5161;李炎哲;Li Yanzhe;7;5;0;0;0;0;0;0;0;0;0;0;0;0;-25;-25;-25;18;0;0
5162;鲁吐布拉;Lutubula;6;5;0;0;0;0;0;0;0;0;0;0;0;0;-25;-25;-25;18;0;0
5163;王泉泽;Wang Quanze;6;4;0;0;0;0;0;0;0;0;0;0;0;0;-25;-25;-25;18;0;0
5164;黄荣奇;Huang Rongqi;6;2;0;0;0;0;0;0;0;0;0;0;0;0;-25;-25;-25;18;0;0
5165;唐才育;Tang Caiyu;6;3;0;0;0;0;0;0;0;0;0;0;0;0;-25;-25;-25;18;0;0
5166;西尔扎提-赛买提;Xerzat Samat;6;1;0;0;0;0;0;0;0;0;0;0;0;0;-25;-25;-25;18;0;0
5167;曲笑宇;Qu Xiaoyu;6;5;0;0;0;0;0;0;0;0;0;0;0;0;-25;-25;-25;18;0;0
5168;米艾力;Mi Aili;6;1;0;0;0;0;0;0;0;0;0;0;0;0;-25;-25;-25;18;0;0
5169;艾孜麦提-吐逊;Aizi Maiti;5;4;0;0;0;0;0;0;0;0;0;0;0;0;-25;-25;-25;18;0;0
5170;郭昱彰;Guo Yuzhang;5;3;0;0;0;0;0;0;0;0;0;0;0;0;-25;-25;-25;18;0;0
5171;罗伯特-厄普肖;Robert Upshaw III;7;5;0;0;0;0;0;0;0;0;0;0;0;0;-25;-25;-25;18;0;0
5172;米歇尔-瓦特;Mitchell Watt;7;5;0;0;0;0;0;0;0;0;0;0;0;0;-25;-25;-25;18;0;0
5173;布兰登-杰弗森;Brandon Jefferson;7;1;0;0;0;0;0;0;0;0;0;0;0;0;-25;-25;-25;18;0;0
5174;高岩;Gao Yan;6;2;1;0;0;0;0;0;0;0;0;0;0;0;-25;-25;-25;18;0;0
5175;杨文学;Yang Wenxue;6;5;0;0;0;0;0;0;0;0;0;0;0;0;-25;-25;-25;18;0;0
5176;热夏提-克里木;Rexiati Kelimu;6;3;4;0;0;0;0;0;0;0;0;0;0;0;-25;-25;-25;18;0;0
5177;张玉;Zhang Yu;6;4;3;0;0;0;0;0;0;0;0;0;0;0;-25;-25;-25;18;0;0
5178;苏比哈提-吐尔逊;Subihati Tuerxun;6;5;0;0;0;0;0;0;0;0;0;0;0;0;-25;-25;-25;18;0;0
5179;董健;Dong jian;6;3;4;0;0;0;0;0;0;0;0;0;0;0;-25;-25;-25;18;0;0
5180;冯嘉伟;Feng Jiawei;6;1;2;0;0;0;0;0;0;0;0;0;0;0;-25;-25;-25;18;0;0
5181;杨健鑫;Yang Jianxin;6;3;4;0;0;0;0;0;0;0;0;0;0;0;-25;-25;-25;18;0;0
5182;孙府宽;Sun Fukuan;6;5;0;0;0;0;0;0;0;0;0;0;0;0;-25;-25;-25;18;0;0
5183;李睿玮;Li Ruiwei;6;1;2;0;0;0;0;0;0;0;0;0;0;0;-25;-25;-25;18;0;0
5184;李炎涛;Li Yantao;9;5;0;0;0;0;0;0;0;0;0;0;0;0;-25;-25;-25;18;0;0
5185;亚森江-依力哈木;Yasenjiang Ilham;6;4;3;0;0;0;0;0;0;0;0;0;0;0;-25;-25;-25;18;0;0
5186;陈泽昂;Chen Zeang;6;1;2;0;0;0;0;0;0;0;0;0;0;0;-25;-25;-25;18;0;0
5187;卢杜伟;Lu Duwei;6;3;4;0;0;0;0;0;0;0;0;0;0;0;-25;-25;-25;18;0;0
5188;路梓艺;Lu Ziyi;6;4;3;0;0;0;0;0;0;0;0;0;0;0;-25;-25;-25;18;0;0
5189;孙成堃;Sun Chengkun;6;2;1;0;0;0;0;0;0;0;0;0;0;0;-25;-25;-25;18;0;0
5190;罗伯特-高登;Robert Golden;10;1;0;0;0;0;0;0;0;0;0;0;0;0;-25;-25;-25;18;0;0
5191;克里斯多夫-奥贝克帕;Christopher Obekpa;7;5;0;0;0;0;0;0;0;0;0;0;0;0;-25;-25;-25;18;0;0
5192;文卡泰什-乔伊斯;Venkatesha Jois;7;4;5;0;0;0;0;0;0;0;0;0;0;0;-25;-25;-25;18;0;0
5193;左朕年;Zuo Zhennian;7;4;0;0;0;0;0;0;0;0;0;0;0;0;-25;-25;-25;18;0;0
5194;韩硕;Han Shuo;8;2;0;0;0;0;0;0;0;0;0;0;0;0;-25;-25;-25;18;0;0
5195;苏若禹;Sun Ruoyu;7;5;0;0;0;0;0;0;0;0;0;0;0;0;-25;-25;-25;18;0;0
5196;王薪凯;Wang Xinkai;6;3;0;0;0;0;0;0;0;0;0;0;0;0;-25;-25;-25;18;0;0
5197;郭金林;Guo Jinlin;6;3;0;0;0;0;0;0;0;0;0;0;0;0;-25;-25;-25;18;0;0
5198;李泓翰;Li Honghan;7;2;0;0;0;0;0;0;0;0;0;0;0;0;-25;-25;-25;18;0;0
5199;杨林祎;Yang Linyi;6;2;0;0;0;0;0;0;0;0;0;0;0;0;-25;-25;-25;18;0;0
5200;张大宇;Zhang Dayu;6;5;0;0;0;0;0;0;0;0;0;0;0;0;-25;-25;-25;18;0;0
5201;景菡一;Jing Hanyi;7;3;0;0;0;0;0;0;0;0;0;0;0;0;-25;-25;-25;18;0;0
5202;卢艺文;Lu Yiwen;6;4;0;0;0;0;0;0;0;0;0;0;0;0;-25;-25;-25;18;0;0
5203;朱荣振;Zhu Rongzhen;6;5;0;0;0;0;0;0;0;0;0;0;0;0;-25;-25;-25;18;0;0
5204;方佳晨;Fang Jiachen;6;1;0;0;0;0;0;0;0;0;0;0;0;0;-25;-25;-25;18;0;0
5205;孟天艺;Meng Tianyi;6;5;0;0;0;0;0;0;0;0;0;0;0;0;-25;-25;-25;18;0;0
5206;付泳畅;Fu Yongchang;6;4;0;0;0;0;0;0;0;0;0;0;0;0;-25;-25;-25;18;0;0
5207;洪辛;Hong Xin;6;3;0;0;0;0;0;0;0;0;0;0;0;0;-25;-25;-25;18;0;0
5208;胡钧淋;Hu Junlin;6;1;0;0;0;0;0;0;0;0;0;0;0;0;-25;-25;-25;18;0;0
5209;刘冠杉;Liu Guanshan;6;3;0;0;0;0;0;0;0;0;0;0;0;0;-25;-25;-25;18;0;0
5210;于枭永;Yu Xiaoyong;6;1;0;0;0;0;0;0;0;0;0;0;0;0;-25;-25;-25;18;0;0
5211;袁士博;Yuan Shibo;6;5;0;0;0;0;0;0;0;0;0;0;0;0;-25;-25;-25;18;0;0
5212;赵芮;Zhao Rui;6;2;0;0;0;0;0;0;0;0;0;0;0;0;-25;-25;-25;18;0;0
5213;约翰-奈特三世;John Knighe Ⅲ;8;2;0;0;0;0;0;0;0;0;0;0;0;0;-25;-25;-25;18;0;0
5214;多诺万-史密斯;Donovan Smith;8;5;0;0;0;0;0;0;0;0;0;0;0;0;-25;-25;-25;18;0;0
5215;于梁;Yu Liang;7;4;0;0;0;0;0;0;0;0;0;0;0;0;-25;-25;-25;18;0;0
5216;刘大鹏;Liu Dapeng;6;3;0;0;0;0;0;0;0;0;0;0;0;0;-25;-25;-25;18;0;0
5217;李天戈;Li Tiange;6;1;2;0;0;0;0;0;0;0;0;0;0;0;-25;-25;-25;18;0;0
5218;侯天一;Hou Tianyi;6;4;0;0;0;0;0;0;0;0;0;0;0;0;-25;-25;-25;18;0;0
5219;华刚辉;Hua Ganghui;6;4;0;0;0;0;0;0;0;0;0;0;0;0;-25;-25;-25;18;0;0
5220;苏豪;Su Hao;6;4;0;0;0;0;0;0;0;0;0;0;0;0;-25;-25;-25;18;0;0
5221;牟文博;Mou Wenbo;6;1;2;0;0;0;0;0;0;0;0;0;0;0;-25;-25;-25;18;0;0
5222;王晓明;Wang Xiaoming;6;3;0;0;0;0;0;0;0;0;0;0;0;0;-25;-25;-25;18;0;0
5223;杨逍;Yang xiao;6;5;0;0;0;0;0;0;0;0;0;0;0;0;-25;-25;-25;18;0;0
5224;林树森;Lin Shusen;6;2;0;0;0;0;0;0;0;0;0;0;0;0;-25;-25;-25;18;0;0
5225;李振浩;Li Zhenhao;6;3;0;0;0;0;0;0;0;0;0;0;0;0;-25;-25;-25;18;0;0
5226;刘泽;Liu Ze;6;4;3;0;0;0;0;0;0;0;0;0;0;0;-25;-25;-25;18;0;0
5227;纪光泽;Ji Guangze;6;2;1;0;0;0;0;0;0;0;0;0;0;0;-25;-25;-25;18;0;0
5228;胡荣浩;Hu Ronghao;6;2;1;0;0;0;0;0;0;0;0;0;0;0;-25;-25;-25;18;0;0
5229;孙畅;Sun Chang;6;1;2;0;0;0;0;0;0;0;0;0;0;0;-25;-25;-25;18;0;0
5230;李曹北;Li Caobei;6;3;4;0;0;0;0;0;0;0;0;0;0;0;-25;-25;-25;18;0;0
5231;赵海铭;Zhao Haiming;6;3;4;0;0;0;0;0;0;0;0;0;0;0;-25;-25;-25;18;0;0
5232;迈克尔-K-霍利费尔德;Michael Holyfield;7;5;0;0;0;0;0;0;0;0;0;0;0;0;-25;-25;-25;18;0;0
5233;德勒黑;Delhei;7;4;0;0;0;0;0;0;0;0;0;0;0;0;-25;-25;-25;18;0;0
5234;肖克来提-阿扎提;Shokleti Azati;6;3;4;0;0;0;0;0;0;0;0;0;0;0;-25;-25;-25;18;0;0
5235;永安奇-何塞-门西亚;Yoanki Mencia;7;4;0;0;0;0;0;0;0;0;0;0;0;0;-25;-25;-25;18;0;0
5236;姜君奇;Jiang Junqi;6;3;4;0;0;0;0;0;0;0;0;0;0;0;-25;-25;-25;18;0;0
5237;刘帅;Liu Shuai;6;3;4;0;0;0;0;0;0;0;0;0;0;0;-25;-25;-25;18;0;0
5238;邓愈鑫;Deng Yuxin;6;1;2;0;0;0;0;0;0;0;0;0;0;0;-25;-25;-25;18;0;0
5239;陈泽旭;Chen Zexu;6;1;2;0;0;0;0;0;0;0;0;0;0;0;-25;-25;-25;18;0;0
5240;宋建骅;Song Jianhua;6;4;3;0;0;0;0;0;0;0;0;0;0;0;-25;-25;-25;18;0;0
5241;孟宪超;Meng Xianchao;6;1;2;0;0;0;0;0;0;0;0;0;0;0;-25;-25;-25;18;0;0
5242;余永威;Yu Yongwei;7;4;3;0;0;0;0;0;0;0;0;0;0;0;-25;-25;-25;18;0;0
5243;阿尔达格尔-阿依丁;Ardagher Aydin;6;4;3;0;0;0;0;0;0;0;0;0;0;0;-25;-25;-25;18;0;0
5244;史海鹏;Shi Haipeng;6;1;2;0;0;0;0;0;0;0;0;0;0;0;-25;-25;-25;18;0;0
5245;刘俊文;liu Junwen;6;2;1;0;0;0;0;0;0;0;0;0;0;0;-25;-25;-25;18;0;0
5246;李昭霖;Li Zhaolin;6;3;4;0;0;0;0;0;0;0;0;0;0;0;-25;-25;-25;18;0;0
5247;王浩宇;Wang Haoyu;6;4;3;0;0;0;0;0;0;0;0;0;0;0;-25;-25;-25;18;0;0
5248;钟贤睿;Zhong Xianrui;6;2;1;0;0;0;0;0;0;0;0;0;0;0;-25;-25;-25;18;0;0
5249;阿尔法-卡巴;Alpha Kaba;8;5;0;0;0;0;0;0;0;0;0;0;0;0;-25;-25;-25;18;0;0
5250;崔晓龙;Cui Xiaolong;7;1;0;0;0;0;0;0;0;0;0;0;0;0;-25;-25;-25;18;0;0
5251;杰伦-莱利;Jalen Riley;8;1;0;0;0;0;0;0;0;0;0;0;0;0;-25;-25;-25;18;0;0
5252;刘志轩;Liu Zhixuan;6;2;0;0;0;0;0;0;0;0;0;0;0;0;-25;-25;-25;18;0;0
5253;吴羽佳;Wu Yujia;7;3;0;0;0;0;0;0;0;0;0;0;0;0;-25;-25;-25;18;0;0
5254;许梦君;Xu Mengjun;6;3;0;0;0;0;0;0;0;0;0;0;0;0;-25;-25;-25;18;0;0
5255;温佳龙;Wen Jialong;6;3;0;0;0;0;0;0;0;0;0;0;0;0;-25;-25;-25;18;0;0
5256;张稀然;Zhang Xiran;6;1;0;0;0;0;0;0;0;0;0;0;0;0;-25;-25;-25;18;0;0
5257;闫实;Yan Shi;7;3;0;0;0;0;0;0;0;0;0;0;0;0;-25;-25;-25;18;0;0
5258;李禄曈;Li Lutong;7;5;0;0;0;0;0;0;0;0;0;0;0;0;-25;-25;-25;18;0;0
5259;蒋浩然;Jiang Haoran;7;5;0;0;0;0;0;0;0;0;0;0;0;0;-25;-25;-25;18;0;0
5260;马建豪;Ma Jianhao;7;4;0;0;0;0;0;0;0;0;0;0;0;0;-25;-25;-25;18;0;0
5261;黄畅;Huang Chang;6;1;0;0;0;0;0;0;0;0;0;0;0;0;-25;-25;-25;18;0;0
5262;倪永康;Ni Yongkang;7;4;0;0;0;0;0;0;0;0;0;0;0;0;-25;-25;-25;18;0;0
5263;陶彦儒;Tao Yanru;6;3;0;0;0;0;0;0;0;0;0;0;0;0;-25;-25;-25;18;0;0
5264;李承耀;Li Chengyao;6;4;0;0;0;0;0;0;0;0;0;0;0;0;-25;-25;-25;18;0;0
5265;刘泽希;Liu Zexi;6;2;0;0;0;0;0;0;0;0;0;0;0;0;-25;-25;-25;18;0;0
5266;赵旭昕;Zhao Xuxin;7;5;0;0;0;0;0;0;0;0;0;0;0;0;-25;-25;-25;18;0;0
5267;曾繁日;Zeng Fanri;7;5;0;0;0;0;0;0;0;0;0;0;0;0;-25;-25;-25;18;0;0
5268;焦恩格尔-胡依山;Jiao Engeer;6;5;0;0;0;0;0;0;0;0;0;0;0;0;-25;-25;-25;18;0;0
5269;刘东;Liu Dong;6;4;0;0;0;0;0;0;0;0;0;0;0;0;-25;-25;-25;18;0;0
5270;王子瑞;Wang Zirui;6;1;0;0;0;0;0;0;0;0;0;0;0;0;-25;-25;-25;18;0;0
5271;赵柏清;Zhao Baiqing;6;4;0;0;0;0;0;0;0;0;0;0;0;0;-25;-25;-25;18;0;0
5272;贾昊;Jia Hao;6;3;0;0;0;0;0;0;0;0;0;0;0;0;-25;-25;-25;18;0;0
5273;李云开;Li Yunkai;6;4;0;0;0;0;0;0;0;0;0;0;0;0;-25;-25;-25;18;0;0
5274;邬挺嘉;Wu Tingjia;6;2;0;0;0;0;0;0;0;0;0;0;0;0;-25;-25;-25;18;0;0
5275;孙熔孝;Sun Rongxiao;6;4;0;0;0;0;0;0;0;0;0;0;0;0;-25;-25;-25;18;0;0
5276;马国栋;Ma Guodong;6;5;0;0;0;0;0;0;0;0;0;0;0;0;-25;-25;-25;18;0;0
5277;张富垚;Zhang Fuyao;7;2;3;0;0;0;0;0;0;0;0;0;0;0;-25;-25;-25;18;0;0
5278;李泓澎;Li Hongpeng;6;3;0;0;0;0;0;0;0;0;0;0;0;0;-25;-25;-25;18;0;0
5279;魏一;Wei Yi;6;4;0;0;0;0;0;0;0;0;0;0;0;0;-25;-25;-25;18;0;0
5280;王睿;Wang Rui;6;4;0;0;0;0;0;0;0;0;0;0;0;0;-25;-25;-25;18;0;0
5281;王彦凯;Wang Yankai;7;3;0;0;0;0;0;0;0;0;0;0;0;0;-25;-25;-25;18;0;0
5282;麦吾兰-麦麦提伊敏;Maiwulan Maimaitiyimin;6;3;0;0;0;0;0;0;0;0;0;0;0;0;-25;-25;-25;18;0;0
5283;尹椿文;Yin Chunwen;7;1;0;0;0;0;0;0;0;0;0;0;0;0;-25;-25;-25;18;0;0
5284;昂德雷-巴尔文;Ondrej Balvin;8;5;0;0;0;0;0;0;0;0;0;0;0;0;-25;-25;-25;18;0;0
5285;普润斯-库芒古;Prince Kamunga;8;3;4;0;0;0;0;0;0;0;0;0;0;0;-25;-25;-25;18;0;0
5286;帕尼尼奇-达科;Planinic Darko;7;5;0;0;0;0;0;0;0;0;0;0;0;0;-25;-25;-25;18;0;0
5287;张韩;Zhang Han;6;4;3;0;0;0;0;0;0;0;0;0;0;0;-25;-25;-25;18;0;0
5288;牛保顺;Niubao shun;6;3;4;0;0;0;0;0;0;0;0;0;0;0;-25;-25;-25;18;0;0
5289;沈子然;Shen Ziran;6;5;0;0;0;0;0;0;0;0;0;0;0;0;-25;-25;-25;18;0;0
5290;杨越;Yang Yue;6;2;1;0;0;0;0;0;0;0;0;0;0;0;-25;-25;-25;18;0;0
5291;林思阳;Lin Siyang;6;5;0;0;0;0;0;0;0;0;0;0;0;0;-25;-25;-25;18;0;0
5292;罗毅;Luo Yi;6;3;4;0;0;0;0;0;0;0;0;0;0;0;-25;-25;-25;18;0;0
5293;杜佳宝;Du Jiabao;6;2;1;0;0;0;0;0;0;0;0;0;0;0;-25;-25;-25;18;0;0
5294;于翔;Yu Xiang;6;1;2;0;0;0;0;0;0;0;0;0;0;0;-25;-25;-25;18;0;0
5295;赵烨;Zhao Ye;6;3;4;0;0;0;0;0;0;0;0;0;0;0;-25;-25;-25;18;0;0
5296;刘清政;Liu Qingzheng;6;2;1;0;0;0;0;0;0;0;0;0;0;0;-25;-25;-25;18;0;0
5297;加那尔别克-白谢巴依;Ganalbek Baishebai;6;4;3;0;0;0;0;0;0;0;0;0;0;0;-25;-25;-25;18;0;0
5298;边郑迦勒;Bian Zhengjiale;6;2;1;0;0;0;0;0;0;0;0;0;0;0;-25;-25;-25;18;0;0
5299;郭羽舟;Guo Yuzhou;6;4;3;0;0;0;0;0;0;0;0;0;0;0;-25;-25;-25;18;0;0
5300;刘剑阁;Liu Jiange;6;1;2;0;0;0;0;0;0;0;0;0;0;0;-25;-25;-25;18;0;0
5301;德兹明-威尔斯;Dezmine Wells;8;3;4;0;0;0;0;0;0;0;0;0;0;0;-25;-25;-25;18;0;0
5302;杨文博;Yang Wenbo;6;1;2;0;0;0;0;0;0;0;0;0;0;0;-25;-25;-25;18;0;0
5303;蒋淯安;Jiang Yuan;6;1;2;0;0;0;0;0;0;0;0;0;0;0;-25;-25;-25;18;0;0
5304;王思奇;Wang Siqi;6;2;1;0;0;0;0;0;0;0;0;0;0;0;-25;-25;-25;18;0;0
5305;张正昕;Zhang Zhengxin;6;5;0;0;0;0;0;0;0;0;0;0;0;0;-25;-25;-25;18;0;0
5306;原晨云;Yuan Chenyun;6;3;4;0;0;0;0;0;0;0;0;0;0;0;-25;-25;-25;18;0;0
5307;李祥波;li Xiangbo;7;3;4;0;0;0;0;0;0;0;0;0;0;0;-25;-25;-25;18;0;0
5308;李雪松;li Xuesong;6;2;1;0;0;0;0;0;0;0;0;0;0;0;-25;-25;-25;18;0;0
5309;田泽皓;Tian Zehao;6;4;3;0;0;0;0;0;0;0;0;0;0;0;-25;-25;-25;18;0;0
5310;刘仁斌;Liu Renbin;6;5;0;0;0;0;0;0;0;0;0;0;0;0;-25;-25;-25;18;0;0
5311;张翔;Zhang Xiang;6;1;2;0;0;0;0;0;0;0;0;0;0;0;-25;-25;-25;18;0;0
5312;王延之;Wang Yanzhi;6;5;0;0;0;0;0;0;0;0;0;0;0;0;-25;-25;-25;18;0;0
5313;汤杰;Tang Jie;7;1;2;0;0;0;0;0;0;0;0;0;0;0;-25;-25;-25;18;0;0
5314;李文豪;Li Wenhao;7;3;4;0;0;0;0;0;0;0;0;0;0;0;-25;-25;-25;18;0;0
5315;王加冕;Wang Jiamian;6;1;2;0;0;0;0;0;0;0;0;0;0;0;-25;-25;-25;18;0;0
5316;冶征文;Ye Zhengwen;6;1;2;0;0;0;0;0;0;0;0;0;0;0;-25;-25;-25;18;0;0
5317;泰勒-斯通;Tyler Stone;7;4;0;0;0;0;0;0;0;0;0;0;0;0;-25;-25;-25;18;0;0
5318;贾维恩-哈姆雷特;Javion Hamlet;7;1;0;0;0;0;0;0;0;0;0;0;0;0;-25;-25;-25;18;0;0
5319;寸守伟;Cun Shouwei;6;5;0;0;0;0;0;0;0;0;0;0;0;0;-25;-25;-25;18;0;0
5320;诸宏春;Zhu Hongchun;6;2;1;0;0;0;0;0;0;0;0;0;0;0;-25;-25;-25;18;0;0
5321;何泽;He Ze;6;3;4;0;0;0;0;0;0;0;0;0;0;0;-25;-25;-25;18;0;0
5322;李晓鹏;Li Xiaopeng;6;4;0;0;0;0;0;0;0;0;0;0;0;0;-25;-25;-25;18;0;0
5323;何焱;He Yan;6;4;0;0;0;0;0;0;0;0;0;0;0;0;-25;-25;-25;18;0;0
5324;杨凯;Yang Kai;6;3;4;0;0;0;0;0;0;0;0;0;0;0;-25;-25;-25;18;0;0
5325;黄汉生;Huang Hansheng;6;1;2;0;0;0;0;0;0;0;0;0;0;0;-25;-25;-25;18;0;0
5326;杨熙;Yang Xi;6;1;2;0;0;0;0;0;0;0;0;0;0;0;-25;-25;-25;18;0;0
5327;王凯豪;Wang Kaihao;6;4;3;0;0;0;0;0;0;0;0;0;0;0;-25;-25;-25;18;0;0
5328;薛傅文;Xue Fuwen;6;2;1;0;0;0;0;0;0;0;0;0;0;0;-25;-25;-25;18;0;0
5329;宋享成;Song Xiangcheng;6;4;3;0;0;0;0;0;0;0;0;0;0;0;-25;-25;-25;18;0;0
5330;王耀锋;Wang Yaofeng;6;4;3;0;0;0;0;0;0;0;0;0;0;0;-25;-25;-25;18;0;0
5331;林炜明;Lin Weiming;6;1;2;0;0;0;0;0;0;0;0;0;0;0;-25;-25;-25;18;0;0
5332;任骏威;Ren Junwei;8;4;0;0;0;0;0;0;0;0;0;0;0;0;-25;-25;-25;18;0;0
5333;刘铮;Liu Zheng;7;3;0;0;0;0;0;0;0;0;0;0;0;0;-25;-25;-25;18;0;0
5334;李弘权;Li Hongquan;9;4;0;0;0;0;0;0;0;0;0;0;0;0;-25;-25;-25;18;0;0
5335;袁堂文;Yuan Tangwen;7;1;0;0;0;0;0;0;0;0;0;0;0;0;-25;-25;-25;18;0;0
5336;闫鹏飞;Yan Pengfei;7;5;0;0;0;0;0;0;0;0;0;0;0;0;-25;-25;-25;18;0;0
5337;罗汉琛;Luo Hanchen;6;1;0;0;0;0;0;0;0;0;0;0;0;0;-25;-25;-25;18;0;0
5338;戴昊;Dai Hao;7;1;0;0;0;0;0;0;0;0;0;0;0;0;-25;-25;-25;18;0;0
5339;张知垚;Zhang Zhiyao;6;4;0;0;0;0;0;0;0;0;0;0;0;0;-25;-25;-25;18;0;0
5340;马典成;Ma Diancheng;6;4;0;0;0;0;0;0;0;0;0;0;0;0;-25;-25;-25;18;0;0
5341;董灏;Dong Hao;6;4;0;0;0;0;0;0;0;0;0;0;0;0;-25;-25;-25;18;0;0
5342;刘正清;Liu Zhengqing;6;3;0;0;0;0;0;0;0;0;0;0;0;0;-25;-25;-25;18;0;0
5343;刘梓鹏;Liu Zipeng;7;2;0;0;0;0;0;0;0;0;0;0;0;0;-25;-25;-25;18;0;0
5344;潘威;Pan Wei;6;1;2;0;0;0;0;0;0;0;0;0;0;0;-25;-25;-25;18;0;0
5345;刘礼嘉;Liu Lijia;6;4;3;0;0;0;0;0;0;0;0;0;0;0;-25;-25;-25;18;0;0
5346;万孟霖;Wan Menglin;6;3;0;0;0;0;0;0;0;0;0;0;0;0;-25;-25;-25;18;0;0
5347;贾马尔-盖利;Jarmar Gulley;8;3;0;0;0;0;0;0;0;0;0;0;0;0;-25;-25;-25;18;0;0
5348;陆文博;Lu Wenbo;7;3;0;0;0;0;0;0;0;0;0;0;0;0;-25;-25;-25;18;0;0
5349;王仔路;Wang Zailu;7;4;0;0;0;0;0;0;0;0;0;0;0;0;-25;-25;-25;18;0;0
5350;林孝天;Lin Xiaotian;7;2;0;0;0;0;0;0;0;0;0;0;0;0;-25;-25;-25;18;0;0
5351;王奕博;Wang Yibo;6;2;0;0;0;0;0;0;0;0;0;0;0;0;-25;-25;-25;18;0;0
5352;时振恺;Shi Zhenkai;6;3;2;0;0;0;0;0;0;0;0;0;0;0;-25;-25;-25;18;0;0
5353;刘懿霆;Liu Yiting;6;3;0;0;0;0;0;0;0;0;0;0;0;0;-25;-25;-25;18;0;0
5354;刘双语;Liu Shuangyu;6;5;0;0;0;0;0;0;0;0;0;0;0;0;-25;-25;-25;18;0;0
5355;任骏哲;Ren Junzhe;6;1;0;0;0;0;0;0;0;0;0;0;0;0;-25;-25;-25;18;0;0
5356;王奕霖;Wang Yilin;6;1;2;0;0;0;0;0;0;0;0;0;0;0;-25;-25;-25;18;0;0
5357;张洪硕;Zhang Hongshuo;6;4;0;0;0;0;0;0;0;0;0;0;0;0;-25;-25;-25;18;0;0
5358;周怡杉;Zhou Yishan;6;4;0;0;0;0;0;0;0;0;0;0;0;0;-25;-25;-25;18;0;0
5359;景天雨;Jing Tianyu;6;3;0;0;0;0;0;0;0;0;0;0;0;0;-25;-25;-25;18;0;0
5360;张嘉许;Zhang Jiaxu;6;5;0;0;0;0;0;0;0;0;0;0;0;0;-25;-25;-25;18;0;0
5361;孙昊淼;Sun Haomiao;6;4;0;0;0;0;0;0;0;0;0;0;0;0;-25;-25;-25;18;0;0
5362;阿尔斯兰;Arslan;7;1;0;0;0;0;0;0;0;0;0;0;0;0;-25;-25;-25;18;0;0
5363;阿努瓦-奥莫特;Anunwa Omot;8;3;0;0;0;0;0;0;0;0;0;0;0;0;-25;-25;-25;18;0;0
5364;约翰-埃格伯努;John Egbumu;8;5;0;0;0;0;0;0;0;0;0;0;0;0;-25;-25;-25;18;0;0
5365;宁鸿宇;Ning Hongyu;7;4;0;0;0;0;0;0;0;0;0;0;0;0;-25;-25;-25;18;0;0
5366;马泳;Ma Yong;6;2;0;0;0;0;0;0;0;0;0;0;0;0;-25;-25;-25;18;0;0
5367;张祖铭;Zhang Zuming;6;4;0;0;0;0;0;0;0;0;0;0;0;0;-25;-25;-25;18;0;0
5368;满奕呈;Man Yicheng;6;4;0;0;0;0;0;0;0;0;0;0;0;0;-25;-25;-25;18;0;0
5369;蒋帅;Jiang Shuai;6;2;0;0;0;0;0;0;0;0;0;0;0;0;-25;-25;-25;18;0;0
5370;袁振梁;Yuan Zhenliang;6;5;0;0;0;0;0;0;0;0;0;0;0;0;-25;-25;-25;18;0;0
5371;赵建树;Zhao Jianshu;6;2;0;0;0;0;0;0;0;0;0;0;0;0;-25;-25;-25;18;0;0
5372;刘志恒;Liu Zhiheng;6;1;0;0;0;0;0;0;0;0;0;0;0;0;-25;-25;-25;18;0;0
5373;曲虹霖;Qu Honglin;7;5;0;0;0;0;0;0;0;0;0;0;0;0;-25;-25;-25;18;0;0
5374;赵俊峰;Zhao Junfeng;7;1;0;0;0;0;0;0;0;0;0;0;0;0;-25;-25;-25;18;0;0
5375;许裕茁;Xu Yuzhuo;6;3;0;0;0;0;0;0;0;0;0;0;0;0;-25;-25;-25;18;0;0
5376;侯文杰;Hou Wenjie;6;4;0;0;0;0;0;0;0;0;0;0;0;0;-25;-25;-25;18;0;0
5377;王俣豪;Wang Yuhao;6;1;0;0;0;0;0;0;0;0;0;0;0;0;-25;-25;-25;18;0;0
5378;王向彬;Wang Xiangbing;6;3;2;0;0;0;0;0;0;0;0;0;0;0;-25;-25;-25;18;0;0
5379;李佳朔;Li Jiashuo;6;3;0;0;0;0;0;0;0;0;0;0;0;0;-25;-25;-25;18;0;0
5380;马鑫鑫;Ma Xinxin;6;5;0;0;0;0;0;0;0;0;0;0;0;0;-25;-25;-25;18;0;0
5381;林俊涛;Lin Juntao;6;1;0;0;0;0;0;0;0;0;0;0;0;0;-25;-25;-25;18;0;0
5382;许钟豪;Xu Zhonghao;7;5;0;0;0;0;0;0;0;0;0;0;0;0;-25;-25;-25;18;0;0
5383;乔丹-弗洛伊德;Jordan Floyd;8;2;0;0;0;0;0;0;0;0;0;0;0;0;-25;-25;-25;18;0;0
5384;王庆明;Wang Qingming;6;3;0;0;0;0;0;0;0;0;0;0;0;0;-25;-25;-25;18;0;0
5385;李金效;Li Jinxiao;6;4;0;0;0;0;0;0;0;0;0;0;0;0;-25;-25;-25;18;0;0
5386;赵嘉仁;Zhao Jiaren;7;3;0;0;0;0;0;0;0;0;0;0;0;0;-25;-25;-25;18;0;0
5387;吴骁;Wu Xiao;7;5;0;0;0;0;0;0;0;0;0;0;0;0;-25;-25;-25;18;0;0
5388;许可;Xu Ke;6;1;0;0;0;0;0;0;0;0;0;0;0;0;-25;-25;-25;18;0;0
5389;杜博阳;Du Boyang;6;1;0;0;0;0;0;0;0;0;0;0;0;0;-25;-25;-25;18;0;0
5390;赵佳一;Zhao Jiayi;6;5;0;0;0;0;0;0;0;0;0;0;0;0;-25;-25;-25;18;0;0
5391;王欣瑞;Wang Xinrui;6;2;0;0;0;0;0;0;0;0;0;0;0;0;-25;-25;-25;18;0;0
5392;赖克;Lai Ke;6;3;0;0;0;0;0;0;0;0;0;0;0;0;-25;-25;-25;18;0;0
5393;冯洺臻;Feng Mingzhen;6;5;0;0;0;0;0;0;0;0;0;0;0;0;-25;-25;-25;18;0;0
5394;段立谦;Duan Liqian;6;2;0;0;0;0;0;0;0;0;0;0;0;0;-25;-25;-25;18;0;0
5395;尤金-杰曼;Eugene German;9;2;0;0;0;0;0;0;0;0;0;0;0;0;-25;-25;-25;18;0;0
5396;李江淮;Li Jianghuai;6;3;0;0;0;0;0;0;0;0;0;0;0;0;-25;-25;-25;18;0;0
5397;黎璋霖;Li Zhanglin;6;4;0;0;0;0;0;0;0;0;0;0;0;0;-25;-25;-25;18;0;0
5398;田桂森;Tian Guisen;6;2;0;0;0;0;0;0;0;0;0;0;0;0;-25;-25;-25;18;0;0
5399;张永鹏;Zhang Yongpeng;6;5;0;0;0;0;0;0;0;0;0;0;0;0;-25;-25;-25;18;0;0
5400;黄毅超;Huang Yichao;6;3;0;0;0;0;0;0;0;0;0;0;0;0;-25;-25;-25;18;0;0
5401;王化东;Wang Huadong;6;4;0;0;0;0;0;0;0;0;0;0;0;0;-25;-25;-25;18;0;0
5402;孙岩松;Sun Yansong;6;4;0;0;0;0;0;0;0;0;0;0;0;0;-25;-25;-25;18;0;0
5403;曾凌铉;Zeng Lingxuan;8;1;0;0;0;0;0;0;0;0;0;0;0;0;-25;-25;-25;18;0;0
5404;翁金郎;Weng Jinlang;7;3;0;0;0;0;0;0;0;0;0;0;0;0;-25;-25;-25;18;0;0
5405;黄艺;Huang Yi;6;5;0;0;0;0;0;0;0;0;0;0;0;0;-25;-25;-25;18;0;0
5406;梁英淇;Liang Yingqi;6;5;0;0;0;0;0;0;0;0;0;0;0;0;-25;-25;-25;18;0;0
5407;张旭;Zhang Xu;6;3;0;0;0;0;0;0;0;0;0;0;0;0;-25;-25;-25;18;0;0
5408;赵义明;Zhao Yiming;6;5;0;0;0;0;0;0;0;0;0;0;0;0;-25;-25;-25;18;0;0
5409;杨阿力;Yang Ali;6;1;0;0;0;0;0;0;0;0;0;0;0;0;-25;-25;-25;18;0;0
5410;任骏飞;Ren Junfei;8;4;0;0;0;0;0;0;0;0;0;0;0;0;-25;-25;-25;18;0;0
5411;赵戌宏;Zhao Xuhong;6;5;0;0;0;0;0;0;0;0;0;0;0;0;-25;-25;-25;18;0;0
5412;徐昕;Xu Xin;7;5;0;0;0;0;0;0;0;0;0;0;0;0;-25;-25;-25;18;0;0
5413;李英博;Li Yingbo;6;5;0;0;0;0;0;0;0;0;0;0;0;0;-25;-25;-25;18;0;0
5414;张皓嘉;Zhang Haojia;6;3;0;0;0;0;0;0;0;0;0;0;0;0;-25;-25;-25;18;0;0
5415;赵锦洋;Zhao Jinyang;6;3;0;0;0;0;0;0;0;0;0;0;0;0;-25;-25;-25;18;0;0
5416;黄明依;Huang Mingyi;7;4;0;0;0;0;0;0;0;0;0;0;0;0;-25;-25;-25;18;0;0
5417;张文逸;Zhang Wenyi;6;3;0;0;0;0;0;0;0;0;0;0;0;0;-25;-25;-25;18;0;0
5418;张明池;Zhang Mingchi;7;5;0;0;0;0;0;0;0;0;0;0;0;0;-25;-25;-25;18;0;0
5419;彭士峻;Peng Shijun;6;3;4;0;0;0;0;0;0;0;0;0;0;0;-25;-25;-25;18;0;0
5420;马宇启;Ma Yuqi;6;2;0;0;0;0;0;0;0;0;0;0;0;0;-25;-25;-25;18;0;0
5421;李奕臻;Li Yizhen;6;2;0;0;0;0;0;0;0;0;0;0;0;0;-25;-25;-25;18;0;0
5422;达柳斯-亚当斯;Darius Adams;8;1;0;0;0;0;0;0;0;0;0;0;0;0;-25;-25;-25;18;0;0
5423;沈梓捷;Shen Zijie;9;5;0;0;0;0;0;0;0;0;0;0;0;0;-25;-25;-25;18;0;0
5424;贺希宁;He Xining;9;2;0;0;0;0;0;0;0;0;0;0;0;0;-25;-25;-25;18;0;0
5425;冯欣;Feng Xin;7;1;0;0;0;0;0;0;0;0;0;0;0;0;-25;-25;-25;18;0;0
5426;李京龙;Li Jinglong;7;3;0;0;0;0;0;0;0;0;0;0;0;0;-25;-25;-25;18;0;0
5427;凯瑟-希尔;Kasey Hill;7;1;0;0;0;0;0;0;0;0;0;0;0;0;-25;-25;-25;18;0;0
5428;刘博文;Liu Bowen;6;2;0;0;0;0;0;0;0;0;0;0;0;0;-25;-25;-25;18;0;0
5429;马明坤;Ma Mingkun;8;2;0;0;0;0;0;0;0;0;0;0;0;0;-25;-25;-25;18;0;0
5430;孙浩钦;Sun Haoqin;7;2;0;0;0;0;0;0;0;0;0;0;0;0;-25;-25;-25;18;0;0
5431;白昊天;Bai Haotian;6;2;0;0;0;0;0;0;0;0;0;0;0;0;-25;-25;-25;18;0;0
5432;武子涵;Wu Zihan;7;2;0;0;0;0;0;0;0;0;0;0;0;0;-25;-25;-25;18;0;0
5433;容子峰;Rong Zifeng;6;1;0;0;0;0;0;0;0;0;0;0;0;0;-25;-25;-25;18;0;0
5434;卢鹏羽;Lu Pengyu;6;3;0;0;0;0;0;0;0;0;0;0;0;0;-25;-25;-25;18;0;0
5435;胡小龙;Hu Xiaolong;6;5;0;0;0;0;0;0;0;0;0;0;0;0;-25;-25;-25;18;0;0
5436;廖智鹏;Liao Zhipeng;6;5;0;0;0;0;0;0;0;0;0;0;0;0;-25;-25;-25;18;0;0
5437;刘长江;Liu Changjiang;6;2;0;0;0;0;0;0;0;0;0;0;0;0;-25;-25;-25;18;0;0
5438;李斌卓;Li Binzhuo;6;1;2;0;0;0;0;0;0;0;0;0;0;0;-25;-25;-25;18;0;0
5439;陈盈骏;Chen Yingjun;9;1;0;0;0;0;0;0;0;0;0;0;0;0;-25;-25;-25;18;0;0
5440;巴里-布朗;Barry Brown;8;2;0;0;0;0;0;0;0;0;0;0;0;0;-25;-25;-25;18;0;0
5441;达拉斯-摩尔;Dallas Moore;8;1;0;0;0;0;0;0;0;0;0;0;0;0;-25;-25;-25;18;0;0
5442;贾明儒;Jia Mingru;7;2;0;0;0;0;0;0;0;0;0;0;0;0;-25;-25;-25;18;0;0
5443;郭凯;Guo Kai;8;4;0;0;0;0;0;0;0;0;0;0;0;0;-25;-25;-25;18;0;0
5444;赵阳;Zhao Yang;6;2;1;0;0;0;0;0;0;0;0;0;0;0;-25;-25;-25;18;0;0
5445;刘佳鑫;Liu Jiaxin;6;3;0;0;0;0;0;0;0;0;0;0;0;0;-25;-25;-25;18;0;0
5446;于晓辉;Yu Xiaohui;6;5;0;0;0;0;0;0;0;0;0;0;0;0;-25;-25;-25;18;0;0
5447;田宇恒;Tian Yuheng;6;2;0;0;0;0;0;0;0;0;0;0;0;0;-25;-25;-25;18;0;0
5448;伊力福拉提-莫合坦尔;Yilifulati Motaner ;7;2;0;0;0;0;0;0;0;0;0;0;0;0;-25;-25;-25;18;0;0
5449;刘金雨;Liu Jinyu;7;3;0;0;0;0;0;0;0;0;0;0;0;0;-25;-25;-25;18;0;0
5450;邹运;Yun Zou;7;4;3;0;0;0;0;0;0;0;0;0;0;0;-25;-25;-25;18;0;0
5451;刘颜诚;Liu Yancheng;6;3;0;0;0;0;0;0;0;0;0;0;0;0;-25;-25;-25;18;0;0
5452;佟佳俊;Tong Jiajun;6;1;0;0;0;0;0;0;0;0;0;0;0;0;-25;-25;-25;18;0;0
5453;程诺;Nuo Cheng;6;4;0;0;0;0;0;0;0;0;0;0;0;0;-25;-25;-25;18;0;0
5454;李佳哲;Li Jiazhe;6;1;0;0;0;0;0;0;0;0;0;0;0;0;-25;-25;-25;18;0;0
5455;张兴亮;Zhang Xingliang;6;2;0;0;0;0;0;0;0;0;0;0;0;0;-25;-25;-25;18;0;0
5456;弗拉迪米尔-斯蒂马克;Vladimir Stimac;7;5;0;0;0;0;0;0;0;0;0;0;0;0;-25;-25;-25;18;0;0
5457;莫里斯-恩多尔;Maurice Ndour;7;5;0;0;0;0;0;0;0;0;0;0;0;0;-25;-25;-25;18;0;0
5458;奥历-艾伦;Omic Alen;7;5;0;0;0;0;0;0;0;0;0;0;0;0;-25;-25;-25;18;0;0
5459;孙喆;Sun Zhe;6;5;0;0;0;0;0;0;0;0;0;0;0;0;-25;-25;-25;18;0;0
5460;任雪飞;Ren Xuefei;6;2;1;0;0;0;0;0;0;0;0;0;0;0;-25;-25;-25;18;0;0
5461;泰尔斯-巴特;Tyus Battle;7;2;3;0;0;0;0;0;0;0;0;0;0;0;-25;-25;-25;18;0;0
5462;高钰翔;Gao Yuxiang;6;3;4;0;0;0;0;0;0;0;0;0;0;0;-25;-25;-25;18;0;0
5463;刘羽楠;Liu Yunan;6;5;0;0;0;0;0;0;0;0;0;0;0;0;-25;-25;-25;18;0;0
5464;赵天熠;Zhao Tianyi;6;5;0;0;0;0;0;0;0;0;0;0;0;0;-25;-25;-25;18;0;0
5465;范洪浩;Fan Honghao;6;1;0;0;0;0;0;0;0;0;0;0;0;0;-25;-25;-25;18;0;0
5466;陈金龙;Chen Jinlong;6;1;2;0;0;0;0;0;0;0;0;0;0;0;-25;-25;-25;18;0;0
5467;李明皓;Li Minghao;6;4;3;0;0;0;0;0;0;0;0;0;0;0;-25;-25;-25;18;0;0
5468;冯祺;Feng Qi;6;2;1;0;0;0;0;0;0;0;0;0;0;0;-25;-25;-25;18;0;0
5469;江凯;Jiang Kai;6;1;2;0;0;0;0;0;0;0;0;0;0;0;-25;-25;-25;18;0;0
5470;刁展望;Diao Zhanwang;6;3;4;0;0;0;0;0;0;0;0;0;0;0;-25;-25;-25;18;0;0
5471;庞峥麟;Pang Zhenglin;6;1;2;0;0;0;0;0;0;0;0;0;0;0;-25;-25;-25;18;0;0
5472;胡彤浩;Hu Tonghao;6;5;0;0;0;0;0;0;0;0;0;0;0;0;-25;-25;-25;18;0;0
5473;杨子煜;Yang Ziyu;6;5;0;0;0;0;0;0;0;0;0;0;0;0;-25;-25;-25;18;0;0
5474;莫里斯-坎普;Maurice Kemp;8;4;0;0;0;0;0;0;0;0;0;0;0;0;-25;-25;-25;18;0;0
5475;山缪-德古拉;Samuel Deguara;7;5;0;0;0;0;0;0;0;0;0;0;0;0;-25;-25;-25;18;0;0
5476;拉希德-苏莱蒙;Rasheed Sulaimon;7;2;1;0;0;0;0;0;0;0;0;0;0;0;-25;-25;-25;18;0;0
5477;孙伟博;Sun Weibo;6;2;1;0;0;0;0;0;0;0;0;0;0;0;-25;-25;-25;18;0;0
5478;毕继光;Bi Jiguang;6;1;2;0;0;0;0;0;0;0;0;0;0;0;-25;-25;-25;18;0;0
5479;许烜行;Xu Xuanxing;6;1;2;0;0;0;0;0;0;0;0;0;0;0;-25;-25;-25;18;0;0
5480;李禹豪;Li Yuhao;6;4;3;0;0;0;0;0;0;0;0;0;0;0;-25;-25;-25;18;0;0
5481;薛驰;Xue Chi;6;3;4;0;0;0;0;0;0;0;0;0;0;0;-25;-25;-25;18;0;0
5482;梁兆华;Liang Zhaohua;6;3;4;0;0;0;0;0;0;0;0;0;0;0;-25;-25;-25;18;0;0
5483;李佳益;Li Jiayi;6;5;0;0;0;0;0;0;0;0;0;0;0;0;-25;-25;-25;18;0;0
5484;张昊;Zhang Hao;6;4;3;0;0;0;0;0;0;0;0;0;0;0;-25;-25;-25;18;0;0
5485;陈奕纶;Chen Yilun;6;2;1;0;0;0;0;0;0;0;0;0;0;0;-25;-25;-25;18;0;0
5486;马光翰;Ma Guanghan;6;1;2;0;0;0;0;0;0;0;0;0;0;0;-25;-25;-25;18;0;0
5487;陈雨生;Chen Yusheng;6;4;3;0;0;0;0;0;0;0;0;0;0;0;-25;-25;-25;18;0;0
5488;杨睿骐;Yang Ricky;6;2;1;0;0;0;0;0;0;0;0;0;0;0;-25;-25;-25;18;0;0
5489;张峰硕;Zhang Fengshuo;6;2;1;0;0;0;0;0;0;0;0;0;0;0;-25;-25;-25;18;0;0
5490;范浩云;Fan Haoyun;6;1;2;0;0;0;0;0;0;0;0;0;0;0;-25;-25;-25;18;0;0
5491;余柏林;Yu Bolin;6;3;4;0;0;0;0;0;0;0;0;0;0;0;-25;-25;-25;18;0;0
5492;孙巍;Sun wei;6;3;4;0;0;0;0;0;0;0;0;0;0;0;-25;-25;-25;18;0;0
5493;孙桐林;Sun Tonglin;7;5;0;0;0;0;0;0;0;0;0;0;0;0;-25;-25;-25;18;0;0
5494;阿基尔-米切尔;Akil Mitchell;6;5;4;0;0;0;0;0;0;0;0;0;0;0;-25;-25;-25;18;0;0
5495;王汝恒;Wang Ruheng;6;2;1;0;0;0;0;0;0;0;0;0;0;0;-25;-25;-25;18;0;0
5496;周湛东;Zhou Zhandong;6;1;2;0;0;0;0;0;0;0;0;0;0;0;-25;-25;-25;18;0;0
5497;陈辰;Chen Chen ;6;3;2;0;0;0;0;0;0;0;0;0;0;0;-25;-25;-25;18;0;0
5498;张展玮;Zhang Zhanwei;6;3;4;0;0;0;0;0;0;0;0;0;0;0;-25;-25;-25;18;0;0
5499;肯尼-伯顿;Kenneth Boynton;6;1;2;0;0;0;0;0;0;0;0;0;0;0;-25;-25;-25;18;0;0
5500;马壮;Ma Zhuang;6;2;0;0;0;0;0;0;0;0;0;0;0;0;-25;-25;-25;18;0;0
5501;香农-埃文斯二世;Shannon Evans II;6;1;0;0;0;0;0;0;0;0;0;0;0;0;-25;-25;-25;18;0;0
5502;缪光旸;Liao Guangyang;6;4;5;0;0;0;0;0;0;0;0;0;0;0;-25;-25;-25;18;0;0
5503;泰文-马克;Tevin Mack;7;3;0;0;0;0;0;0;0;0;0;0;0;0;-25;-25;-25;18;0;0
5504;史文龙;Shi Wenlong;6;5;0;0;0;0;0;0;0;0;0;0;0;0;-25;-25;-25;18;0;0
5505;鄢士博;Yan Shibo;6;1;2;0;0;0;0;0;0;0;0;0;0;0;-25;-25;-25;18;0;0
5506;席益民;Xi Yimin;6;2;1;0;0;0;0;0;0;0;0;0;0;0;-25;-25;-25;18;0;0
5507;摩西-赖特;Moses Wright;7;5;0;0;0;0;0;0;0;0;0;0;0;0;-25;-25;-25;18;0;0
5508;马库斯-福斯特;Marcus Foster;6;2;0;0;0;0;0;0;0;0;0;0;0;0;-25;-25;-25;18;0;0
5509;弗兰克-巴特利;Frank Bartley;6;1;0;0;0;0;0;0;0;0;0;0;0;0;-25;-25;-25;18;0;0
5510;张立文;Zhang Liwen;6;2;1;0;0;0;0;0;0;0;0;0;0;0;-25;-25;-25;18;0;0
5511;苏锟皓;Su Kunhao;6;1;2;0;0;0;0;0;0;0;0;0;0;0;-25;-25;-25;18;0;0
5512;张卫平;Zhang Weiping;10;4;0;0;0;0;0;0;0;0;0;0;0;0;-25;-25;-25;18;0;0
5513;黄柏龄;Huang Bailing;10;1;0;0;0;0;0;0;0;0;0;0;0;0;-25;-25;-25;18;0;0
5514;王守强;Wang Shouqiang;7;5;0;0;0;0;0;0;0;0;0;0;0;0;-25;-25;-25;18;0;0
5515;接君;Jie Jun;7;5;0;0;0;0;0;0;0;0;0;0;0;0;-25;-25;-25;18;0;0
5516;郑永刚;Zheng Yonggang;7;2;0;0;0;0;0;0;0;0;0;0;0;0;-25;-25;-25;18;0;0
5517;于学鹏;Yu Xuepeng;7;3;4;0;0;0;0;0;0;0;0;0;0;0;-25;-25;-25;18;0;0
5518;郭士强;Guo Shiqiang;9;1;2;0;0;0;0;0;0;0;0;0;0;0;-25;-25;-25;18;0;0
5519;王治单;Wang Zhidan;9;5;4;0;0;0;0;0;0;0;0;0;0;0;-25;-25;-25;18;0;0
5520;刘乃俊;Liu Naijun;6;3;2;0;0;0;0;0;0;0;0;0;0;0;-25;-25;-25;18;0;0
5521;崔万军;Cui Wanjun;6;1;2;0;0;0;0;0;0;0;0;0;0;0;-25;-25;-25;18;0;0
5522;金立鹏;Jin Lipeng;8;1;2;0;0;0;0;0;0;0;0;0;0;0;-25;-25;-25;18;0;0
5523;张庆武;Zhang Qingwu;6;2;1;0;0;0;0;0;0;0;0;0;0;0;-25;-25;-25;18;0;0
5524;陈卫东;Chen Weidong;7;1;0;0;0;0;0;0;0;0;0;0;0;0;-25;-25;-25;18;0;0
5525;吉姆-哈夫里拉;Jim Havrilla;7;5;0;0;0;0;0;0;0;0;0;0;0;0;-25;-25;-25;18;0;0
5526;詹姆斯-霍奇斯;James Hodges;10;4;3;0;0;0;0;0;0;0;0;0;0;0;-25;-25;-25;18;0;0
5527;王俊义;Wang Junyi;6;1;2;0;0;0;0;0;0;0;0;0;0;0;-25;-25;-25;18;0;0
5528;马龙-金布鲁;Marlon Kinblu;7;3;2;0;0;0;0;0;0;0;0;0;0;0;-25;-25;-25;18;0;0
5529;阿尔兰多-本内特;Allando Bennett;6;5;0;0;0;0;0;0;0;0;0;0;0;0;-25;-25;-25;18;0;0
5530;凯西-克劳福德;Casey Crawford;7;5;4;0;0;0;0;0;0;0;0;0;0;0;-25;-25;-25;18;0;0
5531;岳鹏飞;Yue Pengfei;7;2;0;0;0;0;0;0;0;0;0;0;0;0;-25;-25;-25;18;0;0
5532;杜成城;Du Chengcheng;6;2;1;0;0;0;0;0;0;0;0;0;0;0;-25;-25;-25;18;0;0
5533;安德烈-里德;Andre Reed;8;5;0;0;0;0;0;0;0;0;0;0;0;0;-25;-25;-25;18;0;0
5534;安树东;An Shudong;6;4;3;0;0;0;0;0;0;0;0;0;0;0;-25;-25;-25;18;0;0
5535;赵仁斌;Zhao Renbin;8;5;0;0;0;0;0;0;0;0;0;0;0;0;-25;-25;-25;18;0;0
5536;刘相韬;Liu Xiangtao;7;4;3;0;0;0;0;0;0;0;0;0;0;0;-25;-25;-25;18;0;0
5537;徐兆林;Xu Zhaolin;6;2;1;0;0;0;0;0;0;0;0;0;0;0;-25;-25;-25;18;0;0
5538;马特-斯坦福德;Matt Stanford;8;3;2;0;0;0;0;0;0;0;0;0;0;0;-25;-25;-25;18;0;0
5539;边强;Bian Qiang;8;3;2;0;0;0;0;0;0;0;0;0;0;0;-25;-25;-25;18;0;0
5540;刘欣然;Liu Xinran;6;2;1;0;0;0;0;0;0;0;0;0;0;0;-25;-25;-25;18;0;0
5541;勒罗伊-平金斯;Leroy Pinkins;6;3;2;0;0;0;0;0;0;0;0;0;0;0;-25;-25;-25;18;0;0
5542;王世龙;Wang Shilong;7;3;2;0;0;0;0;0;0;0;0;0;0;0;-25;-25;-25;18;0;0
5543;王楠;Wang Nan;7;2;0;0;0;0;0;0;0;0;0;0;0;0;-25;-25;-25;18;0;0
5544;罗尼-迈克伦姆;Ronnie McLennam;7;2;1;0;0;0;0;0;0;0;0;0;0;0;-25;-25;-25;18;0;0
5545;崔宇;Cui Yu;6;3;2;0;0;0;0;0;0;0;0;0;0;0;-25;-25;-25;18;0;0
5546;张继兴;Zhang Jixing;6;1;0;0;0;0;0;0;0;0;0;0;0;0;-25;-25;-25;18;0;0
5547;张庆鹏;Zhang Qingpeng;9;1;0;0;0;0;0;0;0;0;0;0;0;0;-25;-25;-25;18;0;0
5548;科里-里德;Corey Reed;6;5;0;0;0;0;0;0;0;0;0;0;0;0;-25;-25;-25;18;0;0
5549;穆斯塔法-霍夫;Mustapha Hoff;8;3;0;0;0;0;0;0;0;0;0;0;0;0;-25;-25;-25;18;0;0
5550;罗伯特-德莱登;Robert Dryden;9;5;0;0;0;0;0;0;0;0;0;0;0;0;-25;-25;-25;18;0;0
5551;胡博;Hu Bo;6;2;0;0;0;0;0;0;0;0;0;0;0;0;-25;-25;-25;18;0;0
5552;马玉坤;Ma Yukun;8;4;0;0;0;0;0;0;0;0;0;0;0;0;-25;-25;-25;18;0;0
5553;谷立业;Gu Yeli;6;5;0;0;0;0;0;0;0;0;0;0;0;0;-25;-25;-25;18;0;0
5554;孙明;Sun Ming;6;4;0;0;0;0;0;0;0;0;0;0;0;0;-25;-25;-25;18;0;0
5555;张继星;Zhang Jixing;6;3;0;0;0;0;0;0;0;0;0;0;0;0;-25;-25;-25;18;0;0
5556;托德-伯纳德;Todd Bernard;6;3;0;0;0;0;0;0;0;0;0;0;0;0;-25;-25;-25;18;0;0
5557;王大鹏;Wang Dapeng;6;3;0;0;0;0;0;0;0;0;0;0;0;0;-25;-25;-25;18;0;0
5558;伊曼纽尔-戴斯;Emmanuel Deiss;8;4;3;0;0;0;0;0;0;0;0;0;0;0;-25;-25;-25;18;0;0
5559;韦斯利-威尔森;Wesley Wilson;9;5;4;0;0;0;0;0;0;0;0;0;0;0;-25;-25;-25;18;0;0
5560;T.J.-卡明斯;T. J. Cummins;6;4;5;0;0;0;0;0;0;0;0;0;0;0;-25;-25;-25;18;0;0
5561;克里斯-亚历山大;Chris Alexander;9;5;0;0;0;0;0;0;0;0;0;0;0;0;-25;-25;-25;18;0;0
5562;卢伟;Lu Wei;7;2;1;0;0;0;0;0;0;0;0;0;0;0;-25;-25;-25;18;0;0
5563;刘扬;Liu Yang;6;3;0;0;0;0;0;0;0;0;0;0;0;0;-25;-25;-25;18;0;0
5564;雷吉-巴特勒;Reg Butler;8;5;4;0;0;0;0;0;0;0;0;0;0;0;-25;-25;-25;18;0;0
5565;王大勇;Wang Dayong;6;1;0;0;0;0;0;0;0;0;0;0;0;0;-25;-25;-25;18;0;0
5566;帕特里克-辛普森;Patrick Simpson;7;5;4;0;0;0;0;0;0;0;0;0;0;0;-25;-25;-25;18;0;0
5567;路遥;Lu Yao;6;3;2;0;0;0;0;0;0;0;0;0;0;0;-25;-25;-25;18;0;0
5568;王英亮;Wang Yingliang;6;1;0;0;0;0;0;0;0;0;0;0;0;0;-25;-25;-25;18;0;0
5569;田雨晨;Tian Yuchen;6;4;5;0;0;0;0;0;0;0;0;0;0;0;-25;-25;-25;18;0;0
5570;奥拉迈德-奥德捷;Olumide Oyedeji;10;4;5;0;0;0;0;0;0;0;0;0;0;0;-25;-25;-25;18;0;0
5571;陈鑫;Chen Xin;6;2;0;0;0;0;0;0;0;0;0;0;0;0;-25;-25;-25;18;0;0
5572;埃维-斯多里;Awvee Storey;9;3;2;0;0;0;0;0;0;0;0;0;0;0;-25;-25;-25;18;0;0
5573;刘书楠;Liu Shunan;6;3;0;0;0;0;0;0;0;0;0;0;0;0;-25;-25;-25;18;0;0
5574;布兰登-罗宾逊;Brandon Robinson;9;3;4;0;0;0;0;0;0;0;0;0;0;0;-25;-25;-25;18;0;0
5575;卡洛斯-鲍威尔;Carlos Powell;7;3;0;0;0;0;0;0;0;0;0;0;0;0;-25;-25;-25;18;0;0
5576;贺天举;He Tianju;8;3;4;0;0;0;0;0;0;0;0;0;0;0;-25;-25;-25;18;0;0
5577;武惟渺;Wu Weimiao;6;1;0;0;0;0;0;0;0;0;0;0;0;0;-25;-25;-25;18;0;0
5578;迈尔斯-麦凯;Myles McKay;7;2;0;0;0;0;0;0;0;0;0;0;0;0;-25;-25;-25;18;0;0
5579;廉明;Lian Ming;6;3;0;0;0;0;0;0;0;0;0;0;0;0;-25;-25;-25;18;0;0
5580;安东尼-迈尔斯;Anthony Myles;10;3;4;0;0;0;0;0;0;0;0;0;0;0;-25;-25;-25;18;0;0
5581;霍雨佳;Huo Yujia;6;1;0;0;0;0;0;0;0;0;0;0;0;0;-25;-25;-25;18;0;0
5582;唐翰林;Tang Hanlin;6;3;0;0;0;0;0;0;0;0;0;0;0;0;-25;-25;-25;18;0;0
5583;柴长易;Cai Changyi;6;2;1;0;0;0;0;0;0;0;0;0;0;0;-25;-25;-25;18;0;0
5584;于宏鲸;Yu Hongjing;6;3;4;0;0;0;0;0;0;0;0;0;0;0;-25;-25;-25;18;0;0
5585;约什-阿克格农;Josh Akognon;9;1;2;0;0;0;0;0;0;0;0;0;0;0;-25;-25;-25;18;0;0
5586;宴旭;Yan Xu;6;2;3;0;0;0;0;0;0;0;0;0;0;0;-25;-25;-25;18;0;0
5587;刘宗元;Liu zongyuan;6;2;1;0;0;0;0;0;0;0;0;0;0;0;-25;-25;-25;18;0;0
5588;卫猛;Wei Meng;6;5;0;0;0;0;0;0;0;0;0;0;0;0;-25;-25;-25;18;0;0
5589;克里斯-丹尼尔斯;Chris Danels;8;5;0;0;0;0;0;0;0;0;0;0;0;0;-25;-25;-25;18;0;0
5590;迪恩-汤普森;Deon Thompson;8;5;0;0;0;0;0;0;0;0;0;0;0;0;-25;-25;-25;18;0;0
5591;郭旭;Guo Xu;6;3;0;0;0;0;0;0;0;0;0;0;0;0;-25;-25;-25;18;0;0
5592;刘大为;Liu Dawei;6;4;3;0;0;0;0;0;0;0;0;0;0;0;-25;-25;-25;18;0;0
5593;张宗睿;Zhang Zongrui;6;2;3;0;0;0;0;0;0;0;0;0;0;0;-25;-25;-25;18;0;0
5594;汪义航;Wang Yihang;6;1;0;0;0;0;0;0;0;0;0;0;0;0;-25;-25;-25;18;0;0
5595;邓宇;Deng Yu;6;1;2;0;0;0;0;0;0;0;0;0;0;0;-25;-25;-25;18;0;0
5596;龚大明;Gong Daming;8;2;1;0;0;0;0;0;0;0;0;0;0;0;-25;-25;-25;18;0;0
5597;木拉提-阿地里江;Mulati Adilijiang;7;2;1;0;0;0;0;0;0;0;0;0;0;0;-25;-25;-25;18;0;0
5598;徐国翀;Xu Guochong;8;3;2;0;0;0;0;0;0;0;0;0;0;0;-25;-25;-25;18;0;0
5599;龚松林;Gong Songlin;9;3;4;0;0;0;0;0;0;0;0;0;0;0;-25;-25;-25;18;0;0
5600;郭瑞;Guo Rui;6;4;3;0;0;0;0;0;0;0;0;0;0;0;-25;-25;-25;18;0;0
5601;张伟刚;Zhang Weigang;7;5;4;0;0;0;0;0;0;0;0;0;0;0;-25;-25;-25;18;0;0
5602;戈峰;Ge Feng;6;5;0;0;0;0;0;0;0;0;0;0;0;0;-25;-25;-25;18;0;0
5603;买吾兰-吐尔逊;Maiwulan Tuerxun;6;5;0;0;0;0;0;0;0;0;0;0;0;0;-25;-25;-25;18;0;0
5604;迈克尔-康伯兰德;Michael Cumberland;8;4;3;0;0;0;0;0;0;0;0;0;0;0;-25;-25;-25;18;0;0
5605;艾萨克-奥斯汀;Isaac Austin;7;5;4;0;0;0;0;0;0;0;0;0;0;0;-25;-25;-25;18;0;0
5606;约瑟夫-沃格尔;Joseph Vogel;6;5;0;0;0;0;0;0;0;0;0;0;0;0;-25;-25;-25;18;0;0
5607;吕晓明;Lv Xiaoming;8;1;0;0;0;0;0;0;0;0;0;0;0;0;-25;-25;-25;18;0;0
5608;洛伦佐-科尔曼;Lorenzo Coleman;9;5;0;0;0;0;0;0;0;0;0;0;0;0;-25;-25;-25;18;0;0
5609;迈克-麦道克斯;Mike McDoughs;7;4;3;0;0;0;0;0;0;0;0;0;0;0;-25;-25;-25;18;0;0
5610;张天宝;Zhang Tianbao;6;4;3;0;0;0;0;0;0;0;0;0;0;0;-25;-25;-25;18;0;0
5611;柳勇;Liu Yong;8;2;0;0;0;0;0;0;0;0;0;0;0;0;-25;-25;-25;18;0;0
5612;李涛;Li Tao;7;3;2;0;0;0;0;0;0;0;0;0;0;0;-25;-25;-25;18;0;0
5613;布莱恩特-诺崔;Bryant Nocturne;8;2;1;0;0;0;0;0;0;0;0;0;0;0;-25;-25;-25;18;0;0
5614;基普-克里斯蒂安森;Kip Christiansen;7;5;4;0;0;0;0;0;0;0;0;0;0;0;-25;-25;-25;18;0;0
5615;王胜;Wang Sheng;8;3;2;0;0;0;0;0;0;0;0;0;0;0;-25;-25;-25;18;0;0
5616;唐磊;Tang Lei;6;2;1;0;0;0;0;0;0;0;0;0;0;0;-25;-25;-25;18;0;0
5617;杰米尔-沃特金斯;Jameel Watkins;9;5;0;0;0;0;0;0;0;0;0;0;0;0;-25;-25;-25;18;0;0
5618;刘铁;Liu Tie;9;3;2;0;0;0;0;0;0;0;0;0;0;0;-25;-25;-25;18;0;0
5619;兰德尔-杰克逊;Randall Jackson;6;5;0;0;0;0;0;0;0;0;0;0;0;0;-25;-25;-25;18;0;0
5620;武强;Wu Qiang;6;5;0;0;0;0;0;0;0;0;0;0;0;0;-25;-25;-25;18;0;0
5621;朱峰;Zhu Feng;7;1;0;0;0;0;0;0;0;0;0;0;0;0;-25;-25;-25;18;0;0
5622;季乐;Ji Le;7;3;4;0;0;0;0;0;0;0;0;0;0;0;-25;-25;-25;18;0;0
5623;奥萨马-达格里斯;Osama Daghlas;9;1;0;0;0;0;0;0;0;0;0;0;0;0;-25;-25;-25;18;0;0
5624;官秀昌;Guan Xiucang;6;1;0;0;0;0;0;0;0;0;0;0;0;0;-25;-25;-25;18;0;0
5625;吴龙;Wu Long;6;3;2;0;0;0;0;0;0;0;0;0;0;0;-25;-25;-25;18;0;0
5626;张术;Zhang Shu;6;1;2;0;0;0;0;0;0;0;0;0;0;0;-25;-25;-25;18;0;0
5627;李鹏飞;Li Pengfei;6;3;4;0;0;0;0;0;0;0;0;0;0;0;-25;-25;-25;18;0;0
5628;李白金;Li Baijin;6;2;3;0;0;0;0;0;0;0;0;0;0;0;-25;-25;-25;18;0;0
5629;可兰白克-马坎;Kelanbaike Makan;8;3;2;0;0;0;0;0;0;0;0;0;0;0;-25;-25;-25;18;0;0
5630;大卫-杰克逊;David Jackson;8;2;1;0;0;0;0;0;0;0;0;0;0;0;-25;-25;-25;18;0;0
5631;曲鹏;Qu Peng;6;2;1;0;0;0;0;0;0;0;0;0;0;0;-25;-25;-25;18;0;0
5632;梅元涛;Mei Yuantao;6;2;1;0;0;0;0;0;0;0;0;0;0;0;-25;-25;-25;18;0;0
5633;布兰登-科尔;Brandon Cole;7;5;4;0;0;0;0;0;0;0;0;0;0;0;-25;-25;-25;18;0;0
5634;韩磊;Han Lei;7;2;1;0;0;0;0;0;0;0;0;0;0;0;-25;-25;-25;18;0;0
5635;胡安-门德斯;Juan Mendez;9;4;3;0;0;0;0;0;0;0;0;0;0;0;-25;-25;-25;18;0;0
5636;迈隆-阿伦;Myron Allen;8;1;2;0;0;0;0;0;0;0;0;0;0;0;-25;-25;-25;18;0;0
5637;于洋;Yu Yang;6;3;2;0;0;0;0;0;0;0;0;0;0;0;-25;-25;-25;18;0;0
5638;段成龙;Duan Chenglong;6;2;0;0;0;0;0;0;0;0;0;0;0;0;-25;-25;-25;18;0;0
5639;李晋;Li Jin;6;3;4;0;0;0;0;0;0;0;0;0;0;0;-25;-25;-25;18;0;0
5640;于长春;Yu Changchun;7;4;0;0;0;0;0;0;0;0;0;0;0;0;-25;-25;-25;18;0;0
5641;查尔斯-盖恩斯;Charles Gaines;10;4;3;0;0;0;0;0;0;0;0;0;0;0;-25;-25;-25;18;0;0
5642;宋康明;Song Kangming;7;5;0;0;0;0;0;0;0;0;0;0;0;0;-25;-25;-25;18;0;0
5643;买尔丹-吐尔逊;Maierdan Tuerxun;6;5;0;0;0;0;0;0;0;0;0;0;0;0;-25;-25;-25;18;0;0
5644;孟铎;Meng Duo;8;2;3;0;0;0;0;0;0;0;0;0;0;0;-25;-25;-25;18;0;0
5645;赵永刚;Zhao Yonggang;7;3;2;0;0;0;0;0;0;0;0;0;0;0;-25;-25;-25;18;0;0
5646;葛睗;Ge Shi;6;2;1;0;0;0;0;0;0;0;0;0;0;0;-25;-25;-25;18;0;0
5647;苏翊杰;Su Yijie;6;1;0;0;0;0;0;0;0;0;0;0;0;0;-25;-25;-25;18;0;0
5648;孙鸣阳;Sun Mingyang;6;5;0;0;0;0;0;0;0;0;0;0;0;0;-25;-25;-25;18;0;0
5649;刘丰搏;Liu Fengbo;6;4;3;0;0;0;0;0;0;0;0;0;0;0;-25;-25;-25;18;0;0
5650;杨敬敏;Yang Jingmin;7;2;0;0;0;0;0;0;0;0;0;0;0;0;-25;-25;-25;18;0;0
5651;苏伟;Su Wei;8;5;0;0;0;0;0;0;0;0;0;0;0;0;-25;-25;-25;18;0;0
5652;雷吉-奥科萨;Reggie Okosa;9;5;4;0;0;0;0;0;0;0;0;0;0;0;-25;-25;-25;18;0;0
5653;缪亮;Miu Liang;6;3;0;0;0;0;0;0;0;0;0;0;0;0;-25;-25;-25;18;0;0
5654;斯蒂芬-博诺;Stephen Bono;7;1;0;0;0;0;0;0;0;0;0;0;0;0;-25;-25;-25;18;0;0
5655;曹飞;Cao Fei;7;1;2;0;0;0;0;0;0;0;0;0;0;0;-25;-25;-25;18;0;0
5656;塞巴斯蒂安-特尔费尔;Sebastian Telfair;8;1;2;0;0;0;0;0;0;0;0;0;0;0;-25;-25;-25;18;0;0
5657;王政博;Wang Zhengbo;6;2;1;0;0;0;0;0;0;0;0;0;0;0;-25;-25;-25;18;0;0
5658;王磊;Wang Lei;8;3;2;0;0;0;0;0;0;0;0;0;0;0;-25;-25;-25;18;0;0
5659;侯兴宇;Hou Xingyu;6;5;0;0;0;0;0;0;0;0;0;0;0;0;-25;-25;-25;18;0;0
5660;布莱斯-科顿;Bryce Cotton;7;1;0;0;0;0;0;0;0;0;0;0;0;0;-25;-25;-25;18;0;0
5661;卡米然-司地克江;Kamiran Sidikejiang;6;3;4;0;0;0;0;0;0;0;0;0;0;0;-25;-25;-25;18;0;0
5662;罗旭东;Luo Xudong;7;1;2;0;0;0;0;0;0;0;0;0;0;0;-25;-25;-25;18;0;0
5663;李学林;Li Xuelin;6;1;0;0;0;0;0;0;0;0;0;0;0;0;-25;-25;-25;18;0;0
5664;肖恩-朗;Shawn Long;7;5;0;0;0;0;0;0;0;0;0;0;0;0;-25;-25;-25;18;0;0
5665;奥古斯托-利马;Augusto Lima;7;4;0;0;0;0;0;0;0;0;0;0;0;0;-25;-25;-25;18;0;0
5666;曾令旭;Zeng Lingxu;8;2;0;0;0;0;0;0;0;0;0;0;0;0;-25;-25;-25;18;0;0
5667;邓群飞;Deng Qunfei;6;1;2;0;0;0;0;0;0;0;0;0;0;0;-25;-25;-25;18;0;0
5668;周仪翔;Zhou Yixiang;6;2;0;0;0;0;0;0;0;0;0;0;0;0;-25;-25;-25;18;0;0
5669;尼克-明纳拉斯;Nick Minnerath;8;4;0;0;0;0;0;0;0;0;0;0;0;0;-25;-25;-25;18;0;0
5670;约翰-格鲁夫;John Glover;6;1;0;0;0;0;0;0;0;0;0;0;0;0;-25;-25;-25;18;0;0
5671;埃里克-米卡;Eric Mika;8;4;0;0;0;0;0;0;0;0;0;0;0;0;-25;-25;-25;18;0;0
5672;伊恩-克拉克;Ian Clark;8;2;0;0;0;0;0;0;0;0;0;0;0;0;-25;-25;-25;18;0;0
5673;热甫卡提江-吐送江;Repukatijiang Tusongjiang;6;4;5;0;0;0;0;0;0;0;0;0;0;0;-25;-25;-25;18;0;0
5674;刘力鹏;Liu Lipeng;6;2;0;0;0;0;0;0;0;0;0;0;0;0;-25;-25;-25;18;0;0
5675;王小乙;Wang Xiaoyi;6;3;4;0;0;0;0;0;0;0;0;0;0;0;-25;-25;-25;18;0;0
5676;吴永盛;Wu Yongsheng;6;1;2;0;0;0;0;0;0;0;0;0;0;0;-25;-25;-25;18;0;0
5677;朱传宇;Zhu Chuanyu;6;5;4;0;0;0;0;0;0;0;0;0;0;0;-25;-25;-25;18;0;0
5678;朱力俊;Zhu Lijun;6;2;0;0;0;0;0;0;0;0;0;0;0;0;-25;-25;-25;18;0;0
5679;林友清;Lin Youqing;7;1;2;0;0;0;0;0;0;0;0;0;0;0;-25;-25;-25;18;0;0
5680;陈顺进;Chen Shunjin;6;1;0;0;0;0;0;0;0;0;0;0;0;0;-25;-25;-25;18;0;0
5681;顾佳晴;Gu Jiaqing;6;1;0;0;0;0;0;0;0;0;0;0;0;0;-25;-25;-25;18;0;0
5682;唐鸣镝;Tang Mingdi;6;2;0;0;0;0;0;0;0;0;0;0;0;0;-25;-25;-25;18;0;0
5683;林峻;Lin Jun;6;3;4;0;0;0;0;0;0;0;0;0;0;0;-25;-25;-25;18;0;0
5684;刘全胜;Liu Quansheng;7;4;3;0;0;0;0;0;0;0;0;0;0;0;-25;-25;-25;18;0;0
5685;刘宏业;Liu Hongye;6;2;1;0;0;0;0;0;0;0;0;0;0;0;-25;-25;-25;18;0;0
5686;续进;Xu Jin;6;2;3;0;0;0;0;0;0;0;0;0;0;0;-25;-25;-25;18;0;0
5687;余乐平;Yu Leping;9;5;4;0;0;0;0;0;0;0;0;0;0;0;-25;-25;-25;18;0;0
5688;米哈伊尔-萨文科夫;Mikhail Savinkov;7;4;5;0;0;0;0;0;0;0;0;0;0;0;-25;-25;-25;18;0;0
5689;巴维尔-切琴科;Pavel Chekhenko;6;5;0;0;0;0;0;0;0;0;0;0;0;0;-25;-25;-25;18;0;0
5690;安德烈-马尔采夫;Andrei Maltsev;7;5;4;0;0;0;0;0;0;0;0;0;0;0;-25;-25;-25;18;0;0
5691;刘东标;Liu Dongbiao;7;2;1;0;0;0;0;0;0;0;0;0;0;0;-25;-25;-25;18;0;0
5692;陈志明;Chen Zhiming;7;3;2;0;0;0;0;0;0;0;0;0;0;0;-25;-25;-25;18;0;0
5693;刘海生;Liu Haisheng;6;2;1;0;0;0;0;0;0;0;0;0;0;0;-25;-25;-25;18;0;0
5694;卫全家;Wei Quanjia;6;5;0;0;0;0;0;0;0;0;0;0;0;0;-25;-25;-25;18;0;0
5695;凯文-本顿;Kevin Benton;7;4;3;0;0;0;0;0;0;0;0;0;0;0;-25;-25;-25;18;0;0
5696;罗伯斯;Robles;7;4;3;0;0;0;0;0;0;0;0;0;0;0;-25;-25;-25;18;0;0
5697;迈克尔-金;Michael King;7;4;3;0;0;0;0;0;0;0;0;0;0;0;-25;-25;-25;18;0;0
5698;任杰;Ren Jie;7;3;4;0;0;0;0;0;0;0;0;0;0;0;-25;-25;-25;18;0;0
5699;魏海涛;Wei Haitao;6;3;2;0;0;0;0;0;0;0;0;0;0;0;-25;-25;-25;18;0;0
5700;马鸣;Ma Ming;6;3;2;0;0;0;0;0;0;0;0;0;0;0;-25;-25;-25;18;0;0
5701;陈坚;Chen Jian;6;5;0;0;0;0;0;0;0;0;0;0;0;0;-25;-25;-25;18;0;0
5702;缪寿强;Miu Shouqiang;6;4;3;0;0;0;0;0;0;0;0;0;0;0;-25;-25;-25;18;0;0
5703;寿晓永;Shou Xiaoyong;6;1;0;0;0;0;0;0;0;0;0;0;0;0;-25;-25;-25;18;0;0
5704;毛伟林;Mao Weilin;6;1;0;0;0;0;0;0;0;0;0;0;0;0;-25;-25;-25;18;0;0
5705;缪寿守;Miu Shoushou;7;3;2;0;0;0;0;0;0;0;0;0;0;0;-25;-25;-25;18;0;0
5706;智勇;Zhi Yong;6;2;3;0;0;0;0;0;0;0;0;0;0;0;-25;-25;-25;18;0;0
5707;徐开龙;Xu Kailong;6;3;2;0;0;0;0;0;0;0;0;0;0;0;-25;-25;-25;18;0;0
5708;托德-罗维;Todd Rowe;8;3;4;0;0;0;0;0;0;0;0;0;0;0;-25;-25;-25;18;0;0
5709;马里奥-卢卡斯;Mario Lucas;7;4;3;0;0;0;0;0;0;0;0;0;0;0;-25;-25;-25;18;0;0
5710;张义;Zhang Yi;7;4;3;0;0;0;0;0;0;0;0;0;0;0;-25;-25;-25;18;0;0
5711;张红星;Zhang Hongxing;6;3;4;0;0;0;0;0;0;0;0;0;0;0;-25;-25;-25;18;0;0
5712;吉米-摩尔;Jimmy Moore;7;5;4;0;0;0;0;0;0;0;0;0;0;0;-25;-25;-25;18;0;0
5713;杰森-伍达德;Jason Woodard;9;1;0;0;0;0;0;0;0;0;0;0;0;0;-25;-25;-25;18;0;0
5714;张勇军;Zhang Yongjun;9;2;1;0;0;0;0;0;0;0;0;0;0;0;-25;-25;-25;18;0;0
5715;张勇;Zhang Yong;6;1;0;0;0;0;0;0;0;0;0;0;0;0;-25;-25;-25;18;0;0
5716;黄哲;Wang Zhe;6;2;1;0;0;0;0;0;0;0;0;0;0;0;-25;-25;-25;18;0;0
5717;吴理义;Wu Liyi;6;5;0;0;0;0;0;0;0;0;0;0;0;0;-25;-25;-25;18;0;0
5718;朱东;Zhu Dong;8;5;4;0;0;0;0;0;0;0;0;0;0;0;-25;-25;-25;18;0;0
5719;李刚;Li Gang;6;1;0;0;0;0;0;0;0;0;0;0;0;0;-25;-25;-25;18;0;0
5720;韩登;Han Deng;6;2;1;0;0;0;0;0;0;0;0;0;0;0;-25;-25;-25;18;0;0
5721;肖卫国;Xiao Weiguo;7;3;4;0;0;0;0;0;0;0;0;0;0;0;-25;-25;-25;18;0;0
5722;董杰;Dong Jie;6;3;0;0;0;0;0;0;0;0;0;0;0;0;-25;-25;-25;18;0;0
5723;何树杰;He Shuijie;6;1;0;0;0;0;0;0;0;0;0;0;0;0;-25;-25;-25;18;0;0
5724;孙厚华;Sin Houhua;6;5;0;0;0;0;0;0;0;0;0;0;0;0;-25;-25;-25;18;0;0
5725;巴约-阿金昆勒;Bayo Aginkunle;6;5;4;0;0;0;0;0;0;0;0;0;0;0;-25;-25;-25;18;0;0
5726;王谊;Wang Yi;7;3;4;0;0;0;0;0;0;0;0;0;0;0;-25;-25;-25;18;0;0
5727;代勇;Dai Yong;7;1;2;0;0;0;0;0;0;0;0;0;0;0;-25;-25;-25;18;0;0
5728;关德友;Guan Deyou;6;3;4;0;0;0;0;0;0;0;0;0;0;0;-25;-25;-25;18;0;0
5729;林耀森;Lin Yaosen;6;1;2;0;0;0;0;0;0;0;0;0;0;0;-25;-25;-25;18;0;0
5730;马永忠;Ma Yongzhong;6;5;0;0;0;0;0;0;0;0;0;0;0;0;-25;-25;-25;18;0;0
5731;王怀玉;Wang Huaiyu;6;2;1;0;0;0;0;0;0;0;0;0;0;0;-25;-25;-25;18;0;0
5732;李春江;Li Chunjiang;6;2;1;0;0;0;0;0;0;0;0;0;0;0;-25;-25;-25;18;0;0
5733;李群;Li Qun;6;1;2;0;0;0;0;0;0;0;0;0;0;0;-25;-25;-25;18;0;0
5734;范立臣;Fan Lichen;6;1;2;0;0;0;0;0;0;0;0;0;0;0;-25;-25;-25;18;0;0
5735;郝焕新;Hao Huanxin;6;2;1;0;0;0;0;0;0;0;0;0;0;0;-25;-25;-25;18;0;0
5736;欧阳贵景;Ouyang Guijing;6;5;0;0;0;0;0;0;0;0;0;0;0;0;-25;-25;-25;18;0;0
5737;宋希;Song Xi;6;2;1;0;0;0;0;0;0;0;0;0;0;0;-25;-25;-25;18;0;0
5738;威曼-斯特里克兰德;Wayman Strickland;7;2;1;0;0;0;0;0;0;0;0;0;0;0;-25;-25;-25;18;0;0
5739;南坦布-威林汉姆;Nantambu Willingham;7;5;0;0;0;0;0;0;0;0;0;0;0;0;-25;-25;-25;18;0;0
5740;马绍尔-威尔森;Marshall Wilson;7;3;4;0;0;0;0;0;0;0;0;0;0;0;-25;-25;-25;18;0;0
5741;丁伟;Ding Wei;7;4;3;0;0;0;0;0;0;0;0;0;0;0;-25;-25;-25;18;0;0
5742;姬崇龙;Ji Chonglong;6;4;3;0;0;0;0;0;0;0;0;0;0;0;-25;-25;-25;18;0;0
5743;刘洋;Liu Yang;6;3;4;0;0;0;0;0;0;0;0;0;0;0;-25;-25;-25;18;0;0
5744;陶小岗;Tao Xiaogang;6;1;2;0;0;0;0;0;0;0;0;0;0;0;-25;-25;-25;18;0;0
5745;威廉姆斯;Williams;7;3;4;0;0;0;0;0;0;0;0;0;0;0;-25;-25;-25;18;0;0
5746;布莱恩-雷尔斯;Brian Reyes;7;5;0;0;0;0;0;0;0;0;0;0;0;0;-25;-25;-25;18;0;0
5747;黄勇;Huang Yong;6;3;4;0;0;0;0;0;0;0;0;0;0;0;-25;-25;-25;18;0;0
5748;积臣;Jason Dixon;10;5;0;0;0;0;0;0;0;0;0;0;0;0;-25;-25;-25;18;0;0
5749;林力;Lin Li;6;2;1;0;0;0;0;0;0;0;0;0;0;0;-25;-25;-25;18;0;0
5750;李青山;Li Qingshan;6;2;1;0;0;0;0;0;0;0;0;0;0;0;-25;-25;-25;18;0;0
5751;张博雨;Zhang Boyu;6;3;4;0;0;0;0;0;0;0;0;0;0;0;-25;-25;-25;18;0;0
5752;杰梅因-卡尔顿;Jermaine Carlton;7;5;0;0;0;0;0;0;0;0;0;0;0;0;-25;-25;-25;18;0;0
5753;孙春磊;Sun Chunlei;7;5;0;0;0;0;0;0;0;0;0;0;0;0;-25;-25;-25;18;0;0
5754;陈端;Chen Duan;6;2;1;0;0;0;0;0;0;0;0;0;0;0;-25;-25;-25;18;0;0
5755;张永刚;Zhang Yonggang;6;2;1;0;0;0;0;0;0;0;0;0;0;0;-25;-25;-25;18;0;0
5756;王鼎臣;Wang Dingchen;6;3;4;0;0;0;0;0;0;0;0;0;0;0;-25;-25;-25;18;0;0
5757;罗恩-费弗尔;Ron Favre;7;3;4;0;0;0;0;0;0;0;0;0;0;0;-25;-25;-25;18;0;0
5758;谢尔顿-奎尔斯;Sheldon Quales;7;5;0;0;0;0;0;0;0;0;0;0;0;0;-25;-25;-25;18;0;0
5759;威廉-康宁汉姆;William Cunningham;7;5;0;0;0;0;0;0;0;0;0;0;0;0;-25;-25;-25;18;0;0
5760;陈铎刚;Chen Duogang;6;2;1;0;0;0;0;0;0;0;0;0;0;0;-25;-25;-25;18;0;0
5761;凯文-拜尼;Kevin Benny;7;5;0;0;0;0;0;0;0;0;0;0;0;0;-25;-25;-25;18;0;0
5762;尼克-谢帕德;Nick Sheppard;7;5;0;0;0;0;0;0;0;0;0;0;0;0;-25;-25;-25;18;0;0
5763;陈大伟;Chen Dawei;6;3;4;0;0;0;0;0;0;0;0;0;0;0;-25;-25;-25;18;0;0
5764;亚历克斯-卡卡莫;Alex Caccamo;7;5;0;0;0;0;0;0;0;0;0;0;0;0;-25;-25;-25;18;0;0
5765;张喆;Zhang Zhe;6;2;1;0;0;0;0;0;0;0;0;0;0;0;-25;-25;-25;18;0;0
5766;布雷特-瑞恩鲍;Brett Rienbaugh;7;2;1;0;0;0;0;0;0;0;0;0;0;0;-25;-25;-25;18;0;0
5767;周军华;Zhou Junhua;6;1;2;0;0;0;0;0;0;0;0;0;0;0;-25;-25;-25;18;0;0
5768;曲绍斌;Qu Shaobin;6;2;1;0;0;0;0;0;0;0;0;0;0;0;-25;-25;-25;18;0;0
5769;皮特-科内尔;Peter Cornell;7;5;0;0;0;0;0;0;0;0;0;0;0;0;-25;-25;-25;18;0;0
5770;特伦斯-格林;Terrance Green;6;1;2;0;0;0;0;0;0;0;0;0;0;0;-25;-25;-25;18;0;0
5771;陈江华;Chen Jianghua;8;1;2;0;0;0;0;0;0;0;0;0;0;0;-25;-25;-25;18;0;0
5772;泰勒-阿玛亚;Tyler Amaya;7;3;4;0;0;0;0;0;0;0;0;0;0;0;-25;-25;-25;18;0;0
5773;王征;Wang Zheng;6;5;0;0;0;0;0;0;0;0;0;0;0;0;-25;-25;-25;18;0;0
5774;卡西亚诺-马蒂乌斯;Cassiano Matheus;7;5;0;0;0;0;0;0;0;0;0;0;0;0;-25;-25;-25;18;0;0
5775;斯玛什-帕克;Smush Parker;8;1;2;0;0;0;0;0;0;0;0;0;0;0;-25;-25;-25;18;0;0
5776;董瀚麟;Dong Hanlin;7;4;3;0;0;0;0;0;0;0;0;0;0;0;-25;-25;-25;18;0;0
5777;邵天罡;Shao Tiangang;6;2;1;0;0;0;0;0;0;0;0;0;0;0;-25;-25;-25;18;0;0
5778;隋岩;Sui Yan;6;1;2;0;0;0;0;0;0;0;0;0;0;0;-25;-25;-25;18;0;0
5779;任骏飞;Ren Junfei;7;3;4;0;0;0;0;0;0;0;0;0;0;0;-25;-25;-25;18;0;0
5780;李原宇;Li Yuanyu;7;5;0;0;0;0;0;0;0;0;0;0;0;0;-25;-25;-25;18;0;0
5781;史鸿飞;Shi Hongfei;6;2;1;0;0;0;0;0;0;0;0;0;0;0;-25;-25;-25;18;0;0
5782;高尚;Gao Shang;7;3;4;0;0;0;0;0;0;0;0;0;0;0;-25;-25;-25;18;0;0
5783;张有为;Zhang Youwei;7;3;4;0;0;0;0;0;0;0;0;0;0;0;-25;-25;-25;18;0;0
5784;卡里夫-怀亚特;Khalif Wyatt;7;1;2;0;0;0;0;0;0;0;0;0;0;0;-25;-25;-25;18;0;0
5785;王镤;Wang Zhen;6;4;3;0;0;0;0;0;0;0;0;0;0;0;-25;-25;-25;18;0;0
5786;马靖越;Ma Jingyue;6;2;1;0;0;0;0;0;0;0;0;0;0;0;-25;-25;-25;18;0;0
5787;邵英伦;Shao Yinglun;6;3;4;0;0;0;0;0;0;0;0;0;0;0;-25;-25;-25;18;0;0
5788;米歇尔-马丹利;Michael Madanly;7;1;2;0;0;0;0;0;0;0;0;0;0;0;-25;-25;-25;18;0;0
5789;贾斯汀-卡特;Justin Carter;7;2;3;0;0;0;0;0;0;0;0;0;0;0;-25;-25;-25;18;0;0
5790;徐铭智;Xu Mingzhi;6;2;1;0;0;0;0;0;0;0;0;0;0;0;-25;-25;-25;18;0;0
5791;埃德温-杰克逊;Edwin Jackson;7;1;2;0;0;0;0;0;0;0;0;0;0;0;-25;-25;-25;18;0;0
5792;秦鹏;Qin Peng;7;2;1;0;0;0;0;0;0;0;0;0;0;0;-25;-25;-25;18;0;0
5793;刁成灏;Diao Chenghao;7;3;4;0;0;0;0;0;0;0;0;0;0;0;-25;-25;-25;18;0;0
5794;纪祥;Ji Xiang;7;3;0;0;0;0;0;0;0;0;0;0;0;0;-25;-25;-25;18;0;0
5795;万圣伟;Wan Shengwei;7;5;0;0;0;0;0;0;0;0;0;0;0;0;-25;-25;-25;18;0;0
5796;刘权标;Liu Quanbiao;7;2;0;0;0;0;0;0;0;0;0;0;0;0;-25;-25;-25;18;0;0
5797;方渭博;Fang Weibo;7;1;0;0;0;0;0;0;0;0;0;0;0;0;-25;-25;-25;18;0;0
5798;刘旭乘;Liu Xucheng;6;3;0;0;0;0;0;0;0;0;0;0;0;0;-25;-25;-25;18;0;0
5799;马力克;Ma Like;7;3;2;0;0;0;0;0;0;0;0;0;0;0;-25;-25;-25;18;0;0
5800;曾茂洲;Zeng Maozhou;7;1;0;0;0;0;0;0;0;0;0;0;0;0;-25;-25;-25;18;0;0
5801;嘉伯-穆内克;Gabriel Muoneke;7;4;3;0;0;0;0;0;0;0;0;0;0;0;-25;-25;-25;18;0;0
5802;姚鹏;Yao Peng;7;4;3;0;0;0;0;0;0;0;0;0;0;0;-25;-25;-25;18;0;0
5803;马超;Ma Chao;7;2;1;0;0;0;0;0;0;0;0;0;0;0;-25;-25;-25;18;0;0
5804;董俊江;Dong Junjiang;7;4;3;0;0;0;0;0;0;0;0;0;0;0;-25;-25;-25;18;0;0
5805;关乐;Guan Le;7;4;3;0;0;0;0;0;0;0;0;0;0;0;-25;-25;-25;18;0;0
5806;孙忠诚;Sun Zhongcheng;7;5;0;0;0;0;0;0;0;0;0;0;0;0;-25;-25;-25;18;0;0
5807;孙铭;Sun Ming;7;3;4;0;0;0;0;0;0;0;0;0;0;0;-25;-25;-25;18;0;0
5808;尹逵;Yin Kui;7;2;1;0;0;0;0;0;0;0;0;0;0;0;-25;-25;-25;18;0;0
5809;贾楠;Jia Nan;7;1;2;0;0;0;0;0;0;0;0;0;0;0;-25;-25;-25;18;0;0
5810;汤豪杰;Tang Haojie;7;1;2;0;0;0;0;0;0;0;0;0;0;0;-25;-25;-25;18;0;0
5811;鞠海峰;Ju Haifeng;7;3;4;0;0;0;0;0;0;0;0;0;0;0;-25;-25;-25;18;0;0
5812;李建周;Li Jianzhou;7;5;0;0;0;0;0;0;0;0;0;0;0;0;-25;-25;-25;18;0;0
5813;张楠;Zhang Nan;7;3;4;0;0;0;0;0;0;0;0;0;0;0;-25;-25;-25;18;0;0
5814;王斌;Wang Bin;8;4;3;0;0;0;0;0;0;0;0;0;0;0;-25;-25;-25;18;0;0
5815;凯利-惠特尼;Kelly Whitney;7;4;5;0;0;0;0;0;0;0;0;0;0;0;-25;-25;-25;18;0;0
5816;加内特-汤普森;Garnett Thompson;7;5;0;0;0;0;0;0;0;0;0;0;0;0;-25;-25;-25;18;0;0
5817;李萌;Li Meng;7;5;0;0;0;0;0;0;0;0;0;0;0;0;-25;-25;-25;18;0;0
5818;仇素兵;Qiu Su Bing;7;3;4;0;0;0;0;0;0;0;0;0;0;0;-25;-25;-25;18;0;0
5819;德安杰洛-科林斯;DeAngelo Collins;7;5;4;0;0;0;0;0;0;0;0;0;0;0;-25;-25;-25;18;0;0
5820;遇俊锴;Yu Junkai;7;2;1;0;0;0;0;0;0;0;0;0;0;0;-25;-25;-25;18;0;0
5821;张佳迪;Zhang Jiadi;7;5;0;0;0;0;0;0;0;0;0;0;0;0;-25;-25;-25;18;0;0
5822;王飞;Wang Fei;7;1;2;0;0;0;0;0;0;0;0;0;0;0;-25;-25;-25;18;0;0
5823;卡斯布-鲍威尔;Kasib Powell;7;3;4;0;0;0;0;0;0;0;0;0;0;0;-25;-25;-25;18;0;0
5824;姜凯译;Jiang Kaiyi;7;4;3;0;0;0;0;0;0;0;0;0;0;0;-25;-25;-25;18;0;0
5825;奈杰尔-迪克森;Nigel Dixon;5;5;0;0;0;0;0;0;0;0;0;0;0;0;-25;-25;-25;18;0;0
5826;王博;Wang Bo;7;3;4;0;0;0;0;0;0;0;0;0;0;0;-25;-25;-25;18;0;0
5827;林志杰;Lin Zhijie;8;1;2;0;0;0;0;0;0;0;0;0;0;0;-25;-25;-25;18;0;0
5828;于学林;Yu Xuelin;7;1;2;0;0;0;0;0;0;0;0;0;0;0;-25;-25;-25;18;0;0
5829;张伟;Zhang Wei;7;3;4;0;0;0;0;0;0;0;0;0;0;0;-25;-25;-25;18;0;0
5830;特雷-凯利;Tre Kelley;7;2;1;0;0;0;0;0;0;0;0;0;0;0;-25;-25;-25;18;0;0
5831;沃克-拉塞尔;Walker Russell Jr.;8;1;2;0;0;0;0;0;0;0;0;0;0;0;-25;-25;-25;18;0;0
5832;邓力;Deng Li;7;3;4;0;0;0;0;0;0;0;0;0;0;0;-25;-25;-25;18;0;0
5833;赵大鹏;Zhao Dapeng;7;4;3;0;0;0;0;0;0;0;0;0;0;0;-25;-25;-25;18;0;0
5834;张殿梁;Zhang Dianliang;7;4;0;0;0;0;0;0;0;0;0;0;0;0;-25;-25;-25;18;0;0
5835;孙贺男;Sun Henan;7;4;3;0;0;0;0;0;0;0;0;0;0;0;-25;-25;-25;18;0;0
5836;罗智;Luo Zhi;7;2;1;0;0;0;0;0;0;0;0;0;0;0;-25;-25;-25;18;0;0
5837;吴岱豪;Wu Daihao;7;3;4;0;0;0;0;0;0;0;0;0;0;0;-25;-25;-25;18;0;0
5838;德维恩-琼斯;Dwayne Jones;7;5;0;0;0;0;0;0;0;0;0;0;0;0;-25;-25;-25;18;0;0
5839;张涵钧;Zhang Hanjin;7;2;1;0;0;0;0;0;0;0;0;0;0;0;-25;-25;-25;18;0;0
5840;滕贺麒;Teng Heqi;7;3;4;0;0;0;0;0;0;0;0;0;0;0;-25;-25;-25;18;0;0
5841;何奔;He Ben;7;4;3;0;0;0;0;0;0;0;0;0;0;0;-25;-25;-25;18;0;0
5842;田嘉夫;Tian Jiafu;7;5;0;0;0;0;0;0;0;0;0;0;0;0;-25;-25;-25;18;0;0
5843;孙椿棚;Sun Chunpeng;7;5;0;0;0;0;0;0;0;0;0;0;0;0;-25;-25;-25;18;0;0
5844;埃莱贾-霍尔曼;Elijah Holman;7;4;5;0;0;0;0;0;0;0;0;0;0;0;-25;-25;-25;18;0;0
5845;鞠鹏;Ju Peng;7;3;4;0;0;0;0;0;0;0;0;0;0;0;-25;-25;-25;18;0;0
5846;扬尼斯-博洛西斯;Ioannis Bourousis;8;5;0;0;0;0;0;0;0;0;0;0;0;0;-25;-25;-25;18;0;0
5847;科里-韦伯斯特;Corey Webster;8;2;1;0;0;0;0;0;0;0;0;0;0;0;-25;-25;-25;18;0;0
5848;杜金伦;Du Jinlun;7;2;0;0;0;0;0;0;0;0;0;0;0;0;-25;-25;-25;18;0;0
5849;阿隆-杰克逊;Aaron Jackson;8;2;1;0;0;0;0;0;0;0;0;0;0;0;-25;-25;-25;18;0;0
5850;杰伦-雷诺兹;Jalen Reynolds;7;5;0;0;0;0;0;0;0;0;0;0;0;0;-25;-25;-25;18;0;0
5851;原晨云;Yuan Chenyun;7;4;0;0;0;0;0;0;0;0;0;0;0;0;-25;-25;-25;18;0;0
5852;米罗斯拉夫-拉杜利察;Miroslav Radulica;8;5;0;0;0;0;0;0;0;0;0;0;0;0;-25;-25;-25;18;0;0
5853;王济君;Wang Jijun;7;4;0;0;0;0;0;0;0;0;0;0;0;0;-25;-25;-25;18;0;0
5854;敖尔格乐;Ao Erge Le;7;3;0;0;0;0;0;0;0;0;0;0;0;0;-25;-25;-25;18;0;0
5855;贾罗德-琼斯;Jarrod Jones;7;4;0;0;0;0;0;0;0;0;0;0;0;0;-25;-25;-25;18;0;0
5856;威尔-卡明斯;Will Cummings;7;1;2;0;0;0;0;0;0;0;0;0;0;0;-25;-25;-25;18;0;0
5857;赵佳一;Zhao Jiayi;7;5;0;0;0;0;0;0;0;0;0;0;0;0;-25;-25;-25;18;0;0
5858;续峻玮;Xu Junwei;7;3;0;0;0;0;0;0;0;0;0;0;0;0;-25;-25;-25;18;0;0
5859;凯尔-威尔哲;Kyle Wiltjer;8;4;0;0;0;0;0;0;0;0;0;0;0;0;-25;-25;-25;18;0;0
5860;乔丹-弗洛伊德;Jordan Floyd;7;2;0;0;0;0;0;0;0;0;0;0;0;0;-25;-25;-25;18;0;0
5861;刘鹏;Liu Peng;7;2;1;0;0;0;0;0;0;0;0;0;0;0;-25;-25;-25;18;0;0
5862;李健;Li Jian;7;1;2;0;0;0;0;0;0;0;0;0;0;0;-25;-25;-25;18;0;0
5863;张勇;Zhang Yong;7;2;1;0;0;0;0;0;0;0;0;0;0;0;-25;-25;-25;18;0;0
5864;章文琪;Zhang Wenqi;7;3;4;0;0;0;0;0;0;0;0;0;0;0;-25;-25;-25;18;0;0
5865;毛海滨;Mao Haibin;7;1;2;0;0;0;0;0;0;0;0;0;0;0;-25;-25;-25;18;0;0
5866;邵联根;Shao Liangen;7;1;2;0;0;0;0;0;0;0;0;0;0;0;-25;-25;-25;18;0;0
5867;李烨;Li Ye;7;4;3;0;0;0;0;0;0;0;0;0;0;0;-25;-25;-25;18;0;0
5868;武明阳;Wu Mingyang;7;3;4;0;0;0;0;0;0;0;0;0;0;0;-25;-25;-25;18;0;0
5869;李德恩;Li De'en;7;2;1;0;0;0;0;0;0;0;0;0;0;0;-25;-25;-25;18;0;0
5870;邵靓炜;Shao Liangwei;7;3;4;0;0;0;0;0;0;0;0;0;0;0;-25;-25;-25;18;0;0
5871;辛加拉斯-特莱布;Singaras Treble;7;4;3;0;0;0;0;0;0;0;0;0;0;0;-25;-25;-25;18;0;0
5872;梁达;Liang Da;7;4;3;0;0;0;0;0;0;0;0;0;0;0;-25;-25;-25;18;0;0
5873;贾孝忠;Jia Xiaozhong;7;3;4;0;0;0;0;0;0;0;0;0;0;0;-25;-25;-25;18;0;0
5874;李柯七;Li Keqi;7;1;2;0;0;0;0;0;0;0;0;0;0;0;-25;-25;-25;18;0;0
5875;瓦伊达斯-斯蒂加;Vaidas Stiga;7;4;3;0;0;0;0;0;0;0;0;0;0;0;-25;-25;-25;18;0;0
5876;大卫-克劳斯;David Kross;7;4;3;0;0;0;0;0;0;0;0;0;0;0;-25;-25;-25;18;0;0
5877;史蒂芬-哈特;Steve Hart;7;1;2;0;0;0;0;0;0;0;0;0;0;0;-25;-25;-25;18;0;0
5878;周涛;Zhou Tao;7;4;3;0;0;0;0;0;0;0;0;0;0;0;-25;-25;-25;18;0;0
5879;沈巍;Shen Wei;7;3;4;0;0;0;0;0;0;0;0;0;0;0;-25;-25;-25;18;0;0
5880;杜华光;Du Huaguang;7;4;3;0;0;0;0;0;0;0;0;0;0;0;-25;-25;-25;18;0;0
5881;胡晓瑜;Hu Xiaoyu;7;1;2;0;0;0;0;0;0;0;0;0;0;0;-25;-25;-25;18;0;0
5882;海瑞;Hai Rui;7;4;3;0;0;0;0;0;0;0;0;0;0;0;-25;-25;-25;18;0;0
5883;迈克-琼斯;Mike Jones;7;4;3;0;0;0;0;0;0;0;0;0;0;0;-25;-25;-25;18;0;0
5884;蒙特雷尔-多宾斯;Muntrelle Dobbins;7;3;4;0;0;0;0;0;0;0;0;0;0;0;-25;-25;-25;18;0;0
5885;徐杨;Xu Yang;7;2;1;0;0;0;0;0;0;0;0;0;0;0;-25;-25;-25;18;0;0
5886;葛敏辉;Ge Minhui;7;4;3;0;0;0;0;0;0;0;0;0;0;0;-25;-25;-25;18;0;0
5887;单卫国;Shan Weiguo;7;2;1;0;0;0;0;0;0;0;0;0;0;0;-25;-25;-25;18;0;0
5888;达蒙-斯特林格;Damon Stringer;7;1;2;0;0;0;0;0;0;0;0;0;0;0;-25;-25;-25;18;0;0
5889;乔治-埃克尔斯;George Ackles;7;5;0;0;0;0;0;0;0;0;0;0;0;0;-25;-25;-25;18;0;0
5890;葛明辉;Ge Minghui;7;3;4;0;0;0;0;0;0;0;0;0;0;0;-25;-25;-25;18;0;0
5891;王思章;Wang Sizhang;7;3;4;0;0;0;0;0;0;0;0;0;0;0;-25;-25;-25;18;0;0
5892;刘震;Liu Zhen;7;2;1;0;0;0;0;0;0;0;0;0;0;0;-25;-25;-25;18;0;0
5893;王立刚;Wang Ligang;7;3;4;0;0;0;0;0;0;0;0;0;0;0;-25;-25;-25;18;0;0
5894;塔维斯-威廉姆斯;Travis Williams;7;3;4;0;0;0;0;0;0;0;0;0;0;0;-25;-25;-25;18;0;0
5895;娄延东;Lou Yandong;7;3;4;0;0;0;0;0;0;0;0;0;0;0;-25;-25;-25;18;0;0
5896;雷-威瑟斯;Ray Weathers;7;2;1;0;0;0;0;0;0;0;0;0;0;0;-25;-25;-25;18;0;0
5897;王恩章;Wang Enzhang;7;2;1;0;0;0;0;0;0;0;0;0;0;0;-25;-25;-25;18;0;0
5898;姜剑飞;Jiang Jianfei;7;4;3;0;0;0;0;0;0;0;0;0;0;0;-25;-25;-25;18;0;0
5899;吕业铖;Lv Yecheng;7;3;4;0;0;0;0;0;0;0;0;0;0;0;-25;-25;-25;18;0;0
5900;王勇;Wang Yong;7;3;4;0;0;0;0;0;0;0;0;0;0;0;-25;-25;-25;18;0;0
5901;马健;Ma Jian;9;4;3;0;0;0;0;0;0;0;0;0;0;0;-25;-25;-25;18;0;0
5902;凯文-拜尼;Kevin Byrne;7;5;0;0;0;0;0;0;0;0;0;0;0;0;-25;-25;-25;18;0;0
5903;李鹏;Li Peng;7;2;1;0;0;0;0;0;0;0;0;0;0;0;-25;-25;-25;18;0;0
5904;付庆飞;Fu Qingfei;7;5;0;0;0;0;0;0;0;0;0;0;0;0;-25;-25;-25;18;0;0
5905;郑晓明;Zheng Xiaoming;7;1;2;0;0;0;0;0;0;0;0;0;0;0;-25;-25;-25;18;0;0
5906;莱尼-库克;Lenny Cooke;7;3;4;0;0;0;0;0;0;0;0;0;0;0;-25;-25;-25;18;0;0
5907;诺埃尔-菲利克斯;Noel Felix;7;5;0;0;0;0;0;0;0;0;0;0;0;0;-25;-25;-25;18;0;0
5908;埃里克斯-斯凯尔斯;Alex Scales;7;2;1;0;0;0;0;0;0;0;0;0;0;0;-25;-25;-25;18;0;0
5909;布莱恩-勒文;Brian Levin;7;5;0;0;0;0;0;0;0;0;0;0;0;0;-25;-25;-25;18;0;0
5910;达沃尔-佩西诺维奇;Davor Pejčinović;7;5;0;0;0;0;0;0;0;0;0;0;0;0;-25;-25;-25;18;0;0
5911;罗伯特-德莱登;Robert Dryden;7;5;0;0;0;0;0;0;0;0;0;0;0;0;-25;-25;-25;18;0;0
5912;罗伯-利特尔;Rob Little;7;5;0;0;0;0;0;0;0;0;0;0;0;0;-25;-25;-25;18;0;0
5913;何宁;He Ning;7;3;4;0;0;0;0;0;0;0;0;0;0;0;-25;-25;-25;18;0;0
5914;杰梅因-迪尔曼;Jermaine Dillman;7;3;4;0;0;0;0;0;0;0;0;0;0;0;-25;-25;-25;18;0;0
5915;徐咏;Xu Yong;9;3;4;0;0;0;0;0;0;0;0;0;0;0;-25;-25;-25;18;0;0
5916;庄欣;Zhuang Xin;7;4;3;0;0;0;0;0;0;0;0;0;0;0;-25;-25;-25;18;0;0
5917;王林牧;Wang Linmu;7;5;0;0;0;0;0;0;0;0;0;0;0;0;-25;-25;-25;18;0;0
5918;刘卓;Liu Zhuo;7;2;1;0;0;0;0;0;0;0;0;0;0;0;-25;-25;-25;18;0;0
5919;孟令源;Meng Lingyuan;7;1;2;0;0;0;0;0;0;0;0;0;0;0;-25;-25;-25;18;0;0
5920;蔡亮;Cai Liang;7;3;4;0;0;0;0;0;0;0;0;0;0;0;-25;-25;-25;18;0;0
5921;彭飞;Peng Fei;7;4;3;0;0;0;0;0;0;0;0;0;0;0;-25;-25;-25;18;0;0
5922;谢尔顿-拜利;Sheldon Bailey;7;3;4;0;0;0;0;0;0;0;0;0;0;0;-25;-25;-25;18;0;0
5923;谷奥克;Gu Aoke;7;4;3;0;0;0;0;0;0;0;0;0;0;0;-25;-25;-25;18;0;0
5924;杰罗德-沃德;Jerod Ward;7;5;0;0;0;0;0;0;0;0;0;0;0;0;-25;-25;-25;18;0;0
5925;达胡安-泰特;Dajuan Tate;7;3;4;0;0;0;0;0;0;0;0;0;0;0;-25;-25;-25;18;0;0
5926;颜行书;Yan Xingshu;7;1;2;0;0;0;0;0;0;0;0;0;0;0;-25;-25;-25;18;0;0
5927;藏佰瞳;Zang Baitong;7;5;0;0;0;0;0;0;0;0;0;0;0;0;-25;-25;-25;18;0;0
5928;张笑维;Zhang Xiaowei;7;1;2;0;0;0;0;0;0;0;0;0;0;0;-25;-25;-25;18;0;0
5929;赛义德-阿巴斯;Zaid Abbass;8;3;4;0;0;0;0;0;0;0;0;0;0;0;-25;-25;-25;18;0;0
5930;加雷特-塞勒;Garret Siler;7;4;3;0;0;0;0;0;0;0;0;0;0;0;-25;-25;-25;18;0;0
5931;吴洋;Wu Yang;7;5;0;0;0;0;0;0;0;0;0;0;0;0;-25;-25;-25;18;0;0
5932;张雷;Zhang Lei;7;4;3;0;0;0;0;0;0;0;0;0;0;0;-25;-25;-25;18;0;0
5933;刘子秋;Liu Ziqiu;7;2;1;0;0;0;0;0;0;0;0;0;0;0;-25;-25;-25;18;0;0
5934;德文-格林;Devin Green;7;3;4;0;0;0;0;0;0;0;0;0;0;0;-25;-25;-25;18;0;0
5935;冯甜;Feng Tian;7;1;2;0;0;0;0;0;0;0;0;0;0;0;-25;-25;-25;18;0;0
5936;张兆旭;Zhang Zhaoxu;8;5;0;0;0;0;0;0;0;0;0;0;0;0;-25;-25;-25;18;0;0
5937;葛暘;Ge Yang;7;2;1;0;0;0;0;0;0;0;0;0;0;0;-25;-25;-25;18;0;0
5938;季祥;Ji Xiang;7;4;3;0;0;0;0;0;0;0;0;0;0;0;-25;-25;-25;18;0;0
5939;迈克-哈里斯;Mike Harris;8;3;4;0;0;0;0;0;0;0;0;0;0;0;-25;-25;-25;18;0;0
5940;侯逸凡;Hou Yifan;7;3;4;0;0;0;0;0;0;0;0;0;0;0;-25;-25;-25;18;0;0
5941;曾文鼎;Zeng Wending;8;5;0;0;0;0;0;0;0;0;0;0;0;0;-25;-25;-25;18;0;0
5942;马库斯-兰德里;Marcus Landry;8;4;3;0;0;0;0;0;0;0;0;0;0;0;-25;-25;-25;18;0;0
5943;张宗宪;Zhang Zongxian;7;1;2;0;0;0;0;0;0;0;0;0;0;0;-25;-25;-25;18;0;0
5944;翟逸;Zhai Yi;7;3;4;0;0;0;0;0;0;0;0;0;0;0;-25;-25;-25;18;0;0
5945;张远;Zhang Yuan;7;2;1;0;0;0;0;0;0;0;0;0;0;0;-25;-25;-25;18;0;0
5946;郑亚力;Zheng Yali;7;5;0;0;0;0;0;0;0;0;0;0;0;0;-25;-25;-25;18;0;0
5947;任鹏鹏;Ren Pengpeng;7;1;2;0;0;0;0;0;0;0;0;0;0;0;-25;-25;-25;18;0;0
5948;范成林;Fan Chenglin;7;3;4;0;0;0;0;0;0;0;0;0;0;0;-25;-25;-25;18;0;0
5949;王泽众;Wang Zezhong;7;1;2;0;0;0;0;0;0;0;0;0;0;0;-25;-25;-25;18;0;0
5950;王潼;Wang Tong;7;3;4;0;0;0;0;0;0;0;0;0;0;0;-25;-25;-25;18;0;0
5951;唐子豪;Tang Zihao;7;2;1;0;0;0;0;0;0;0;0;0;0;0;-25;-25;-25;18;0;0
5952;施宇晨;Shi Yuchen;7;1;2;0;0;0;0;0;0;0;0;0;0;0;-25;-25;-25;18;0;0
5953;黄世乾;Huang Shijian;7;5;0;0;0;0;0;0;0;0;0;0;0;0;-25;-25;-25;18;0;0
5954;黄旭;Huang Xu;7;1;2;0;0;0;0;0;0;0;0;0;0;0;-25;-25;-25;18;0;0
5955;颜鹏;Yan Peng;7;3;0;0;0;0;0;0;0;0;0;0;0;0;-25;-25;-25;18;0;0
5956;朱瀛;Zhu Ying;7;4;0;0;0;0;0;0;0;0;0;0;0;0;-25;-25;-25;18;0;0
5957;周彦旭;Zhou Yanxu;7;3;0;0;0;0;0;0;0;0;0;0;0;0;-25;-25;-25;18;0;0
5958;鞠明欣;Ju Mingxin;7;3;0;0;0;0;0;0;0;0;0;0;0;0;-25;-25;-25;18;0;0
5959;宗赞;Zong Zan;7;5;0;0;0;0;0;0;0;0;0;0;0;0;-25;-25;-25;18;0;0
5960;何重达;He Chongda;7;4;0;0;0;0;0;0;0;0;0;0;0;0;-25;-25;-25;18;0;0
5961;梅洛-特林布尔;Melo Trimble;7;1;0;0;0;0;0;0;0;0;0;0;0;0;-25;-25;-25;18;0;0
5962;石丰铭;Shi Fengming;8;3;1;0;0;0;0;0;0;0;0;0;0;0;-25;-25;-25;18;0;0
5963;李光;Li Guang;7;2;1;0;0;0;0;0;0;0;0;0;0;0;-25;-25;-25;18;0;0
5964;王伟光;Wang Weiguang;7;3;4;0;0;0;0;0;0;0;0;0;0;0;-25;-25;-25;18;0;0
5965;毕晓辉;Bi Xiaohui;7;4;3;0;0;0;0;0;0;0;0;0;0;0;-25;-25;-25;18;0;0
5966;卢可明;Lu Keming;7;3;4;0;0;0;0;0;0;0;0;0;0;0;-25;-25;-25;18;0;0
5967;李一丁;Li Yiding;7;5;0;0;0;0;0;0;0;0;0;0;0;0;-25;-25;-25;18;0;0
5968;孙晟玥;Sun Shengyue;7;4;3;0;0;0;0;0;0;0;0;0;0;0;-25;-25;-25;18;0;0
5969;于高峰;Yu Gaofeng;7;3;4;0;0;0;0;0;0;0;0;0;0;0;-25;-25;-25;18;0;0
5970;安翔;An Xiang;7;1;2;0;0;0;0;0;0;0;0;0;0;0;-25;-25;-25;18;0;0
5971;辛旭;Xin Xu;7;3;4;0;0;0;0;0;0;0;0;0;0;0;-25;-25;-25;18;0;0
5972;方肃;Fang Su;7;4;3;0;0;0;0;0;0;0;0;0;0;0;-25;-25;-25;18;0;0
5973;刘明涛;Liu Mingtao;7;1;2;0;0;0;0;0;0;0;0;0;0;0;-25;-25;-25;18;0;0
5974;谢忠杰;Xie Zhongjie;7;3;4;0;0;0;0;0;0;0;0;0;0;0;-25;-25;-25;18;0;0
5975;克里斯-威廉姆斯;Chris Williams;7;4;3;0;0;0;0;0;0;0;0;0;0;0;-25;-25;-25;18;0;0
5976;弗朗茨-斯特恩;Frans Steyn;7;5;0;0;0;0;0;0;0;0;0;0;0;0;-25;-25;-25;18;0;0
5977;高玉章;Gao Yuzhang;7;2;1;0;0;0;0;0;0;0;0;0;0;0;-25;-25;-25;18;0;0
5978;李骏;Li Jun;7;1;2;0;0;0;0;0;0;0;0;0;0;0;-25;-25;-25;18;0;0
5979;陈开;Chen Kai;7;3;4;0;0;0;0;0;0;0;0;0;0;0;-25;-25;-25;18;0;0
5980;孙鐿滔;Sun Yitao;7;3;4;0;0;0;0;0;0;0;0;0;0;0;-25;-25;-25;18;0;0
5981;刘相韬;Liu Xiangtao;7;3;4;0;0;0;0;0;0;0;0;0;0;0;-25;-25;-25;18;0;0
5982;陈龙;Chen Long;7;5;0;0;0;0;0;0;0;0;0;0;0;0;-25;-25;-25;18;0;0
5983;萨巴-侯里;Sabah Khoury;7;2;1;0;0;0;0;0;0;0;0;0;0;0;-25;-25;-25;18;0;0
5984;孙玉林;Sun Yulin;7;4;3;0;0;0;0;0;0;0;0;0;0;0;-25;-25;-25;18;0;0
5985;赵阿南;Zhao Anan;7;1;2;0;0;0;0;0;0;0;0;0;0;0;-25;-25;-25;18;0;0
5986;吕岩;Lv Yan;7;4;3;0;0;0;0;0;0;0;0;0;0;0;-25;-25;-25;18;0;0
5987;赛义德-奥哈斯;Zaid Al-Khas;7;5;0;0;0;0;0;0;0;0;0;0;0;0;-25;-25;-25;18;0;0
5988;翟毅;Zhai Yi;7;3;4;0;0;0;0;0;0;0;0;0;0;0;-25;-25;-25;18;0;0
5989;张振楠;Zhang Zhennan;7;1;2;0;0;0;0;0;0;0;0;0;0;0;-25;-25;-25;18;0;0
5990;翟金帅;Zhai Jinshuai;7;4;3;0;0;0;0;0;0;0;0;0;0;0;-25;-25;-25;18;0;0
5991;王刚;Wang Gang;7;2;1;0;0;0;0;0;0;0;0;0;0;0;-25;-25;-25;18;0;0
5992;桑尼-萨卡基尼;Sani Sakakini;7;2;1;0;0;0;0;0;0;0;0;0;0;0;-25;-25;-25;18;0;0
5993;埃文-约翰逊;Evan Johnson;7;3;4;0;0;0;0;0;0;0;0;0;0;0;-25;-25;-25;18;0;0
5994;么大强;Mo Daqiang;7;2;1;0;0;0;0;0;0;0;0;0;0;0;-25;-25;-25;18;0;0
5995;杨庚霖;Yang Genglin;7;5;0;0;0;0;0;0;0;0;0;0;0;0;-25;-25;-25;18;0;0
5996;尚平;Shang Ping;7;5;0;0;0;0;0;0;0;0;0;0;0;0;-25;-25;-25;18;0;0
5997;邢瑞鑫;Xing Ruixin;7;3;4;0;0;0;0;0;0;0;0;0;0;0;-25;-25;-25;18;0;0
5998;张骋宇;Zhang Chengyu;7;2;1;0;0;0;0;0;0;0;0;0;0;0;-25;-25;-25;18;0;0
5999;张耀升;Zhang Yaosheng;7;3;4;0;0;0;0;0;0;0;0;0;0;0;-25;-25;-25;18;0;0
6000;唐海;Tang Hai;7;1;2;0;0;0;0;0;0;0;0;0;0;0;-25;-25;-25;18;0;0
6001;刘威;Liu Wei;7;2;1;0;0;0;0;0;0;0;0;0;0;0;-25;-25;-25;18;0;0
6002;孙杰;Sun Jie;7;2;1;0;0;0;0;0;0;0;0;0;0;0;-25;-25;-25;18;0;0
6003;辛华骏;Xin Huajun;7;3;4;0;0;0;0;0;0;0;0;0;0;0;-25;-25;-25;18;0;0
6004;杰雷尔-贝尼蒙;Jerrelle Benimon;7;4;3;0;0;0;0;0;0;0;0;0;0;0;-25;-25;-25;18;0;0
6005;张耀仁;Zhang Yaoren;7;3;4;0;0;0;0;0;0;0;0;0;0;0;-25;-25;-25;18;0;0
6006;许家晗;Xu Jiahan;7;2;1;0;0;0;0;0;0;0;0;0;0;0;-25;-25;-25;18;0;0
6007;单梓桐;Shan Zitong;7;1;2;0;0;0;0;0;0;0;0;0;0;0;-25;-25;-25;18;0;0
6008;赵捷;Zhao Jie;7;3;4;0;0;0;0;0;0;0;0;0;0;0;-25;-25;-25;18;0;0
6009;詹姆斯-梅斯;James Mays;7;3;4;0;0;0;0;0;0;0;0;0;0;0;-25;-25;-25;18;0;0
6010;刘鸿博;Liu Hongbo;7;2;1;0;0;0;0;0;0;0;0;0;0;0;-25;-25;-25;18;0;0
6011;刘传兴;Liu Chuanxing;8;5;0;0;0;0;0;0;0;0;0;0;0;0;-25;-25;-25;18;0;0
6012;丰磊;Feng Lei;8;3;4;0;0;0;0;0;0;0;0;0;0;0;-25;-25;-25;18;0;0
6013;林韦翰;Lin Weihan;7;1;0;0;0;0;0;0;0;0;0;0;0;0;-25;-25;-25;18;0;0
6014;洪仲桦;Hong Zhonghua;7;2;1;0;0;0;0;0;0;0;0;0;0;0;-25;-25;-25;18;0;0
6015;刘家昕;Liu Jiaxin;7;1;2;0;0;0;0;0;0;0;0;0;0;0;-25;-25;-25;18;0;0
6016;张扬;Zhang Yang;7;3;4;0;0;0;0;0;0;0;0;0;0;0;-25;-25;-25;18;0;0
6017;曹松;Cao Song;7;5;0;0;0;0;0;0;0;0;0;0;0;0;-25;-25;-25;18;0;0
6018;孙海清;Sun Haiqing;7;4;0;0;0;0;0;0;0;0;0;0;0;0;-25;-25;-25;18;0;0
6019;吴颂伟;Wu Songwei;7;2;1;0;0;0;0;0;0;0;0;0;0;0;-25;-25;-25;18;0;0
6020;俞宁;Yu Ning;7;3;4;0;0;0;0;0;0;0;0;0;0;0;-25;-25;-25;18;0;0
6021;沈楠;Shen Nan;7;4;3;0;0;0;0;0;0;0;0;0;0;0;-25;-25;-25;18;0;0
6022;阎宇峰;Yan Yufeng;7;3;4;0;0;0;0;0;0;0;0;0;0;0;-25;-25;-25;18;0;0
6023;刘伟;Liu Wei;7;4;3;0;0;0;0;0;0;0;0;0;0;0;-25;-25;-25;18;0;0
6024;王晶;Wang Jing;7;3;4;0;0;0;0;0;0;0;0;0;0;0;-25;-25;-25;18;0;0
6025;张凯;Zhang Kai;7;5;0;0;0;0;0;0;0;0;0;0;0;0;-25;-25;-25;18;0;0
6026;邱彪;Qiu Biao;7;3;4;0;0;0;0;0;0;0;0;0;0;0;-25;-25;-25;18;0;0
6027;农捷;Nongjie;7;2;1;0;0;0;0;0;0;0;0;0;0;0;-25;-25;-25;18;0;0
6028;刘昊;Liu Hao;7;4;3;0;0;0;0;0;0;0;0;0;0;0;-25;-25;-25;18;0;0
6029;闫宇峰;Yan Yufeng;8;3;4;0;0;0;0;0;0;0;0;0;0;0;-25;-25;-25;18;0;0
6030;查尔斯-梅森;Charles Mason;7;3;4;0;0;0;0;0;0;0;0;0;0;0;-25;-25;-25;18;0;0
6031;李爱军;Li Aijun;7;2;1;0;0;0;0;0;0;0;0;0;0;0;-25;-25;-25;18;0;0
6032;刘力铭;Liu Liming;7;1;2;0;0;0;0;0;0;0;0;0;0;0;-25;-25;-25;18;0;0
6033;迈克尔-费;Michael Fey;7;5;0;0;0;0;0;0;0;0;0;0;0;0;-25;-25;-25;18;0;0
6034;刘涛;Liu Tao;7;2;1;0;0;0;0;0;0;0;0;0;0;0;-25;-25;-25;18;0;0
6035;刘尧;Liu Yao;7;1;2;0;0;0;0;0;0;0;0;0;0;0;-25;-25;-25;18;0;0
6036;李冈风;Li Gangfeng;7;2;1;0;0;0;0;0;0;0;0;0;0;0;-25;-25;-25;18;0;0
6037;梁伟;Liang Wei;7;2;1;0;0;0;0;0;0;0;0;0;0;0;-25;-25;-25;18;0;0
6038;科里-安德伍德;Cory Underwood;7;5;0;0;0;0;0;0;0;0;0;0;0;0;-25;-25;-25;18;0;0
6039;常亚松;Chang Yasong;7;2;1;0;0;0;0;0;0;0;0;0;0;0;-25;-25;-25;18;0;0
6040;陈照升;Chen Zhaosheng;7;3;4;0;0;0;0;0;0;0;0;0;0;0;-25;-25;-25;18;0;0
6041;何忠勉;He Zhongmian;7;1;2;0;0;0;0;0;0;0;0;0;0;0;-25;-25;-25;18;0;0
6042;陈信安;Chen Xin'an;7;4;3;0;0;0;0;0;0;0;0;0;0;0;-25;-25;-25;18;0;0
6043;霍瑞斯-沃姆里;Horace Wormely;7;1;0;0;0;0;0;0;0;0;0;0;0;0;-25;-25;-25;18;0;0
6044;考特尼-希姆斯;Courtney Sims;7;5;0;0;0;0;0;0;0;0;0;0;0;0;-25;-25;-25;18;0;0
6045;洪志善;Hong Zhishan;7;2;1;0;0;0;0;0;0;0;0;0;0;0;-25;-25;-25;18;0;0
6046;黄国斌;Huang Guobin;7;2;1;0;0;0;0;0;0;0;0;0;0;0;-25;-25;-25;18;0;0
6047;张玉鹏;Zhang Yupeng;7;4;3;0;0;0;0;0;0;0;0;0;0;0;-25;-25;-25;18;0;0
6048;于澍龙;Yu Shulong;7;2;1;0;0;0;0;0;0;0;0;0;0;0;-25;-25;-25;18;0;0
6049;闵庆飞;Min Qingfei;7;5;0;0;0;0;0;0;0;0;0;0;0;0;-25;-25;-25;18;0;0
6050;刘春庆;Liu Chunqing;7;1;2;0;0;0;0;0;0;0;0;0;0;0;-25;-25;-25;18;0;0
6051;郭晓鹏;Guo Xiaopeng;7;3;4;0;0;0;0;0;0;0;0;0;0;0;-25;-25;-25;18;0;0
6052;泰瑞斯-莱斯;Tyrese Rice;7;1;0;0;0;0;0;0;0;0;0;0;0;0;-25;-25;-25;18;0;0
6053;基斯-朗福德;Keith Langford;8;2;0;0;0;0;0;0;0;0;0;0;0;0;-25;-25;-25;18;0;0
6054;韩驭丰;Han Yufeng;7;3;4;0;0;0;0;0;0;0;0;0;0;0;-25;-25;-25;18;0;0
6055;李想;Li Xiang;7;4;3;0;0;0;0;0;0;0;0;0;0;0;-25;-25;-25;18;0;0
6056;王昱尧;Wang Yuyao;7;3;4;0;0;0;0;0;0;0;0;0;0;0;-25;-25;-25;18;0;0
6057;德怀特-拜克斯;Dwight Buycks;8;1;2;0;0;0;0;0;0;0;0;0;0;0;-25;-25;-25;18;0;0
6058;陈柏石;Chen Baishi;7;4;0;0;0;0;0;0;0;0;0;0;0;0;-25;-25;-25;18;0;0
6059;阿列里克-弗里曼;Allerik Freeman;7;1;0;0;0;0;0;0;0;0;0;0;0;0;-25;-25;-25;18;0;0
6060;孟翔;Meng Xiang;7;3;0;0;0;0;0;0;0;0;0;0;0;0;-25;-25;-25;18;0;0
6061;谢智杰;Xie Zhijie;8;1;0;0;0;0;0;0;0;0;0;0;0;0;-25;-25;-25;18;0;0
6062;王凡懿;Wang Fanyi;8;3;0;0;0;0;0;0;0;0;0;0;0;0;-25;-25;-25;18;0;0
6063;吴超;Wu Chao;8;4;5;0;0;0;0;0;0;0;0;0;0;0;-25;-25;-25;18;0;0
6064;林秉圣;Lin Bingsheng;8;2;0;0;0;0;0;0;0;0;0;0;0;0;-25;-25;-25;18;0;0
6065;邵炜昀;Shao Weiyun;8;1;0;0;0;0;0;0;0;0;0;0;0;0;-25;-25;-25;18;0;0
6066;赵嘉浩;Zhao Jiahao;8;5;0;0;0;0;0;0;0;0;0;0;0;0;-25;-25;-25;18;0;0
6067;张益炅;Zhang Yijiao;8;3;4;0;0;0;0;0;0;0;0;0;0;0;-25;-25;-25;18;0;0
6068;陈将双;Chen Jiangshuang;8;1;2;0;0;0;0;0;0;0;0;0;0;0;-25;-25;-25;18;0;0
6069;蔡宸纲;Cai Chenggang;8;3;4;0;0;0;0;0;0;0;0;0;0;0;-25;-25;-25;18;0;0
6070;温淞;Wen Song;8;4;0;0;0;0;0;0;0;0;0;0;0;0;-25;-25;-25;18;0;0
6071;叶尔潘-叶尔波;Ye Er Pan·Ye Er Bo;8;4;0;0;0;0;0;0;0;0;0;0;0;0;-25;-25;-25;18;0;0
6072;孙祥翔;Sun Xiangxiang;8;2;3;0;0;0;0;0;0;0;0;0;0;0;-25;-25;-25;18;0;0
6073;高宇坤;Gao Yukun;8;4;0;0;0;0;0;0;0;0;0;0;0;0;-25;-25;-25;18;0;0
6074;王云章;Wang Yunzhang;8;2;3;0;0;0;0;0;0;0;0;0;0;0;-25;-25;-25;18;0;0
6075;杨文学;Yang Wenxue;8;5;0;0;0;0;0;0;0;0;0;0;0;0;-25;-25;-25;18;0;0
6076;胡崇洋;Hu Chongyang;8;3;0;0;0;0;0;0;0;0;0;0;0;0;-25;-25;-25;18;0;0
6077;杨政;Yang Zheng;6;3;2;0;0;0;0;0;0;0;0;0;0;0;-25;-25;-25;18;0;0
6078;孙旭;Sun Xu;7;3;4;0;0;0;0;0;0;0;0;0;0;0;-25;-25;-25;18;0;0
6079;褚添一;Chu Tianyi;7;5;0;0;0;0;0;0;0;0;0;0;0;0;-25;-25;-25;18;0;0
6080;鲁骜;Lu Ao;7;2;1;0;0;0;0;0;0;0;0;0;0;0;-25;-25;-25;18;0;0
6081;陈冠中;Chen Guanzhong;7;3;4;0;0;0;0;0;0;0;0;0;0;0;-25;-25;-25;18;0;0
6082;郑晓垚;Zheng Xiaoyao;7;3;4;0;0;0;0;0;0;0;0;0;0;0;-25;-25;-25;18;0;0
6083;郑煜睿;Zheng Yurui;7;4;3;0;0;0;0;0;0;0;0;0;0;0;-25;-25;-25;18;0;0
6084;黄晨宾;Huang Chenbin;7;2;1;0;0;0;0;0;0;0;0;0;0;0;-25;-25;-25;18;0;0
6085;李祥波;Li Xiangbo;7;4;3;0;0;0;0;0;0;0;0;0;0;0;-25;-25;-25;18;0;0
6086;魏莨哲;Wei Langzhe;7;2;0;0;0;0;0;0;0;0;0;0;0;0;-25;-25;-25;18;0;0
6087;王映然;Wang Yingran;7;5;0;0;0;0;0;0;0;0;0;0;0;0;-25;-25;-25;18;0;0
6088;付永康;Fu Yongkang;7;3;4;0;0;0;0;0;0;0;0;0;0;0;-25;-25;-25;18;0;0
6089;张禹童;Zhang Yutong;7;1;0;0;0;0;0;0;0;0;0;0;0;0;-25;-25;-25;18;0;0
6090;曹晨;Cao Chen;7;1;2;0;0;0;0;0;0;0;0;0;0;0;-25;-25;-25;18;0;0
6091;杰米森-摩根;J'Mison Morgan;7;5;0;0;0;0;0;0;0;0;0;0;0;0;-25;-25;-25;18;0;0
6092;刘哲男;Liu Zhenan;7;1;2;0;0;0;0;0;0;0;0;0;0;0;-25;-25;-25;18;0;0
6093;王经纬;Wang Jingwei;7;1;2;0;0;0;0;0;0;0;0;0;0;0;-25;-25;-25;18;0;0
6094;王振宇;Wang Zhenyu;7;4;3;0;0;0;0;0;0;0;0;0;0;0;-25;-25;-25;18;0;0
6095;张铭浩;Zhang Minghao;7;5;0;0;0;0;0;0;0;0;0;0;0;0;-25;-25;-25;18;0;0
6096;许周顺;Xu Zhoushun;7;1;2;0;0;0;0;0;0;0;0;0;0;0;-25;-25;-25;18;0;0
6097;马哈迪-卡姆拉尼;MAHDI KAMRANI;7;2;1;0;0;0;0;0;0;0;0;0;0;0;-25;-25;-25;18;0;0
6098;方君磊;Fang Junlei;7;2;1;0;0;0;0;0;0;0;0;0;0;0;-25;-25;-25;18;0;0
6099;伊斯特班-巴蒂斯塔;Esteban Batista;7;5;0;0;0;0;0;0;0;0;0;0;0;0;-25;-25;-25;18;0;0
6100;张翌星;Zhang Yixing;7;1;2;0;0;0;0;0;0;0;0;0;0;0;-25;-25;-25;18;0;0
6101;何敬佳;He Jingjia;7;2;1;0;0;0;0;0;0;0;0;0;0;0;-25;-25;-25;18;0;0
6102;贾俊龙;Jia Junlong;7;2;1;0;0;0;0;0;0;0;0;0;0;0;-25;-25;-25;18;0;0
6103;埃里克-迈克伦姆;Errick McCollum;9;2;1;0;0;0;0;0;0;0;0;0;0;0;-25;-25;-25;18;0;0
6104;夏宇彤;Xia Yutong;7;3;4;0;0;0;0;0;0;0;0;0;0;0;-25;-25;-25;18;0;0
6105;车昊;Che Hao;7;5;0;0;0;0;0;0;0;0;0;0;0;0;-25;-25;-25;18;0;0
6106;景浩扬;Jing Haoyang;7;3;4;0;0;0;0;0;0;0;0;0;0;0;-25;-25;-25;18;0;0
6107;威尔-阿拉基;Wael Arakji;8;1;0;0;0;0;0;0;0;0;0;0;0;0;-25;-25;-25;18;0;0
6108;孟博龙;Meng Bolong;7;1;0;0;0;0;0;0;0;0;0;0;0;0;-25;-25;-25;18;0;0
6109;陈子安;Chen Zi'an;7;3;0;0;0;0;0;0;0;0;0;0;0;0;-25;-25;-25;18;0;0
6110;班铎;Ban Duo;7;1;0;0;0;0;0;0;0;0;0;0;0;0;-25;-25;-25;18;0;0
6111;朱肇旌;Zhu Zhaojing;7;1;0;0;0;0;0;0;0;0;0;0;0;0;-25;-25;-25;18;0;0
6112;石颜博;Shi Yanbo;7;4;0;0;0;0;0;0;0;0;0;0;0;0;-25;-25;-25;18;0;0
6113;李龙元;Li Longyuan;7;2;0;0;0;0;0;0;0;0;0;0;0;0;-25;-25;-25;18;0;0
6114;李瑞;Li Rui;7;2;0;0;0;0;0;0;0;0;0;0;0;0;-25;-25;-25;18;0;0
6115;谢文斌;Xie Wenbin;7;3;0;0;0;0;0;0;0;0;0;0;0;0;-25;-25;-25;18;0;0
6116;李佳恒;Li Jiaheng;7;1;0;0;0;0;0;0;0;0;0;0;0;0;-25;-25;-25;18;0;0
6117;王俊杰;Wang Junjie;7;1;0;0;0;0;0;0;0;0;0;0;0;0;-25;-25;-25;18;0;0
6118;李青翔;Li Qingxiang;7;1;0;0;0;0;0;0;0;0;0;0;0;0;-25;-25;-25;18;0;0
6119;刘畅;Liu Chang;7;1;0;0;0;0;0;0;0;0;0;0;0;0;-25;-25;-25;18;0;0
6120;西尔文-兰兹博格;Sylven Landesberg;7;3;0;0;0;0;0;0;0;0;0;0;0;0;-25;-25;-25;18;0;0
6121;艾萨克-哈斯;Isaac Haas;7;5;0;0;0;0;0;0;0;0;0;0;0;0;-25;-25;-25;18;0;0
6122;刘傲;Liu Ao;7;1;0;0;0;0;0;0;0;0;0;0;0;0;-25;-25;-25;18;0;0
6123;布里恩-艾伦;Bryon Allen;7;2;0;0;0;0;0;0;0;0;0;0;0;0;-25;-25;-25;18;0;0
6124;谢宸飞;Xie Chenfei;7;4;0;0;0;0;0;0;0;0;0;0;0;0;-25;-25;-25;18;0;0
6125;刘云飞;Liu Yunfei;7;3;4;0;0;0;0;0;0;0;0;0;0;0;-25;-25;-25;18;0;0
6126;常晓亮;Chang Xiaoliang;7;4;3;0;0;0;0;0;0;0;0;0;0;0;-25;-25;-25;18;0;0
6127;胡海东;Hu Haidong;7;3;4;0;0;0;0;0;0;0;0;0;0;0;-25;-25;-25;18;0;0
6128;盖茨-约瑟夫;Garth Joseph;7;5;0;0;0;0;0;0;0;0;0;0;0;0;-25;-25;-25;18;0;0
6129;刘敬彬;Liu Jingbin;7;2;1;0;0;0;0;0;0;0;0;0;0;0;-25;-25;-25;18;0;0
6130;泰隆-华盛顿;Tyrone Washington;7;1;2;0;0;0;0;0;0;0;0;0;0;0;-25;-25;-25;18;0;0
6131;许智超;Xu Zhichao;7;2;1;0;0;0;0;0;0;0;0;0;0;0;-25;-25;-25;18;0;0
6132;杨毅;Yang Yi;7;1;2;0;0;0;0;0;0;0;0;0;0;0;-25;-25;-25;18;0;0
6133;王震;Wang Zhen;7;2;1;0;0;0;0;0;0;0;0;0;0;0;-25;-25;-25;18;0;0
6134;张骏;Zhang Jun;7;3;4;0;0;0;0;0;0;0;0;0;0;0;-25;-25;-25;18;0;0
6135;舍亚-科顿;Schea Cotton;7;1;2;0;0;0;0;0;0;0;0;0;0;0;-25;-25;-25;18;0;0
6136;邹大欧;Zou Daou;7;2;1;0;0;0;0;0;0;0;0;0;0;0;-25;-25;-25;18;0;0
6137;罗恩-约翰逊;Ron Johnson;7;1;2;0;0;0;0;0;0;0;0;0;0;0;-25;-25;-25;18;0;0
6138;李建新;Li Jianxin;7;2;1;0;0;0;0;0;0;0;0;0;0;0;-25;-25;-25;18;0;0
6139;拉苏尔-萨拉胡丁;Rasul Salahuddin;7;2;1;0;0;0;0;0;0;0;0;0;0;0;-25;-25;-25;18;0;0
6140;淡阳阳;Dan Yang Yang;7;3;4;0;0;0;0;0;0;0;0;0;0;0;-25;-25;-25;18;0;0
6141;冷冬;Leng Dong;7;2;1;0;0;0;0;0;0;0;0;0;0;0;-25;-25;-25;18;0;0
6142;赵宏翔;Zhao Hongxiang;7;1;2;0;0;0;0;0;0;0;0;0;0;0;-25;-25;-25;18;0;0
6143;塞拉斯-米尔斯;Silas Mills;7;3;4;0;0;0;0;0;0;0;0;0;0;0;-25;-25;-25;18;0;0
6144;刘刚;Liu Gang;7;2;1;0;0;0;0;0;0;0;0;0;0;0;-25;-25;-25;18;0;0
6145;李栋梁;Li Dongliang;7;3;4;0;0;0;0;0;0;0;0;0;0;0;-25;-25;-25;18;0;0
6146;亚当-哈灵顿;Adam Harrington;7;2;0;0;0;0;0;0;0;0;0;0;0;0;-25;-25;-25;18;0;0
6147;罗伯特;Robert;7;4;3;0;0;0;0;0;0;0;0;0;0;0;-25;-25;-25;18;0;0
6148;成宝;Cheng Bao;7;3;4;0;0;0;0;0;0;0;0;0;0;0;-25;-25;-25;18;0;0
6149;胡光;Hu Guang;7;3;4;0;0;0;0;0;0;0;0;0;0;0;-25;-25;-25;18;0;0
6150;白帆;Bai Fan;7;2;1;0;0;0;0;0;0;0;0;0;0;0;-25;-25;-25;18;0;0
6151;韩刚;Han Gang;7;3;4;0;0;0;0;0;0;0;0;0;0;0;-25;-25;-25;18;0;0
6152;泰特-戴克;Tate Decker;7;5;0;0;0;0;0;0;0;0;0;0;0;0;-25;-25;-25;18;0;0
6153;林肯-史密斯;Lincoln Smith;7;5;0;0;0;0;0;0;0;0;0;0;0;0;-25;-25;-25;18;0;0
6154;特雷-摩尔;Trey Moore;7;2;1;0;0;0;0;0;0;0;0;0;0;0;-25;-25;-25;18;0;0
6155;从志新;Cong Zhixin;7;3;4;0;0;0;0;0;0;0;0;0;0;0;-25;-25;-25;18;0;0
6156;刘久龙;Liu Jiulong;7;4;3;0;0;0;0;0;0;0;0;0;0;0;-25;-25;-25;18;0;0
6157;姜楠;Jiang Nan;7;3;4;0;0;0;0;0;0;0;0;0;0;0;-25;-25;-25;18;0;0
6158;布兰登-克朗普;Brandon Crump;7;5;0;0;0;0;0;0;0;0;0;0;0;0;-25;-25;-25;18;0;0
6159;张正旺;Zhang Zhengwang;7;3;4;0;0;0;0;0;0;0;0;0;0;0;-25;-25;-25;18;0;0
6160;宋博;Song Bo;7;2;1;0;0;0;0;0;0;0;0;0;0;0;-25;-25;-25;18;0;0
6161;张灏;Zhang Hao;7;5;0;0;0;0;0;0;0;0;0;0;0;0;-25;-25;-25;18;0;0
6162;李俊;Li Jun;7;3;4;0;0;0;0;0;0;0;0;0;0;0;-25;-25;-25;18;0;0
6163;迈克-简森;Mike Jensen;7;4;3;0;0;0;0;0;0;0;0;0;0;0;-25;-25;-25;18;0;0
6164;曹瑞;Cao Rui;7;5;0;0;0;0;0;0;0;0;0;0;0;0;-25;-25;-25;18;0;0
6165;海拉姆-福勒;Hiram Fuller;7;5;0;0;0;0;0;0;0;0;0;0;0;0;-25;-25;-25;18;0;0
6166;迈隆-克拉克;McLaren Clark;7;2;1;0;0;0;0;0;0;0;0;0;0;0;-25;-25;-25;18;0;0
6167;杰雷米-麦克圭尔;Jeremee McGuire;7;5;0;0;0;0;0;0;0;0;0;0;0;0;-25;-25;-25;18;0;0
6168;朱云龙;Zhu Yunlong;7;2;1;0;0;0;0;0;0;0;0;0;0;0;-25;-25;-25;18;0;0
6169;赵南;Zhao Nan;7;3;4;0;0;0;0;0;0;0;0;0;0;0;-25;-25;-25;18;0;0
6170;李-本森;Lee Benson;7;5;0;0;0;0;0;0;0;0;0;0;0;0;-25;-25;-25;18;0;0
6171;郑准;Zheng Zhun;8;4;0;0;0;0;0;0;0;0;0;0;0;0;-25;-25;-25;18;0;0
6172;梁飞;Liang Fei;7;5;0;0;0;0;0;0;0;0;0;0;0;0;-25;-25;-25;18;0;0
6173;靳济铭;Jin Jiming;7;2;1;0;0;0;0;0;0;0;0;0;0;0;-25;-25;-25;18;0;0
6174;刘洺宇;Liu Mingyu;7;1;2;0;0;0;0;0;0;0;0;0;0;0;-25;-25;-25;18;0;0
6175;赵磊;Zhao Lei;7;3;4;0;0;0;0;0;0;0;0;0;0;0;-25;-25;-25;18;0;0
6176;张晓薇;Zhang Xiaowei;7;2;1;0;0;0;0;0;0;0;0;0;0;0;-25;-25;-25;18;0;0
6177;柴国君;Chai Guojun;7;1;2;0;0;0;0;0;0;0;0;0;0;0;-25;-25;-25;18;0;0
6178;燕嵩涛;Yan Songtao;7;4;3;0;0;0;0;0;0;0;0;0;0;0;-25;-25;-25;18;0;0
6179;杨博伦;Yang Bolun;7;3;4;0;0;0;0;0;0;0;0;0;0;0;-25;-25;-25;18;0;0
6180;刘元;Liu Yuan;7;4;3;0;0;0;0;0;0;0;0;0;0;0;-25;-25;-25;18;0;0
6181;王超;Wang Chao;7;2;1;0;0;0;0;0;0;0;0;0;0;0;-25;-25;-25;18;0;0
6182;李克;Li Ke;8;2;1;0;0;0;0;0;0;0;0;0;0;0;-25;-25;-25;18;0;0
6183;侯冰;Hou Bing;7;3;4;0;0;0;0;0;0;0;0;0;0;0;-25;-25;-25;18;0;0
6184;多隆-帕金斯;Doron Perkins;7;2;1;0;0;0;0;0;0;0;0;0;0;0;-25;-25;-25;18;0;0
6185;王玥;Wang Yue;7;3;4;0;0;0;0;0;0;0;0;0;0;0;-25;-25;-25;18;0;0
6186;石小岩;Shi Xiaoyan;7;2;1;0;0;0;0;0;0;0;0;0;0;0;-25;-25;-25;18;0;0
6187;史俊;Shi Jun;7;1;2;0;0;0;0;0;0;0;0;0;0;0;-25;-25;-25;18;0;0
6188;法迪-哈提布;Fadi El Khatib;7;3;0;0;0;0;0;0;0;0;0;0;0;0;-25;-25;-25;18;0;0
6189;维亚查斯拉夫-克拉夫索夫;Vyacheslav Kravtsov;7;5;0;0;0;0;0;0;0;0;0;0;0;0;-25;-25;-25;18;0;0
6190;张晓磊;Zhang Xiaolei;7;4;3;0;0;0;0;0;0;0;0;0;0;0;-25;-25;-25;18;0;0
6191;斯科蒂-霍普森;Scotty Hopson;7;4;3;0;0;0;0;0;0;0;0;0;0;0;-25;-25;-25;18;0;0
6192;贾巴里-布朗;Jabari Brown;7;2;1;0;0;0;0;0;0;0;0;0;0;0;-25;-25;-25;18;0;0
6193;谷玥灼;Gu Yuezhuo;7;2;3;0;0;0;0;0;0;0;0;0;0;0;-25;-25;-25;18;0;0
6194;莱恩-博特莱特;Ryan Boatright;7;2;1;0;0;0;0;0;0;0;0;0;0;0;-25;-25;-25;18;0;0
6195;萨马德-巴赫拉米;Samad Nikkhah Bahrami;8;3;0;0;0;0;0;0;0;0;0;0;0;0;-25;-25;-25;18;0;0
6196;衡艺丰;Hengyifeng;7;4;3;0;0;0;0;0;0;0;0;0;0;0;-25;-25;-25;18;0;0
6197;亚历克斯-史蒂芬森;Alex Stepheson;7;5;0;0;0;0;0;0;0;0;0;0;0;0;-25;-25;-25;18;0;0
6198;阿莱克斯-科克;Alex Cork;7;5;0;0;0;0;0;0;0;0;0;0;0;0;-25;-25;-25;18;0;0
6199;骆永轩;Luo Yongxuan;7;2;1;0;0;0;0;0;0;0;0;0;0;0;-25;-25;-25;18;0;0
6200;胡珑贸;Hu Longmao;7;3;4;0;0;0;0;0;0;0;0;0;0;0;-25;-25;-25;18;0;0
6201;司坤;Sikun;7;3;0;0;0;0;0;0;0;0;0;0;0;0;-25;-25;-25;18;0;0
6202;马库斯-亨特;Marcus Georges-Hunt;7;3;0;0;0;0;0;0;0;0;0;0;0;0;-25;-25;-25;18;0;0
6203;付磊;Fu Lei;7;1;0;0;0;0;0;0;0;0;0;0;0;0;-25;-25;-25;18;0;0
6204;何俊坚;He Junjian;7;4;0;0;0;0;0;0;0;0;0;0;0;0;-25;-25;-25;18;0;0
6205;韩德龙;Han Delong;7;2;3;0;0;0;0;0;0;0;0;0;0;0;-25;-25;-25;18;0;0
6206;纳撒尼尔-梅森;Nathaniel Mason;8;1;0;0;0;0;0;0;0;0;0;0;0;0;-25;-25;-25;18;0;0
6207;齐浩彤;Qi Haotong;7;4;0;0;0;0;0;0;0;0;0;0;0;0;-25;-25;-25;18;0;0
6208;杨梓杰;Yang Zijie;7;1;0;0;0;0;0;0;0;0;0;0;0;0;-25;-25;-25;18;0;0
6209;龚海;Gong Hai;7;2;1;0;0;0;0;0;0;0;0;0;0;0;-25;-25;-25;18;0;0
6210;姜兴涛;Jiang Xingtao;7;3;4;0;0;0;0;0;0;0;0;0;0;0;-25;-25;-25;18;0;0
6211;闵鹿蕾;Min Lulei;8;1;2;0;0;0;0;0;0;0;0;0;0;0;-25;-25;-25;18;0;0
6212;张敬东;Zhang Jingdong;7;2;1;0;0;0;0;0;0;0;0;0;0;0;-25;-25;-25;18;0;0
6213;焦健;Jiao Jian;8;4;3;0;0;0;0;0;0;0;0;0;0;0;-25;-25;-25;18;0;0
6214;刘鑫;Liu Xin;7;2;1;0;0;0;0;0;0;0;0;0;0;0;-25;-25;-25;18;0;0
6215;许利民;Xu Limin;8;1;2;0;0;0;0;0;0;0;0;0;0;0;-25;-25;-25;18;0;0
6216;刘宏威;Liu Hongwei;7;2;1;0;0;0;0;0;0;0;0;0;0;0;-25;-25;-25;18;0;0
6217;张云松;Zhang Yunsong;8;1;2;0;0;0;0;0;0;0;0;0;0;0;-25;-25;-25;18;0;0
6218;刘庆国;Liu Qingguo;7;3;4;0;0;0;0;0;0;0;0;0;0;0;-25;-25;-25;18;0;0
6219;姜超;Jiang Chao;7;2;1;0;0;0;0;0;0;0;0;0;0;0;-25;-25;-25;18;0;0
6220;贺磊;He Lei;7;3;4;0;0;0;0;0;0;0;0;0;0;0;-25;-25;-25;18;0;0
6221;黄钢;Huanggang;7;2;1;0;0;0;0;0;0;0;0;0;0;0;-25;-25;-25;18;0;0
6222;迈克尔-梅根;Michael Megan;7;3;4;0;0;0;0;0;0;0;0;0;0;0;-25;-25;-25;18;0;0
6223;布莱德;Brad;7;4;3;0;0;0;0;0;0;0;0;0;0;0;-25;-25;-25;18;0;0
6224;张承毅;Zhang Chengyi;7;2;1;0;0;0;0;0;0;0;0;0;0;0;-25;-25;-25;18;0;0
6225;杰森-莱维;Jason Levy;7;3;4;0;0;0;0;0;0;0;0;0;0;0;-25;-25;-25;18;0;0
6226;勒万-阿尔斯通;Levan Alston;7;2;1;0;0;0;0;0;0;0;0;0;0;0;-25;-25;-25;18;0;0
6227;莱纳德-斯图尔特;Lynard Stewart;7;4;3;0;0;0;0;0;0;0;0;0;0;0;-25;-25;-25;18;0;0
6228;王利;Wang Li;7;2;1;0;0;0;0;0;0;0;0;0;0;0;-25;-25;-25;18;0;0
6229;汤元军;Tang Yuanjun;7;1;2;0;0;0;0;0;0;0;0;0;0;0;-25;-25;-25;18;0;0
6230;肯尼-佩恩;Kenny Payne;7;3;0;0;0;0;0;0;0;0;0;0;0;0;-25;-25;-25;18;0;0
6231;宋元善;Song Yuanshan;7;4;3;0;0;0;0;0;0;0;0;0;0;0;-25;-25;-25;18;0;0
6232;乔俊强;Qiao Junqiang;7;5;0;0;0;0;0;0;0;0;0;0;0;0;-25;-25;-25;18;0;0
6233;邵冰;Shao Bing;7;4;3;0;0;0;0;0;0;0;0;0;0;0;-25;-25;-25;18;0;0
6234;安宏乐;An Hongle;7;3;4;0;0;0;0;0;0;0;0;0;0;0;-25;-25;-25;18;0;0
6235;李翔;Li Xiang;7;4;3;0;0;0;0;0;0;0;0;0;0;0;-25;-25;-25;18;0;0
6236;陈磊;Chen Lei;8;3;4;0;0;0;0;0;0;0;0;0;0;0;-25;-25;-25;18;0;0
6237;宋谷鸣;Song Guming;7;4;3;0;0;0;0;0;0;0;0;0;0;0;-25;-25;-25;18;0;0
6238;卡玛尼-弗兰德;Kimani Ffriend;7;5;0;0;0;0;0;0;0;0;0;0;0;0;-25;-25;-25;18;0;0
6239;孙长俊;Sun Changjun;7;4;3;0;0;0;0;0;0;0;0;0;0;0;-25;-25;-25;18;0;0
6240;陈跃;Chen Yue;7;2;1;0;0;0;0;0;0;0;0;0;0;0;-25;-25;-25;18;0;0
6241;门维;Menwei;7;2;1;0;0;0;0;0;0;0;0;0;0;0;-25;-25;-25;18;0;0
6242;托马斯-汉密尔顿;Thomas Hamilton;7;5;0;0;0;0;0;0;0;0;0;0;0;0;-25;-25;-25;18;0;0
6243;特奎因-莫特;Terquin Mott;7;5;0;0;0;0;0;0;0;0;0;0;0;0;-25;-25;-25;18;0;0
6244;马利克-摩尔;Malik Moore;7;2;1;0;0;0;0;0;0;0;0;0;0;0;-25;-25;-25;18;0;0
6245;保利尼奥-伯拉齐尼;Paulinho Boracini;7;1;0;0;0;0;0;0;0;0;0;0;0;0;-25;-25;-25;18;0;0
6246;唐奈尔-奈特;Donald Knight;7;4;3;0;0;0;0;0;0;0;0;0;0;0;-25;-25;-25;18;0;0
6247;奈特-伯顿;Knight Burton;7;2;1;0;0;0;0;0;0;0;0;0;0;0;-25;-25;-25;18;0;0
6248;解立彬;Xie Libin;8;2;1;0;0;0;0;0;0;0;0;0;0;0;-25;-25;-25;18;0;0
6249;赵志男;Zhao Zhinan;7;1;2;0;0;0;0;0;0;0;0;0;0;0;-25;-25;-25;18;0;0
6250;内特-威廉姆斯;Nate Williams;7;5;0;0;0;0;0;0;0;0;0;0;0;0;-25;-25;-25;18;0;0
6251;迈卡-布兰德;Micah Brand;7;5;0;0;0;0;0;0;0;0;0;0;0;0;-25;-25;-25;18;0;0
6252;罗比-乔伊纳;Rob Joyner;7;1;2;0;0;0;0;0;0;0;0;0;0;0;-25;-25;-25;18;0;0
6253;柳鹏;Liu Peng;7;3;4;0;0;0;0;0;0;0;0;0;0;0;-25;-25;-25;18;0;0
6254;白迪;Bai Di;7;2;1;0;0;0;0;0;0;0;0;0;0;0;-25;-25;-25;18;0;0
6255;张俊雄;Zhang Junxiong;7;4;3;0;0;0;0;0;0;0;0;0;0;0;-25;-25;-25;18;0;0
6256;吉喆;Ji Zhe;7;3;4;0;0;0;0;0;0;0;0;0;0;0;-25;-25;-25;18;0;0
6257;张睿;Zhang Rui;7;3;4;0;0;0;0;0;0;0;0;0;0;0;-25;-25;-25;18;0;0
6258;杜江;Du Jiang;7;4;3;0;0;0;0;0;0;0;0;0;0;0;-25;-25;-25;18;0;0
6259;陈世冬;Chen Shidong;7;2;1;0;0;0;0;0;0;0;0;0;0;0;-25;-25;-25;18;0;0
6260;王骁辉;Wang Xiaohui;7;3;4;0;0;0;0;0;0;0;0;0;0;0;-25;-25;-25;18;0;0
6261;塞德里克-博兹曼;Cedric Bozeman;7;2;3;0;0;0;0;0;0;0;0;0;0;0;-25;-25;-25;18;0;0
6262;孙明明;Sun Mingming;7;5;0;0;0;0;0;0;0;0;0;0;0;0;-25;-25;-25;18;0;0
6263;厄尼斯特-布朗;Ernest Brown;7;5;0;0;0;0;0;0;0;0;0;0;0;0;-25;-25;-25;18;0;0
6264;韩崇凯;Han Chongkai;7;5;0;0;0;0;0;0;0;0;0;0;0;0;-25;-25;-25;18;0;0
6265;尹天任;Yin Tianren;7;4;3;0;0;0;0;0;0;0;0;0;0;0;-25;-25;-25;18;0;0
6266;姚广国;Yao Guangguo;7;2;1;0;0;0;0;0;0;0;0;0;0;0;-25;-25;-25;18;0;0
6267;王鑫磊;Wang Xinlei;7;1;2;0;0;0;0;0;0;0;0;0;0;0;-25;-25;-25;18;0;0
6268;黄海贝;Huanghaibei;7;5;0;0;0;0;0;0;0;0;0;0;0;0;-25;-25;-25;18;0;0
6269;张松涛;Zhang Songtao;7;5;0;0;0;0;0;0;0;0;0;0;0;0;-25;-25;-25;18;0;0
6270;李伟;Li Wei;7;3;4;0;0;0;0;0;0;0;0;0;0;0;-25;-25;-25;18;0;0
6271;段江鹏;Duan Jiangpeng;7;3;4;0;0;0;0;0;0;0;0;0;0;0;-25;-25;-25;18;0;0
6272;段鸿瑞;Duan Hongrui;7;4;3;0;0;0;0;0;0;0;0;0;0;0;-25;-25;-25;18;0;0
6273;赵梓壹;Zhao Ziyi;7;1;2;0;0;0;0;0;0;0;0;0;0;0;-25;-25;-25;18;0;0
6274;陈赞宇;Chen Zanyu;7;2;0;0;0;0;0;0;0;0;0;0;0;0;-25;-25;-25;18;0;0
6275;孙晨然;Sun Chenran;7;1;0;0;0;0;0;0;0;0;0;0;0;0;-25;-25;-25;18;0;0
6276;白谛;Bai Di;7;3;0;0;0;0;0;0;0;0;0;0;0;0;-25;-25;-25;18;0;0
6277;高升;Gaosheng;7;3;2;0;0;0;0;0;0;0;0;0;0;0;-25;-25;-25;18;0;0
6278;于喜淼;Yu Ximiao;7;3;0;0;0;0;0;0;0;0;0;0;0;0;-25;-25;-25;18;0;0
6279;尼克-约翰逊;Nick Johnson;7;2;1;0;0;0;0;0;0;0;0;0;0;0;-25;-25;-25;18;0;0
6280;张学文;Zhang Xuewen;7;3;4;0;0;0;0;0;0;0;0;0;0;0;-25;-25;-25;18;0;0
6281;吴伟;Wu Wei;7;4;3;0;0;0;0;0;0;0;0;0;0;0;-25;-25;-25;18;0;0
6282;崔磊;Cui Lei;7;3;4;0;0;0;0;0;0;0;0;0;0;0;-25;-25;-25;18;0;0
6283;于涛;Yu Tao;7;2;1;0;0;0;0;0;0;0;0;0;0;0;-25;-25;-25;18;0;0
6284;张超;Zhang Chao;7;3;4;0;0;0;0;0;0;0;0;0;0;0;-25;-25;-25;18;0;0
6285;王锡东;Wang Xidong;7;2;1;0;0;0;0;0;0;0;0;0;0;0;-25;-25;-25;18;0;0
6286;刘海龙;Liu Hailong;7;1;2;0;0;0;0;0;0;0;0;0;0;0;-25;-25;-25;18;0;0
6287;宋国令;Song Guoling;7;3;4;0;0;0;0;0;0;0;0;0;0;0;-25;-25;-25;18;0;0
6288;张翼;Zhang Yi;7;4;3;0;0;0;0;0;0;0;0;0;0;0;-25;-25;-25;18;0;0
6289;潘江;Panjiang;7;1;2;0;0;0;0;0;0;0;0;0;0;0;-25;-25;-25;18;0;0
6290;拉希德-伯德;Rashid Byrd;7;5;0;0;0;0;0;0;0;0;0;0;0;0;-25;-25;-25;18;0;0
6291;周雪峰;Zhou Xuefeng;7;2;1;0;0;0;0;0;0;0;0;0;0;0;-25;-25;-25;18;0;0
6292;达蒙-金;Damon King;7;2;1;0;0;0;0;0;0;0;0;0;0;0;-25;-25;-25;18;0;0
6293;梅杰-温盖特;Major Wingate;7;5;0;0;0;0;0;0;0;0;0;0;0;0;-25;-25;-25;18;0;0
6294;李明刚;Li Minggang;7;3;4;0;0;0;0;0;0;0;0;0;0;0;-25;-25;-25;18;0;0
6295;孙焕博;Sun Huanbo;7;2;1;0;0;0;0;0;0;0;0;0;0;0;-25;-25;-25;18;0;0
6296;田超;Tian Chao;7;1;2;0;0;0;0;0;0;0;0;0;0;0;-25;-25;-25;18;0;0
6297;杜家腾;Du Jiateng;7;2;1;0;0;0;0;0;0;0;0;0;0;0;-25;-25;-25;18;0;0
6298;巴智超;Ba Zhichao;7;2;1;0;0;0;0;0;0;0;0;0;0;0;-25;-25;-25;18;0;0
6299;魏明亮;Wei Mingliang;7;3;4;0;0;0;0;0;0;0;0;0;0;0;-25;-25;-25;18;0;0
6300;鲁斯兰-吉利亚祖迪诺夫;Ruslan Giliazudinov;7;5;0;0;0;0;0;0;0;0;0;0;0;0;-25;-25;-25;18;0;0
6301;林冠伦;Lin Guanlun;7;2;1;0;0;0;0;0;0;0;0;0;0;0;-25;-25;-25;18;0;0
6302;程华山;Cheng Huashan;7;2;1;0;0;0;0;0;0;0;0;0;0;0;-25;-25;-25;18;0;0
6303;张博文;Zhang Bowen;7;2;1;0;0;0;0;0;0;0;0;0;0;0;-25;-25;-25;18;0;0
6304;肯尼-阿德莱克;Kenny Adeleke;7;5;4;0;0;0;0;0;0;0;0;0;0;0;-25;-25;-25;18;0;0
6305;许皓程;Xu Haocheng;7;2;1;0;0;0;0;0;0;0;0;0;0;0;-25;-25;-25;18;0;0
6306;张朝龙;Zhang Chaolong;7;2;1;0;0;0;0;0;0;0;0;0;0;0;-25;-25;-25;18;0;0
6307;肖恩-塔盖特;Shawn Taggart;7;2;1;0;0;0;0;0;0;0;0;0;0;0;-25;-25;-25;18;0;0
6308;张彪;Zhang Biao;7;3;4;0;0;0;0;0;0;0;0;0;0;0;-25;-25;-25;18;0;0
6309;莱昂-罗杰斯;Leon Rodgers;7;3;4;0;0;0;0;0;0;0;0;0;0;0;-25;-25;-25;18;0;0
6310;温圣杰;Wen Shengjie;7;5;0;0;0;0;0;0;0;0;0;0;0;0;-25;-25;-25;18;0;0
6311;赵政;Zhao Zheng;7;2;1;0;0;0;0;0;0;0;0;0;0;0;-25;-25;-25;18;0;0
6312;张茂昌;Zhang Maochang;7;5;0;0;0;0;0;0;0;0;0;0;0;0;-25;-25;-25;18;0;0
6313;于昊熙;Yu Haoxi;7;3;4;0;0;0;0;0;0;0;0;0;0;0;-25;-25;-25;18;0;0
6314;申钰;Shen Yu;7;3;4;0;0;0;0;0;0;0;0;0;0;0;-25;-25;-25;18;0;0
6315;马伟龙;Ma Weilong;7;5;0;0;0;0;0;0;0;0;0;0;0;0;-25;-25;-25;18;0;0
6316;方振;Fang Zhen;7;2;1;0;0;0;0;0;0;0;0;0;0;0;-25;-25;-25;18;0;0
6317;刘瀚文;Liu Hanwen;7;4;3;0;0;0;0;0;0;0;0;0;0;0;-25;-25;-25;18;0;0
6318;高源蓬;Gao Yuanpeng;7;3;4;0;0;0;0;0;0;0;0;0;0;0;-25;-25;-25;18;0;0
6319;张晓博;Zhang Xiaobo;7;2;1;0;0;0;0;0;0;0;0;0;0;0;-25;-25;-25;18;0;0
6320;杨钦;Yang Qin;8;4;3;0;0;0;0;0;0;0;0;0;0;0;-25;-25;-25;18;0;0
6321;杨希-盖茨;Yancy Gates;7;5;4;0;0;0;0;0;0;0;0;0;0;0;-25;-25;-25;18;0;0
6322;张泽龙;Zhang Zelong;7;3;4;0;0;0;0;0;0;0;0;0;0;0;-25;-25;-25;18;0;0
6323;王重阳;wang chongyang;7;4;3;0;0;0;0;0;0;0;0;0;0;0;-25;-25;-25;18;0;0
6324;沙威剑;Shawei Jian;7;5;0;0;0;0;0;0;0;0;0;0;0;0;-25;-25;-25;18;0;0
6325;李旭;Li Xu;7;4;3;0;0;0;0;0;0;0;0;0;0;0;-25;-25;-25;18;0;0
6326;李敬宇;Li Jingyu;7;2;0;0;0;0;0;0;0;0;0;0;0;0;-25;-25;-25;18;0;0
6327;约什-亚当斯;Josh Adams;7;1;2;0;0;0;0;0;0;0;0;0;0;0;-25;-25;-25;18;0;0
6328;苏琨皓;Su Kunhao;7;3;0;0;0;0;0;0;0;0;0;0;0;0;-25;-25;-25;18;0;0
6329;吴轲;Wu Ke;7;5;0;0;0;0;0;0;0;0;0;0;0;0;-25;-25;-25;18;0;0
6330;萧键勋;Xiao Jianxun;7;2;0;0;0;0;0;0;0;0;0;0;0;0;-25;-25;-25;18;0;0
6331;车皓铭;Che Haoming;7;3;0;0;0;0;0;0;0;0;0;0;0;0;-25;-25;-25;18;0;0
6332;刘嘉威;Liu Jiawei;7;2;0;0;0;0;0;0;0;0;0;0;0;0;-25;-25;-25;18;0;0
6333;马壮;Ma Zhuang;7;2;1;0;0;0;0;0;0;0;0;0;0;0;-25;-25;-25;18;0;0
6334;郭一飞;Guo Yifei;7;3;4;0;0;0;0;0;0;0;0;0;0;0;-25;-25;-25;18;0;0
6335;王星辰;Wang Xingchen;7;2;1;0;0;0;0;0;0;0;0;0;0;0;-25;-25;-25;18;0;0
6336;张财宝;Zhang Caibao;7;1;2;0;0;0;0;0;0;0;0;0;0;0;-25;-25;-25;18;0;0
6337;布兰登-科斯特纳;Brandon Costner;7;4;0;0;0;0;0;0;0;0;0;0;0;0;-25;-25;-25;18;0;0
6338;威尔-麦克唐纳德;Will McDonald;7;4;5;0;0;0;0;0;0;0;0;0;0;0;-25;-25;-25;18;0;0
6339;蔡李龙;Cai Lilong;7;3;4;0;0;0;0;0;0;0;0;0;0;0;-25;-25;-25;18;0;0
6340;魏政贤;Wei Zhengxian;7;4;3;0;0;0;0;0;0;0;0;0;0;0;-25;-25;-25;18;0;0
6341;边赛远;Bian Saiyuan;7;1;2;0;0;0;0;0;0;0;0;0;0;0;-25;-25;-25;18;0;0
6342;毕鹏飞;Bi Pengfei;7;3;4;0;0;0;0;0;0;0;0;0;0;0;-25;-25;-25;18;0;0
6343;利亚姆-麦克莫罗;Liam McMorrow;7;5;0;0;0;0;0;0;0;0;0;0;0;0;-25;-25;-25;18;0;0
6344;冷振铎;Leng Zhenduo;7;3;4;0;0;0;0;0;0;0;0;0;0;0;-25;-25;-25;18;0;0
6345;黄子恒;Huang Ziheng;7;2;1;0;0;0;0;0;0;0;0;0;0;0;-25;-25;-25;18;0;0
6346;伊塞亚-奥斯汀;Isaiah Austin;7;5;0;0;0;0;0;0;0;0;0;0;0;0;-25;-25;-25;18;0;0
6347;惠龙儿;Huilong'er;7;5;0;0;0;0;0;0;0;0;0;0;0;0;-25;-25;-25;18;0;0
6348;杨力;Yang Li;7;2;0;0;0;0;0;0;0;0;0;0;0;0;-25;-25;-25;18;0;0
6349;李盛东;Li Shengdong;7;4;3;0;0;0;0;0;0;0;0;0;0;0;-25;-25;-25;18;0;0
6350;贝南-雅赫查利;Behnam Yakhchali;7;2;0;0;0;0;0;0;0;0;0;0;0;0;-25;-25;-25;18;0;0
6351;肖恩-希尔;Sean Hill;7;1;0;0;0;0;0;0;0;0;0;0;0;0;-25;-25;-25;18;0;0
6352;杨皓喆;Yang Haozhe;7;1;0;0;0;0;0;0;0;0;0;0;0;0;-25;-25;-25;18;0;0
6353;白杰;Bai Jie;7;4;3;0;0;0;0;0;0;0;0;0;0;0;-25;-25;-25;18;0;0
6354;刘育辰;Liu Yuchen;7;2;0;0;0;0;0;0;0;0;0;0;0;0;-25;-25;-25;18;0;0
6355;刘航初;Liu Hangchu;7;4;0;0;0;0;0;0;0;0;0;0;0;0;-25;-25;-25;18;0;0
6356;于刚;Yu Gang;7;5;4;0;0;0;0;0;0;0;0;0;0;0;-25;-25;-25;18;0;0
6357;刘子琪;Liu Ziqi;7;1;2;0;0;0;0;0;0;0;0;0;0;0;-25;-25;-25;18;0;0
6358;皇甫承轩;Huangfu Chengxuan;7;1;0;0;0;0;0;0;0;0;0;0;0;0;-25;-25;-25;18;0;0
6359;关宁;Guan Ning;7;1;0;0;0;0;0;0;0;0;0;0;0;0;-25;-25;-25;18;0;0
6360;王昊宇;Wang Haoyu;7;1;0;0;0;0;0;0;0;0;0;0;0;0;-25;-25;-25;18;0;0
6361;德蒙特-爱德华兹;D'Montre Edwards;7;3;0;0;0;0;0;0;0;0;0;0;0;0;-25;-25;-25;18;0;0
6362;卢瓦尔-阿丘尔;Acuil Lual Lual;8;5;0;0;0;0;0;0;0;0;0;0;0;0;-25;-25;-25;18;0;0
6363;徐磊;Xu Lei;7;5;0;0;0;0;0;0;0;0;0;0;0;0;-25;-25;-25;18;0;0
6364;冯学亮;Feng Xueliang;7;2;1;0;0;0;0;0;0;0;0;0;0;0;-25;-25;-25;18;0;0
6365;隋建国;Sui Jianguo;7;3;4;0;0;0;0;0;0;0;0;0;0;0;-25;-25;-25;18;0;0
6366;徐贵军;Xu Guijun;7;3;4;0;0;0;0;0;0;0;0;0;0;0;-25;-25;-25;18;0;0
6367;张骥;Zhang Ji;7;5;0;0;0;0;0;0;0;0;0;0;0;0;-25;-25;-25;18;0;0
6368;凤雷;Fenglei;7;2;1;0;0;0;0;0;0;0;0;0;0;0;-25;-25;-25;18;0;0
6369;吕本强;Lv Benqiang;7;5;0;0;0;0;0;0;0;0;0;0;0;0;-25;-25;-25;18;0;0
6370;达雷尔-沃特金斯;Darryl Watkins;7;2;1;0;0;0;0;0;0;0;0;0;0;0;-25;-25;-25;18;0;0
6371;塞隆-史密斯;Theron Smith;7;4;3;0;0;0;0;0;0;0;0;0;0;0;-25;-25;-25;18;0;0
6372;赫尔维-拉米扎纳;Herve Lamizana;8;5;4;0;0;0;0;0;0;0;0;0;0;0;-25;-25;-25;18;0;0
6373;罗尼-法赫德;Rony Fahed;7;1;2;0;0;0;0;0;0;0;0;0;0;0;-25;-25;-25;18;0;0
6374;王路扬;Wang Luyang;7;2;1;0;0;0;0;0;0;0;0;0;0;0;-25;-25;-25;18;0;0
6375;张智涵;Zhang Zhihan;7;3;4;0;0;0;0;0;0;0;0;0;0;0;-25;-25;-25;18;0;0
6376;孟祥龙;Meng Xianglong;7;4;3;0;0;0;0;0;0;0;0;0;0;0;-25;-25;-25;18;0;0
6377;李超;Li Chao;7;3;4;0;0;0;0;0;0;0;0;0;0;0;-25;-25;-25;18;0;0
6378;弗侬-汉密尔顿;Vernon Hamilton;7;1;2;0;0;0;0;0;0;0;0;0;0;0;-25;-25;-25;18;0;0
6379;申屠骏;Shentu Jun;7;2;1;0;0;0;0;0;0;0;0;0;0;0;-25;-25;-25;18;0;0
6380;闫明方;Yan Mingfang;7;4;3;0;0;0;0;0;0;0;0;0;0;0;-25;-25;-25;18;0;0
6381;黄泽;Huang Ze;7;2;1;0;0;0;0;0;0;0;0;0;0;0;-25;-25;-25;18;0;0
6382;田野;Tian Ye;7;2;1;0;0;0;0;0;0;0;0;0;0;0;-25;-25;-25;18;0;0
6383;许建麒;Xu Jianqi;7;4;3;0;0;0;0;0;0;0;0;0;0;0;-25;-25;-25;18;0;0
6384;冯岩;Feng Yan;7;2;1;0;0;0;0;0;0;0;0;0;0;0;-25;-25;-25;18;0;0
6385;冯束言;Feng Shuyan;7;2;1;0;0;0;0;0;0;0;0;0;0;0;-25;-25;-25;18;0;0
6386;田垒;Tian Lei;7;3;4;0;0;0;0;0;0;0;0;0;0;0;-25;-25;-25;18;0;0
6387;陈卓;Chen Zhuo;7;2;1;0;0;0;0;0;0;0;0;0;0;0;-25;-25;-25;18;0;0
6388;张晓阳;Zhang Xiaoyang;7;5;0;0;0;0;0;0;0;0;0;0;0;0;-25;-25;-25;18;0;0
6389;高森堡;Gaosenbao;7;3;4;0;0;0;0;0;0;0;0;0;0;0;-25;-25;-25;18;0;0
6390;卡斯珀-威尔;Casper Ware;7;2;1;0;0;0;0;0;0;0;0;0;0;0;-25;-25;-25;18;0;0
6391;史仪;Shi Yi;7;2;1;0;0;0;0;0;0;0;0;0;0;0;-25;-25;-25;18;0;0
6392;尤金-杰特;Eugene Jeter;9;1;0;0;0;0;0;0;0;0;0;0;0;0;-25;-25;-25;18;0;0
6393;韩博林;Han Bolin;7;4;3;0;0;0;0;0;0;0;0;0;0;0;-25;-25;-25;18;0;0
6394;栾晓君;Luan Xiaojun;7;5;0;0;0;0;0;0;0;0;0;0;0;0;-25;-25;-25;18;0;0
6395;潘宁;pan ning;7;5;0;0;0;0;0;0;0;0;0;0;0;0;-25;-25;-25;18;0;0
6396;关健;Guan Jian;7;4;0;0;0;0;0;0;0;0;0;0;0;0;-25;-25;-25;18;0;0
6397;李林风;Li Linfeng;7;1;0;0;0;0;0;0;0;0;0;0;0;0;-25;-25;-25;18;0;0
6398;赵明刚;Zhao Minggang;7;5;0;0;0;0;0;0;0;0;0;0;0;0;-25;-25;-25;18;0;0
6399;克拉伦斯-特罗特三世;C.J. Trotter;7;1;0;0;0;0;0;0;0;0;0;0;0;0;-25;-25;-25;18;0;0
6400;段丰伟;Duan Fengwei;7;1;0;0;0;0;0;0;0;0;0;0;0;0;-25;-25;-25;18;0;0
6401;谢立石;Xie Lishi;7;2;0;0;0;0;0;0;0;0;0;0;0;0;-25;-25;-25;18;0;0
6402;纪敏尚;Ji Minshang;7;5;0;0;0;0;0;0;0;0;0;0;0;0;-25;-25;-25;18;0;0
6403;苑晓平;Yuan Xiaoping;7;3;4;0;0;0;0;0;0;0;0;0;0;0;-25;-25;-25;18;0;0
6404;成志明;Cheng Zhiming;7;4;3;0;0;0;0;0;0;0;0;0;0;0;-25;-25;-25;18;0;0
6405;杨文海;Yang Wenhai;7;2;1;0;0;0;0;0;0;0;0;0;0;0;-25;-25;-25;18;0;0
6406;王龙;Wang Long;7;5;0;0;0;0;0;0;0;0;0;0;0;0;-25;-25;-25;18;0;0
6407;于仁杰;Yu Renjie;7;1;2;0;0;0;0;0;0;0;0;0;0;0;-25;-25;-25;18;0;0
6408;王大春;Wang Dachun;7;2;1;0;0;0;0;0;0;0;0;0;0;0;-25;-25;-25;18;0;0
6409;徐长锁;Xu Changsuo;7;1;2;0;0;0;0;0;0;0;0;0;0;0;-25;-25;-25;18;0;0
6410;鞠维松;Ju Weisong;7;2;1;0;0;0;0;0;0;0;0;0;0;0;-25;-25;-25;18;0;0
6411;安广廷;An Guangting;7;1;2;0;0;0;0;0;0;0;0;0;0;0;-25;-25;-25;18;0;0
6412;谢尔盖-塔拉索夫;Tarassov Serguei;7;3;4;0;0;0;0;0;0;0;0;0;0;0;-25;-25;-25;18;0;0
6413;亚历山大-埃格罗夫;Aleksandr Egorov;7;5;0;0;0;0;0;0;0;0;0;0;0;0;-25;-25;-25;18;0;0
6414;栾明杰;Luan Mingjie;7;1;2;0;0;0;0;0;0;0;0;0;0;0;-25;-25;-25;18;0;0
6415;哈姆-雷顿;Ham Layton;7;4;3;0;0;0;0;0;0;0;0;0;0;0;-25;-25;-25;18;0;0
6416;高杰;Gao Jie;7;2;1;0;0;0;0;0;0;0;0;0;0;0;-25;-25;-25;18;0;0
6417;叶楠;Ye Nan;7;1;2;0;0;0;0;0;0;0;0;0;0;0;-25;-25;-25;18;0;0
6418;达柳斯-希尔陶塔斯;Darius Sirtautas;7;2;1;0;0;0;0;0;0;0;0;0;0;0;-25;-25;-25;18;0;0
6419;曲绍华;Qu Shaohua;7;3;4;0;0;0;0;0;0;0;0;0;0;0;-25;-25;-25;18;0;0
6420;罗兰达斯-乌尔基斯;Rolandas Urkis;7;5;0;0;0;0;0;0;0;0;0;0;0;0;-25;-25;-25;18;0;0
6421;马尔蒂纳斯-普尔里斯;Martynas Purlys;7;1;2;0;0;0;0;0;0;0;0;0;0;0;-25;-25;-25;18;0;0
6422;孙中成;Sun Zhongcheng;7;5;0;0;0;0;0;0;0;0;0;0;0;0;-25;-25;-25;18;0;0
6423;辛-科尔;Schin Kerr;7;3;2;0;0;0;0;0;0;0;0;0;0;0;-25;-25;-25;18;0;0
6424;魏志;Wei Zhi;7;5;0;0;0;0;0;0;0;0;0;0;0;0;-25;-25;-25;18;0;0
6425;希亚-希尔斯;Shea Seals;7;2;0;0;0;0;0;0;0;0;0;0;0;0;-25;-25;-25;18;0;0
6426;杜安-辛普金斯;Duane Simpkins;7;2;1;0;0;0;0;0;0;0;0;0;0;0;-25;-25;-25;18;0;0
6427;布莱恩-亨德里克;Brian Hendrick;7;5;0;0;0;0;0;0;0;0;0;0;0;0;-25;-25;-25;18;0;0
6428;郭磊;Guo Lei;7;3;4;0;0;0;0;0;0;0;0;0;0;0;-25;-25;-25;18;0;0
6429;陈晓东;Chen Xiaodong;7;3;4;0;0;0;0;0;0;0;0;0;0;0;-25;-25;-25;18;0;0
6430;宋宝利;Song Baoli;7;5;0;0;0;0;0;0;0;0;0;0;0;0;-25;-25;-25;18;0;0
6431;麦克-图科;Mack Tuck;7;3;4;0;0;0;0;0;0;0;0;0;0;0;-25;-25;-25;18;0;0
6432;塞德里克-苏特;Cedric Suter;7;5;0;0;0;0;0;0;0;0;0;0;0;0;-25;-25;-25;18;0;0
6433;马库斯-弗莱明;Marcus Fleming;7;4;2;0;0;0;0;0;0;0;0;0;0;0;-25;-25;-25;18;0;0
6434;乔尔-琼斯;Joel Jones;7;3;4;0;0;0;0;0;0;0;0;0;0;0;-25;-25;-25;18;0;0
6435;曹振华;Cao Zhenhua;7;4;3;0;0;0;0;0;0;0;0;0;0;0;-25;-25;-25;18;0;0
6436;埃迪-福布斯;Eddie Forbes;7;5;0;0;0;0;0;0;0;0;0;0;0;0;-25;-25;-25;18;0;0
6437;徐家良;Xu Jialiang;7;4;3;0;0;0;0;0;0;0;0;0;0;0;-25;-25;-25;18;0;0
6438;邹易霖;Zou Yilin;7;3;4;0;0;0;0;0;0;0;0;0;0;0;-25;-25;-25;18;0;0
6439;吴轲;Wu Ke;7;5;0;0;0;0;0;0;0;0;0;0;0;0;-25;-25;-25;18;0;0
6440;曲振杰;Qu Zhenjie;7;4;3;0;0;0;0;0;0;0;0;0;0;0;-25;-25;-25;18;0;0
6441;睢冉;Sui Ran;7;2;1;0;0;0;0;0;0;0;0;0;0;0;-25;-25;-25;18;0;0
6442;萨马基-沃克;Samaki Walker;7;5;0;0;0;0;0;0;0;0;0;0;0;0;-25;-25;-25;18;0;0
6443;李信;Li Xin;7;3;4;0;0;0;0;0;0;0;0;0;0;0;-25;-25;-25;18;0;0
6444;陈世念;Chen Shinian;7;2;1;0;0;0;0;0;0;0;0;0;0;0;-25;-25;-25;18;0;0
6445;苏海强;Su Haiqiang;7;1;2;0;0;0;0;0;0;0;0;0;0;0;-25;-25;-25;18;0;0
6446;徐煜峰;Xu Yufeng;7;5;0;0;0;0;0;0;0;0;0;0;0;0;-25;-25;-25;18;0;0
6447;文雁行;Wen Yanxing;7;2;1;0;0;0;0;0;0;0;0;0;0;0;-25;-25;-25;18;0;0
6448;王文宇;Wang Wenyu;7;1;0;0;0;0;0;0;0;0;0;0;0;0;-25;-25;-25;18;0;0
6449;钟国才;Zhong Guocai;7;5;0;0;0;0;0;0;0;0;0;0;0;0;-25;-25;-25;18;0;0
6450;托尼-马索普;Tony Massop;7;4;3;0;0;0;0;0;0;0;0;0;0;0;-25;-25;-25;18;0;0
6451;大卫-范特普尔;David Vanterpool;7;1;2;0;0;0;0;0;0;0;0;0;0;0;-25;-25;-25;18;0;0
6452;郑立鹏;Zheng Lipeng;7;4;3;0;0;0;0;0;0;0;0;0;0;0;-25;-25;-25;18;0;0
6453;张挺;Zhang Ting;7;1;2;0;0;0;0;0;0;0;0;0;0;0;-25;-25;-25;18;0;0
6454;王永波;Wang Yongbo;7;3;4;0;0;0;0;0;0;0;0;0;0;0;-25;-25;-25;18;0;0
6455;聂金强;Nie Jinqiang;7;2;1;0;0;0;0;0;0;0;0;0;0;0;-25;-25;-25;18;0;0
6456;塞斯-桑德伯格;Seth Sandberg;7;5;0;0;0;0;0;0;0;0;0;0;0;0;-25;-25;-25;18;0;0
6457;肖恩-德尔登;Sean Delden;7;1;2;0;0;0;0;0;0;0;0;0;0;0;-25;-25;-25;18;0;0
6458;穆罕默德-尼昂;Mohamed Niang;7;5;4;0;0;0;0;0;0;0;0;0;0;0;-25;-25;-25;18;0;0
6459;罗德-格里格尔;Roderick Gregoire;7;1;2;0;0;0;0;0;0;0;0;0;0;0;-25;-25;-25;18;0;0
6460;尹玥;Yin Yue;7;4;3;0;0;0;0;0;0;0;0;0;0;0;-25;-25;-25;18;0;0
6461;黄停;Huang Ting;7;5;0;0;0;0;0;0;0;0;0;0;0;0;-25;-25;-25;18;0;0
6462;李吉峰;Li Jifeng;7;3;4;0;0;0;0;0;0;0;0;0;0;0;-25;-25;-25;18;0;0
6463;本内特;Bennett;7;1;2;0;0;0;0;0;0;0;0;0;0;0;-25;-25;-25;18;0;0
6464;埃奥纳-诺萨;Iona Nossa;7;5;0;0;0;0;0;0;0;0;0;0;0;0;-25;-25;-25;18;0;0
6465;马尔科姆-麦基;Malcolm Mackey;7;5;4;0;0;0;0;0;0;0;0;0;0;0;-25;-25;-25;18;0;0
6466;任传伟;Ren Chuanwei;7;3;4;0;0;0;0;0;0;0;0;0;0;0;-25;-25;-25;18;0;0
6467;王晗;Wang Han;7;4;3;0;0;0;0;0;0;0;0;0;0;0;-25;-25;-25;18;0;0
6468;盖伊-拉克;Guy Rucker;7;5;4;0;0;0;0;0;0;0;0;0;0;0;-25;-25;-25;18;0;0
6469;肖恩尼尔-斯科特;Shawnelle Scott;7;5;0;0;0;0;0;0;0;0;0;0;0;0;-25;-25;-25;18;0;0
6470;梅尔文-惠特克;Melvin Whitaker;7;5;0;0;0;0;0;0;0;0;0;0;0;0;-25;-25;-25;18;0;0
6471;陈韬;Chen Tao;7;2;1;0;0;0;0;0;0;0;0;0;0;0;-25;-25;-25;18;0;0
6472;巴巴卡-卡马拉;Babacar Camara;7;5;0;0;0;0;0;0;0;0;0;0;0;0;-25;-25;-25;18;0;0
6473;徐树森;Xu Shusen;7;2;1;0;0;0;0;0;0;0;0;0;0;0;-25;-25;-25;18;0;0
6474;马岩崧;Ma Yansong;7;1;2;0;0;0;0;0;0;0;0;0;0;0;-25;-25;-25;18;0;0
6475;柳伟;Liu Wei;7;5;0;0;0;0;0;0;0;0;0;0;0;0;-25;-25;-25;18;0;0
6476;施冰兵;Shi Bingbing;7;2;1;0;0;0;0;0;0;0;0;0;0;0;-25;-25;-25;18;0;0
6477;达柳斯-莱斯;Darius Rice;7;5;4;0;0;0;0;0;0;0;0;0;0;0;-25;-25;-25;18;0;0
6478;侯利;Hou Li;7;4;3;0;0;0;0;0;0;0;0;0;0;0;-25;-25;-25;18;0;0
6479;刘磊;Liu Lei;7;2;1;0;0;0;0;0;0;0;0;0;0;0;-25;-25;-25;18;0;0
6480;宋东升;Song Dongsheng;7;3;4;0;0;0;0;0;0;0;0;0;0;0;-25;-25;-25;18;0;0
6481;邢璐;Xing Lu;7;1;2;0;0;0;0;0;0;0;0;0;0;0;-25;-25;-25;18;0;0
6482;张东阳;Zhang Dongyang;7;4;3;0;0;0;0;0;0;0;0;0;0;0;-25;-25;-25;18;0;0
6483;杨玉明;Yang Yuming;7;1;2;0;0;0;0;0;0;0;0;0;0;0;-25;-25;-25;18;0;0
6484;塔希德-卡尔;Tasheed Carr;7;1;2;0;0;0;0;0;0;0;0;0;0;0;-25;-25;-25;18;0;0
6485;徐旭;Xu Xu;7;2;1;0;0;0;0;0;0;0;0;0;0;0;-25;-25;-25;18;0;0
6486;林晨耀;Lin Chenyao;7;4;3;0;0;0;0;0;0;0;0;0;0;0;-25;-25;-25;18;0;0
6487;杨德智;Yang Dezhi;7;3;4;0;0;0;0;0;0;0;0;0;0;0;-25;-25;-25;18;0;0
6488;韩金凯;Han Jinkai;7;3;4;0;0;0;0;0;0;0;0;0;0;0;-25;-25;-25;18;0;0
6489;陆宜桑;Lu Yisang;7;4;5;0;0;0;0;0;0;0;0;0;0;0;-25;-25;-25;18;0;0
6490;伊斯林-阿巴斯;Islam Abbaas;7;4;3;0;0;0;0;0;0;0;0;0;0;0;-25;-25;-25;18;0;0
6491;刘连;Liu Lian;7;4;3;0;0;0;0;0;0;0;0;0;0;0;-25;-25;-25;18;0;0
6492;梁程;Liang Cheng;7;2;1;0;0;0;0;0;0;0;0;0;0;0;-25;-25;-25;18;0;0
6493;德瓦里克-斯宾瑟;Dewarick Spencer;7;1;2;0;0;0;0;0;0;0;0;0;0;0;-25;-25;-25;18;0;0
6494;丹泽尔-鲍尔斯;Denzel Bowles;7;5;4;0;0;0;0;0;0;0;0;0;0;0;-25;-25;-25;18;0;0
6495;萨姆-霍斯金;Sam Hoskin;7;5;4;0;0;0;0;0;0;0;0;0;0;0;-25;-25;-25;18;0;0
6496;蔡晨;Cai Chen;7;4;3;0;0;0;0;0;0;0;0;0;0;0;-25;-25;-25;18;0;0
6497;粱程;Liang Cheng;7;4;3;0;0;0;0;0;0;0;0;0;0;0;-25;-25;-25;18;0;0
6498;殷庭昱;Yin Tingyu;7;3;4;0;0;0;0;0;0;0;0;0;0;0;-25;-25;-25;18;0;0
6499;托尼-米切尔;Tony Rasean Mitchell Jr.;7;3;4;0;0;0;0;0;0;0;0;0;0;0;-25;-25;-25;18;0;0
6500;肖剑;Xiao Jian;7;4;3;0;0;0;0;0;0;0;0;0;0;0;-25;-25;-25;18;0;0
6501;金明;Jin Ming;7;2;1;0;0;0;0;0;0;0;0;0;0;0;-25;-25;-25;18;0;0
6502;耿铭旸;Geng Mingyang;7;3;4;0;0;0;0;0;0;0;0;0;0;0;-25;-25;-25;18;0;0
6503;张锦;Zhang Jin;7;4;3;0;0;0;0;0;0;0;0;0;0;0;-25;-25;-25;18;0;0
6504;夏钰博;Xia Yubo;7;3;0;0;0;0;0;0;0;0;0;0;0;0;-25;-25;-25;18;0;0
6505;朱恩彤;Zhu Entong;7;3;0;0;0;0;0;0;0;0;0;0;0;0;-25;-25;-25;18;0;0
6506;田晨翔;Tian Chenxiang;7;3;4;0;0;0;0;0;0;0;0;0;0;0;-25;-25;-25;18;0;0
6507;吕安宇;Lv Anyu;7;2;0;0;0;0;0;0;0;0;0;0;0;0;-25;-25;-25;18;0;0
6508;刘禹涛;Liu Yutao;7;5;0;0;0;0;0;0;0;0;0;0;0;0;-25;-25;-25;18;0;0
6509;张斌;Zhang Bin;7;5;0;0;0;0;0;0;0;0;0;0;0;0;-25;-25;-25;18;0;0
6510;郑晓生;Zheng Xiaosheng;7;2;1;0;0;0;0;0;0;0;0;0;0;0;-25;-25;-25;18;0;0
6511;于佳宇;Yu Jiayu;7;1;2;0;0;0;0;0;0;0;0;0;0;0;-25;-25;-25;18;0;0
6512;朱世龙;Zhu Shilong;7;2;1;0;0;0;0;0;0;0;0;0;0;0;-25;-25;-25;18;0;0
6513;王晓东;Wang Xiaodong;7;1;2;0;0;0;0;0;0;0;0;0;0;0;-25;-25;-25;18;0;0
6514;郭明震;Guo Mingzhen;7;4;3;0;0;0;0;0;0;0;0;0;0;0;-25;-25;-25;18;0;0
6515;周启新;Zhou Qixin;7;2;1;0;0;0;0;0;0;0;0;0;0;0;-25;-25;-25;18;0;0
6516;徐楠;Xu Nan;7;2;1;0;0;0;0;0;0;0;0;0;0;0;-25;-25;-25;18;0;0
6517;莱恩-洛斯里吉;Ryan Lorthridge;7;1;2;0;0;0;0;0;0;0;0;0;0;0;-25;-25;-25;18;0;0
6518;达蒙-索顿;Damon Thornton;7;4;5;0;0;0;0;0;0;0;0;0;0;0;-25;-25;-25;18;0;0
6519;汤仑;Tang Lun;7;4;3;0;0;0;0;0;0;0;0;0;0;0;-25;-25;-25;18;0;0
6520;孙天农;Sun Tiannong;7;3;4;0;0;0;0;0;0;0;0;0;0;0;-25;-25;-25;18;0;0
6521;甄胜家;Zhen Shengjia;7;4;3;0;0;0;0;0;0;0;0;0;0;0;-25;-25;-25;18;0;0
6522;李航;Li Hang;7;3;4;0;0;0;0;0;0;0;0;0;0;0;-25;-25;-25;18;0;0
6523;尤克-奥卡福;Juke Okafor;7;5;0;0;0;0;0;0;0;0;0;0;0;0;-25;-25;-25;18;0;0
6524;基特-莱莫;Kitwana Rhymer;7;5;0;0;0;0;0;0;0;0;0;0;0;0;-25;-25;-25;18;0;0
6525;杨超;Yang Chao;7;4;3;0;0;0;0;0;0;0;0;0;0;0;-25;-25;-25;18;0;0
6526;陈哲龙;Chen Zhelong;7;1;2;0;0;0;0;0;0;0;0;0;0;0;-25;-25;-25;18;0;0
6527;隋利刚;Sui Ligang;7;2;1;0;0;0;0;0;0;0;0;0;0;0;-25;-25;-25;18;0;0
6528;马里奥-奥斯汀;Mario Austin;7;5;4;0;0;0;0;0;0;0;0;0;0;0;-25;-25;-25;18;0;0
6529;林炜岸;Lin Wei'an;7;2;1;0;0;0;0;0;0;0;0;0;0;0;-25;-25;-25;18;0;0
6530;肖恩-普鲁伊特;Shaun Pruitt;7;5;4;0;0;0;0;0;0;0;0;0;0;0;-25;-25;-25;18;0;0
6531;谢亚财;Xie Yacai;7;2;1;0;0;0;0;0;0;0;0;0;0;0;-25;-25;-25;18;0;0
6532;柳振泳;Liu Zhenyong;7;4;3;0;0;0;0;0;0;0;0;0;0;0;-25;-25;-25;18;0;0
6533;罗意庭;Luo Yiting;7;2;1;0;0;0;0;0;0;0;0;0;0;0;-25;-25;-25;18;0;0
6534;科里-费舍尔;Corey Fisher;7;2;1;0;0;0;0;0;0;0;0;0;0;0;-25;-25;-25;18;0;0
6535;王增杰;Wang Zengjie;7;4;3;0;0;0;0;0;0;0;0;0;0;0;-25;-25;-25;18;0;0
6536;贾里德-菲莫斯;Jarrid Famous;7;5;4;0;0;0;0;0;0;0;0;0;0;0;-25;-25;-25;18;0;0
6537;王润锋;Wang Runfeng;7;3;4;0;0;0;0;0;0;0;0;0;0;0;-25;-25;-25;18;0;0
6538;范宇轩;Fan Yuxuan;7;3;0;0;0;0;0;0;0;0;0;0;0;0;-25;-25;-25;18;0;0
6539;江淮;Jiang Huai;7;1;0;0;0;0;0;0;0;0;0;0;0;0;-25;-25;-25;18;0;0
6540;程峰;Cheng Feng;7;4;5;0;0;0;0;0;0;0;0;0;0;0;-25;-25;-25;18;0;0
6541;王翊雄;Wang Yixiong;7;5;0;0;0;0;0;0;0;0;0;0;0;0;-25;-25;-25;18;0;0
6542;庄战;Zhuang Zhan;7;3;0;0;0;0;0;0;0;0;0;0;0;0;-25;-25;-25;18;0;0
6543;阿迪力-库尔班;Adili Kuerban;7;2;0;0;0;0;0;0;0;0;0;0;0;0;-25;-25;-25;18;0;0
6544;李嘉明;Li Jiaming;7;3;0;0;0;0;0;0;0;0;0;0;0;0;-25;-25;-25;18;0;0
6545;王澄彬;Wang Chengbin;7;5;0;0;0;0;0;0;0;0;0;0;0;0;-25;-25;-25;18;0;0
6546;王文斌;Wang Wenbin;7;2;1;0;0;0;0;0;0;0;0;0;0;0;-25;-25;-25;18;0;0
6547;丁铁;Ding Tie;7;1;2;0;0;0;0;0;0;0;0;0;0;0;-25;-25;-25;18;0;0
6548;王华成;Wang Huacheng;7;2;1;0;0;0;0;0;0;0;0;0;0;0;-25;-25;-25;18;0;0
6549;沈震海;Shen Zhenhai;7;5;0;0;0;0;0;0;0;0;0;0;0;0;-25;-25;-25;18;0;0
6550;许伟;Xu Wei;7;4;3;0;0;0;0;0;0;0;0;0;0;0;-25;-25;-25;18;0;0
6551;杨忠;Yang Zhong;7;4;3;0;0;0;0;0;0;0;0;0;0;0;-25;-25;-25;18;0;0
6552;龚毅;Gong Yi;7;1;2;0;0;0;0;0;0;0;0;0;0;0;-25;-25;-25;18;0;0
6553;庞忠国;Pang Zhongguo;7;2;1;0;0;0;0;0;0;0;0;0;0;0;-25;-25;-25;18;0;0
6554;何小兵;He Xiaobing;7;1;2;0;0;0;0;0;0;0;0;0;0;0;-25;-25;-25;18;0;0
6555;金长庆;Jin Changqing;7;2;1;0;0;0;0;0;0;0;0;0;0;0;-25;-25;-25;18;0;0
6556;张成;Zhang Cheng;7;4;3;0;0;0;0;0;0;0;0;0;0;0;-25;-25;-25;18;0;0
6557;姚青山;Yao Qingshan;7;3;4;0;0;0;0;0;0;0;0;0;0;0;-25;-25;-25;18;0;0
6558;王力;Wang Li;7;2;1;0;0;0;0;0;0;0;0;0;0;0;-25;-25;-25;18;0;0
6559;白江;Baijiang;7;1;2;0;0;0;0;0;0;0;0;0;0;0;-25;-25;-25;18;0;0
6560;杨建华;Yang Jianhua;7;2;1;0;0;0;0;0;0;0;0;0;0;0;-25;-25;-25;18;0;0
6561;王继华;Wang Jihua;7;1;2;0;0;0;0;0;0;0;0;0;0;0;-25;-25;-25;18;0;0
6562;约翰-斯宾瑟;John Spencer;7;5;0;0;0;0;0;0;0;0;0;0;0;0;-25;-25;-25;18;0;0
6563;肯纳德-罗宾逊;Kennard Robinson;7;5;0;0;0;0;0;0;0;0;0;0;0;0;-25;-25;-25;18;0;0
6564;查理-曼特;Charlie Mind;7;5;0;0;0;0;0;0;0;0;0;0;0;0;-25;-25;-25;18;0;0
6565;苑志南;Yuan Zhinan;7;4;3;0;0;0;0;0;0;0;0;0;0;0;-25;-25;-25;18;0;0
6566;任庆喜;Ren Qingxi;7;3;4;0;0;0;0;0;0;0;0;0;0;0;-25;-25;-25;18;0;0
6567;赵斌;Zhao Bin;7;4;3;0;0;0;0;0;0;0;0;0;0;0;-25;-25;-25;18;0;0
6568;卡里姆-罗宾逊;Kareem Robinson;7;5;0;0;0;0;0;0;0;0;0;0;0;0;-25;-25;-25;18;0;0
6569;迪米特里-米纳耶夫;Dmitry Minaev;7;5;0;0;0;0;0;0;0;0;0;0;0;0;-25;-25;-25;18;0;0
6570;郭俊峰;Guo Junfeng;7;3;4;0;0;0;0;0;0;0;0;0;0;0;-25;-25;-25;18;0;0
6571;张国栋;Zhang Guodong;7;4;3;0;0;0;0;0;0;0;0;0;0;0;-25;-25;-25;18;0;0
6572;科思佳;Kesijia;7;2;1;0;0;0;0;0;0;0;0;0;0;0;-25;-25;-25;18;0;0
6573;马磊;Ma Lei;7;4;3;0;0;0;0;0;0;0;0;0;0;0;-25;-25;-25;18;0;0
6574;袁丰;Yuan Feng;7;3;4;0;0;0;0;0;0;0;0;0;0;0;-25;-25;-25;18;0;0
6575;伍满志;Wu Manzhi;7;4;3;0;0;0;0;0;0;0;0;0;0;0;-25;-25;-25;18;0;0
6576;亚历克斯-霍尔科姆;Alex Holcomb;7;4;3;0;0;0;0;0;0;0;0;0;0;0;-25;-25;-25;18;0;0
6577;穆罕默德-沃尼;Mohamed Woni;7;5;0;0;0;0;0;0;0;0;0;0;0;0;-25;-25;-25;18;0;0
6578;钱澄;Qian Cheng;7;3;4;0;0;0;0;0;0;0;0;0;0;0;-25;-25;-25;18;0;0
6579;易凯;Yikai;7;4;3;0;0;0;0;0;0;0;0;0;0;0;-25;-25;-25;18;0;0
6580;理查德-卢戈;Richard Lugo;7;5;0;0;0;0;0;0;0;0;0;0;0;0;-25;-25;-25;18;0;0
6581;西米恩-海利;Simeon Haley;7;5;0;0;0;0;0;0;0;0;0;0;0;0;-25;-25;-25;18;0;0
6582;里昂-德里克斯;Leon Derricks;7;3;4;0;0;0;0;0;0;0;0;0;0;0;-25;-25;-25;18;0;0
6583;刘景;Liu Jing;7;3;4;0;0;0;0;0;0;0;0;0;0;0;-25;-25;-25;18;0;0
6584;孟达;Mengda;7;2;1;0;0;0;0;0;0;0;0;0;0;0;-25;-25;-25;18;0;0
6585;马磊;Ma Lei;7;4;3;0;0;0;0;0;0;0;0;0;0;0;-25;-25;-25;18;0;0
6586;汤米-亚当斯;Tommy Adams;7;2;1;0;0;0;0;0;0;0;0;0;0;0;-25;-25;-25;18;0;0
6587;杰森-克洛茨;Jason Klotz;7;5;0;0;0;0;0;0;0;0;0;0;0;0;-25;-25;-25;18;0;0
6588;卡洛斯-迪克森;Carlos Dixon;7;4;3;0;0;0;0;0;0;0;0;0;0;0;-25;-25;-25;18;0;0
6589;陈丰;Chen Feng;7;2;1;0;0;0;0;0;0;0;0;0;0;0;-25;-25;-25;18;0;0
6590;房辉;Fang Hui;7;3;4;0;0;0;0;0;0;0;0;0;0;0;-25;-25;-25;18;0;0
6591;陈飞;Chen Fei;7;4;3;0;0;0;0;0;0;0;0;0;0;0;-25;-25;-25;18;0;0
6592;雷海姆-布朗;Rahiem Brown;7;5;0;0;0;0;0;0;0;0;0;0;0;0;-25;-25;-25;18;0;0
6593;史新乐;Shi Xinle;7;3;4;0;0;0;0;0;0;0;0;0;0;0;-25;-25;-25;18;0;0
6594;刘亚晖;Liu Yahui;7;4;3;0;0;0;0;0;0;0;0;0;0;0;-25;-25;-25;18;0;0
6595;乔纳森-史密斯;Jonathan Smith;7;3;4;0;0;0;0;0;0;0;0;0;0;0;-25;-25;-25;18;0;0
6596;姜利杨;Jiang Liyang;7;5;0;0;0;0;0;0;0;0;0;0;0;0;-25;-25;-25;18;0;0
6597;布莱恩-布奇;Brian Butch;7;5;0;0;0;0;0;0;0;0;0;0;0;0;-25;-25;-25;18;0;0
6598;毛杨;Mao Yang;7;4;3;0;0;0;0;0;0;0;0;0;0;0;-25;-25;-25;18;0;0
6599;位松;WEI SONG;7;2;1;0;0;0;0;0;0;0;0;0;0;0;-25;-25;-25;18;0;0
6600;安东尼-莱特;Anthony Wright;7;4;3;0;0;0;0;0;0;0;0;0;0;0;-25;-25;-25;18;0;0
6601;本尼-库克尼;Benny Koochoie;7;2;1;0;0;0;0;0;0;0;0;0;0;0;-25;-25;-25;18;0;0
6602;陈修远;Chen Xiuyuan;7;5;0;0;0;0;0;0;0;0;0;0;0;0;-25;-25;-25;18;0;0
6603;艾马德-卡哈沃什;Amad Kahawash;7;1;2;0;0;0;0;0;0;0;0;0;0;0;-25;-25;-25;18;0;0
6604;简浩;Jian Hao;7;4;3;0;0;0;0;0;0;0;0;0;0;0;-25;-25;-25;18;0;0
6605;徐子阳;Xu Ziyang;7;2;1;0;0;0;0;0;0;0;0;0;0;0;-25;-25;-25;18;0;0
6606;戎浩峰;Rong Haofeng;7;2;1;0;0;0;0;0;0;0;0;0;0;0;-25;-25;-25;18;0;0
6607;吴俣成;Wu Minamata Cheng;7;4;3;0;0;0;0;0;0;0;0;0;0;0;-25;-25;-25;18;0;0
6608;张嘉毅;Zhang Jiayi;7;1;2;0;0;0;0;0;0;0;0;0;0;0;-25;-25;-25;18;0;0
6609;孙鑫;Sun Xin;7;2;0;0;0;0;0;0;0;0;0;0;0;0;-25;-25;-25;18;0;0
6610;袁春南;Yuan Chunnan;7;4;0;0;0;0;0;0;0;0;0;0;0;0;-25;-25;-25;18;0;0
6611;佟鑫;Tong Xin;7;3;0;0;0;0;0;0;0;0;0;0;0;0;-25;-25;-25;18;0;0
6612;刘晋廷;Liu Jinting;7;4;0;0;0;0;0;0;0;0;0;0;0;0;-25;-25;-25;18;0;0
6613;刘宇轩;Liu Yuxuan;7;4;0;0;0;0;0;0;0;0;0;0;0;0;-25;-25;-25;18;0;0
6614;郑祺龙;Zheng Qilong;7;4;0;0;0;0;0;0;0;0;0;0;0;0;-25;-25;-25;18;0;0
6615;德文-威廉姆斯;Devin Williams;7;5;4;0;0;0;0;0;0;0;0;0;0;0;-25;-25;-25;18;0;0
6616;主昊;Zhu Hao;7;5;0;0;0;0;0;0;0;0;0;0;0;0;-25;-25;-25;18;0;0
6617;马泽来;Ma Zelai;7;2;0;0;0;0;0;0;0;0;0;0;0;0;-25;-25;-25;18;0;0
6618;王炫;Wang Xuan;7;1;0;0;0;0;0;0;0;0;0;0;0;0;-25;-25;-25;18;0;0
6619;肖天;Xiao Tian;7;4;0;0;0;0;0;0;0;0;0;0;0;0;-25;-25;-25;18;0;0
6620;赵皓然;Zhao Haoran;7;3;2;0;0;0;0;0;0;0;0;0;0;0;-25;-25;-25;18;0;0
6621;马振翔;Ma Zhenxiang;7;4;0;0;0;0;0;0;0;0;0;0;0;0;-25;-25;-25;18;0;0
6622;布兰登-泰勒;Brandon Charles Malik Taylor;7;1;0;0;0;0;0;0;0;0;0;0;0;0;-25;-25;-25;18;0;0
6623;张振虎;Zhang Zhenhu;7;2;1;0;0;0;0;0;0;0;0;0;0;0;-25;-25;-25;18;0;0
6624;迈克尔-埃菲贝哈;Michael Efevberha;7;2;0;0;0;0;0;0;0;0;0;0;0;0;-25;-25;-25;18;0;0
6625;马龙;Ma Long;7;1;2;0;0;0;0;0;0;0;0;0;0;0;-25;-25;-25;18;0;0
6626;贺晓彬;He Xiaobin;7;4;3;0;0;0;0;0;0;0;0;0;0;0;-25;-25;-25;18;0;0
6627;虞恒;Yu Heng;7;5;0;0;0;0;0;0;0;0;0;0;0;0;-25;-25;-25;18;0;0
6628;晏旭;Yan Xu;7;2;1;0;0;0;0;0;0;0;0;0;0;0;-25;-25;-25;18;0;0
6629;姚锴夫;Yao Kaifu;7;4;3;0;0;0;0;0;0;0;0;0;0;0;-25;-25;-25;18;0;0
6630;张晨涛;Zhang Chentao;7;2;1;0;0;0;0;0;0;0;0;0;0;0;-25;-25;-25;18;0;0
6631;徐韬;Xu Tao;7;5;0;0;0;0;0;0;0;0;0;0;0;0;-25;-25;-25;18;0;0
6632;方伟健;Fang Weijian;7;4;3;0;0;0;0;0;0;0;0;0;0;0;-25;-25;-25;18;0;0
6633;钟一帆;Zhong Yifan;7;2;1;0;0;0;0;0;0;0;0;0;0;0;-25;-25;-25;18;0;0
6634;张瀚月;Zhang Hanyue;7;5;0;0;0;0;0;0;0;0;0;0;0;0;-25;-25;-25;18;0;0
6635;张海阔;Zhang Haikuo;7;1;0;0;0;0;0;0;0;0;0;0;0;0;-25;-25;-25;18;0;0
6636;胡林森;Hu Linsen;7;3;0;0;0;0;0;0;0;0;0;0;0;0;-25;-25;-25;18;0;0
6637;莫蒙尘;Mo Mengchen;7;2;0;0;0;0;0;0;0;0;0;0;0;0;-25;-25;-25;18;0;0
6638;郭治瀚;Guo Zhihan;7;3;0;0;0;0;0;0;0;0;0;0;0;0;-25;-25;-25;18;0;0
6639;陈浩南;Chen Haonan;7;2;3;0;0;0;0;0;0;0;0;0;0;0;-25;-25;-25;18;0;0
6640;邱嘉伟;Qiu Jiawei;7;5;0;0;0;0;0;0;0;0;0;0;0;0;-25;-25;-25;18;0;0
6641;朱松玮;Zhu Songwei;8;4;0;0;0;0;0;0;0;0;0;0;0;0;-25;-25;-25;18;0;0
6642;李林岳;Li Linyue;7;1;0;0;0;0;0;0;0;0;0;0;0;0;-25;-25;-25;18;0;0
6643;斯特林-曼利;Sterling Manley;7;5;0;0;0;0;0;0;0;0;0;0;0;0;-25;-25;-25;18;0;0
6644;马兰-维尔;Marlain Veal;8;1;0;0;0;0;0;0;0;0;0;0;0;0;-25;-25;-25;18;0;0
6645;肖傈仁;Xiao Liren;7;3;0;0;0;0;0;0;0;0;0;0;0;0;-25;-25;-25;18;0;0
6646;阿的江;A'di Jiang;8;2;1;0;0;0;0;0;0;0;0;0;0;0;-25;-25;-25;18;0;0
6647;刘强;Liu Qiang;8;3;4;0;0;0;0;0;0;0;0;0;0;0;-25;-25;-25;18;0;0
6648;李霖;Li Lin;7;1;2;0;0;0;0;0;0;0;0;0;0;0;-25;-25;-25;18;0;0
6649;张涛;Zhang Tao;7;4;3;0;0;0;0;0;0;0;0;0;0;0;-25;-25;-25;18;0;0
6650;张劲松;Zhang Jinsong;8;2;1;0;0;0;0;0;0;0;0;0;0;0;-25;-25;-25;18;0;0
6651;李可;Li Ke;8;5;0;0;0;0;0;0;0;0;0;0;0;0;-25;-25;-25;18;0;0
6652;陈可;Chen Ke;8;4;3;0;0;0;0;0;0;0;0;0;0;0;-25;-25;-25;18;0;0
6653;史勇;Shi Yong;8;5;0;0;0;0;0;0;0;0;0;0;0;0;-25;-25;-25;18;0;0
6654;罗汉;Luo Han;8;5;0;0;0;0;0;0;0;0;0;0;0;0;-25;-25;-25;18;0;0
6655;柏杨;Baiyang;8;5;0;0;0;0;0;0;0;0;0;0;0;0;-25;-25;-25;18;0;0
6656;范斌;Fan Bin;8;2;1;0;0;0;0;0;0;0;0;0;0;0;-25;-25;-25;18;0;0
6657;周鑫鑫;Zhou Xinxin;8;1;2;0;0;0;0;0;0;0;0;0;0;0;-25;-25;-25;18;0;0
6658;莫科;Mo Ke;8;5;0;0;0;0;0;0;0;0;0;0;0;0;-25;-25;-25;18;0;0
6659;杨光;Yang Guang;8;4;3;0;0;0;0;0;0;0;0;0;0;0;-25;-25;-25;18;0;0
6660;胡克;Hu Ke;8;5;0;0;0;0;0;0;0;0;0;0;0;0;-25;-25;-25;18;0;0
6661;吴谦;Wu Qian;8;5;0;0;0;0;0;0;0;0;0;0;0;0;-25;-25;-25;18;0;0
6662;王中光;Wang Zhongguang;8;2;1;0;0;0;0;0;0;0;0;0;0;0;-25;-25;-25;18;0;0
6663;付雪良;Fu Xueliang;8;4;3;0;0;0;0;0;0;0;0;0;0;0;-25;-25;-25;18;0;0
6664;邸晓伟;Di Xiaowei;8;3;4;0;0;0;0;0;0;0;0;0;0;0;-25;-25;-25;18;0;0
6665;陈臣;Chen Chen;8;4;3;0;0;0;0;0;0;0;0;0;0;0;-25;-25;-25;18;0;0
6666;凯赛尔江;Kai Saierjiang;8;2;1;0;0;0;0;0;0;0;0;0;0;0;-25;-25;-25;18;0;0
6667;王润鹏;Wang Runpeng;8;4;3;0;0;0;0;0;0;0;0;0;0;0;-25;-25;-25;18;0;0
6668;张博;Zhang Bo;8;3;4;0;0;0;0;0;0;0;0;0;0;0;-25;-25;-25;18;0;0
6669;许晋龙;Xu Jinlong;8;5;0;0;0;0;0;0;0;0;0;0;0;0;-25;-25;-25;18;0;0
6670;余晨;Yu Chen;8;5;0;0;0;0;0;0;0;0;0;0;0;0;-25;-25;-25;18;0;0
6671;曹岩;Cao Yan;8;3;4;0;0;0;0;0;0;0;0;0;0;0;-25;-25;-25;18;0;0
6672;米尔扎提;Mirzati;8;2;1;0;0;0;0;0;0;0;0;0;0;0;-25;-25;-25;18;0;0
6673;王俊霖;Wang Junlin;8;3;4;0;0;0;0;0;0;0;0;0;0;0;-25;-25;-25;18;0;0
6674;莱昂纳德-兰道尔二世;LEONARD RANDALLⅡ;7;3;0;0;0;0;0;0;0;0;0;0;0;0;-25;-25;-25;18;0;0
6675;罗纳德-马奇;RONALD MARCH;7;3;0;0;0;0;0;0;0;0;0;0;0;0;-25;-25;-25;18;0;0
6676;芒格-马帝昂;MANGOK MATHIANG;7;4;0;0;0;0;0;0;0;0;0;0;0;0;-25;-25;-25;18;0;0
6677;乔丹-霍华德;JORDAN HOWARD;7;2;0;0;0;0;0;0;0;0;0;0;0;0;-25;-25;-25;18;0;0
6678;肯德尔-史密斯;KENDALL SMITH;7;2;0;0;0;0;0;0;0;0;0;0;0;0;-25;-25;-25;18;0;0
6679;杰里迈亚-蒂尔蒙;JEREMIAH TILMON;7;5;0;0;0;0;0;0;0;0;0;0;0;0;-25;-25;-25;18;0;0
6680;马凯尔-约翰逊;MARKELL JOHNSON;7;1;0;0;0;0;0;0;0;0;0;0;0;0;-25;-25;-25;18;0;0
6681;特雷沃-汤普森;TREVOR THOMPSON;7;5;0;0;0;0;0;0;0;0;0;0;0;0;-25;-25;-25;18;0;0
6682;约书亚-卡尔顿;JOSHUA CARLTON;7;5;0;0;0;0;0;0;0;0;0;0;0;0;-25;-25;-25;18;0;0
6683;马库斯-拉维特;MARCUS LOVETT;7;2;1;0;0;0;0;0;0;0;0;0;0;0;-25;-25;-25;18;0;0
6684;帕里斯-巴斯;PARIS BASS;8;4;5;0;0;0;0;0;0;0;0;0;0;0;-25;-25;-25;18;0;0
6685;盖比埃尔-约克;GABRIEL YORK;8;1;2;0;0;0;0;0;0;0;0;0;0;0;-25;-25;-25;18;0;0
6686;易卜拉希马-法耶;IBRAHIMA FAYE;8;4;0;0;0;0;0;0;0;0;0;0;0;0;-25;-25;-25;18;0;0
6687;理查德-所罗门;RICHARD SOLOMON;7;5;4;0;0;0;0;0;0;0;0;0;0;0;-25;-25;-25;18;0;0
6688;戴德里克-劳森;DEDRIC LAWSON;9;4;0;0;0;0;0;0;0;0;0;0;0;0;-25;-25;-25;18;0;0
6689;尼文-格洛弗;NIVEN GLOVER;7;1;0;0;0;0;0;0;0;0;0;0;0;0;-25;-25;-25;18;0;0
6690;马林-马里奇;MARIN MARIC;8;5;0;0;0;0;0;0;0;0;0;0;0;0;-25;-25;-25;18;0;0
6691;马库斯-乔治斯-亨特;MARCUS GEORGES-HUNT;8;3;0;0;0;0;0;0;0;0;0;0;0;0;-25;-25;-25;18;0;0
6692;克里斯特-库马杰;CHRIST KOUMADJE;7;5;0;0;0;0;0;0;0;0;0;0;0;0;-25;-25;-25;18;0;0
6693;拉肖恩-托马斯;RASHAWN THOMAS;7;4;5;0;0;0;0;0;0;0;0;0;0;0;-25;-25;-25;18;0;0
6694;贝利-斯蒂尔;BAYLEE STEELE;7;5;0;0;0;0;0;0;0;0;0;0;0;0;-25;-25;-25;18;0;0
6695;贾文特-霍金斯;JAVONTAE HAWKINS;7;2;0;0;0;0;0;0;0;0;0;0;0;0;-25;-25;-25;18;0;0
6696;布巴卡尔-图雷;BOUBACAR TOURE;6;5;0;0;0;0;0;0;0;0;0;0;0;0;-25;-25;-25;18;0;0
6697;弗拉迪斯拉夫-科伦纽克;VLADYSLAV KORENIUK;7;5;0;0;0;0;0;0;0;0;0;0;0;0;-25;-25;-25;18;0;0
6698;特拉维斯-特莱斯;TRAVIS TRICE;8;1;0;0;0;0;0;0;0;0;0;0;0;0;-25;-25;-25;18;0;0
6699;塔杰尔-麦考尔;TAHJERE MCCALL;7;2;1;0;0;0;0;0;0;0;0;0;0;0;-25;-25;-25;18;0;0
6700;威廉-道格拉斯;WILLIAM DOUGLAS;7;1;2;0;0;0;0;0;0;0;0;0;0;0;-25;-25;-25;18;0;0
6701;泰肖恩-克劳福德;TYSHAUN CRAWFORD;7;5;0;0;0;0;0;0;0;0;0;0;0;0;-25;-25;-25;18;0;0
6702;达维恩-沃伦;DAVION WARREN;7;1;2;0;0;0;0;0;0;0;0;0;0;0;-25;-25;-25;18;0;0
6703;卡威尔-毕格柏-威廉姆斯;KAVELL BIGBY-WILLIAMS;7;5;0;0;0;0;0;0;0;0;0;0;0;0;-25;-25;-25;18;0;0
6704;托马斯-基兹林克;TOMAS KYZLINK;7;3;2;0;0;0;0;0;0;0;0;0;0;0;-25;-25;-25;18;0;0
6705;詹姆斯-汤普森;JAMES THOMPSON;7;5;0;0;0;0;0;0;0;0;0;0;0;0;-25;-25;-25;18;0;0
6706;唐奈尔-库珀;DONELL COOPER;7;1;0;0;0;0;0;0;0;0;0;0;0;0;-25;-25;-25;18;0;0
6707;乌莫贾-吉布森;UMOJA GIBSON;7;2;1;0;0;0;0;0;0;0;0;0;0;0;-25;-25;-25;18;0;0
6708;海登-布兰克利;HAYDEN BLANKLEY;7;3;4;0;0;0;0;0;0;0;0;0;0;0;-25;-25;-25;18;0;0
6709;托马-厄泰尔;THOMAS HEURTEL;7;1;0;0;0;0;0;0;0;0;0;0;0;0;-25;-25;-25;18;0;0
6710;李信仪;Li Xinyi;8;4;0;0;0;0;0;0;0;0;0;0;0;0;-25;-25;-25;18;0;0
6711;罗纳德-德尔福;RONALD DELPH;7;5;0;0;0;0;0;0;0;0;0;0;0;0;-25;-25;-25;18;0;0
6712;杰坎-刘易斯;JEQUAN LEWIS;7;1;0;0;0;0;0;0;0;0;0;0;0;0;-25;-25;-25;18;0;0
6713;阿多尼斯-阿姆斯;ADONIS ARMS;6;1;2;0;0;0;0;0;0;0;0;0;0;0;-25;-25;-25;18;0;0
6714;职闯;Zhi Chuang;5;1;0;0;0;0;0;0;0;0;0;0;0;0;-25;-25;-25;18;0;0
6715;张鹏珲;Zhang Pengyue;5;3;0;0;0;0;0;0;0;0;0;0;0;0;-25;-25;-25;18;0;0
6716;李秉聪;Li Bingcong;6;2;3;0;0;0;0;0;0;0;0;0;0;0;-25;-25;-25;18;0;0
6717;费奕晨;Fei Yichen;5;2;1;0;0;0;0;0;0;0;0;0;0;0;-25;-25;-25;18;0;0
6718;江林俊;Jiang Linjun;5;3;2;0;0;0;0;0;0;0;0;0;0;0;-25;-25;-25;18;0;0
6719;郑晓钢;Zheng Xiaogang;5;1;2;0;0;0;0;0;0;0;0;0;0;0;-25;-25;-25;18;0;0
6720;彰华非;Changhua Fei;7;2;0;0;0;0;0;0;0;0;0;0;0;0;-25;-25;-25;18;0;0
6721;杨溢;Yang Yi;7;1;0;0;0;0;0;0;0;0;0;0;0;0;-25;-25;-25;18;0;0
6722;李文昊;Li Wenhao;5;2;0;0;0;0;0;0;0;0;0;0;0;0;-25;-25;-25;18;0;0
6723;袁照耀;Yuan Zhaoguang;5;3;0;0;0;0;0;0;0;0;0;0;0;0;-25;-25;-25;18;0;0
6724;于米提-赛达克;Yumiti Saidak;6;2;3;0;0;0;0;0;0;0;0;0;0;0;-25;-25;-25;18;0;0
6725;李健豪;Li Jianhao;5;3;4;0;0;0;0;0;0;0;0;0;0;0;-25;-25;-25;18;0;0
6726;陈冠岐;Chen Guanqi;5;3;0;0;0;0;0;0;0;0;0;0;0;0;-25;-25;-25;18;0;0
6727;李佳朝;Li Jiachao;5;1;0;0;0;0;0;0;0;0;0;0;0;0;-25;-25;-25;18;0;0
6728;言恒栋;Yan Hengdong;5;1;0;0;0;0;0;0;0;0;0;0;0;0;-25;-25;-25;18;0;0
6729;张航源;Zhang Hangyuan;5;5;0;0;0;0;0;0;0;0;0;0;0;0;-25;-25;-25;18;0;0
6730;黄秋实;Huang Qiushi;7;5;0;0;0;0;0;0;0;0;0;0;0;0;-25;-25;-25;18;0;0
6731;张陈治锋;Zhang Chen Zhifeng;7;5;0;0;0;0;0;0;0;0;0;0;0;0;-25;-25;-25;18;0;0
6732;任序航;Ren Xu Hang;6;5;0;0;0;0;0;0;0;0;0;0;0;0;-25;-25;-25;18;0;0
6733;陆翊铭;Lu Yiming;5;1;0;0;0;0;0;0;0;0;0;0;0;0;-25;-25;-25;18;0;0
6734;焦钟毅;Jiao Zhongyi;5;1;0;0;0;0;0;0;0;0;0;0;0;0;-25;-25;-25;18;0;0
6735;宫子轩;Gong Zixuan;5;3;0;0;0;0;0;0;0;0;0;0;0;0;-25;-25;-25;18;0;0
6736;偰李永炜;Li Yongwei;7;1;2;0;0;0;0;0;0;0;0;0;0;0;-25;-25;-25;18;0;0
6737;赵森;Zhao Sen;5;4;3;0;0;0;0;0;0;0;0;0;0;0;-25;-25;-25;18;0;0
6738;段睿骐;Duan Ruiqi;8;3;4;0;0;0;0;0;0;0;0;0;0;0;-25;-25;-25;18;0;0
6739;何驰宇;He Chiyu;6;1;0;0;0;0;0;0;0;0;0;0;0;0;-25;-25;-25;18;0;0
6740;孙承信;Sun Chengxin;5;1;0;0;0;0;0;0;0;0;0;0;0;0;-25;-25;-25;18;0;0
6741;马如一;Ma Ruyi;5;2;3;0;0;0;0;0;0;0;0;0;0;0;-25;-25;-25;18;0;0
6742;葛浩然;Ge Haoran;5;1;2;0;0;0;0;0;0;0;0;0;0;0;-25;-25;-25;18;0;0
6743;林逸锋;Lin Yifeng;5;3;4;0;0;0;0;0;0;0;0;0;0;0;-25;-25;-25;18;0;0
6744;李洪波;Li Hongbo;5;1;2;0;0;0;0;0;0;0;0;0;0;0;-25;-25;-25;18;0;0
6745;侯孟泽;Hou Mengze;6;2;1;0;0;0;0;0;0;0;0;0;0;0;-25;-25;-25;18;0;0
6746;蔡束林森;Cai Shulinsen;6;3;0;0;0;0;0;0;0;0;0;0;0;0;-25;-25;-25;18;0;0
6747;李泽邦;Li Zebang;6;3;0;0;0;0;0;0;0;0;0;0;0;0;-25;-25;-25;18;0;0
6748;郇斯楠;Huan Sinan;9;5;0;0;0;0;0;0;0;0;0;0;0;0;-25;-25;-25;18;0;0
6749;雷文特·莱斯;RAYVONTE RICE;6;2;3;0;0;0;0;0;0;0;0;0;0;0;-25;-25;-25;18;0;0
6750;凯斯-比恩;Keith Bean;7;5;0;0;0;0;0;0;0;0;0;0;0;0;-25;-25;-25;18;0;0
6751;乔纳森-吉布森;Jonathan Gibson;8;1;2;0;0;0;0;0;0;0;0;0;0;0;-25;-25;-25;18;0;0
6752;吴楠;Wu Nan;7;3;0;0;0;0;0;0;0;0;0;0;0;0;-25;-25;-25;18;0;0
6753;王冠翔;Wang Guanxiang;7;3;0;0;0;0;0;0;0;0;0;0;0;0;-25;-25;-25;18;0;0
6754;淡厚然;Houran Dan;8;5;0;0;0;0;0;0;0;0;0;0;0;0;-25;-25;-25;18;0;0
6755;郇斯枫;Huan Sifeng;8;5;0;0;0;0;0;0;0;0;0;0;0;0;-25;-25;-25;18;0;0
6756;朱正;Jacob Zhu;8;1;2;0;0;0;0;0;0;0;0;0;0;0;-25;-25;-25;18;0;0
6757;詹姆斯-韦伯;JAMES WEBB;8;4;0;0;0;0;0;0;0;0;0;0;0;0;-25;-25;-25;18;0;0
6758;马蒂奇-莱比奇;MATIC REBEC;8;1;0;0;0;0;0;0;0;0;0;0;0;0;-25;-25;-25;18;0;0
6759;张博源;Zhang Boyuan;9;3;4;0;0;0;0;0;0;0;0;0;0;0;-25;-25;-25;18;0;0
6760;戈德温·奥梅纳卡;GODWIN OMENAKA;8;4;5;0;0;0;0;0;0;0;0;0;0;0;-25;-25;-25;18;0;0
6761;邹雨辰;Zou Yuchen;8;5;0;0;0;0;0;0;0;0;0;0;0;0;-25;-25;-25;18;0;0