image;name;nameBirth;potential;positionFirst;positionSecond;skillPass;skillShotInterior;skillShotExterior;skillShotFree;skillPhysique;skillBlock;skillRebound;skillSteal;tendencyIn;tendencyEx;tendencyFr;ATT;DEF;Ranks;age;draft;info;stateHeight;stateWeight
1;迈克尔-乔丹;Michael Jordan;11;2;3;0;0;0;0;0;0;0;0;0;0;0;-25;-25;-25;18;0;0;198;98
2;勒布朗-詹姆斯;LeBron James;11;3;1;0;0;0;0;0;0;0;0;0;0;0;-25;-25;-25;18;0;0;206;113
3;卡里姆-阿布杜尔-贾巴尔;Kareem Abdul-Jabbar;11;5;4;0;0;0;0;0;0;0;0;0;0;0;-25;-25;-25;18;0;0;218;102
4;埃尔文-约翰逊;Earvin Johnson;11;1;3;0;0;0;0;0;0;0;0;0;0;0;-25;-25;-25;18;0;0;206;106
5;比尔-拉塞尔;Bill Russell;11;5;4;0;0;0;0;0;0;0;0;0;0;0;-25;-25;-25;18;0;0;208;95
6;拉里-伯德;Larry Bird;11;3;4;0;0;0;0;0;0;0;0;0;0;0;-25;-25;-25;18;0;0;206;100
7;蒂姆-邓肯;Tim Duncan;11;4;5;0;0;0;0;0;0;0;0;0;0;0;-25;-25;-25;18;0;0;211;117
8;威尔特-张伯伦;Wilt Chamberlain;11;5;4;0;0;0;0;0;0;0;0;0;0;0;-25;-25;-25;18;0;0;216;125
9;沙奎尔-奥尼尔;Shaquille O'Neal;11;5;0;0;0;0;0;0;0;0;0;0;0;0;-25;-25;-25;18;0;0;216;147
10;科比-布莱恩特;Kobe Bryant;11;2;3;0;0;0;0;0;0;0;0;0;0;0;-25;-25;-25;18;0;0;198;96
11;斯蒂芬-库里;Stephen Curry;11;1;2;0;0;0;0;0;0;0;0;0;0;0;-25;-25;-25;18;0;0;191;86
12;哈基姆-奥拉朱旺;Hakeem Olajuwon;11;5;4;0;0;0;0;0;0;0;0;0;0;0;-25;-25;-25;18;0;0;213;116
13;扬尼斯-阿德托昆博;Giannis Antetokounmpo;10;4;3;0;0;0;0;0;0;0;0;0;0;0;-25;-25;-25;18;0;0;211;109
14;保罗-阿里金;Paul Arizin;10;3;4;0;0;0;0;0;0;0;0;0;0;0;-25;-25;-25;18;0;0;196;93
15;雷-阿伦;Ray allen;10;2;3;0;0;0;0;0;0;0;0;0;0;0;-25;-25;-25;18;0;0;196;93
16;奈特-阿奇博尔德;Nate Archibald;10;1;2;0;0;0;0;0;0;0;0;0;0;0;-25;-25;-25;18;0;0;185;70
17;阿伦-艾弗森;Allen Iverson;10;1;2;0;0;0;0;0;0;0;0;0;0;0;-25;-25;-25;18;0;0;183;75
18;卡梅隆-安东尼;Carmelo Anthony;10;3;4;0;0;0;0;0;0;0;0;0;0;0;-25;-25;-25;18;0;0;203;109
19;韦斯-昂塞尔德;Wes Unseld;10;5;4;0;0;0;0;0;0;0;0;0;0;0;-25;-25;-25;18;0;0;201;108
20;查尔斯-巴克利;Charles Barkley;10;4;3;0;0;0;0;0;0;0;0;0;0;0;-25;-25;-25;18;0;0;198;114
21;里克-巴里;Rick Barry;10;3;4;0;0;0;0;0;0;0;0;0;0;0;-25;-25;-25;18;0;0;201;95
22;克里斯-保罗;Chris Paul;10;1;0;0;0;0;0;0;0;0;0;0;0;0;-25;-25;-25;18;0;0;183;79
23;埃尔金-贝勒;Elgin Baylor;10;3;4;0;0;0;0;0;0;0;0;0;0;0;-25;-25;-25;18;0;0;196;102
24;戴夫-宾;Dave Bing;10;1;2;0;0;0;0;0;0;0;0;0;0;0;-25;-25;-25;18;0;0;196;86
25;安东尼-戴维斯;Anthony Davis;10;4;5;0;0;0;0;0;0;0;0;0;0;0;-25;-25;-25;18;0;0;208;115
26;戴夫-德布斯切尔;Dave Debusschere;10;4;5;0;0;0;0;0;0;0;0;0;0;0;-25;-25;-25;18;0;0;198;95
27;克莱德-德雷克斯勒;Clyde Drexler;10;2;3;0;0;0;0;0;0;0;0;0;0;0;-25;-25;-25;18;0;0;201;100
28;卢卡-东契奇;Luka Dončić;10;3;1;0;0;0;0;0;0;0;0;0;0;0;-25;-25;-25;18;0;0;201;104
29;凯文-杜兰特;Kevin Durant;10;3;4;0;0;0;0;0;0;0;0;0;0;0;-25;-25;-25;18;0;0;208;109
30;沃尔特-弗雷泽;Walt Frazier;10;1;2;0;0;0;0;0;0;0;0;0;0;0;-25;-25;-25;18;0;0;193;91
31;哈尔-格里尔;Hal Greer;10;2;1;0;0;0;0;0;0;0;0;0;0;0;-25;-25;-25;18;0;0;188;82
32;乔治-格文;George Gervin;10;2;3;0;0;0;0;0;0;0;0;0;0;0;-25;-25;-25;18;0;0;201;82
33;詹姆斯-哈登;James Harden;10;2;1;0;0;0;0;0;0;0;0;0;0;0;-25;-25;-25;18;0;0;196;100
34;约翰-哈夫利切克;John Havlicek;10;3;2;0;0;0;0;0;0;0;0;0;0;0;-25;-25;-25;18;0;0;196;91
35;埃尔文-海耶斯;Elvin Hayes;10;4;5;0;0;0;0;0;0;0;0;0;0;0;-25;-25;-25;18;0;0;206;107
36;德怀特-霍华德;Dwight Howard;10;5;0;0;0;0;0;0;0;0;0;0;0;0;-25;-25;-25;18;0;0;211;120
37;康尼尔-霍金斯;Connie Hawkins;10;4;5;0;0;0;0;0;0;0;0;0;0;0;-25;-25;-25;18;0;0;201;95
38;杰森-基德;Jason Kidd;10;1;2;0;0;0;0;0;0;0;0;0;0;0;-25;-25;-25;18;0;0;193;95
39;凯文-加内特;Kevin Garnett;10;4;5;0;0;0;0;0;0;0;0;0;0;0;-25;-25;-25;18;0;0;211;109
40;文斯-卡特;Vince Carter;10;2;3;0;0;0;0;0;0;0;0;0;0;0;-25;-25;-25;18;0;0;198;100
41;比利-坎宁安;Billy Cunningham;10;3;4;0;0;0;0;0;0;0;0;0;0;0;-25;-25;-25;18;0;0;196;95
42;戴夫-考恩斯;Dave Cowens;10;5;4;0;0;0;0;0;0;0;0;0;0;0;-25;-25;-25;18;0;0;206;102
43;鲍勃-库西;Bob Cousy;10;1;2;0;0;0;0;0;0;0;0;0;0;0;-25;-25;-25;18;0;0;185;77
44;威利斯-里德;Willis Reed;10;5;4;0;0;0;0;0;0;0;0;0;0;0;-25;-25;-25;18;0;0;206;108
45;达米安-利拉德;Damian Lillard;10;1;0;0;0;0;0;0;0;0;0;0;0;0;-25;-25;-25;18;0;0;188;88
46;杰里-卢卡斯;Jerry Lucas;10;4;5;0;0;0;0;0;0;0;0;0;0;0;-25;-25;-25;18;0;0;201;102
47;科怀-伦纳德;Kawhi Leonard;10;3;2;0;0;0;0;0;0;0;0;0;0;0;-25;-25;-25;18;0;0;201;102
48;大卫-罗宾逊;David Robinson;10;5;4;0;0;0;0;0;0;0;0;0;0;0;-25;-25;-25;18;0;0;216;107
49;奥斯卡-罗伯特森;Oscar Robertson;10;1;2;0;0;0;0;0;0;0;0;0;0;0;-25;-25;-25;18;0;0;196;93
50;德里克-罗斯;Derrick Rose;10;1;2;0;0;0;0;0;0;0;0;0;0;0;-25;-25;-25;18;0;0;191;86
51;皮特-马拉维奇;Pete Maravich;10;2;1;0;0;0;0;0;0;0;0;0;0;0;-25;-25;-25;18;0;0;193;86
52;卡尔-马龙;Karl Malone;10;4;3;0;0;0;0;0;0;0;0;0;0;0;-25;-25;-25;18;0;0;206;113
53;摩西-马龙;Moses Malone;10;5;4;0;0;0;0;0;0;0;0;0;0;0;-25;-25;-25;18;0;0;208;102
54;鲍勃-麦卡杜;Bob McAdoo;10;4;5;0;0;0;0;0;0;0;0;0;0;0;-25;-25;-25;18;0;0;206;102
55;特雷西-麦克格雷迪;Tracy McGrady;10;2;3;0;0;0;0;0;0;0;0;0;0;0;-25;-25;-25;18;0;0;203;95
56;凯文-麦克海尔;Kevin McHale;10;4;3;0;0;0;0;0;0;0;0;0;0;0;-25;-25;-25;18;0;0;208;102
57;乔治-麦肯;George Mikan;10;5;4;0;0;0;0;0;0;0;0;0;0;0;-25;-25;-25;18;0;0;208;111
58;厄尔-门罗;Earl Monroe;10;2;1;0;0;0;0;0;0;0;0;0;0;0;-25;-25;-25;18;0;0;190;79
59;雷吉-米勒;Reggie Miller;10;2;0;0;0;0;0;0;0;0;0;0;0;0;-25;-25;-25;18;0;0;201;84
60;史蒂夫-纳什;Steve Nash;10;1;2;0;0;0;0;0;0;0;0;0;0;0;-25;-25;-25;18;0;0;185;81
61;德克-诺维茨基;Dirk Nowitzki;10;4;0;0;0;0;0;0;0;0;0;0;0;0;-25;-25;-25;18;0;0;213;111
62;朱利叶斯-欧文;Julius Erving;10;3;4;0;0;0;0;0;0;0;0;0;0;0;-25;-25;-25;18;0;0;201;95
63;罗伯特-帕里什;Robert Parish;10;5;4;0;0;0;0;0;0;0;0;0;0;0;-25;-25;-25;18;0;0;208;102
64;鲍勃-佩蒂特;Bob Pettit;10;4;5;0;0;0;0;0;0;0;0;0;0;0;-25;-25;-25;18;0;0;201;95
65;加里-佩顿;Gary Payton;10;1;2;0;0;0;0;0;0;0;0;0;0;0;-25;-25;-25;18;0;0;185;82
66;斯科蒂-皮蓬;Scottie Pippen;10;3;0;0;0;0;0;0;0;0;0;0;0;0;-25;-25;-25;18;0;0;201;98
67;萨姆-琼斯;Sam Jones;10;2;1;0;0;0;0;0;0;0;0;0;0;0;-25;-25;-25;18;0;0;193;83
68;内特-瑟蒙德;Nate Thurmond;10;5;4;0;0;0;0;0;0;0;0;0;0;0;-25;-25;-25;18;0;0;201;99
69;比尔-沙曼;Bill Sharman;10;2;1;0;0;0;0;0;0;0;0;0;0;0;-25;-25;-25;18;0;0;193;86
70;约翰-斯托克顿;John Stockton;10;1;0;0;0;0;0;0;0;0;0;0;0;0;-25;-25;-25;18;0;0;185;77
71;以赛亚-托马斯;Isiah Thomas;10;1;0;0;0;0;0;0;0;0;0;0;0;0;-25;-25;-25;18;0;0;185;86
72;多米尼克-威尔金斯;Dominique Wilkins;10;3;2;0;0;0;0;0;0;0;0;0;0;0;-25;-25;-25;18;0;0;201;95
73;兰尼-威尔肯斯;Lenny Wilkens;10;2;1;0;0;0;0;0;0;0;0;0;0;0;-25;-25;-25;18;0;0;185;79
74;拉塞尔-威斯布鲁克;Russell Westbrook;10;1;0;0;0;0;0;0;0;0;0;0;0;0;-25;-25;-25;18;0;0;191;91
75;德维恩-韦德;Dwyane Wade;10;2;1;0;0;0;0;0;0;0;0;0;0;0;-25;-25;-25;18;0;0;193;100
76;杰里-韦斯特;Jerry West;10;2;1;0;0;0;0;0;0;0;0;0;0;0;-25;-25;-25;18;0;0;188;83
77;比尔-沃顿;Bill Walton;10;5;4;0;0;0;0;0;0;0;0;0;0;0;-25;-25;-25;18;0;0;211;104
78;詹姆斯-沃西;James Worthy;10;3;4;0;0;0;0;0;0;0;0;0;0;0;-25;-25;-25;18;0;0;201;102
79;多尔夫-谢伊斯;Dolph Schayes;10;4;5;0;0;0;0;0;0;0;0;0;0;0;-25;-25;-25;18;0;0;203;95
80;姚明;Yao Ming;10;5;0;0;0;0;0;0;0;0;0;0;0;0;-25;-25;-25;18;0;0;229;140
81;帕特里克-尤因;Patrick Ewing;10;5;4;0;0;0;0;0;0;0;0;0;0;0;-25;-25;-25;18;0;0;213;108
82;尼古拉-约基奇;Nikola Jokic;10;5;3;0;0;0;0;0;0;0;0;0;0;0;-25;-25;-25;18;0;0;213;113
83;拉马库斯-阿尔德里奇;LaMarcus Aldridge;9;5;4;0;0;0;0;0;0;0;0;0;0;0;-25;-25;-25;18;0;0;211;111
84;吉尔伯特-阿里纳斯;Gilbert Arenas;9;1;2;0;0;0;0;0;0;0;0;0;0;0;-25;-25;-25;18;0;0;196;98
85;安东尼-爱德华兹;Anthony Edwards;9;2;1;0;0;0;0;0;0;0;0;0;0;0;-25;-25;-25;18;0;0;198;95
86;卡尔-安东尼-唐斯;Karl-Anthony Towns;9;5;4;0;0;0;0;0;0;0;0;0;0;0;-25;-25;-25;18;0;0;211;108
87;格雷格-奥登;Greg Oden;9;5;0;0;0;0;0;0;0;0;0;0;0;0;-25;-25;-25;18;0;0;213;124
88;杰梅因-奥尼尔;Jermaine ONeal;9;5;4;0;0;0;0;0;0;0;0;0;0;0;-25;-25;-25;18;0;0;208;108
89;吉米-巴特勒;Jimmy Butler;9;3;2;0;0;0;0;0;0;0;0;0;0;0;-25;-25;-25;18;0;0;201;102
90;拉梅洛-鲍尔;LaMelo Ball;9;2;1;0;0;0;0;0;0;0;0;0;0;0;-25;-25;-25;18;0;0;201;82
91;布拉德利-比尔;Bradley Beal;9;2;1;0;0;0;0;0;0;0;0;0;0;0;-25;-25;-25;18;0;0;193;93
92;昌西-比卢普斯;Chauncey Billups;9;1;0;0;0;0;0;0;0;0;0;0;0;0;-25;-25;-25;18;0;0;188;91
93;克里斯-波什;Chris Bosh;9;4;5;0;0;0;0;0;0;0;0;0;0;0;-25;-25;-25;18;0;0;208;106
94;德文-布克;Devin Booker;9;2;1;0;0;0;0;0;0;0;0;0;0;0;-25;-25;-25;18;0;0;198;93
95;埃尔顿-布兰德;Elton Brand;9;4;5;0;0;0;0;0;0;0;0;0;0;0;-25;-25;-25;18;0;0;208;102
96;杰伦-布朗;Jaylen Brown;9;2;3;0;0;0;0;0;0;0;0;0;0;0;-25;-25;-25;18;0;0;201;101
97;拜伦-戴维斯;Baron Davis;9;1;0;0;0;0;0;0;0;0;0;0;0;0;-25;-25;-25;18;0;0;193;90
98;德马尔-德罗赞;DeMar DeRozan;9;2;3;0;0;0;0;0;0;0;0;0;0;0;-25;-25;-25;18;0;0;201;99
99;乔-杜马斯;Joe Dumars;9;2;1;0;0;0;0;0;0;0;0;0;0;0;-25;-25;-25;18;0;0;190;84
100;乔尔-恩比德;Joel Embiid;10;5;4;0;0;0;0;0;0;0;0;0;0;0;-25;-25;-25;18;0;0;213;113
101;史蒂夫-弗朗西斯;Steve Francis;9;1;0;0;0;0;0;0;0;0;0;0;0;0;-25;-25;-25;18;0;0;191;95
102;达龙-福克斯;De’Aaron Fox;9;1;2;0;0;0;0;0;0;0;0;0;0;0;-25;-25;-25;18;0;0;190;76
103;布雷克-格里芬;Blake Griffin;9;4;5;0;0;0;0;0;0;0;0;0;0;0;-25;-25;-25;18;0;0;208;114
104;德雷蒙德-格林;Draymond Green;9;4;3;0;0;0;0;0;0;0;0;0;0;0;-25;-25;-25;18;0;0;198;104
105;安芬尼-哈达威;Anfernee Hardaway;9;2;0;0;0;0;0;0;0;0;0;0;0;0;-25;-25;-25;18;0;0;201;102
106;蒂姆-哈达威;Tim Hardaway;9;1;0;0;0;0;0;0;0;0;0;0;0;0;-25;-25;-25;18;0;0;188;82
107;理查德-汉密尔顿;Richard Hamilton;9;2;0;0;0;0;0;0;0;0;0;0;0;0;-25;-25;-25;18;0;0;198;88
108;本-华莱士;Ben Wallace;9;4;0;0;0;0;0;0;0;0;0;0;0;0;-25;-25;-25;18;0;0;206;108
109;拉希德-华莱士;Rasheed Wallace;9;4;0;0;0;0;0;0;0;0;0;0;0;0;-25;-25;-25;18;0;0;208;95
110;艾尔-霍福德;Al Horford;9;5;4;0;0;0;0;0;0;0;0;0;0;0;-25;-25;-25;18;0;0;208;104
111;朱-霍乐迪;Jrue Holiday;9;2;1;0;0;0;0;0;0;0;0;0;0;0;-25;-25;-25;18;0;0;193;92
112;谢伊-吉尔杰斯-亚历山大;Shai Gilgeous-Alexander;10;1;2;0;0;0;0;0;0;0;0;0;0;0;-25;-25;-25;18;0;0;196;82
113;马努-吉诺比利;Manu Ginóbili;9;2;1;0;0;0;0;0;0;0;0;0;0;0;-25;-25;-25;18;0;0;198;93
114;保罗-加索尔;Pau Gasol;9;4;5;0;0;0;0;0;0;0;0;0;0;0;-25;-25;-25;18;0;0;213;108
115;马克-加索尔;Marc Gasol;9;5;4;0;0;0;0;0;0;0;0;0;0;0;-25;-25;-25;18;0;0;216;120
116;肖恩-坎普;Shawn Kemp;9;4;3;0;0;0;0;0;0;0;0;0;0;0;-25;-25;-25;18;0;0;201;104
117;凯德-康宁汉姆;Cade Cunningham;9;1;2;0;0;0;0;0;0;0;0;0;0;0;-25;-25;-25;18;0;0;203;95
118;德马库斯-考辛斯;DeMarcus Cousins;9;5;4;0;0;0;0;0;0;0;0;0;0;0;-25;-25;-25;18;0;0;208;122
119;扎克-拉文;Zach LaVine;9;2;1;0;0;0;0;0;0;0;0;0;0;0;-25;-25;-25;18;0;0;198;90
120;扎克-兰多夫;Zach Randolph;9;4;5;0;0;0;0;0;0;0;0;0;0;0;-25;-25;-25;18;0;0;206;106
121;凯文-乐福;Kevin Love;9;4;5;0;0;0;0;0;0;0;0;0;0;0;-25;-25;-25;18;0;0;208;114
122;迈克尔-里德;Michael Redd;9;2;0;0;0;0;0;0;0;0;0;0;0;0;-25;-25;-25;18;0;0;198;97
123;米奇-里奇蒙德;Mitch Richmond;9;2;0;0;0;0;0;0;0;0;0;0;0;0;-25;-25;-25;18;0;0;201;95
124;林书豪;Jeremy Lin;9;1;2;0;0;0;0;0;0;0;0;0;0;0;-25;-25;-25;18;0;0;191;91
125;拉沙德-刘易斯;Rashard Lewis;9;4;3;0;0;0;0;0;0;0;0;0;0;0;-25;-25;-25;18;0;0;208;102
126;拉简-隆多;Rajon Rondo;9;1;0;0;0;0;0;0;0;0;0;0;0;0;-25;-25;-25;18;0;0;185;84
127;丹尼斯-罗德曼;Dennis Rodman;9;4;0;0;0;0;0;0;0;0;0;0;0;0;-25;-25;-25;18;0;0;208;99
128;布兰登-罗伊;Brandon Roy;9;2;1;0;0;0;0;0;0;0;0;0;0;0;-25;-25;-25;18;0;0;196;95
129;斯蒂芬-马布里;Stephon Marbury;9;2;0;0;0;0;0;0;0;0;0;0;0;0;-25;-25;-25;18;0;0;188;90
130;CJ-麦科勒姆;CJ McCollum;9;2;1;0;0;0;0;0;0;0;0;0;0;0;-25;-25;-25;18;0;0;183;82
131;多诺万-米切尔;Donovan Mitchell;9;2;3;0;0;0;0;0;0;0;0;0;0;0;-25;-25;-25;18;0;0;191;98
132;贾-莫兰特;Ja Morant;9;1;2;0;0;0;0;0;0;0;0;0;0;0;-25;-25;-25;18;0;0;190;79
133;阿朗佐-莫宁;Alonzo Mourning;9;5;0;0;0;0;0;0;0;0;0;0;0;0;-25;-25;-25;18;0;0;208;108
134;克里斯-穆林;Chris Mullin;9;3;0;0;0;0;0;0;0;0;0;0;0;0;-25;-25;-25;18;0;0;198;98
135;迪肯贝-穆托姆博;Dikembe Mutombo;9;5;0;0;0;0;0;0;0;0;0;0;0;0;-25;-25;-25;18;0;0;218;118
136;凯里-欧文;Kyrie Irving;9;1;2;0;0;0;0;0;0;0;0;0;0;0;-25;-25;-25;18;0;0;191;87
137;托尼-帕克;Tony Parker;9;1;2;0;0;0;0;0;0;0;0;0;0;0;-25;-25;-25;18;0;0;188;84
138;保罗-皮尔斯;Paul Pierce;9;3;2;0;0;0;0;0;0;0;0;0;0;0;-25;-25;-25;18;0;0;201;106
139;保罗-乔治;Paul George;9;3;4;0;0;0;0;0;0;0;0;0;0;0;-25;-25;-25;18;0;0;206;99
140;阿维达斯-萨博尼斯;Arvydas Sabonis;9;5;0;0;0;0;0;0;0;0;0;0;0;0;-25;-25;-25;18;0;0;213;108
141;多曼塔斯-萨博尼斯;Domantas Sabonis;9;4;5;0;0;0;0;0;0;0;0;0;0;0;-25;-25;-25;18;0;0;211;108
142;厄尔-麦尼考尔特;Earl Manigault;9;2;3;0;0;0;0;0;0;0;0;0;0;0;-25;-25;-25;18;0;0;188;-
143;奥斯卡-施密特;Oscar Schmidt;10;3;4;0;0;0;0;0;0;0;0;0;0;0;-25;-25;-25;18;0;0;201;-
144;阿玛雷-斯塔德迈尔;Amar'e Stoudemire;9;4;0;0;0;0;0;0;0;0;0;0;0;0;-25;-25;-25;18;0;0;208;111
145;佩贾-斯托亚科维奇;Peja Stojaković;9;3;0;0;0;0;0;0;0;0;0;0;0;0;-25;-25;-25;18;0;0;208;104
146;杰森-塔图姆;Jayson Tatum;10;3;2;0;0;0;0;0;0;0;0;0;0;0;-25;-25;-25;18;0;0;203;95
147;克莱-汤普森;Klay Thompson;9;2;3;0;0;0;0;0;0;0;0;0;0;0;-25;-25;-25;18;0;0;198;102
148;安德鲁-威金斯;Andrew Wiggins;9;3;2;0;0;0;0;0;0;0;0;0;0;0;-25;-25;-25;18;0;0;203;89
149;德隆-威廉姆斯;Deron Williams;9;1;0;0;0;0;0;0;0;0;0;0;0;0;-25;-25;-25;18;0;0;190;93
150;蔡恩-威廉森;Zion Williamson;9;4;3;0;0;0;0;0;0;0;0;0;0;0;-25;-25;-25;18;0;0;198;129
151;克里斯-韦伯;Chris Webber;9;4;0;0;0;0;0;0;0;0;0;0;0;0;-25;-25;-25;18;0;0;208;111
152;斯伯特-韦伯;Spud Webb;9;1;0;0;0;0;0;0;0;0;0;0;0;0;-25;-25;-25;18;0;0;165;60
153;维克托-文班亚马;Victor Wembanyama;9;5;4;0;0;0;0;0;0;0;0;0;0;0;-25;-25;-25;18;0;0;0;0
154;约翰-沃尔;John Wall;9;1;0;0;0;0;0;0;0;0;0;0;0;0;-25;-25;-25;18;0;0;193;95
155;肯巴-沃克;Kemba Walker;9;1;0;0;0;0;0;0;0;0;0;0;0;0;-25;-25;-25;18;0;0;184;83
156;本-西蒙斯;Ben Simmons;9;1;4;0;0;0;0;0;0;0;0;0;0;0;-25;-25;-25;18;0;0;208;108
157;帕斯卡尔-西亚卡姆;Pascal Siakam;9;4;5;0;0;0;0;0;0;0;0;0;0;0;-25;-25;-25;18;0;0;203;104
158;格兰特-希尔;Grant Hill;9;3;2;0;0;0;0;0;0;0;0;0;0;0;-25;-25;-25;18;0;0;203;102
159;阿兰-休斯顿;Allan Houston;9;2;3;0;0;0;0;0;0;0;0;0;0;0;-25;-25;-25;18;0;0;198;95
160;特雷-杨;Trae Young;9;1;2;0;0;0;0;0;0;0;0;0;0;0;-25;-25;-25;18;0;0;185;82
161;易建联;Yi Jianlian;9;4;5;0;0;0;0;0;0;0;0;0;0;0;-25;-25;-25;18;0;0;212;108
162;布兰登-英格拉姆;Brandon Ingram;9;3;2;0;0;0;0;0;0;0;0;0;0;0;-25;-25;-25;18;0;0;206;86
163;拉里-约翰逊;Larry Johnson;9;3;0;0;0;0;0;0;0;0;0;0;0;0;-25;-25;-25;18;0;0;196;104
164;乔-约翰逊;Joe Johnson;9;2;3;0;0;0;0;0;0;0;0;0;0;0;-25;-25;-25;18;0;0;201;108
165;阿不都沙拉木;Abudushalamu Abudurexiti;8;4;0;0;0;0;0;0;0;0;0;0;0;0;-25;-25;-25;18;0;0;0;0
166;谢里夫-阿布杜-拉希姆;Shareef Abdur-Rahim;8;4;0;0;0;0;0;0;0;0;0;0;0;0;-25;-25;-25;18;0;0;206;102
167;埃德里斯-阿德巴约;Bam Adebayo;8;5;4;0;0;0;0;0;0;0;0;0;0;0;-25;-25;-25;18;0;0;0;0
168;拉夫-阿尔斯通;Rafer Alston;8;1;0;0;0;0;0;0;0;0;0;0;0;0;-25;-25;-25;18;0;0;183;77
169;特雷沃-阿里扎;Trevor Ariza;8;4;3;0;0;0;0;0;0;0;0;0;0;0;-25;-25;-25;18;0;0;205;100
170;托尼-阿伦;Tony Allen;8;2;0;0;0;0;0;0;0;0;0;0;0;0;-25;-25;-25;18;0;0;193;97
171;罗恩-阿泰斯特;Metta World Peace;8;3;0;0;0;0;0;0;0;0;0;0;0;0;-25;-25;-25;18;0;0;203;108
172;泰瑞克-埃文斯;Tyreke Evans;8;3;2;0;0;0;0;0;0;0;0;0;0;0;-25;-25;-25;18;0;0;198;100
173;德安德烈-艾顿;Deandre Ayton;8;5;4;0;0;0;0;0;0;0;0;0;0;0;-25;-25;-25;18;0;0;216;113
174;蒙塔-艾利斯;Monta Ellis;8;2;0;0;0;0;0;0;0;0;0;0;0;0;-25;-25;-25;18;0;0;190;91
175;贾登-艾维;Jaden Ivey;8;2;0;0;0;0;0;0;0;0;0;0;0;0;-25;-25;-25;18;0;0;0;0
176;拉玛尔-奥多姆;Lamar Odom;8;3;0;0;0;0;0;0;0;0;0;0;0;0;-25;-25;-25;18;0;0;208;104
177;查尔斯-奥克利;Charles Oakley;8;4;0;0;0;0;0;0;0;0;0;0;0;0;-25;-25;-25;18;0;0;193;99
178;梅米特-奥库;Mehmet Okur;8;4;0;0;0;0;0;0;0;0;0;0;0;0;-25;-25;-25;18;0;0;213;108
179;维克托-奥拉迪波;Victor Oladipo;8;2;1;0;0;0;0;0;0;0;0;0;0;0;-25;-25;-25;18;0;0;193;95
180;八村塁;Rui Hachimura;8;4;3;0;0;0;0;0;0;0;0;0;0;0;-25;-25;-25;18;0;0;201;102
181;肖恩-巴蒂尔;Shane Battier;8;3;0;0;0;0;0;0;0;0;0;0;0;0;-25;-25;-25;18;0;0;203;100
182;斯科蒂-巴恩斯;Scottie Barnes;8;3;4;0;0;0;0;0;0;0;0;0;0;0;-25;-25;-25;18;0;0;201;102
183;马文-巴格利;Marvin Bagley;7;4;5;0;0;0;0;0;0;0;0;0;0;0;-25;-25;-25;18;0;0;208;109
184;RJ-巴雷特;RJ Barrett;8;3;2;0;0;0;0;0;0;0;0;0;0;0;-25;-25;-25;18;0;0;201;93
185;安德里亚-巴尼亚尼;Andrea Bargnani;8;4;0;0;0;0;0;0;0;0;0;0;0;0;-25;-25;-25;18;0;0;213;108
186;巴特尔;Mengke Bateer;8;5;0;0;0;0;0;0;0;0;0;0;0;0;-25;-25;-25;18;0;0;0;0
187;卡隆-巴特勒;Caron Butler;8;3;0;0;0;0;0;0;0;0;0;0;0;0;-25;-25;-25;18;0;0;201;103
188;尼古拉斯-巴图姆;Nicolas Batum;8;3;4;0;0;0;0;0;0;0;0;0;0;0;-25;-25;-25;18;0;0;208;95
189;安德鲁-拜纳姆;Andrew Bynum;8;5;0;0;0;0;0;0;0;0;0;0;0;0;-25;-25;-25;18;0;0;213;129
190;保罗-班凯罗;Paolo Banchero;8;4;5;0;0;0;0;0;0;0;0;0;0;0;-25;-25;-25;18;0;0;0;0
191;朗佐-鲍尔;Lonzo Ball;8;1;2;0;0;0;0;0;0;0;0;0;0;0;-25;-25;-25;18;0;0;198;86
192;德斯蒙德-贝恩;Desmond Bane;8;2;3;0;0;0;0;0;0;0;0;0;0;0;-25;-25;-25;18;0;0;198;98
193;杰里-贝勒斯;Jerryd Bayless;8;1;0;0;0;0;0;0;0;0;0;0;0;0;-25;-25;-25;18;0;0;188;91
194;马利克-比斯利;Malik Beasley;8;2;0;0;0;0;0;0;0;0;0;0;0;0;-25;-25;-25;18;0;0;198;94
195;迈克尔-比斯利;Michael Beasley;8;4;0;0;0;0;0;0;0;0;0;0;0;0;-25;-25;-25;18;0;0;206;107
196;迈克-毕比;Mike Bibby;8;1;0;0;0;0;0;0;0;0;0;0;0;0;-25;-25;-25;18;0;0;188;86
197;克里斯塔普斯-波尔津吉斯;Kristaps Porziņģis;8;4;5;0;0;0;0;0;0;0;0;0;0;0;-25;-25;-25;18;0;0;221;109
198;博扬-博格达诺维奇;Bojan Bogdanovic;8;3;2;0;0;0;0;0;0;0;0;0;0;0;-25;-25;-25;18;0;0;208;108
199;安德鲁-博古特;Andrew Bogut;8;5;0;0;0;0;0;0;0;0;0;0;0;0;-25;-25;-25;18;0;0;213;117
200;特雷尔-布兰登;Terrell Brandon;8;1;0;0;0;0;0;0;0;0;0;0;0;0;-25;-25;-25;18;0;0;185;82
201;迈尔斯-布里奇斯;Miles Bridges;8;3;4;0;0;0;0;0;0;0;0;0;0;0;-25;-25;-25;18;0;0;198;102
202;马尔科姆-布罗格登;Malcolm Brogdon;8;2;1;0;0;0;0;0;0;0;0;0;0;0;-25;-25;-25;18;0;0;196;104
203;卡洛斯-布泽尔;Carlos Boozer;8;4;0;0;0;0;0;0;0;0;0;0;0;0;-25;-25;-25;18;0;0;206;117
204;单涛;Shan Tao;8;5;0;0;0;0;0;0;0;0;0;0;0;0;-25;-25;-25;18;0;0;0;0
205;戈兰-德拉季奇;Goran Dragic;8;1;2;0;0;0;0;0;0;0;0;0;0;0;-25;-25;-25;18;0;0;190;83
206;安德烈-德拉蒙德;Andre Drummond;8;5;4;0;0;0;0;0;0;0;0;0;0;0;-25;-25;-25;18;0;0;208;127
207;鲍里斯-迪奥;Boris Diaw;8;4;0;0;0;0;0;0;0;0;0;0;0;0;-25;-25;-25;18;0;0;203;104
208;斯潘塞-丁威迪;Spencer Dinwiddie;8;1;2;0;0;0;0;0;0;0;0;0;0;0;-25;-25;-25;18;0;0;196;95
209;丁彦雨航;Ding Yanyuhang;8;3;0;0;0;0;0;0;0;0;0;0;0;0;-25;-25;-25;18;0;0;200;95
210;弗雷德-范弗利特;Fred VanVleet;8;1;2;0;0;0;0;0;0;0;0;0;0;0;-25;-25;-25;18;0;0;185;88
211;雷蒙德-费尔顿;Raymond Felton;8;1;0;0;0;0;0;0;0;0;0;0;0;0;-25;-25;-25;18;0;0;185;93
212;德里克-费沃斯;Derrick Favors;8;5;4;0;0;0;0;0;0;0;0;0;0;0;-25;-25;-25;18;0;0;208;120
213;迈克尔-芬利;Michael Finley;8;2;0;0;0;0;0;0;0;0;0;0;0;0;-25;-25;-25;18;0;0;201;100
214;TJ-福特;T.J. Ford;8;1;0;0;0;0;0;0;0;0;0;0;0;0;-25;-25;-25;18;0;0;183;79
215;马克尔-富尔茨;Markelle Fultz;8;2;1;0;0;0;0;0;0;0;0;0;0;0;-25;-25;-25;18;0;0;193;95
216;鲁迪-盖伊;Rudy Gay;8;3;4;0;0;0;0;0;0;0;0;0;0;0;-25;-25;-25;18;0;0;206;104
217;鲁迪-戈贝尔;Rudy Gobert;8;5;0;0;0;0;0;0;0;0;0;0;0;0;-25;-25;-25;18;0;0;216;111
218;阿隆-戈登;Aaron Gordon;8;4;3;0;0;0;0;0;0;0;0;0;0;0;-25;-25;-25;18;0;0;206;99
219;丹尼-格兰杰;Danny Granger;8;3;0;0;0;0;0;0;0;0;0;0;0;0;-25;-25;-25;18;0;0;201;99
220;德文特-格雷厄姆;Devonte' Graham;8;1;2;0;0;0;0;0;0;0;0;0;0;0;-25;-25;-25;18;0;0;183;82
221;丹尼-格林;Danny Green;8;2;3;0;0;0;0;0;0;0;0;0;0;0;-25;-25;-25;18;0;0;198;95
222;杰夫-格林;Jeff Green;8;4;3;0;0;0;0;0;0;0;0;0;0;0;-25;-25;-25;18;0;0;206;107
223;杰伦-格林;Jalen Green;8;2;0;0;0;0;0;0;0;0;0;0;0;0;-25;-25;-25;18;0;0;0;0
224;巩晓彬;Gong Xiaobin;8;4;3;0;0;0;0;0;0;0;0;0;0;0;-25;-25;-25;18;0;0;0;0
225;郭艾伦;Guo Ailun;8;2;1;0;0;0;0;0;0;0;0;0;0;0;-25;-25;-25;18;0;0;190;85
226;泰雷斯-哈利伯顿;Tyrese Haliburton;8;1;0;0;0;0;0;0;0;0;0;0;0;0;-25;-25;-25;18;0;0;198;84
227;戈登-海沃德;Gordon Hayward;8;4;3;0;0;0;0;0;0;0;0;0;0;0;-25;-25;-25;18;0;0;206;102
228;胡金秋;Hu Jinqiu;8;5;0;0;0;0;0;0;0;0;0;0;0;0;-25;-25;-25;18;0;0;0;0
229;胡卫东;Hu Weidong;8;2;0;0;0;0;0;0;0;0;0;0;0;0;-25;-25;-25;18;0;0;0;0
230;杰拉德-华莱士;Gerald Wallace;8;3;0;0;0;0;0;0;0;0;0;0;0;0;-25;-25;-25;18;0;0;201;95
231;切特-霍姆格伦;Chet Holmgren;8;4;5;0;0;0;0;0;0;0;0;0;0;0;-25;-25;-25;18;0;0;221;99
232;安德烈-基里连科;Andrei Kirilenko;8;4;0;0;0;0;0;0;0;0;0;0;0;0;-25;-25;-25;18;0;0;206;102
233;约什-吉迪;Josh Giddey;8;1;2;0;0;0;0;0;0;0;0;0;0;0;-25;-25;-25;18;0;0;0;0
234;达里厄斯-加兰;Darius Garland;8;2;1;0;0;0;0;0;0;0;0;0;0;0;-25;-25;-25;18;0;0;190;79
235;达尼罗-加里纳利;Danilo Gallinari;8;3;4;0;0;0;0;0;0;0;0;0;0;0;-25;-25;-25;18;0;0;208;104
236;安托万-贾米森;Antawn Jamison;8;4;0;0;0;0;0;0;0;0;0;0;0;0;-25;-25;-25;18;0;0;203;102
237;艾尔-杰弗森;Al Jefferson;8;4;0;0;0;0;0;0;0;0;0;0;0;0;-25;-25;-25;18;0;0;208;120
238;理查德-杰弗森;Richard Jefferson;8;3;0;0;0;0;0;0;0;0;0;0;0;0;-25;-25;-25;18;0;0;198;99
239;贾瑞特-杰克;Jarrett Jack;8;1;0;0;0;0;0;0;0;0;0;0;0;0;-25;-25;-25;18;0;0;190;95
240;雷吉-杰克逊;Reggie Jackson;8;1;2;0;0;0;0;0;0;0;0;0;0;0;-25;-25;-25;18;0;0;190;91
241;斯蒂芬-杰克逊;Stephen Jackson;8;3;0;0;0;0;0;0;0;0;0;0;0;0;-25;-25;-25;18;0;0;201;102
242;小贾伦-杰克逊;Jaren Jackson Jr.;8;4;0;0;0;0;0;0;0;0;0;0;0;0;-25;-25;-25;18;0;0;213;108
243;何塞-卡尔德隆;Jose Calderon;8;1;0;0;0;0;0;0;0;0;0;0;0;0;-25;-25;-25;18;0;0;191;95
244;克里斯-卡曼;Chris Kaman;8;5;0;0;0;0;0;0;0;0;0;0;0;0;-25;-25;-25;18;0;0;213;109
245;温德尔-卡特;Wendell Carter Jr.;8;5;4;0;0;0;0;0;0;0;0;0;0;0;-25;-25;-25;18;0;0;206;111
246;马库斯-坎比;Marcus Camby;8;5;4;0;0;0;0;0;0;0;0;0;0;0;-25;-25;-25;18;0;0;208;100
247;迈克-康利;Mike Conley;8;1;0;0;0;0;0;0;0;0;0;0;0;0;-25;-25;-25;18;0;0;185;84
248;约翰-科林斯;John Collins;8;4;5;0;0;0;0;0;0;0;0;0;0;0;-25;-25;-25;18;0;0;206;108
249;凯尔-科沃尔;Kyle Korver;8;2;3;0;0;0;0;0;0;0;0;0;0;0;-25;-25;-25;18;0;0;201;96
250;贾马尔-克劳福德;Jamal Crawford;8;2;1;0;0;0;0;0;0;0;0;0;0;0;-25;-25;-25;18;0;0;196;89
251;德安吉洛-拉塞尔;D'Angelo Russell;8;1;2;0;0;0;0;0;0;0;0;0;0;0;-25;-25;-25;18;0;0;193;86
252;朱利叶斯-兰德尔;Julius Randle;8;5;0;0;0;0;0;0;0;0;0;0;0;0;-25;-25;-25;18;0;0;203;113
253;泰-劳森;Ty Lawson;8;1;0;0;0;0;0;0;0;0;0;0;0;0;-25;-25;-25;18;0;0;180;89
254;卡姆-雷迪什;Cam Reddish;8;3;2;0;0;0;0;0;0;0;0;0;0;0;-25;-25;-25;18;0;0;203;100
255;大卫-李;David Lee;8;4;0;0;0;0;0;0;0;0;0;0;0;0;-25;-25;-25;18;0;0;206;111
256;李楠;Li Nan;8;3;2;0;0;0;0;0;0;0;0;0;0;0;-25;-25;-25;18;0;0;198;102
257;李晓勇;Li Xiaoyong;8;1;2;0;0;0;0;0;0;0;0;0;0;0;-25;-25;-25;18;0;0;193;95
258;杰森-理查德森;Jason Richardson;8;2;0;0;0;0;0;0;0;0;0;0;0;0;-25;-25;-25;18;0;0;198;100
259;约什-理查德森;Josh Richardson;8;2;3;0;0;0;0;0;0;0;0;0;0;0;-25;-25;-25;18;0;0;196;100
260;刘炜;Liu Wei;8;1;0;0;0;0;0;0;0;0;0;0;0;0;-25;-25;-25;18;0;0;190;85
261;刘玉栋;Liu Yudong;8;4;0;0;0;0;0;0;0;0;0;0;0;0;-25;-25;-25;18;0;0;207;108
262;里基-卢比奥;Ricky Rubio;8;1;2;0;0;0;0;0;0;0;0;0;0;0;-25;-25;-25;18;0;0;191;86
263;米切尔-罗宾逊;Mitchell Robinson;8;5;0;0;0;0;0;0;0;0;0;0;0;0;-25;-25;-25;18;0;0;208;98
264;内特-罗宾逊;Nate Robinson;8;1;0;0;0;0;0;0;0;0;0;0;0;0;-25;-25;-25;18;0;0;175;81
265;布鲁克-洛佩斯;Brook Lopez;8;5;4;0;0;0;0;0;0;0;0;0;0;0;-25;-25;-25;18;0;0;213;125
266;凯尔-洛瑞;Kyle Lowry;8;1;2;0;0;0;0;0;0;0;0;0;0;0;-25;-25;-25;18;0;0;183;93
267;凯文-马丁;Kevin Martin;8;2;0;0;0;0;0;0;0;0;0;0;0;0;-25;-25;-25;18;0;0;201;98
268;肯扬-马丁;Kenyon Martin;8;5;0;0;0;0;0;0;0;0;0;0;0;0;-25;-25;-25;18;0;0;206;100
269;劳里-马尔卡宁;Lauri Markkanen;8;4;0;0;0;0;0;0;0;0;0;0;0;0;-25;-25;-25;18;0;0;213;100
270;科里-马盖蒂;Corey Maggette;8;3;0;0;0;0;0;0;0;0;0;0;0;0;-25;-25;-25;18;0;0;203;111
271;肖恩-马里昂;Shawn Marion;8;3;0;0;0;0;0;0;0;0;0;0;0;0;-25;-25;-25;18;0;0;201;102
272;贾马尔-马什本;Jamal Mashburn;8;3;0;0;0;0;0;0;0;0;0;0;0;0;-25;-25;-25;18;0;0;198;104
273;韦斯利-马修斯;Wesley Matthews;8;2;3;0;0;0;0;0;0;0;0;0;0;0;-25;-25;-25;18;0;0;196;100
274;OJ-梅奥;O.J. Mayo;8;2;0;0;0;0;0;0;0;0;0;0;0;0;-25;-25;-25;18;0;0;193;95
275;格雷格-门罗;Greg Monroe;8;5;0;0;0;0;0;0;0;0;0;0;0;0;-25;-25;-25;18;0;0;211;109
276;克里斯-米德尔顿;Khris Middleton;8;3;2;0;0;0;0;0;0;0;0;0;0;0;-25;-25;-25;18;0;0;201;102
277;保罗-米尔萨普;Paul Millsap;8;4;5;0;0;0;0;0;0;0;0;0;0;0;-25;-25;-25;18;0;0;201;111
278;安德烈-米勒;Andre Miller;8;1;0;0;0;0;0;0;0;0;0;0;0;0;-25;-25;-25;18;0;0;196;95
279;迈克-米勒;Mike Miller;8;3;0;0;0;0;0;0;0;0;0;0;0;0;-25;-25;-25;18;0;0;203;100
280;达科-米利西奇;Darko Miličić;8;4;0;0;0;0;0;0;0;0;0;0;0;0;-25;-25;-25;18;0;0;213;125
281;德章泰-默里;Dejounte Murray;8;1;2;0;0;0;0;0;0;0;0;0;0;0;-25;-25;-25;18;0;0;191;98
282;贾马尔-穆雷;Jamal Murray;8;1;2;0;0;0;0;0;0;0;0;0;0;0;-25;-25;-25;18;0;0;193;95
283;穆铁柱;Mu Tiezhu;8;5;0;0;0;0;0;0;0;0;0;0;0;0;-25;-25;-25;18;0;0;220;120
284;布兰顿-奈特;Brandon Knight;8;1;0;0;0;0;0;0;0;0;0;0;0;0;-25;-25;-25;18;0;0;191;82
285;贾米尔-尼尔森;Jameer Nelson;8;1;0;0;0;0;0;0;0;0;0;0;0;0;-25;-25;-25;18;0;0;183;89
286;约瑟夫-努尔基奇;Jusuf Nurkic;8;5;0;0;0;0;0;0;0;0;0;0;0;0;-25;-25;-25;18;0;0;213;127
287;乔金-诺阿;Joakim Noah;8;5;0;0;0;0;0;0;0;0;0;0;0;0;-25;-25;-25;18;0;0;211;104
288;诺伦斯-诺埃尔;Nerlens Noel;8;5;4;0;0;0;0;0;0;0;0;0;0;0;-25;-25;-25;18;0;0;211;100
289;尼科拉-佩科维奇;Nikola Pekovic;8;5;0;0;0;0;0;0;0;0;0;0;0;0;-25;-25;-25;18;0;0;211;125
290;泰肖恩-普林斯;Tayshaun Prince;8;3;0;0;0;0;0;0;0;0;0;0;0;0;-25;-25;-25;18;0;0;201;98
291;托里恩-普林斯;Taurean Prince;8;3;0;0;0;0;0;0;0;0;0;0;0;0;-25;-25;-25;18;0;0;203;102
292;泰森-钱德勒;Tyson Chandler;8;5;0;0;0;0;0;0;0;0;0;0;0;0;-25;-25;-25;18;0;0;216;109
293;德安德鲁-乔丹;DeAndre Jordan;8;5;0;0;0;0;0;0;0;0;0;0;0;0;-25;-25;-25;18;0;0;211;120
294;拉里-桑德斯;Larry Sanders;8;5;0;0;0;0;0;0;0;0;0;0;0;0;-25;-25;-25;18;0;0;211;104
295;阿尔佩伦-申京;Alperen Sengun;8;5;4;0;0;0;0;0;0;0;0;0;0;0;-25;-25;-25;18;0;0;208;109
296;JR-史密斯;J.R. Smith;8;2;3;0;0;0;0;0;0;0;0;0;0;0;-25;-25;-25;18;0;0;198;100
297;小贾巴里-史密斯;Jabari Smith Jr.;8;4;3;0;0;0;0;0;0;0;0;0;0;0;-25;-25;-25;18;0;0;203;111
298;约什-史密斯;Josh Smith;8;3;0;0;0;0;0;0;0;0;0;0;0;0;-25;-25;-25;18;0;0;206;109
299;路易斯-斯科拉;Luis Scola;8;4;0;0;0;0;0;0;0;0;0;0;0;0;-25;-25;-25;18;0;0;206;111
300;马库斯-斯玛特;Marcus Smart;8;1;2;0;0;0;0;0;0;0;0;0;0;0;-25;-25;-25;18;0;0;191;95
301;宋涛;Song Tao;8;4;5;0;0;0;0;0;0;0;0;0;0;0;-25;-25;-25;18;0;0;200;95
302;孙军;Sun Jun;8;3;2;0;0;0;0;0;0;0;0;0;0;0;-25;-25;-25;18;0;0;198;90
303;孙悦;Sun Yue;8;1;0;0;0;0;0;0;0;0;0;0;0;0;-25;-25;-25;18;0;0;207;100
304;希度-特科格鲁;Hedo Turkoglu;8;4;3;0;0;0;0;0;0;0;0;0;0;0;-25;-25;-25;18;0;0;208;102
305;杰森-特里;Jason Terry;8;1;2;0;0;0;0;0;0;0;0;0;0;0;-25;-25;-25;18;0;0;193;88
306;埃文-特纳;Evan Turner;8;3;0;0;0;0;0;0;0;0;0;0;0;0;-25;-25;-25;18;0;0;203;99
307;迈尔斯-特纳;Myles Turner;8;5;0;0;0;0;0;0;0;0;0;0;0;0;-25;-25;-25;18;0;0;213;113
308;王仕鹏;Wang Shipeng;8;2;3;0;0;0;0;0;0;0;0;0;0;0;-25;-25;-25;18;0;0;197;93
309;王哲林;Wang Zhelin;8;5;0;0;0;0;0;0;0;0;0;0;0;0;-25;-25;-25;18;0;0;214;102
310;王治郅;Wang Zhizhi;8;5;0;0;0;0;0;0;0;0;0;0;0;0;-25;-25;-25;18;0;0;214;108
311;德里克-威廉姆斯;Derrick Williams;7;3;0;0;0;0;0;0;0;0;0;0;0;0;-25;-25;-25;18;0;0;200;95
312;杰森-威廉姆斯;Jason Williams;8;1;0;0;0;0;0;0;0;0;0;0;0;0;-25;-25;-25;18;0;0;183;88
313;路易斯-威廉姆斯;Lou Williams;8;2;1;0;0;0;0;0;0;0;0;0;0;0;-25;-25;-25;18;0;0;183;79
314;罗伯特-威廉姆斯;Robert Williams;8;4;5;0;0;0;0;0;0;0;0;0;0;0;-25;-25;-25;18;0;0;208;104
315;大卫-韦斯特;David West;8;4;5;0;0;0;0;0;0;0;0;0;0;0;-25;-25;-25;18;0;0;206;108
316;迪昂-维特斯;Dion Waiters;8;2;1;0;0;0;0;0;0;0;0;0;0;0;-25;-25;-25;18;0;0;193;93
317;安托万-沃克;Antoine Walker;8;3;0;0;0;0;0;0;0;0;0;0;0;0;-25;-25;-25;18;0;0;203;100
318;TJ-沃伦;T.J. Warren;8;3;4;0;0;0;0;0;0;0;0;0;0;0;-25;-25;-25;18;0;0;201;93
319;凯利-乌布雷;Kelly Oubre Jr.;7;3;2;0;0;0;0;0;0;0;0;0;0;0;-25;-25;-25;18;0;0;198;91
320;吴乃群;Wu Naiqun;8;4;5;0;0;0;0;0;0;0;0;0;0;0;-25;-25;-25;18;0;0;190;85
321;吴庆龙;Wu Qinglong;8;2;1;0;0;0;0;0;0;0;0;0;0;0;-25;-25;-25;18;0;0;200;95
322;尼古拉-武切维奇;Nikola Vucevic;8;5;4;0;0;0;0;0;0;0;0;0;0;0;-25;-25;-25;18;0;0;208;117
323;安芬尼-西蒙斯;Anfernee Simons;8;1;2;0;0;0;0;0;0;0;0;0;0;0;-25;-25;-25;18;0;0;198;88
324;罗伊-希伯特;Roy Hibbert;8;5;0;0;0;0;0;0;0;0;0;0;0;0;-25;-25;-25;18;0;0;213;122
325;乔丹-希尔;Jordan Hill;7;4;0;0;0;0;0;0;0;0;0;0;0;0;-25;-25;-25;18;0;0;208;108
326;乔治-希尔;George Hill;8;1;0;0;0;0;0;0;0;0;0;0;0;0;-25;-25;-25;18;0;0;190;85
327;内内-希拉里奥;Nenê Hilário;8;4;0;0;0;0;0;0;0;0;0;0;0;0;-25;-25;-25;18;0;0;211;113
328;柯克-辛里奇;Kirk Hinrich;8;1;0;0;0;0;0;0;0;0;0;0;0;0;-25;-25;-25;18;0;0;190;85
329;拉里-休斯;Larry Hughes;8;1;0;0;0;0;0;0;0;0;0;0;0;0;-25;-25;-25;18;0;0;198;90
330;史蒂文-亚当斯;Steven Adams;8;5;0;0;0;0;0;0;0;0;0;0;0;0;-25;-25;-25;18;0;0;208;116
331;赛尔吉-伊巴卡;Serge Ibaka;8;5;4;0;0;0;0;0;0;0;0;0;0;0;-25;-25;-25;18;0;0;208;107
332;安德烈-伊戈达拉;Andre Iguodala;9;3;2;0;0;0;0;0;0;0;0;0;0;0;-25;-25;-25;18;0;0;198;94
333;乔-英格尔斯;Joe Ingles;7;3;2;0;0;0;0;0;0;0;0;0;0;0;-25;-25;-25;18;0;0;203;107
334;布兰顿-詹宁斯;Brandon Jennings;8;2;0;0;0;0;0;0;0;0;0;0;0;0;-25;-25;-25;18;0;0;185;88
335;赵维伦;Zhao Weilun;8;1;0;0;0;0;0;0;0;0;0;0;0;0;-25;-25;-25;18;0;0;193;82
336;郑武;Zheng Wu;8;2;3;0;0;0;0;0;0;0;0;0;0;0;-25;-25;-25;18;0;0;198;95
337;周鹏;Zhou Peng;8;4;3;0;0;0;0;0;0;0;0;0;0;0;-25;-25;-25;18;0;0;203;100
338;周琦;Zhou Qi;8;4;5;0;0;0;0;0;0;0;0;0;0;0;-25;-25;-25;18;0;0;216;95
339;朱芳雨;Zhu Fangyu;8;3;2;0;0;0;0;0;0;0;0;0;0;0;-25;-25;-25;18;0;0;198;95
340;德尼-阿夫迪亚;Deni Avdija;7;3;4;0;0;0;0;0;0;0;0;0;0;0;-25;-25;-25;18;0;0;208;98
341;阿隆-阿弗拉罗;Arron Afflalo;7;2;0;0;0;0;0;0;0;0;0;0;0;0;-25;-25;-25;18;0;0;196;97
342;贾莱特-阿伦;Jarrett Allen;8;5;4;0;0;0;0;0;0;0;0;0;0;0;-25;-25;-25;18;0;0;213;120
343;达雷尔-阿姆斯特朗;Darrell Armstrong;7;1;0;0;0;0;0;0;0;0;0;0;0;0;-25;-25;-25;18;0;0;183;82
344;OG-阿奴诺比;OG Anunoby;8;3;4;0;0;0;0;0;0;0;0;0;0;0;-25;-25;-25;18;0;0;201;101
345;马里奥-埃利;Mario Elie;7;3;2;0;0;0;0;0;0;0;0;0;0;0;-25;-25;-25;18;0;0;193;95
346;肖恩-埃利奥特;Sean Elliott;7;3;0;0;0;0;0;0;0;0;0;0;0;0;-25;-25;-25;18;0;0;201;98
347;克莱格-埃卢;Craig Ehlo;7;2;3;0;0;0;0;0;0;0;0;0;0;0;-25;-25;-25;18;0;0;198;86
348;达勒-艾利斯;LaPhonso Darnell Ellis;7;3;0;0;0;0;0;0;0;0;0;0;0;0;-25;-25;-25;18;0;0;208;104
349;乔纳森-艾萨克;Jonathan Isaac;7;4;3;0;0;0;0;0;0;0;0;0;0;0;-25;-25;-25;18;0;0;208;100
350;肯尼-安德森;Kenny Anderson;7;1;0;0;0;0;0;0;0;0;0;0;0;0;-25;-25;-25;18;0;0;183;77
351;莱恩-安德森;Ryan Anderson;7;4;0;0;0;0;0;0;0;0;0;0;0;0;-25;-25;-25;18;0;0;208;107
352;尼克-安德森;Nick Anderson;7;2;3;0;0;0;0;0;0;0;0;0;0;0;-25;-25;-25;18;0;0;193;88
353;格雷格-安东尼;Greg Anthony;7;1;0;0;0;0;0;0;0;0;0;0;0;0;-25;-25;-25;18;0;0;183;88
354;科尔-安东尼;Cole Anthony;7;1;0;0;0;0;0;0;0;0;0;0;0;0;-25;-25;-25;18;0;0;183;82
355;丹尼-安吉;Danny Ainge;7;2;1;0;0;0;0;0;0;0;0;0;0;0;-25;-25;-25;18;0;0;193;86
356;埃梅卡-奥卡福;Emeka Okafor;7;5;0;0;0;0;0;0;0;0;0;0;0;0;-25;-25;-25;18;0;0;208;116
357;贾希尔-奥卡福;Jahlil Okafor;7;5;4;0;0;0;0;0;0;0;0;0;0;0;-25;-25;-25;18;0;0;208;124
358;奥涅卡-奥孔古;Onyeka Okongwu;7;4;5;0;0;0;0;0;0;0;0;0;0;0;-25;-25;-25;18;0;0;206;108
359;切迪-奥斯曼;Cedi Osman;7;3;2;0;0;0;0;0;0;0;0;0;0;0;-25;-25;-25;18;0;0;198;97
360;劳伊-奥特;Loy Vaught;7;4;0;0;0;0;0;0;0;0;0;0;0;0;-25;-25;-25;18;0;0;206;102
361;卢克-巴比特;Luke Babbitt;7;3;0;0;0;0;0;0;0;0;0;0;0;0;-25;-25;-25;18;0;0;203;100
362;莱昂德罗-巴博萨;Leandro Barbosa;7;2;1;0;0;0;0;0;0;0;0;0;0;0;-25;-25;-25;18;0;0;190;82
363;贾斯汀-巴顿;Justin Patton;7;5;4;0;0;0;0;0;0;0;0;0;0;0;-25;-25;-25;18;0;0;213;108
364;威尔-巴顿;Will Barton;7;2;3;0;0;0;0;0;0;0;0;0;0;0;-25;-25;-25;18;0;0;203;95
365;哈里森-巴恩斯;Harrison Barnes;7;3;4;0;0;0;0;0;0;0;0;0;0;0;-25;-25;-25;18;0;0;203;102
366;马特-巴恩斯;Matt Barnes;7;3;0;0;0;0;0;0;0;0;0;0;0;0;-25;-25;-25;18;0;0;203;107
367;伊布-巴吉;Ibou Badji;6;5;0;0;0;0;0;0;0;0;0;0;0;0;-25;-25;-25;18;0;0;208;95
368;布伦特-巴里;Brent Barry;7;2;3;0;0;0;0;0;0;0;0;0;0;0;-25;-25;-25;18;0;0;198;95
369;何塞-巴里亚;Jose Barea;7;1;0;0;0;0;0;0;0;0;0;0;0;0;-25;-25;-25;18;0;0;178;82
370;达纳-巴罗斯;Dana Barros;7;1;2;0;0;0;0;0;0;0;0;0;0;0;-25;-25;-25;18;0;0;183;79
371;德拉岑-彼得洛维奇;Drazen Petrovic;10;2;0;0;0;0;0;0;0;0;0;0;0;0;-25;-25;-25;18;0;0;193;88
372;穆罕默德-班巴;Mohamed Bamba;7;5;0;0;0;0;0;0;0;0;0;0;0;0;-25;-25;-25;18;0;0;215;102
373;伊萨克-邦加;Issac Bonga;7;1;2;0;0;0;0;0;0;0;0;0;0;0;-25;-25;-25;18;0;0;206;86
374;马特-邦纳;Matt Bonner;7;4;5;0;0;0;0;0;0;0;0;0;0;0;-25;-25;-25;18;0;0;208;117
375;利安杰洛-鲍尔;LiAngelo Ball;6;2;0;0;0;0;0;0;0;0;0;0;0;0;-25;-25;-25;18;0;0;198;88
376;布鲁斯-鲍文;Bruce Bowen;7;3;0;0;0;0;0;0;0;0;0;0;0;0;-25;-25;-25;18;0;0;198;95
377;萨迪克-贝;Saddiq Bey;7;3;4;0;0;0;0;0;0;0;0;0;0;0;-25;-25;-25;18;0;0;203;95
378;泰勒-贝;Tyler Bey;7;3;0;0;0;0;0;0;0;0;0;0;0;0;-25;-25;-25;18;0;0;198;88
379;阿隆-贝恩斯;Aron Baynes;7;5;4;0;0;0;0;0;0;0;0;0;0;0;-25;-25;-25;18;0;0;206;118
380;乔丹-贝尔;Jordan Bell;7;4;3;0;0;0;0;0;0;0;0;0;0;0;-25;-25;-25;18;0;0;203;102
381;戴维斯-贝尔坦斯;Davis Bertans;7;4;5;0;0;0;0;0;0;0;0;0;0;0;-25;-25;-25;18;0;0;208;95
382;帕特里克-贝弗利;Patrick Beverley;7;1;0;0;0;0;0;0;0;0;0;0;0;0;-25;-25;-25;18;0;0;185;82
383;文-贝克;Vin Baker;7;4;3;0;0;0;0;0;0;0;0;0;0;0;-25;-25;-25;18;0;0;203;104
384;马科-贝里内利;Marco Belinelli;7;2;3;0;0;0;0;0;0;0;0;0;0;0;-25;-25;-25;18;0;0;198;95
385;特拉维斯-贝斯特;Travis Best;7;1;0;0;0;0;0;0;0;0;0;0;0;0;-25;-25;-25;18;0;0;183;77
386;德安德烈-本布里;DeAndre' Bembry;7;2;3;0;0;0;0;0;0;0;0;0;0;0;-25;-25;-25;18;0;0;198;91
387;德拉甘-本德尔;Dragan Bender;7;4;0;0;0;0;0;0;0;0;0;0;0;0;-25;-25;-25;18;0;0;215;102
388;俾斯麦-比永博;Bismack Biyombo;7;5;4;0;0;0;0;0;0;0;0;0;0;0;-25;-25;-25;18;0;0;206;104
389;内马尼亚-别利察;Nemanja Bjelica;7;5;0;0;0;0;0;0;0;0;0;0;0;0;-25;-25;-25;18;0;0;208;100
390;鲍比-波蒂斯;Bobby Portis;7;4;3;0;0;0;0;0;0;0;0;0;0;0;-25;-25;-25;18;0;0;211;104
391;波尔-波尔;Bol Bol;7;5;4;0;0;0;0;0;0;0;0;0;0;0;-25;-25;-25;18;0;0;213;97
392;阿列克谢-波库舍夫斯基;Aleksej Pokusevski;7;5;0;0;0;0;0;0;0;0;0;0;0;0;-25;-25;-25;18;0;0;210;90
393;查克-珀森;Chuck Person;7;3;2;0;0;0;0;0;0;0;0;0;0;0;-25;-25;-25;18;0;0;201;95
394;奥托-波特;Otto Porter Jr.;7;3;0;0;0;0;0;0;0;0;0;0;0;0;-25;-25;-25;18;0;0;203;98
395;小凯文-波特;Kevin Porter Jr.;7;1;2;0;0;0;0;0;0;0;0;0;0;0;-25;-25;-25;18;0;0;198;88
396;小迈克尔-波特;Michael Porter Jr.;8;3;4;0;0;0;0;0;0;0;0;0;0;0;-25;-25;-25;18;0;0;211;99
397;特雷-伯克;Trey Burke;7;1;2;0;0;0;0;0;0;0;0;0;0;0;-25;-25;-25;18;0;0;180;82
398;亚历克-伯克斯;Alec Burks;7;2;1;0;0;0;0;0;0;0;0;0;0;0;-25;-25;-25;18;0;0;198;97
399;斯科特-伯勒尔;Scott Burrell;7;3;2;0;0;0;0;0;0;0;0;0;0;0;-25;-25;-25;18;0;0;198;102
400;特里-波特;Terry Porter;7;1;2;0;0;0;0;0;0;0;0;0;0;0;-25;-25;-25;18;0;0;190;88
401;帕维尔-博德科尔金;Pavel Podkolzin;7;5;0;0;0;0;0;0;0;0;0;0;0;0;-25;-25;-25;18;0;0;226;125
402;乔纳-博尔登;Jonah Bolden;7;3;4;0;0;0;0;0;0;0;0;0;0;0;-25;-25;-25;18;0;0;206;102
403;博格丹-博格达诺维奇;Bogdan Bogdanovic;7;2;1;0;0;0;0;0;0;0;0;0;0;0;-25;-25;-25;18;0;0;198;93
404;蒂尼-博格斯;Tyrone Bogues;7;1;0;0;0;0;0;0;0;0;0;0;0;0;-25;-25;-25;18;0;0;170;67
405;厄尔-博伊金斯;Earl Boykins;7;1;0;0;0;0;0;0;0;0;0;0;0;0;-25;-25;-25;18;0;0;165;60
406;埃弗里-布拉德利;Avery Bradley;7;1;2;0;0;0;0;0;0;0;0;0;0;0;-25;-25;-25;18;0;0;190;86
407;肖恩-布拉德利;Shawn Bradley;7;5;4;0;0;0;0;0;0;0;0;0;0;0;-25;-25;-25;18;0;0;208;104
408;埃里克-布莱德索;Eric Bledsoe;7;1;2;0;0;0;0;0;0;0;0;0;0;0;-25;-25;-25;18;0;0;185;91
409;德文-布朗;Devin Brown;7;2;0;0;0;0;0;0;0;0;0;0;0;0;-25;-25;-25;18;0;0;190;95
410;迪-布朗;DeCovan Kadell Brown;7;2;1;0;0;0;0;0;0;0;0;0;0;0;-25;-25;-25;18;0;0;193;95
411;迪-布朗;Dee Brown;7;1;0;0;0;0;0;0;0;0;0;0;0;0;-25;-25;-25;18;0;0;178;77
412;摩西-布朗;Moses Brown;7;5;4;0;0;0;0;0;0;0;0;0;0;0;-25;-25;-25;18;0;0;213;104
413;香农-布朗;Shannon Brown;7;2;0;0;0;0;0;0;0;0;0;0;0;0;-25;-25;-25;18;0;0;193;93
414;穆奇-布雷洛克;Mookie Blaylock;7;1;0;0;0;0;0;0;0;0;0;0;0;0;-25;-25;-25;18;0;0;190;82
415;米卡尔-布里奇斯;Mikal Bridges;7;2;0;0;0;0;0;0;0;0;0;0;0;0;-25;-25;-25;18;0;0;198;89
416;科里-布鲁尔;Corey Brewer;7;3;0;0;0;0;0;0;0;0;0;0;0;0;-25;-25;-25;18;0;0;198;84
417;阿隆-布鲁克斯;Aaron Brooks;7;1;0;0;0;0;0;0;0;0;0;0;0;0;-25;-25;-25;18;0;0;183;77
418;狄龙-布鲁克斯;Dillon Brooks;7;3;4;0;0;0;0;0;0;0;0;0;0;0;-25;-25;-25;18;0;0;193;93
419;杰伦-布伦森;Jalen Brunson;9;1;0;0;0;0;0;0;0;0;0;0;0;0;-25;-25;-25;18;0;0;185;86
420;克里斯-布歇;Chris Boucher;7;4;5;0;0;0;0;0;0;0;0;0;0;0;-25;-25;-25;18;0;0;208;97
421;曾凡博;Zeng Fanbo;7;3;4;0;0;0;0;0;0;0;0;0;0;0;-25;-25;-25;18;0;0;208;90
422;马里奥-查尔莫斯;Mario Chalmers;7;1;0;0;0;0;0;0;0;0;0;0;0;0;-25;-25;-25;18;0;0;190;86
423;雷克斯-查普曼;Rex Chapman;7;2;3;0;0;0;0;0;0;0;0;0;0;0;-25;-25;-25;18;0;0;185;77
424;乔乔-怀特;Jo Jo White;9;1;0;0;0;0;0;0;0;0;0;0;0;0;-25;-25;-25;18;0;0;190;82
425;萨沙-达尼洛维奇;Predrag Danilovic;7;2;0;0;0;0;0;0;0;0;0;0;0;0;-25;-25;-25;18;0;0;196;95
426;萨缪埃尔-戴勒姆波特;Samuel Dalembert;7;5;0;0;0;0;0;0;0;0;0;0;0;0;-25;-25;-25;18;0;0;211;113
427;崔永熙;Cui Yongxi;7;3;4;0;0;0;0;0;0;0;0;0;0;0;-25;-25;-25;18;0;0;196;95
428;埃德-戴维斯;Ed Davis;7;5;4;0;0;0;0;0;0;0;0;0;0;0;-25;-25;-25;18;0;0;206;102
429;戴尔-戴维斯;Dale Davis;7;4;5;0;0;0;0;0;0;0;0;0;0;0;-25;-25;-25;18;0;0;203;99
430;格伦-戴维斯;Glen Davis;7;4;0;0;0;0;0;0;0;0;0;0;0;0;-25;-25;-25;18;0;0;206;118
431;里基-戴维斯;Ricky Davis;7;3;2;0;0;0;0;0;0;0;0;0;0;0;-25;-25;-25;18;0;0;196;83
432;特伦斯-戴维斯;Terence Davis;7;2;3;0;0;0;0;0;0;0;0;0;0;0;-25;-25;-25;18;0;0;193;83
433;谢尔曼-道格拉斯;Sherman Douglas;7;1;0;0;0;0;0;0;0;0;0;0;0;0;-25;-25;-25;18;0;0;190;83
434;马修-德拉维多瓦;Matthew Dellavedova;7;1;2;0;0;0;0;0;0;0;0;0;0;0;-25;-25;-25;18;0;0;193;88
435;毕森-德勒;Bison Dele;7;4;5;0;0;0;0;0;0;0;0;0;0;0;-25;-25;-25;18;0;0;208;104
436;维尼-德纳特;Vinny Del Negro;7;2;0;0;0;0;0;0;0;0;0;0;0;0;-25;-25;-25;18;0;0;190;95
437;洛尔-邓;Luol Deng;8;3;4;0;0;0;0;0;0;0;0;0;0;0;-25;-25;-25;18;0;0;206;104
438;克里斯-邓恩;Kris Dunn;7;1;0;0;0;0;0;0;0;0;0;0;0;0;-25;-25;-25;18;0;0;193;82
439;迈克-邓利维;Mike Dunleavy Jr.;7;3;0;0;0;0;0;0;0;0;0;0;0;0;-25;-25;-25;18;0;0;206;100
440;奥斯曼-迪昂;Ousmane Dieng;7;3;4;0;0;0;0;0;0;0;0;0;0;0;-25;-25;-25;18;0;0;211;100
441;戈尔吉-迪昂;Gorgui Dieng;7;5;4;0;0;0;0;0;0;0;0;0;0;0;-25;-25;-25;18;0;0;211;111
442;弗拉德-迪瓦茨;Vlade Divac;8;5;4;0;0;0;0;0;0;0;0;0;0;0;-25;-25;-25;18;0;0;218;104
443;唐特-迪温琴佐;Donte DiVincenzo;7;2;0;0;0;0;0;0;0;0;0;0;0;0;-25;-25;-25;18;0;0;193;97
444;杰夫-蒂格;Jeff Teague;7;1;0;0;0;0;0;0;0;0;0;0;0;0;-25;-25;-25;18;0;0;190;86
445;基利安-蒂利;Killian Tillie;7;4;5;0;0;0;0;0;0;0;0;0;0;0;-25;-25;-25;18;0;0;211;104
446;克里斯-杜德利;Christen Guilford Dudley;7;5;4;0;0;0;0;0;0;0;0;0;0;0;-25;-25;-25;18;0;0;190;95
447;肯扬-杜林;Keyon Dooling;7;1;0;0;0;0;0;0;0;0;0;0;0;0;-25;-25;-25;18;0;0;190;86
448;杰伦-杜伦;Jalen Duren;7;5;4;0;0;0;0;0;0;0;0;0;0;0;-25;-25;-25;18;0;0;211;104
449;渡边雄太;Yuta Watanabe;7;4;3;0;0;0;0;0;0;0;0;0;0;0;-25;-25;-25;18;0;0;198;93
450;吕冈茨-多尔特;Luguentz Dort;7;2;1;0;0;0;0;0;0;0;0;0;0;0;-25;-25;-25;18;0;0;193;97
451;PJ-多齐尔;P.J. Dozier;7;2;3;0;0;0;0;0;0;0;0;0;0;0;-25;-25;-25;18;0;0;198;95
452;罗伯特-多齐尔;Robert Dozier;7;4;0;0;0;0;0;0;0;0;0;0;0;0;-25;-25;-25;18;0;0;206;108
453;肯尼斯-法里德;Kenneth Faried;7;5;4;0;0;0;0;0;0;0;0;0;0;0;-25;-25;-25;18;0;0;203;100
454;艾尔-法鲁克-阿米奴;Al-Farouq Aminu;7;3;4;0;0;0;0;0;0;0;0;0;0;0;-25;-25;-25;18;0;0;206;97
455;尼克-范-埃克塞尔;Nick Van Exel;7;1;0;0;0;0;0;0;0;0;0;0;0;0;-25;-25;-25;18;0;0;180;79
456;基斯-范霍恩;Keith Van Horn;7;4;3;0;0;0;0;0;0;0;0;0;0;0;-25;-25;-25;18;0;0;208;106
457;鲍比-菲尔斯;Bobby Phills;7;2;0;0;0;0;0;0;0;0;0;0;0;0;-25;-25;-25;18;0;0;193;95
458;鲁迪-费尔南德斯;Rudy Fernandez;7;2;0;0;0;0;0;0;0;0;0;0;0;0;-25;-25;-25;18;0;0;190;83
459;约吉-费雷尔;Yogi Ferrell;7;1;0;0;0;0;0;0;0;0;0;0;0;0;-25;-25;-25;18;0;0;180;79
460;丹尼-费里;Danny Ferry;7;4;3;0;0;0;0;0;0;0;0;0;0;0;-25;-25;-25;18;0;0;203;102
461;克里斯蒂亚诺-费利西奥;Cristiano Felicio;7;5;4;0;0;0;0;0;0;0;0;0;0;0;-25;-25;-25;18;0;0;210;122
462;德里克-费舍尔;Derek Fisher;7;1;0;0;0;0;0;0;0;0;0;0;0;0;-25;-25;-25;18;0;0;190;85
463;马库斯-费泽尔;Marcus Fizer;7;4;0;0;0;0;0;0;0;0;0;0;0;0;-25;-25;-25;18;0;0;203;113
464;多里安-芬尼-史密斯;Dorian Finney-Smith;7;3;4;0;0;0;0;0;0;0;0;0;0;0;-25;-25;-25;18;0;0;201;102
465;钱宁-弗莱;Channing Frye;7;5;4;0;0;0;0;0;0;0;0;0;0;0;-25;-25;-25;18;0;0;208;109
466;吉默-弗雷戴特;Jimmer Fredette;7;1;0;0;0;0;0;0;0;0;0;0;0;0;-25;-25;-25;18;0;0;188;86
467;迈克尔-弗雷泽;Michael Frazier II;7;3;4;0;0;0;0;0;0;0;0;0;0;0;-25;-25;-25;18;0;0;193;95
468;布林-福布斯;Bryn Forbes;7;2;1;0;0;0;0;0;0;0;0;0;0;0;-25;-25;-25;18;0;0;190;88
469;里克-福克斯;Rick Fox;7;3;0;0;0;0;0;0;0;0;0;0;0;0;-25;-25;-25;18;0;0;201;100
470;埃文-富尼耶;Evan Fournier;7;3;2;0;0;0;0;0;0;0;0;0;0;0;-25;-25;-25;18;0;0;200;93
471;埃里克-戈登;Eric Gordon;7;2;3;0;0;0;0;0;0;0;0;0;0;0;-25;-25;-25;18;0;0;190;97
472;本-戈登;Ben Gordon;7;2;0;0;0;0;0;0;0;0;0;0;0;0;-25;-25;-25;18;0;0;190;91
473;马尔钦-戈塔特;Marcin Gortat;7;5;0;0;0;0;0;0;0;0;0;0;0;0;-25;-25;-25;18;0;0;211;108
474;布莱恩-格兰特;Brian Grant;7;4;0;0;0;0;0;0;0;0;0;0;0;0;-25;-25;-25;18;0;0;206;102
475;霍雷斯-格兰特;Horace Grant;8;4;5;0;0;0;0;0;0;0;0;0;0;0;-25;-25;-25;18;0;0;206;102
476;杰拉米-格兰特;Jerami Grant;7;3;4;0;0;0;0;0;0;0;0;0;0;0;-25;-25;-25;18;0;0;205;99
477;特雷韦恩-格雷厄姆;Treveon Graham;7;2;3;0;0;0;0;0;0;0;0;0;0;0;-25;-25;-25;18;0;0;193;95
478;AJ-格里芬;AJ Griffin;7;3;0;0;0;0;0;0;0;0;0;0;0;0;-25;-25;-25;18;0;0;203;104
479;约什-格林;Josh Green;7;2;3;0;0;0;0;0;0;0;0;0;0;0;-25;-25;-25;18;0;0;198;91
480;德鲁-古登;Drew Gooden;7;4;0;0;0;0;0;0;0;0;0;0;0;0;-25;-25;-25;18;0;0;206;104
481;汤姆-古格里奥塔;Tom Gugliotta;7;3;4;0;0;0;0;0;0;0;0;0;0;0;-25;-25;-25;18;0;0;208;102
482;郭昊文;Guo Haowen;7;2;1;0;0;0;0;0;0;0;0;0;0;0;-25;-25;-25;18;0;0;200;88
483;小蒂姆-哈达威;Tim Hardaway Jr.;7;2;3;0;0;0;0;0;0;0;0;0;0;0;-25;-25;-25;18;0;0;198;90
484;以赛亚-哈尔滕施泰因;Isaiah Hartenstein;7;4;5;0;0;0;0;0;0;0;0;0;0;0;-25;-25;-25;18;0;0;216;113
485;蒙特雷斯-哈雷尔;Montrezl Harrell;7;5;4;0;0;0;0;0;0;0;0;0;0;0;-25;-25;-25;18;0;0;201;108
486;乔-哈里斯;Joe Harris;7;2;3;0;0;0;0;0;0;0;0;0;0;0;-25;-25;-25;18;0;0;198;99
487;托拜厄斯-哈里斯;Tobias Harris;8;3;4;0;0;0;0;0;0;0;0;0;0;0;-25;-25;-25;18;0;0;208;107
488;德里克-哈珀;Derek Harper;7;1;0;0;0;0;0;0;0;0;0;0;0;0;-25;-25;-25;18;0;0;190;77
489;贾里德-哈珀;Jared Harper;7;1;2;0;0;0;0;0;0;0;0;0;0;0;-25;-25;-25;18;0;0;180;75
490;焦泊乔;Jiao Boqiao;7;5;0;0;0;0;0;0;0;0;0;0;0;0;-25;-25;-25;18;0;0;206;95
491;罗恩-哈珀;Ron Harper;7;1;2;0;0;0;0;0;0;0;0;0;0;0;-25;-25;-25;18;0;0;198;90
492;犹多尼斯-哈斯勒姆;Udonis Haslem;7;4;5;0;0;0;0;0;0;0;0;0;0;0;-25;-25;-25;18;0;0;201;107
493;约什-哈特;Josh Hart;7;2;0;0;0;0;0;0;0;0;0;0;0;0;-25;-25;-25;18;0;0;198;98
494;基利安-海斯;Killian Hayes;7;2;1;0;0;0;0;0;0;0;0;0;0;0;-25;-25;-25;18;0;0;190;82
495;RJ-汉普顿;R.J. Hampton;7;2;3;0;0;0;0;0;0;0;0;0;0;0;-25;-25;-25;18;0;0;196;82
496;河升镇;Ha Seung-Jin;7;5;0;0;0;0;0;0;0;0;0;0;0;0;-25;-25;-25;18;0;0;221;138
497;凯文-赫尔特;Kevin Huerter;7;2;3;0;0;0;0;0;0;0;0;0;0;0;-25;-25;-25;18;0;0;200;84
498;鲍比-赫利;Bob Hurley;7;1;0;0;0;0;0;0;0;0;0;0;0;0;-25;-25;-25;18;0;0;183;77
499;马里奥-赫佐尼亚;Mario Hezonja;7;2;3;0;0;0;0;0;0;0;0;0;0;0;-25;-25;-25;18;0;0;203;100
500;阿兰-亨德森;Alan Henderson;7;4;0;0;0;0;0;0;0;0;0;0;0;0;-25;-25;-25;18;0;0;206;108
501;斯科特-亨德森;Scoot Henderson;7;1;0;0;0;0;0;0;0;0;0;0;0;0;-25;-25;-25;18;0;0;206;99
502;泽维尔-亨利;Xavier Henry;7;3;2;0;0;0;0;0;0;0;0;0;0;0;-25;-25;-25;18;0;0;198;99
503;约翰-亨森;John Henson;7;5;4;0;0;0;0;0;0;0;0;0;0;0;-25;-25;-25;18;0;0;213;104
504;德安德烈-亨特;De'Andre Hunter;7;3;2;0;0;0;0;0;0;0;0;0;0;0;-25;-25;-25;18;0;0;201;100
505;卡森-华莱士;Cason Wallace;7;2;1;0;0;0;0;0;0;0;0;0;0;0;-25;-25;-25;18;0;0;193;95
506;詹姆斯-怀斯曼;James Wiseman;7;5;0;0;0;0;0;0;0;0;0;0;0;0;-25;-25;-25;18;0;0;216;108
507;德里克-怀特;Derrick White;8;1;2;0;0;0;0;0;0;0;0;0;0;0;-25;-25;-25;18;0;0;193;83
508;科比-怀特;Coby White;7;1;2;0;0;0;0;0;0;0;0;0;0;0;-25;-25;-25;18;0;0;193;88
509;达里克-怀特黑德;Dariq Whitehead;7;3;2;0;0;0;0;0;0;0;0;0;0;0;-25;-25;-25;18;0;0;183;79
510;哈桑-怀特塞德;Hassan Whiteside;7;5;0;0;0;0;0;0;0;0;0;0;0;0;-25;-25;-25;18;0;0;213;120
511;卡姆-惠特莫尔;Cam Whitmore;7;3;2;0;0;0;0;0;0;0;0;0;0;0;-25;-25;-25;18;0;0;208;102
512;约什-霍华德;Josh Howard;7;3;0;0;0;0;0;0;0;0;0;0;0;0;-25;-25;-25;18;0;0;203;104
513;朱万-霍华德;Juwan Howard;7;4;0;0;0;0;0;0;0;0;0;0;0;0;-25;-25;-25;18;0;0;208;108
514;赫西-霍金斯;Hersey Hawkins;7;2;0;0;0;0;0;0;0;0;0;0;0;0;-25;-25;-25;18;0;0;193;83
515;阿龙-霍乐迪;Aaron Holiday;7;1;2;0;0;0;0;0;0;0;0;0;0;0;-25;-25;-25;18;0;0;190;88
516;贾斯廷-霍勒迪;Justin Holiday;7;3;2;0;0;0;0;0;0;0;0;0;0;0;-25;-25;-25;18;0;0;198;90
517;朱旭航;Zhu Xuhang;7;4;5;0;0;0;0;0;0;0;0;0;0;0;-25;-25;-25;18;0;0;193;85
518;朗戴-霍利斯-杰弗森;Rondae Hollis-Jefferson;7;3;2;0;0;0;0;0;0;0;0;0;0;0;-25;-25;-25;18;0;0;196;91
519;里乔恩-霍姆斯;Richaun Holmes;7;4;5;0;0;0;0;0;0;0;0;0;0;0;-25;-25;-25;18;0;0;213;108
520;杰夫-霍纳塞克;Jeff Hornacek;7;2;0;0;0;0;0;0;0;0;0;0;0;0;-25;-25;-25;18;0;0;190;83
521;斯宾塞-霍伊斯;Spencer Hawes;7;4;0;0;0;0;0;0;0;0;0;0;0;0;-25;-25;-25;18;0;0;213;108
522;泰-吉布森;Taj Gibson;7;4;5;0;0;0;0;0;0;0;0;0;0;0;-25;-25;-25;18;0;0;206;102
523;肯达尔-吉尔;Kendall Gill;7;2;3;0;0;0;0;0;0;0;0;0;0;0;-25;-25;-25;18;0;0;190;81
524;阿尔蒙-吉列姆;Armen Gilliam;7;4;3;0;0;0;0;0;0;0;0;0;0;0;-25;-25;-25;18;0;0;206;102
525;兰斯顿-加洛韦;Langston Galloway;7;1;2;0;0;0;0;0;0;0;0;0;0;0;-25;-25;-25;18;0;0;188;88
526;姜伟泽;Jiang Weize;7;1;2;0;0;0;0;0;0;0;0;0;0;0;-25;-25;-25;18;0;0;193;85
527;姜宇星;Jiang Yuxing;7;3;4;0;0;0;0;0;0;0;0;0;0;0;-25;-25;-25;18;0;0;203;95
528;吉姆-杰克逊;Jim Jackson;7;2;3;0;0;0;0;0;0;0;0;0;0;0;-25;-25;-25;18;0;0;190;85
529;马克-杰克逊;Mark Jackson;7;1;0;0;0;0;0;0;0;0;0;0;0;0;-25;-25;-25;18;0;0;190;83
530;马克-杰克逊;Marc Jackson;7;5;0;0;0;0;0;0;0;0;0;0;0;0;-25;-25;-25;18;0;0;193;90
531;约什-杰克逊;Josh Jackson;7;2;3;0;0;0;0;0;0;0;0;0;0;0;-25;-25;-25;18;0;0;201;93
532;贾勒特-卡尔弗;Jarrett Culver;7;2;0;0;0;0;0;0;0;0;0;0;0;0;-25;-25;-25;18;0;0;198;95
533;德马雷-卡罗尔;DeMarre Carroll;7;3;4;0;0;0;0;0;0;0;0;0;0;0;-25;-25;-25;18;0;0;206;97
534;弗兰克-卡明斯基;Frank Kaminsky;7;5;0;0;0;0;0;0;0;0;0;0;0;0;-25;-25;-25;18;0;0;213;109
535;克林特-卡佩拉;Clint Capela;7;5;4;0;0;0;0;0;0;0;0;0;0;0;-25;-25;-25;18;0;0;208;108
536;萨姆-卡塞尔;Sam Cassell;8;1;0;0;0;0;0;0;0;0;0;0;0;0;-25;-25;-25;18;0;0;183;79
537;欧米-卡斯比;Omri Casspi;7;3;0;0;0;0;0;0;0;0;0;0;0;0;-25;-25;-25;18;0;0;206;102
538;迈克尔-卡特-威廉姆斯;Michael Carter Williams;7;1;0;0;0;0;0;0;0;0;0;0;0;0;-25;-25;-25;18;0;0;190;86
539;以赛亚-坎南;Isaiah Canaan;7;2;1;0;0;0;0;0;0;0;0;0;0;0;-25;-25;-25;18;0;0;183;91
540;埃内斯-坎特;Enes Kanter;7;5;0;0;0;0;0;0;0;0;0;0;0;0;-25;-25;-25;18;0;0;211;113
541;肯塔维厄斯-考德威尔-波普;Kentavious Caldwell-Pope;7;2;0;0;0;0;0;0;0;0;0;0;0;0;-25;-25;-25;18;0;0;196;86
542;斯蒂夫-科尔;Steve Kerr;7;1;2;0;0;0;0;0;0;0;0;0;0;0;-25;-25;-25;18;0;0;190;83
543;德里克-科尔曼;Derrick Coleman;7;4;5;0;0;0;0;0;0;0;0;0;0;0;-25;-25;-25;18;0;0;206;102
544;达伦-科里森;Darren Collison;7;1;2;0;0;0;0;0;0;0;0;0;0;0;-25;-25;-25;18;0;0;183;83
545;扎克-科林斯;Zach Collins;7;4;5;0;0;0;0;0;0;0;0;0;0;0;-25;-25;-25;18;0;0;213;108
546;卢克-科内特;Luke Kornet;7;4;5;0;0;0;0;0;0;0;0;0;0;0;-25;-25;-25;18;0;0;213;109
547;内纳德-科斯蒂奇;Nenad Krstić;7;4;5;0;0;0;0;0;0;0;0;0;0;0;-25;-25;-25;18;0;0;211;108
548;罗伯特-科温顿;Robert Covington;7;3;4;0;0;0;0;0;0;0;0;0;0;0;-25;-25;-25;18;0;0;206;95
549;乔丹-克拉克森;Jordan Clarkson;7;2;1;0;0;0;0;0;0;0;0;0;0;0;-25;-25;-25;18;0;0;190;88
550;克里斯-克莱蒙斯;Chris Clemons;7;2;3;0;0;0;0;0;0;0;0;0;0;0;-25;-25;-25;18;0;0;175;82
551;杰-克劳德;Jae Crowder;7;4;3;0;0;0;0;0;0;0;0;0;0;0;-25;-25;-25;18;0;0;198;107
552;乔-克劳福德;Joe Crawford;7;3;0;0;0;0;0;0;0;0;0;0;0;0;-25;-25;-25;18;0;0;193;95
553;马克西-克勒贝尔;Maxi Kleber;7;4;5;0;0;0;0;0;0;0;0;0;0;0;-25;-25;-25;18;0;0;210;100
554;道格-克里斯蒂;Doug Christie;7;2;0;0;0;0;0;0;0;0;0;0;0;0;-25;-25;-25;18;0;0;201;95
555;卢克-肯纳德;Luke Kennard;7;2;3;0;0;0;0;0;0;0;0;0;0;0;-25;-25;-25;18;0;0;193;92
556;埃迪-库里;Eddy Curry;7;5;4;0;0;0;0;0;0;0;0;0;0;0;-25;-25;-25;18;0;0;213;137
557;戴尔-库里;Dell Curry;7;3;2;0;0;0;0;0;0;0;0;0;0;0;-25;-25;-25;18;0;0;190;83
558;塞斯-库里;Seth Curry;7;2;1;0;0;0;0;0;0;0;0;0;0;0;-25;-25;-25;18;0;0;190;86
559;罗季翁斯-库鲁茨;Rodions Kurucs;7;3;4;0;0;0;0;0;0;0;0;0;0;0;-25;-25;-25;18;0;0;198;93
560;乔纳森-库明加;Jonathan Kuminga;7;3;4;0;0;0;0;0;0;0;0;0;0;0;-25;-25;-25;18;0;0;206;102
561;迈克尔-库珀;Michael Cooper;8;2;0;0;0;0;0;0;0;0;0;0;0;0;-25;-25;-25;18;0;0;196;95
562;凯尔-库兹马;Kyle Kuzma;7;4;3;0;0;0;0;0;0;0;0;0;0;0;-25;-25;-25;18;0;0;206;99
563;伊曼纽尔-奎克利;Immanuel Quickley;7;1;0;0;0;0;0;0;0;0;0;0;0;0;-25;-25;-25;18;0;0;190;88
564;迪诺-拉迪亚;Dino Radja;7;4;0;0;0;0;0;0;0;0;0;0;0;0;-25;-25;-25;18;0;0;210;108
565;布莱恩-拉塞尔;Bryon Russell;7;3;2;0;0;0;0;0;0;0;0;0;0;0;-25;-25;-25;18;0;0;201;95
566;伊塞亚-莱德尔;Isaiah Rider Jr.;8;2;3;0;0;0;0;0;0;0;0;0;0;0;-25;-25;-25;18;0;0;190;98
567;德雷克-莱夫利二世;Dereck Lively II;7;5;0;0;0;0;0;0;0;0;0;0;0;0;-25;-25;-25;18;0;0;213;95
568;格伦-莱斯;Glen Rice;7;3;2;0;0;0;0;0;0;0;0;0;0;0;-25;-25;-25;18;0;0;198;95
569;比尔-兰比尔;Bill Laimbeer;8;5;0;0;0;0;0;0;0;0;0;0;0;0;-25;-25;-25;18;0;0;208;102
570;科特-兰比斯;Kurt Rambis;7;4;0;0;0;0;0;0;0;0;0;0;0;0;-25;-25;-25;18;0;0;198;90
571;杰里米-兰姆;Jeremy Lamb;7;2;3;0;0;0;0;0;0;0;0;0;0;0;-25;-25;-25;18;0;0;198;95
572;安德鲁-朗;Andrew Lang;7;5;0;0;0;0;0;0;0;0;0;0;0;0;-25;-25;-25;18;0;0;206;97
573;格兰特-朗;Grant Long;7;4;3;0;0;0;0;0;0;0;0;0;0;0;-25;-25;-25;18;0;0;206;95
574;卢克-朗利;Lucien Longley;7;5;0;0;0;0;0;0;0;0;0;0;0;0;-25;-25;-25;18;0;0;213;104
575;马翰默德-劳夫;Mahmoud Abdul-Rauf;7;2;1;0;0;0;0;0;0;0;0;0;0;0;-25;-25;-25;18;0;0;180;82
576;卡里斯-勒韦尔;Caris LeVert;7;2;1;0;0;0;0;0;0;0;0;0;0;0;-25;-25;-25;18;0;0;203;88
577;JJ-雷迪克;J.J. Redick;7;2;3;0;0;0;0;0;0;0;0;0;0;0;-25;-25;-25;18;0;0;198;93
578;黎伊扬;Li Yiyang;7;1;0;0;0;0;0;0;0;0;0;0;0;0;-25;-25;-25;18;0;0;193;95
579;达米恩-李;Damion Lee;7;2;3;0;0;0;0;0;0;0;0;0;0;0;-25;-25;-25;18;0;0;198;90
580;考特尼-李;Courtney Lee;7;2;3;0;0;0;0;0;0;0;0;0;0;0;-25;-25;-25;18;0;0;198;98
581;奥斯汀-里夫斯;Austin Reaves;7;2;1;0;0;0;0;0;0;0;0;0;0;0;-25;-25;-25;18;0;0;193;84
582;昆廷-理查德森;Quentin Richardson;7;3;0;0;0;0;0;0;0;0;0;0;0;0;-25;-25;-25;18;0;0;201;98
583;肖恩-利文斯顿;Shaun Livingston;7;1;0;0;0;0;0;0;0;0;0;0;0;0;-25;-25;-25;18;0;0;190;82
584;乔治-林奇;George Lynch;7;3;4;0;0;0;0;0;0;0;0;0;0;0;-25;-25;-25;18;0;0;198;95
585;林葳;Lin Wei;7;2;1;0;0;0;0;0;0;0;0;0;0;0;-25;-25;-25;18;0;0;210;100
586;凯文-卢尼;Kevon Looney;7;4;5;0;0;0;0;0;0;0;0;0;0;0;-25;-25;-25;18;0;0;190;84
587;吴前;Wu Qian;7;2;1;0;0;0;0;0;0;0;0;0;0;0;-25;-25;-25;18;0;0;190;82
588;邓肯-罗宾逊;Duncan Robinson;7;2;3;0;0;0;0;0;0;0;0;0;0;0;-25;-25;-25;18;0;0;208;98
589;格伦-罗宾逊;Glenn Robinson;8;3;0;0;0;0;0;0;0;0;0;0;0;0;-25;-25;-25;18;0;0;206;102
590;克里弗德-罗宾逊;Clifford Robinson;7;4;3;0;0;0;0;0;0;0;0;0;0;0;-25;-25;-25;18;0;0;206;95
591;格伦-罗宾逊三世;Glenn Robinson III;7;2;3;0;0;0;0;0;0;0;0;0;0;0;-25;-25;-25;18;0;0;206;90
592;安德烈-罗伯森;Andre Roberson;7;2;3;0;0;0;0;0;0;0;0;0;0;0;-25;-25;-25;18;0;0;206;90
593;埃尔文-罗伯特森;Alvin Robertson;9;2;0;0;0;0;0;0;0;0;0;0;0;0;-25;-25;-25;18;0;0;190;85
594;罗德尼-罗杰斯;Rodney Rogers;7;4;0;0;0;0;0;0;0;0;0;0;0;0;-25;-25;-25;18;0;0;206;95
595;特里-罗齐尔;Terry Rozier;7;1;0;0;0;0;0;0;0;0;0;0;0;0;-25;-25;-25;18;0;0;198;95
596;杰伦-罗斯;Jalen Rose;7;1;0;0;0;0;0;0;0;0;0;0;0;0;-25;-25;-25;18;0;0;203;100
597;特伦斯-罗斯;Terrence Ross;7;2;3;0;0;0;0;0;0;0;0;0;0;0;-25;-25;-25;18;0;0;201;95
598;托尼-罗滕;Tony Wroten;7;1;0;0;0;0;0;0;0;0;0;0;0;0;-25;-25;-25;18;0;0;193;85
599;罗宾-洛佩斯;Robin Lopez;7;5;0;0;0;0;0;0;0;0;0;0;0;0;-25;-25;-25;18;0;0;208;108
600;凯莱布-马丁;Caleb Martin;7;3;2;0;0;0;0;0;0;0;0;0;0;0;-25;-25;-25;18;0;0;206;100
601;凯勒-马丁;Kelan Martin;7;3;2;0;0;0;0;0;0;0;0;0;0;0;-25;-25;-25;18;0;0;201;95
602;丹-马尔利;Dan Majerle;8;2;3;0;0;0;0;0;0;0;0;0;0;0;-25;-25;-25;18;0;0;206;102
603;泰雷斯-马克西;Tyrese Maxey;8;1;2;0;0;0;0;0;0;0;0;0;0;0;-25;-25;-25;18;0;0;198;95
604;博班-马里亚诺维奇;Boban Marjanović;7;5;0;0;0;0;0;0;0;0;0;0;0;0;-25;-25;-25;18;0;0;220;130
605;本尼迪克特-马瑟林;Bennedict Mathurin;7;2;0;0;0;0;0;0;0;0;0;0;0;0;-25;-25;-25;18;0;0;200;90
606;CJ-迈尔斯;C.J. Miles;7;2;3;0;0;0;0;0;0;0;0;0;0;0;-25;-25;-25;18;0;0;198;95
607;阿隆-麦基;Aaron McKie;7;2;3;0;0;0;0;0;0;0;0;0;0;0;-25;-25;-25;18;0;0;190;90
608;贾维尔-麦基;JaVale McGee;7;5;0;0;0;0;0;0;0;0;0;0;0;0;-25;-25;-25;18;0;0;213;122
609;TJ-麦康奈尔;T.J. McConnell;7;1;0;0;0;0;0;0;0;0;0;0;0;0;-25;-25;-25;18;0;0;183;86
610;帕特里克-麦考;Patrick McCaw;7;2;3;0;0;0;0;0;0;0;0;0;0;0;-25;-25;-25;18;0;0;201;86
611;安东尼奥-麦克戴斯;Antonio McDyess;7;4;0;0;0;0;0;0;0;0;0;0;0;0;-25;-25;-25;18;0;0;206;102
612;乔治-麦克劳德;George McCloud;7;3;0;0;0;0;0;0;0;0;0;0;0;0;-25;-25;-25;18;0;0;198;95
613;乔丹-麦克劳克林;Jordan McLaughlin;7;1;2;0;0;0;0;0;0;0;0;0;0;0;-25;-25;-25;18;0;0;183;82
614;内特-麦克米兰;Nate McMillan;7;1;0;0;0;0;0;0;0;0;0;0;0;0;-25;-25;-25;18;0;0;208;98
615;索恩-梅克;Thon Maker;7;5;4;0;0;0;0;0;0;0;0;0;0;0;-25;-25;-25;18;0;0;213;100
616;小安东尼-梅森;Anthony Mason Jr.;7;3;4;0;0;0;0;0;0;0;0;0;0;0;-25;-25;-25;18;0;0;206;108
617;马利克-蒙克;Malik Monk;7;2;1;0;0;0;0;0;0;0;0;0;0;0;-25;-25;-25;18;0;0;193;95
618;克里斯-米尔斯;Chris Mills;7;3;0;0;0;0;0;0;0;0;0;0;0;0;-25;-25;-25;18;0;0;183;88
619;帕蒂-米尔斯;Patty Mills;7;1;0;0;0;0;0;0;0;0;0;0;0;0;-25;-25;-25;18;0;0;180;82
620;奥利弗-米勒;Oliver Miller;7;5;0;0;0;0;0;0;0;0;0;0;0;0;-25;-25;-25;18;0;0;190;140
621;布拉德-米勒;Brad Miller;7;5;1;0;0;0;0;0;0;0;0;0;0;0;-25;-25;-25;18;0;0;213;120
622;尼古拉-米罗蒂奇;Nikola Mirotić;7;4;3;0;0;0;0;0;0;0;0;0;0;0;-25;-25;-25;18;0;0;208;105
623;克里斯-米姆;Chris Mihm;7;5;4;0;0;0;0;0;0;0;0;0;0;0;-25;-25;-25;18;0;0;213;120
624;埃文-莫布里;Evan Mobley;8;4;5;0;0;0;0;0;0;0;0;0;0;0;-25;-25;-25;18;0;0;213;100
625;克里斯-莫里斯;Chris Morris;7;3;0;0;0;0;0;0;0;0;0;0;0;0;-25;-25;-25;18;0;0;203;102
626;马基夫-莫里斯;Markieff Morris;7;4;3;0;0;0;0;0;0;0;0;0;0;0;-25;-25;-25;18;0;0;208;112
627;多纳塔斯-莫泰尤纳斯;Donatas Motiejūnas;7;4;0;0;0;0;0;0;0;0;0;0;0;0;-25;-25;-25;18;0;0;208;100
628;卡尔文-墨菲;Calvin Murphy;7;1;2;0;0;0;0;0;0;0;0;0;0;0;-25;-25;-25;18;0;0;190;95
629;摩西-穆迪;Moses Moody;7;2;3;0;0;0;0;0;0;0;0;0;0;0;-25;-25;-25;18;0;0;211;102
630;伊曼纽尔-穆迪埃;Emmanuel Mudiay;7;1;0;0;0;0;0;0;0;0;0;0;0;0;-25;-25;-25;18;0;0;190;82
631;基根-穆雷;Keegan Murray;7;4;0;0;0;0;0;0;0;0;0;0;0;0;-25;-25;-25;18;0;0;208;95
632;拉蒙德-穆雷;Lamond Murray;7;3;2;0;0;0;0;0;0;0;0;0;0;0;-25;-25;-25;18;0;0;206;95
633;特雷西-穆雷;Tracy Murray;7;3;0;0;0;0;0;0;0;0;0;0;0;0;-25;-25;-25;18;0;0;206;95
634;乔治-穆雷桑;Gheorghe Muresan;7;5;0;0;0;0;0;0;0;0;0;0;0;0;-25;-25;-25;18;0;0;240;160
635;肯德里克-纳恩;Kendrick Nunn;7;1;2;0;0;0;0;0;0;0;0;0;0;0;-25;-25;-25;18;0;0;190;92
636;小拉里-南斯;Larry Nance Jr.;7;5;4;0;0;0;0;0;0;0;0;0;0;0;-25;-25;-25;18;0;0;203;107
637;杰伦-诺埃尔;Jaylen Nowell;7;2;1;0;0;0;0;0;0;0;0;0;0;0;-25;-25;-25;18;0;0;196;95
638;比利-欧文斯;Billy Owens;7;3;2;0;0;0;0;0;0;0;0;0;0;0;-25;-25;-25;18;0;0;206;104
639;扎扎-帕楚里亚;Zaza Pachulia;7;5;0;0;0;0;0;0;0;0;0;0;0;0;-25;-25;-25;18;0;0;206;108
640;肯德里克-帕金斯;Kendrick Perkins;7;5;0;0;0;0;0;0;0;0;0;0;0;0;-25;-25;-25;18;0;0;213;122
641;萨姆-帕金斯;Sam Perkins;7;5;4;0;0;0;0;0;0;0;0;0;0;0;-25;-25;-25;18;0;0;208;107
642;贾巴里-帕克;Jabari Parker;7;4;3;0;0;0;0;0;0;0;0;0;0;0;-25;-25;-25;18;0;0;206;102
643;钱德勒-帕森斯;Chandler Parsons;7;3;0;0;0;0;0;0;0;0;0;0;0;0;-25;-25;-25;18;0;0;203;102
644;埃里克-帕斯卡尔;Eric Paschall;7;4;3;0;0;0;0;0;0;0;0;0;0;0;-25;-25;-25;18;0;0;203;102
645;帕特里克-帕特森;Patrick Patterson;7;4;5;0;0;0;0;0;0;0;0;0;0;0;-25;-25;-25;18;0;0;206;104
646;加里-佩顿二世;Gary Payton II;7;1;2;0;0;0;0;0;0;0;0;0;0;0;-25;-25;-25;18;0;0;193;91
647;卡梅隆-佩恩;Cameron Payne;7;1;0;0;0;0;0;0;0;0;0;0;0;0;-25;-25;-25;18;0;0;188;86
648;维斯里-佩尔森;Wesley Person;7;2;3;0;0;0;0;0;0;0;0;0;0;0;-25;-25;-25;18;0;0;193;93
649;迈克尔-皮特鲁斯;Mickael Pietrus;7;3;0;0;0;0;0;0;0;0;0;0;0;0;-25;-25;-25;18;0;0;193;95
650;雅各布-珀尔特尔;Jakob Poeltl;7;5;4;0;0;0;0;0;0;0;0;0;0;0;-25;-25;-25;18;0;0;213;108
651;乔丹-普尔;Jordan Poole;7;1;2;0;0;0;0;0;0;0;0;0;0;0;-25;-25;-25;18;0;0;213;108
652;乔尔-普尔兹比拉;Joel Przybilla;7;5;0;0;0;0;0;0;0;0;0;0;0;0;-25;-25;-25;18;0;0;216;107
653;弗拉特科-钱查尔;Vlatko Čančar;7;3;2;0;0;0;0;0;0;0;0;0;0;0;-25;-25;-25;18;0;0;203;95
654;亚历山大-乔尔杰维奇;Aleksandar Djordjevic;7;1;2;0;0;0;0;0;0;0;0;0;0;0;-25;-25;-25;18;0;0;201;98
655;埃迪-琼斯;Eddie Jones;8;2;0;0;0;0;0;0;0;0;0;0;0;0;-25;-25;-25;18;0;0;206;113
656;泰厄斯-琼斯;Tyus Jones;7;1;2;0;0;0;0;0;0;0;0;0;0;0;-25;-25;-25;18;0;0;190;90
657;小德里克-琼斯;Derrick Jones Jr.;7;3;4;0;0;0;0;0;0;0;0;0;0;0;-25;-25;-25;18;0;0;193;95
658;杰伦-萨格斯;Jalen Suggs;7;1;2;0;0;0;0;0;0;0;0;0;0;0;-25;-25;-25;18;0;0;193;90
659;托马斯-萨托兰斯基;Tomas Satoransky;7;1;2;0;0;0;0;0;0;0;0;0;0;0;-25;-25;-25;18;0;0;193;98
660;塞德里克-塞巴洛斯;Cedric Ceballos;7;3;0;0;0;0;0;0;0;0;0;0;0;0;-25;-25;-25;18;0;0;198;95
661;马蒂斯-塞布尔;Matisse Thybulle;7;2;0;0;0;0;0;0;0;0;0;0;0;0;-25;-25;-25;18;0;0;198;90
662;萨博-塞弗罗萨;Thabo Sefolosha;7;2;3;0;0;0;0;0;0;0;0;0;0;0;-25;-25;-25;18;0;0;198;86
663;科林-塞克斯顿;Collin Sexton;7;1;2;0;0;0;0;0;0;0;0;0;0;0;-25;-25;-25;18;0;0;190;82
664;凯文-塞拉芬;Kevin Seraphin;7;4;0;0;0;0;0;0;0;0;0;0;0;0;-25;-25;-25;18;0;0;208;100
665;达里奥-沙里奇;Dario Šarić;7;4;3;0;0;0;0;0;0;0;0;0;0;0;-25;-25;-25;18;0;0;206;104
666;德特雷夫-施拉姆夫;Detlef Schrempf;8;3;2;0;0;0;0;0;0;0;0;0;0;0;-25;-25;-25;18;0;0;206;97
667;丹尼斯-施罗德;Dennis Schröder;7;1;2;0;0;0;0;0;0;0;0;0;0;0;-25;-25;-25;18;0;0;198;88
668;里克-施密茨;Rik Smits;7;5;4;0;0;0;0;0;0;0;0;0;0;0;-25;-25;-25;18;0;0;213;113
669;尼克-施陶斯卡斯;Nik Stauskas;7;2;3;0;0;0;0;0;0;0;0;0;0;0;-25;-25;-25;18;0;0;190;90
670;丹尼斯-史密斯;Dennis Smith Jr.;7;1;0;0;0;0;0;0;0;0;0;0;0;0;-25;-25;-25;18;0;0;190;85
671;肯尼-史密斯;Kenny Smith;7;1;0;0;0;0;0;0;0;0;0;0;0;0;-25;-25;-25;18;0;0;190;90
672;小尼克-史密斯;Nick Smith Jr.;7;2;1;0;0;0;0;0;0;0;0;0;0;0;-25;-25;-25;18;0;0;208;98
673;乔-史密斯;Joe Smith;7;4;5;0;0;0;0;0;0;0;0;0;0;0;-25;-25;-25;18;0;0;208;104
674;史蒂夫-史密斯;Steve Delano Smith;7;2;0;0;0;0;0;0;0;0;0;0;0;0;-25;-25;-25;18;0;0;206;108
675;兰斯-斯蒂芬森;Lance Stephenson;7;2;3;0;0;0;0;0;0;0;0;0;0;0;-25;-25;-25;18;0;0;198;102
676;德尼斯-斯科特;Dennis Scott;7;3;0;0;0;0;0;0;0;0;0;0;0;0;-25;-25;-25;18;0;0;190;90
677;拉特里尔-斯普雷威尔;Latrell Sprewell;9;2;0;0;0;0;0;0;0;0;0;0;0;0;-25;-25;-25;18;0;0;190;98
678;达蒙-斯塔德迈尔;Damon Stoudamire;7;1;0;0;0;0;0;0;0;0;0;0;0;0;-25;-25;-25;18;0;0;190;95
679;罗德尼-斯塔基;Rodney Stuckey;7;1;0;0;0;0;0;0;0;0;0;0;0;0;-25;-25;-25;18;0;0;190;88
680;杰里-斯塔克豪斯;Jerry Stackhouse;8;2;3;0;0;0;0;0;0;0;0;0;0;0;-25;-25;-25;18;0;0;203;98
681;约翰-斯塔克斯;John Starks;7;2;0;0;0;0;0;0;0;0;0;0;0;0;-25;-25;-25;18;0;0;203;97
682;罗德-斯特里克兰;Rod Strickland;7;1;0;0;0;0;0;0;0;0;0;0;0;0;-25;-25;-25;18;0;0;190;85
683;马克思-斯特鲁斯;Max Strus;7;2;3;0;0;0;0;0;0;0;0;0;0;0;-25;-25;-25;18;0;0;190;90
684;以赛亚-斯图尔特;Isaiah Stewart;7;5;0;0;0;0;0;0;0;0;0;0;0;0;-25;-25;-25;18;0;0;206;102
685;斯特罗迈尔-斯威夫特;Stromile Swift;7;5;4;0;0;0;0;0;0;0;0;0;0;0;-25;-25;-25;18;0;0;206;98
686;程帅澎;ChengShuaipeng;7;2;1;0;0;0;0;0;0;0;0;0;0;0;-25;-25;-25;18;0;0;190;85
687;杰里米-索汉;Jeremy Sochan;7;3;4;0;0;0;0;0;0;0;0;0;0;0;-25;-25;-25;18;0;0;190;90
688;奥蒂斯-索普;Otis Thorpe;8;4;5;0;0;0;0;0;0;0;0;0;0;0;-25;-25;-25;18;0;0;206;97
689;哈希姆-塔比特;Hasheem Thabeet;7;5;0;0;0;0;0;0;0;0;0;0;0;0;-25;-25;-25;18;0;0;198;95
690;PJ-塔克;P.J. Tucker;7;4;5;0;0;0;0;0;0;0;0;0;0;0;-25;-25;-25;18;0;0;203;95
691;丹尼尔-泰斯;Daniel Theis;7;4;5;0;0;0;0;0;0;0;0;0;0;0;-25;-25;-25;18;0;0;203;100
692;加勒特-坦普尔;Garrett Temple;7;2;1;0;0;0;0;0;0;0;0;0;0;0;-25;-25;-25;18;0;0;190;85
693;阿门-汤普森;Amen Thompson;8;2;1;0;0;0;0;0;0;0;0;0;0;0;-25;-25;-25;18;0;0;190;88
694;奥萨尔-汤普森;Ausar Thompson;7;3;2;0;0;0;0;0;0;0;0;0;0;0;-25;-25;-25;18;0;0;190;90
695;特里斯坦-汤普森;Tristan Thompson;7;5;4;0;0;0;0;0;0;0;0;0;0;0;-25;-25;-25;18;0;0;208;104
696;唐正东;TangZhengdong;7;5;4;0;0;0;0;0;0;0;0;0;0;0;-25;-25;-25;18;0;0;190;90
697;达伦-特里;Dalen Terry;7;2;1;0;0;0;0;0;0;0;0;0;0;0;-25;-25;-25;18;0;0;190;88
698;安东尼-托利弗;Anthony Tolliver;7;4;5;0;0;0;0;0;0;0;0;0;0;0;-25;-25;-25;18;0;0;206;102
699;小以赛亚-托马斯;Isaiah Thomas;8;1;0;0;0;0;0;0;0;0;0;0;0;0;-25;-25;-25;18;0;0;206;107
700;奥比-托平;Obi Toppin;7;4;5;0;0;0;0;0;0;0;0;0;0;0;-25;-25;-25;18;0;0;203;95
701;安德森-瓦莱乔;Anderson Varejão;7;5;4;0;0;0;0;0;0;0;0;0;0;0;-25;-25;-25;18;0;0;203;90
702;约纳斯-瓦兰丘纳斯;Jonas Valančiūnas;7;5;0;0;0;0;0;0;0;0;0;0;0;0;-25;-25;-25;18;0;0;206;108
703;丹泽尔-瓦伦丁;Denzel Valentine;7;2;3;0;0;0;0;0;0;0;0;0;0;0;-25;-25;-25;18;0;0;206;113
704;王岚嵚;WangLanqin;7;1;0;0;0;0;0;0;0;0;0;0;0;0;-25;-25;-25;18;0;0;190;90
705;凯莱尔-威尔;Kel'el Ware;7;5;0;0;0;0;0;0;0;0;0;0;0;0;-25;-25;-25;18;0;0;203;95
706;邦奇-威尔斯;Bonzi Wells;7;2;3;0;0;0;0;0;0;0;0;0;0;0;-25;-25;-25;18;0;0;190;95
707;凯文-威利斯;Kevin Willis;7;4;5;0;0;0;0;0;0;0;0;0;0;0;-25;-25;-25;18;0;0;213;108
708;杰伦-威廉姆斯;Jalen Williams;8;3;2;0;0;0;0;0;0;0;0;0;0;0;-25;-25;-25;18;0;0;203;97
709;肯里奇-威廉姆斯;Kenrich Williams;7;3;4;0;0;0;0;0;0;0;0;0;0;0;-25;-25;-25;18;0;0;203;100
710;莫里斯-威廉姆斯;Mo Williams;7;1;0;0;0;0;0;0;0;0;0;0;0;0;-25;-25;-25;18;0;0;190;90
711;帕特里克-威廉姆斯;Patrick Williams;7;3;4;0;0;0;0;0;0;0;0;0;0;0;-25;-25;-25;18;0;0;206;97
712;沃尔特-威廉姆斯;Walt Williams;7;3;2;0;0;0;0;0;0;0;0;0;0;0;-25;-25;-25;18;0;0;190;85
713;扎伊尔-威廉姆斯;Ziaire Williams;7;3;2;0;0;0;0;0;0;0;0;0;0;0;-25;-25;-25;18;0;0;190;88
714;邹阳;Zou Yang;7;4;3;0;0;0;0;0;0;0;0;0;0;0;-25;-25;-25;18;0;0;190;95
715;大卫-韦斯利;David Wesley;7;1;0;0;0;0;0;0;0;0;0;0;0;0;-25;-25;-25;18;0;0;190;90
716;盖布-文森特;Gabe Vincent;7;2;1;0;0;0;0;0;0;0;0;0;0;0;-25;-25;-25;18;0;0;190;90
717;克里斯蒂安-伍德;Christian Wood;7;4;0;0;0;0;0;0;0;0;0;0;0;0;-25;-25;-25;18;0;0;203;95
718;肯尼-伍滕;Kenny Wooten;7;3;4;0;0;0;0;0;0;0;0;0;0;0;-25;-25;-25;18;0;0;210;102
719;萨沙-武贾西奇;Sasha Vujacic;7;2;1;0;0;0;0;0;0;0;0;0;0;0;-25;-25;-25;18;0;0;190;85
720;巴迪-希尔德;Buddy Hield;7;2;1;0;0;0;0;0;0;0;0;0;0;0;-25;-25;-25;18;0;0;190;88
721;JJ-希克森;J. J. Hickson;7;4;0;0;0;0;0;0;0;0;0;0;0;0;-25;-25;-25;18;0;0;190;90
722;泰勒-希罗;Tyler Herro;8;2;0;0;0;0;0;0;0;0;0;0;0;0;-25;-25;-25;18;0;0;190;95
723;克里斯-席尔瓦;Chris Silva;7;3;4;0;0;0;0;0;0;0;0;0;0;0;-25;-25;-25;18;0;0;203;100
724;谢登-夏普;Shaedon Sharpe;7;2;1;0;0;0;0;0;0;0;0;0;0;0;-25;-25;-25;18;0;0;213;108
725;伊曼-香珀特;Iman Shumpert;7;2;0;0;0;0;0;0;0;0;0;0;0;0;-25;-25;-25;18;0;0;190;90
726;薛玉洋;XueYuyang;7;4;5;0;0;0;0;0;0;0;0;0;0;0;-25;-25;-25;18;0;0;206;97
727;尼基尔-亚历山大-沃克;Nickeil Alexander-Walker;7;1;2;0;0;0;0;0;0;0;0;0;0;0;-25;-25;-25;18;0;0;190;95
728;尼克-杨;Nick Young;7;2;0;0;0;0;0;0;0;0;0;0;0;0;-25;-25;-25;18;0;0;190;90
729;赛迪斯-杨;Thaddeus Young;7;4;3;0;0;0;0;0;0;0;0;0;0;0;-25;-25;-25;18;0;0;203;95
730;杨瀚森;YangHanSen;7;5;0;0;0;0;0;0;0;0;0;0;0;0;-25;-25;-25;18;0;0;190;90
731;杨鸣;YangMing;7;1;2;0;0;0;0;0;0;0;0;0;0;0;-25;-25;-25;18;0;0;190;95
732;艾森-伊利亚索瓦;Ersan Ilyasova;7;4;0;0;0;0;0;0;0;0;0;0;0;0;-25;-25;-25;18;0;0;190;90
733;艾派-尤度;Ekpe Udoh;7;5;4;0;0;0;0;0;0;0;0;0;0;0;-25;-25;-25;18;0;0;190;88
734;于德豪;YuDehao;7;1;0;0;0;0;0;0;0;0;0;0;0;0;-25;-25;-25;18;0;0;190;90
735;余嘉豪;Yu Jiahao;7;5;0;0;0;0;0;0;0;0;0;0;0;0;-25;-25;-25;18;0;0;190;95
736;艾弗里-约翰逊;Avery Johnson;7;1;0;0;0;0;0;0;0;0;0;0;0;0;-25;-25;-25;18;0;0;190;90
737;卡梅伦-约翰逊;Cameron Johnson;7;3;4;0;0;0;0;0;0;0;0;0;0;0;-25;-25;-25;18;0;0;190;95
738;凯尔登-约翰逊;Keldon Johnson;8;2;3;0;0;0;0;0;0;0;0;0;0;0;-25;-25;-25;18;0;0;190;90
739;凯文-约翰逊;Kevin Johnson;9;1;0;0;0;0;0;0;0;0;0;0;0;0;-25;-25;-25;18;0;0;190;88
740;泰勒-约翰逊;Tyler Johnson;7;2;1;0;0;0;0;0;0;0;0;0;0;0;-25;-25;-25;18;0;0;190;90
741;韦斯利-约翰逊;Wesley Johnson;7;3;0;0;0;0;0;0;0;0;0;0;0;0;-25;-25;-25;18;0;0;190;95
742;布朗尼-詹姆斯;Bronny James;6;2;3;0;0;0;0;0;0;0;0;0;0;0;-25;-25;-25;18;0;0;180;75
743;张宁;ZhangNing;7;3;0;0;0;0;0;0;0;0;0;0;0;0;-25;-25;-25;18;0;0;190;90
744;张镇麟;Kevin Zhang;7;3;4;0;0;0;0;0;0;0;0;0;0;0;-25;-25;-25;18;0;0;190;95
745;朱松玮;Songwei Zhu;7;3;0;0;0;0;0;0;0;0;0;0;0;0;-25;-25;-25;18;0;0;190;90
746;祝铭震;Wiliam;7;3;4;0;0;0;0;0;0;0;0;0;0;0;-25;-25;-25;18;0;0;190;95
747;伊维察-祖巴茨;Ivica Zubac;7;5;0;0;0;0;0;0;0;0;0;0;0;0;-25;-25;-25;18;0;0;213;108
748;奥查伊-阿巴吉;Ochai Agbaji;6;2;1;0;0;0;0;0;0;0;0;0;0;0;-25;-25;-25;18;0;0;190;95
749;阿莱克斯-阿布里恩斯;Alex Abrines;6;2;3;0;0;0;0;0;0;0;0;0;0;0;-25;-25;-25;18;0;0;190;90
750;科斯塔斯-阿德托昆博;Kostas Antetokounmpo;6;3;4;0;0;0;0;0;0;0;0;0;0;0;-25;-25;-25;18;0;0;190;95
751;萨纳西斯-阿德托昆博;Thanasis Antetokounmpo;6;3;2;0;0;0;0;0;0;0;0;0;0;0;-25;-25;-25;18;0;0;203;100
752;桑蒂-阿尔达马;Santi Aldama;7;4;5;0;0;0;0;0;0;0;0;0;0;0;-25;-25;-25;18;0;0;210;102
753;科尔-阿尔德里奇;Cole Aldrich;6;5;0;0;0;0;0;0;0;0;0;0;0;0;-25;-25;-25;18;0;0;206;108
754;里安-阿尔奇迪亚科诺;Ryan Arcidiacono;6;2;1;0;0;0;0;0;0;0;0;0;0;0;-25;-25;-25;18;0;0;213;113
755;约瑟-阿尔瓦拉多;Jose Alvarado;6;1;0;0;0;0;0;0;0;0;0;0;0;0;-25;-25;-25;18;0;0;180;82
756;汤姆-海因索恩;Tom Heinsohn;9;4;5;0;0;0;0;0;0;0;0;0;0;0;-25;-25;-25;18;0;0;180;77
757;阿莱克斯-阿金萨;Alexis Ajinca;6;5;4;0;0;0;0;0;0;0;0;0;0;0;-25;-25;-25;18;0;0;216;108
758;马克-阿奎尔;Mark Aguirre;6;3;0;0;0;0;0;0;0;0;0;0;0;0;-25;-25;-25;18;0;0;193;95
759;所罗门-阿拉比;Solomon Alabi;6;5;0;0;0;0;0;0;0;0;0;0;0;0;-25;-25;-25;18;0;0;213;104
760;拉菲尔-阿鲁尤;Rafael Araujo;6;5;0;0;0;0;0;0;0;0;0;0;0;0;-25;-25;-25;18;0;0;213;115
761;格雷森-阿伦;Grayson Allen;7;2;0;0;0;0;0;0;0;0;0;0;0;0;-25;-25;-25;18;0;0;208;108
762;卡洛斯-阿罗约;Carlos Arroyo;6;1;0;0;0;0;0;0;0;0;0;0;0;0;-25;-25;-25;18;0;0;193;90
763;约翰-阿米奇;John Amaechi;6;5;4;0;0;0;0;0;0;0;0;0;0;0;-25;-25;-25;18;0;0;188;86
764;BJ-阿姆斯特朗;B.J. Armstrong;6;1;0;0;0;0;0;0;0;0;0;0;0;0;-25;-25;-25;18;0;0;183;82
765;希尔顿-阿姆斯特朗;Hilton Armstrong;6;4;5;0;0;0;0;0;0;0;0;0;0;0;-25;-25;-25;18;0;0;206;104
766;罗波特-阿奇博尔德;Robert Archibald;6;4;5;0;0;0;0;0;0;0;0;0;0;0;-25;-25;-25;18;0;0;208;104
767;普雷舍斯-阿丘瓦;Precious Achiuwa;6;5;4;0;0;0;0;0;0;0;0;0;0;0;-25;-25;-25;18;0;0;208;102
768;基斯-阿斯金斯;Keith Askins;6;3;2;0;0;0;0;0;0;0;0;0;0;0;-25;-25;-25;18;0;0;206;97
769;查基-阿特金斯;Chucky Atkins;6;1;2;0;0;0;0;0;0;0;0;0;0;0;-25;-25;-25;18;0;0;203;95
770;昆西-阿西;Quincy Acy;6;4;0;0;0;0;0;0;0;0;0;0;0;0;-25;-25;-25;18;0;0;198;97
771;欧米尔-阿西克;Omer Asik;6;5;0;0;0;0;0;0;0;0;0;0;0;0;-25;-25;-25;18;0;0;201;102
772;乌多卡-阿祖布伊克;Udoka Azubuike;6;5;0;0;0;0;0;0;0;0;0;0;0;0;-25;-25;-25;18;0;0;213;113
773;胡安-埃尔南戈麦斯;Juan Hernangómez;6;4;3;0;0;0;0;0;0;0;0;0;0;0;-25;-25;-25;18;0;0;206;104
774;吉列尔莫-埃尔南戈麦斯;Willy Hernangómez;6;5;4;0;0;0;0;0;0;0;0;0;0;0;-25;-25;-25;18;0;0;206;95
775;弗朗西斯科-埃尔森;Francisco Elson;6;5;0;0;0;0;0;0;0;0;0;0;0;0;-25;-25;-25;18;0;0;198;90
776;丹特-埃克萨姆;Dante Exum;7;1;0;0;0;0;0;0;0;0;0;0;0;0;-25;-25;-25;18;0;0;203;95
777;基翁-埃利斯;Keon Ellis;7;1;2;0;0;0;0;0;0;0;0;0;0;0;-25;-25;-25;18;0;0;198;90
778;安德烈-埃梅特;Andre Emmett;6;3;0;0;0;0;0;0;0;0;0;0;0;0;-25;-25;-25;18;0;0;198;95
779;罗耶尔-埃维;Royal Ivey;6;1;2;0;0;0;0;0;0;0;0;0;0;0;-25;-25;-25;18;0;0;190;90
780;杰里米-埃文斯;Jeremy Evans;6;4;0;0;0;0;0;0;0;0;0;0;0;0;-25;-25;-25;18;0;0;190;88
781;雷吉-埃文斯;Reggie Evans;6;4;5;0;0;0;0;0;0;0;0;0;0;0;-25;-25;-25;18;0;0;190;90
782;杰夫-艾尔斯;Jeff Ayres;6;4;5;0;0;0;0;0;0;0;0;0;0;0;-25;-25;-25;18;0;0;208;108
783;科尔顿-艾弗森;Colton Iverson;6;5;0;0;0;0;0;0;0;0;0;0;0;0;-25;-25;-25;18;0;0;213;108
784;拉方索-艾利斯;LaPhonso Ellis;6;4;3;0;0;0;0;0;0;0;0;0;0;0;-25;-25;-25;18;0;0;206;100
785;韦恩-艾灵顿;Wayne Ellington;6;2;0;0;0;0;0;0;0;0;0;0;0;0;-25;-25;-25;18;0;0;206;97
786;拉沃伊-艾伦;Lavoy Allen;6;4;0;0;0;0;0;0;0;0;0;0;0;0;-25;-25;-25;18;0;0;190;88
787;费斯图斯-艾泽利;Festus Ezeli;6;5;0;0;0;0;0;0;0;0;0;0;0;0;-25;-25;-25;18;0;0;190;90
788;凯斯勒-爱德华兹;Kessler Edwards;6;3;4;0;0;0;0;0;0;0;0;0;0;0;-25;-25;-25;18;0;0;206;95
789;凯文-爱德华兹;Kevin Edwards;6;2;1;0;0;0;0;0;0;0;0;0;0;0;-25;-25;-25;18;0;0;206;100
790;马蒂纳斯-安德留斯科维休斯;Martynas Andriuskevicius;6;5;0;0;0;0;0;0;0;0;0;0;0;0;-25;-25;-25;18;0;0;198;90
791;大卫-安德森;David Andersen;6;5;0;0;0;0;0;0;0;0;0;0;0;0;-25;-25;-25;18;0;0;208;102
792;德里克-安德森;Derek Anderson;6;2;3;0;0;0;0;0;0;0;0;0;0;0;-25;-25;-25;18;0;0;206;107
793;贾斯汀-安德森;Justin Anderson;6;2;3;0;0;0;0;0;0;0;0;0;0;0;-25;-25;-25;18;0;0;193;90
794;凯尔-安德森;Kyle Anderson;7;3;2;0;0;0;0;0;0;0;0;0;0;0;-25;-25;-25;18;0;0;198;95
795;克里斯-安德森;Chris Andersen;6;5;4;0;0;0;0;0;0;0;0;0;0;0;-25;-25;-25;18;0;0;203;98
796;山顿-安德森;Shandon Anderson;6;2;3;0;0;0;0;0;0;0;0;0;0;0;-25;-25;-25;18;0;0;203;95
797;托斯卡诺-安德森;Juan Toscano-Anderson;6;3;4;0;0;0;0;0;0;0;0;0;0;0;-25;-25;-25;18;0;0;203;98
798;乔尔-安东尼;Joel Anthony;6;5;4;0;0;0;0;0;0;0;0;0;0;0;-25;-25;-25;18;0;0;203;97
799;鲍勃-乐福;Bob Love;8;4;3;0;0;0;0;0;0;0;0;0;0;0;-25;-25;-25;18;0;0;203;95
800;法布里希奥-奥博托;Fabricio Oberto;6;5;0;0;0;0;0;0;0;0;0;0;0;0;-25;-25;-25;18;0;0;206;108
801;帕特里克-奥布莱恩特;Patrick O'Bryant;6;5;0;0;0;0;0;0;0;0;0;0;0;0;-25;-25;-25;18;0;0;210;113
802;约翰尼-奥布莱恩特;Johnny O'Bryant III;6;4;0;0;0;0;0;0;0;0;0;0;0;0;-25;-25;-25;18;0;0;208;107
803;丹尼尔-奥尔顿;Daniel Orton;6;5;0;0;0;0;0;0;0;0;0;0;0;0;-25;-25;-25;18;0;0;208;104
804;斯特西-奥格蒙;Stacy Augmon;6;3;0;0;0;0;0;0;0;0;0;0;0;0;-25;-25;-25;18;0;0;198;93
805;DJ-奥古斯丁;D.J. Augustin;6;1;0;0;0;0;0;0;0;0;0;0;0;0;-25;-25;-25;18;0;0;183;82
806;詹姆斯-奥古斯丁;James Augustine;6;4;0;0;0;0;0;0;0;0;0;0;0;0;-25;-25;-25;18;0;0;208;104
807;丘马-奥基基;Chuma Okeke;6;3;4;0;0;0;0;0;0;0;0;0;0;0;-25;-25;-25;18;0;0;210;113
808;约什-奥科吉;Josh Okogie;7;2;3;0;0;0;0;0;0;0;0;0;0;0;-25;-25;-25;18;0;0;203;100
809;克里斯-穆雷;Kris Murray;7;3;4;0;0;0;0;0;0;0;0;0;0;0;-25;-25;-25;18;0;0;201;98
810;艾萨克-奥科罗;Isaac Okoro;6;2;3;0;0;0;0;0;0;0;0;0;0;0;-25;-25;-25;18;0;0;203;95
811;KZ-奥克帕拉;KZ Okpala;6;3;0;0;0;0;0;0;0;0;0;0;0;0;-25;-25;-25;18;0;0;203;90
812;凯尔-奥奎因;Kyle O'Quinn;6;5;4;0;0;0;0;0;0;0;0;0;0;0;-25;-25;-25;18;0;0;206;108
813;阿莱克斯-奥里亚奇;Alex Oriakhi;6;4;5;0;0;0;0;0;0;0;0;0;0;0;-25;-25;-25;18;0;0;206;100
814;卡梅伦-奥利弗;Cameron Oliver;6;4;3;0;0;0;0;0;0;0;0;0;0;0;-25;-25;-25;18;0;0;206;97
815;凯利-奥利尼克;Kelly Olynyk;7;5;4;0;0;0;0;0;0;0;0;0;0;0;-25;-25;-25;18;0;0;213;107
816;迈克尔-奥洛沃坎迪;Michael Olowokandi;6;5;0;0;0;0;0;0;0;0;0;0;0;0;-25;-25;-25;18;0;0;213;108
817;尤金-奥莫鲁伊;Eugene Omoruyi;6;3;4;0;0;0;0;0;0;0;0;0;0;0;-25;-25;-25;18;0;0;203;95
818;罗伊斯-奥尼尔;Royce O'Neale;6;3;2;0;0;0;0;0;0;0;0;0;0;0;-25;-25;-25;18;0;0;198;97
819;齐纳努-奥努阿库;Chinanu Onuaku;6;4;5;0;0;0;0;0;0;0;0;0;0;0;-25;-25;-25;18;0;0;208;102
820;罗梅罗-奥斯比;Romero Osby;6;4;3;0;0;0;0;0;0;0;0;0;0;0;-25;-25;-25;18;0;0;203;95
821;格雷格-奥斯特塔格;Greg Ostertag;6;5;0;0;0;0;0;0;0;0;0;0;0;0;-25;-25;-25;18;0;0;198;90
822;特拉维斯-奥特洛;Travis Outlaw;6;3;0;0;0;0;0;0;0;0;0;0;0;0;-25;-25;-25;18;0;0;208;104
823;托尼-巴蒂;Tony Battie;6;5;4;0;0;0;0;0;0;0;0;0;0;0;-25;-25;-25;18;0;0;208;102
824;蔡斯-巴丁格;Chase Budinger;6;3;0;0;0;0;0;0;0;0;0;0;0;0;-25;-25;-25;18;0;0;203;95
825;史蒂夫-巴多;Steve Bardo;6;1;2;0;0;0;0;0;0;0;0;0;0;0;-25;-25;-25;18;0;0;198;90
826;雷纳尔多-巴尔克曼;Renaldo Balkman;6;3;0;0;0;0;0;0;0;0;0;0;0;0;-25;-25;-25;18;0;0;203;97
827;卡梅隆-巴尔斯托;Cameron Bairstow;6;5;0;0;0;0;0;0;0;0;0;0;0;0;-25;-25;-25;18;0;0;190;85
828;德鲁-巴里;Drew Barry;6;2;0;0;0;0;0;0;0;0;0;0;0;0;-25;-25;-25;18;0;0;203;100
829;厄尔-巴隆;Earl Barron;6;5;0;0;0;0;0;0;0;0;0;0;0;0;-25;-25;-25;18;0;0;206;107
830;多米尼克-巴洛;Dominick Barlow;6;4;3;0;0;0;0;0;0;0;0;0;0;0;-25;-25;-25;18;0;0;206;113
831;卢克-巴莫特;Luc Richard Mbah a Moute;6;3;0;0;0;0;0;0;0;0;0;0;0;0;-25;-25;-25;18;0;0;203;100
832;布兰登-巴斯;Brandon Bass;6;4;0;0;0;0;0;0;0;0;0;0;0;0;-25;-25;-25;18;0;0;203;95
833;德肖恩-巴特勒;Da'Sean Butler;6;3;0;0;0;0;0;0;0;0;0;0;0;0;-25;-25;-25;18;0;0;193;90
834;杰齐-巴特勒;Jackie Butler;6;5;0;0;0;0;0;0;0;0;0;0;0;0;-25;-25;-25;18;0;0;190;88
835;达拉诺-班顿;Dalano Banton;7;1;0;0;0;0;0;0;0;0;0;0;0;0;-25;-25;-25;18;0;0;208;108
836;马库斯-班克斯;Marcus Banks;6;1;0;0;0;0;0;0;0;0;0;0;0;0;-25;-25;-25;18;0;0;190;90
837;EdO-班农;Ed O'Bannon;6;3;0;0;0;0;0;0;0;0;0;0;0;0;-25;-25;-25;18;0;0;190;95
838;杰里-斯隆;Jerry Sloan;8;2;3;0;0;0;0;0;0;0;0;0;0;0;-25;-25;-25;18;0;0;190;90
839;韦德-鲍德温;Wade Baldwin;6;1;0;0;0;0;0;0;0;0;0;0;0;0;-25;-25;-25;18;0;0;190;95
840;小帕特里克-鲍德温;Patrick Baldwin Jr.;6;3;4;0;0;0;0;0;0;0;0;0;0;0;-25;-25;-25;18;0;0;190;90
841;凯-鲍曼;Ky Bowman;6;1;0;0;0;0;0;0;0;0;0;0;0;0;-25;-25;-25;18;0;0;190;95
842;里昂-鲍威;Leon Powe;6;5;4;0;0;0;0;0;0;0;0;0;0;0;-25;-25;-25;18;0;0;190;90
843;德怀特-鲍威尔;Dwight Powell;7;5;4;0;0;0;0;0;0;0;0;0;0;0;-25;-25;-25;18;0;0;190;95
844;诺曼-鲍威尔;Norman Powell;7;2;3;0;0;0;0;0;0;0;0;0;0;0;-25;-25;-25;18;0;0;190;90
845;约什-鲍威尔;Josh Powell;6;4;5;0;0;0;0;0;0;0;0;0;0;0;-25;-25;-25;18;0;0;190;95
846;莱恩-鲍文;Ryan Bowen;6;3;0;0;0;0;0;0;0;0;0;0;0;0;-25;-25;-25;18;0;0;190;90
847;凯塔-贝茨-迪奥普;Keita Bates-Diop;6;3;2;0;0;0;0;0;0;0;0;0;0;0;-25;-25;-25;18;0;0;190;95
848;拉加-贝尔;Raja Bell;6;2;3;0;0;0;0;0;0;0;0;0;0;0;-25;-25;-25;18;0;0;190;90
849;达里厄斯-贝兹利;Darius Bazley;6;4;3;0;0;0;0;0;0;0;0;0;0;0;-25;-25;-25;18;0;0;206;113
850;肯特-贝兹莫尔;Kent Bazemore;6;2;3;0;0;0;0;0;0;0;0;0;0;0;-25;-25;-25;18;0;0;206;108
851;鲍勃-丹德里奇;Bob Dandridge;8;3;2;0;0;0;0;0;0;0;0;0;0;0;-25;-25;-25;18;0;0;203;100
852;安东尼-本内特;Anthony Bennett;6;3;4;0;0;0;0;0;0;0;0;0;0;0;-25;-25;-25;18;0;0;190;95
853;基斯-本森;Keith Benson;6;5;0;0;0;0;0;0;0;0;0;0;0;0;-25;-25;-25;18;0;0;208;102
854;安德里斯-比德林斯;Andris Biedrins;6;5;0;0;0;0;0;0;0;0;0;0;0;0;-25;-25;-25;18;0;0;210;108
855;杰罗姆-比斯利;Jerome Beasley;6;4;0;0;0;0;0;0;0;0;0;0;0;0;-25;-25;-25;18;0;0;193;93
856;戈加-比塔泽;Goga Bitadze;6;5;0;0;0;0;0;0;0;0;0;0;0;0;-25;-25;-25;18;0;0;203;95
857;德扬-波迪罗加;Dejan Bodiroga;10;3;0;0;0;0;0;0;0;0;0;0;0;0;-25;-25;-25;18;0;0;210;104
858;斯科特-波拉德;Scot Pollard;6;5;0;0;0;0;0;0;0;0;0;0;0;0;-25;-25;-25;18;0;0;208;100
859;奥尔登-波利尼斯;Olden Polynice;6;5;0;0;0;0;0;0;0;0;0;0;0;0;-25;-25;-25;18;0;0;206;95
860;维塔利-波塔潘科;Vitaly Potapenko;6;5;0;0;0;0;0;0;0;0;0;0;0;0;-25;-25;-25;18;0;0;208;102
861;米卡-波特;Micah Potter;6;5;0;0;0;0;0;0;0;0;0;0;0;0;-25;-25;-25;18;0;0;203;97
862;巴迪-伯海姆;Buddy Boeheim;6;3;0;0;0;0;0;0;0;0;0;0;0;0;-25;-25;-25;18;0;0;198;93
863;詹姆斯-伯克奈特;James Bouknight;6;2;1;0;0;0;0;0;0;0;0;0;0;0;-25;-25;-25;18;0;0;193;88
864;安东尼奥-伯克斯;Antonio Burks;6;1;0;0;0;0;0;0;0;0;0;0;0;0;-25;-25;-25;18;0;0;203;95
865;肯-伯奇;Khem Birch;6;5;4;0;0;0;0;0;0;0;0;0;0;0;-25;-25;-25;18;0;0;203;100
866;莱安德罗-博尔马罗;Leandro Bolmaro;6;3;2;0;0;0;0;0;0;0;0;0;0;0;-25;-25;-25;18;0;0;206;104
867;基斯-博甘斯;Keith Bogans;6;2;3;0;0;0;0;0;0;0;0;0;0;0;-25;-25;-25;18;0;0;206;97
868;乔尔-博伦博伊;Joel Bolomboy;6;4;5;0;0;0;0;0;0;0;0;0;0;0;-25;-25;-25;18;0;0;198;95
869;马琼-博尚;MarJon Beauchamp;6;2;0;0;0;0;0;0;0;0;0;0;0;0;-25;-25;-25;18;0;0;198;90
870;罗德里格-布博瓦;Rodrigue Beaubois;6;1;0;0;0;0;0;0;0;0;0;0;0;0;-25;-25;-25;18;0;0;198;93
871;约什-布恩;Josh Boone;6;4;5;0;0;0;0;0;0;0;0;0;0;0;-25;-25;-25;18;0;0;203;95
872;特雷沃-布克;Trevor Booker;6;4;0;0;0;0;0;0;0;0;0;0;0;0;-25;-25;-25;18;0;0;203;97
873;马特-布拉德;Matt Bullard;6;4;3;0;0;0;0;0;0;0;0;0;0;0;-25;-25;-25;18;0;0;206;107
874;安德雷-布拉奇;Andray Blatche;6;4;0;0;0;0;0;0;0;0;0;0;0;0;-25;-25;-25;18;0;0;190;85
875;托马斯-布莱恩特;Thomas Bryant;6;5;4;0;0;0;0;0;0;0;0;0;0;0;-25;-25;-25;18;0;0;208;113
876;德胡安-布莱尔;DeJuan Blair;6;5;4;0;0;0;0;0;0;0;0;0;0;0;-25;-25;-25;18;0;0;208;102
877;克雷格-布莱金斯;Craig Brackins;6;5;4;0;0;0;0;0;0;0;0;0;0;0;-25;-25;-25;18;0;0;206;95
878;马拉基-布兰纳姆;Malaki Branham;6;2;1;0;0;0;0;0;0;0;0;0;0;0;-25;-25;-25;18;0;0;206;100
879;PJ-布朗;P.J. Brown;6;4;5;0;0;0;0;0;0;0;0;0;0;0;-25;-25;-25;18;0;0;203;92
880;查基-布朗;Chucky Brown;6;4;3;0;0;0;0;0;0;0;0;0;0;0;-25;-25;-25;18;0;0;190;85
881;德里克-布朗;Derrick Brown;6;3;0;0;0;0;0;0;0;0;0;0;0;0;-25;-25;-25;18;0;0;190;88
882;格雷格-布朗;Greg Brown III;6;3;4;0;0;0;0;0;0;0;0;0;0;0;-25;-25;-25;18;0;0;190;90
883;凯德里克-布朗;Kedrick Brown;6;2;1;0;0;0;0;0;0;0;0;0;0;0;-25;-25;-25;18;0;0;190;95
884;肯德尔-布朗;Kendall Brown;6;3;2;0;0;0;0;0;0;0;0;0;0;0;-25;-25;-25;18;0;0;190;90
885;夸梅-布朗;Kwame Brown;6;4;5;0;0;0;0;0;0;0;0;0;0;0;-25;-25;-25;18;0;0;208;113
886;洛伦佐-布朗;Lorenzo Brown;6;1;0;0;0;0;0;0;0;0;0;0;0;0;-25;-25;-25;18;0;0;203;100
887;马克尔-布朗;Markel Brown;6;2;0;0;0;0;0;0;0;0;0;0;0;0;-25;-25;-25;18;0;0;203;95
888;斯特林-布朗;Sterling Brown;6;2;3;0;0;0;0;0;0;0;0;0;0;0;-25;-25;-25;18;0;0;203;97
889;特洛伊-布朗;Troy Brown;6;3;2;0;0;0;0;0;0;0;0;0;0;0;-25;-25;-25;18;0;0;203;95
890;亚历克-布朗;Alec Brown;6;5;0;0;0;0;0;0;0;0;0;0;0;0;-25;-25;-25;18;0;0;190;85
891;马克-布朗特;Mark Blount;6;5;0;0;0;0;0;0;0;0;0;0;0;0;-25;-25;-25;18;0;0;208;107
892;克里斯蒂安-布劳恩;Christian Braun;6;2;0;0;0;0;0;0;0;0;0;0;0;0;-25;-25;-25;18;0;0;203;95
893;史蒂夫-布雷克;Steve Blake;6;2;1;0;0;0;0;0;0;0;0;0;0;0;-25;-25;-25;18;0;0;190;88
894;威尔-布雷洛克;Will Blalock;6;1;0;0;0;0;0;0;0;0;0;0;0;0;-25;-25;-25;18;0;0;190;90
895;普里莫兹-布雷泽克;Primoz Brezec;6;5;0;0;0;0;0;0;0;0;0;0;0;0;-25;-25;-25;18;0;0;213;113
896;阿米达-布里马;Amida Brimah;6;5;0;0;0;0;0;0;0;0;0;0;0;0;-25;-25;-25;18;0;0;190;95
897;奥谢-布里塞特;Oshae Brissett;6;3;2;0;0;0;0;0;0;0;0;0;0;0;-25;-25;-25;18;0;0;198;90
898;罗尼-布鲁尔;Ronnie Brewer;6;2;3;0;0;0;0;0;0;0;0;0;0;0;-25;-25;-25;18;0;0;203;95
899;阿尔莫尼-布鲁克斯;Armoni Brooks;6;1;2;0;0;0;0;0;0;0;0;0;0;0;-25;-25;-25;18;0;0;203;97
900;马尚-布鲁克斯;Marshon Brooks;6;2;0;0;0;0;0;0;0;0;0;0;0;0;-25;-25;-25;18;0;0;203;95
901;斯科特-布鲁克斯;Scott Brooks;6;1;0;0;0;0;0;0;0;0;0;0;0;0;-25;-25;-25;18;0;0;203;90
902;蒂姆-布鲁瑞克斯;Timothy Breaux;6;3;0;0;0;0;0;0;0;0;0;0;0;0;-25;-25;-25;18;0;0;203;95
903;琼-布罗克曼;Jon Brockman;6;4;0;0;0;0;0;0;0;0;0;0;0;0;-25;-25;-25;18;0;0;190;85
904;雷吉-布洛克;Reggie Bullock;6;2;3;0;0;0;0;0;0;0;0;0;0;0;-25;-25;-25;18;0;0;190;88
905;朱德-布伊奇勒;Jud Buechler;6;3;2;0;0;0;0;0;0;0;0;0;0;0;-25;-25;-25;18;0;0;190;90
906;杰克-查卡利迪斯;Jake Tsakalidis;6;5;0;0;0;0;0;0;0;0;0;0;0;0;-25;-25;-25;18;0;0;213;108
907;布莱恩-温特斯;Brian Winters;8;2;0;0;0;0;0;0;0;0;0;0;0;0;-25;-25;-25;18;0;0;190;90
908;克里斯-柴尔斯;Chris Childs;6;1;0;0;0;0;0;0;0;0;0;0;0;0;-25;-25;-25;18;0;0;190;95
909;奥斯汀-达耶;Austin Daye;6;4;0;0;0;0;0;0;0;0;0;0;0;0;-25;-25;-25;18;0;0;190;90
910;托德-达耶;Todd Day;6;2;3;0;0;0;0;0;0;0;0;0;0;0;-25;-25;-25;18;0;0;190;93
911;德维恩-戴德蒙;Dewayne Dedmon;6;5;0;0;0;0;0;0;0;0;0;0;0;0;-25;-25;-25;18;0;0;208;104
912;达柳斯-戴斯;Darius Days;6;3;4;0;0;0;0;0;0;0;0;0;0;0;-25;-25;-25;18;0;0;203;95
913;杰马里奥-戴维森;Jermareo Davidson;6;4;0;0;0;0;0;0;0;0;0;0;0;0;-25;-25;-25;18;0;0;203;100
914;乔治-麦金尼斯;George McGinnis;9;4;5;0;0;0;0;0;0;0;0;0;0;0;-25;-25;-25;18;0;0;206;102
915;安东尼奥-戴维斯;Antonio Davis;6;4;0;0;0;0;0;0;0;0;0;0;0;0;-25;-25;-25;18;0;0;203;95
916;保罗-戴维斯;Paul Davis;6;5;0;0;0;0;0;0;0;0;0;0;0;0;-25;-25;-25;18;0;0;203;97
917;德永塔-戴维斯;Deyonta Davis;6;4;5;0;0;0;0;0;0;0;0;0;0;0;-25;-25;-25;18;0;0;203;95
918;休伯特-戴维斯;Hubert Davis;6;2;1;0;0;0;0;0;0;0;0;0;0;0;-25;-25;-25;18;0;0;203;90
919;罗伊-戴文-马布尔;Roy Devyn Marble;6;2;0;0;0;0;0;0;0;0;0;0;0;0;-25;-25;-25;18;0;0;203;95
920;内马尼亚-丹古比奇;Nemanja Dangubic;6;2;0;0;0;0;0;0;0;0;0;0;0;0;-25;-25;-25;18;0;0;208;102
921;戴森-丹尼尔斯;Dyson Daniels;7;2;0;0;0;0;0;0;0;0;0;0;0;0;-25;-25;-25;18;0;0;203;95
922;德安德鲁-丹尼尔斯;DeAndre Daniels;6;3;0;0;0;0;0;0;0;0;0;0;0;0;-25;-25;-25;18;0;0;203;97
923;特洛伊-丹尼尔斯;Troy Daniels;6;2;3;0;0;0;0;0;0;0;0;0;0;0;-25;-25;-25;18;0;0;203;95
924;埃里克-丹皮尔;Erick Dampier;6;5;4;0;0;0;0;0;0;0;0;0;0;0;-25;-25;-25;18;0;0;203;100
925;戴尔-丹普斯;Dell Demps;6;2;0;0;0;0;0;0;0;0;0;0;0;0;-25;-25;-25;18;0;0;203;95
926;阿德里安-丹特利;Adrian Dantley;6;3;0;0;0;0;0;0;0;0;0;0;0;0;-25;-25;-25;18;0;0;190;90
927;托尼-道格拉斯;Toney Douglas;6;2;1;0;0;0;0;0;0;0;0;0;0;0;-25;-25;-25;18;0;0;190;95
928;克里斯-道格拉斯罗伯茨;Chris Douglas-Roberts;6;2;3;0;0;0;0;0;0;0;0;0;0;0;-25;-25;-25;18;0;0;190;90
929;南多-德-科洛;Nando De Colo;6;3;2;0;0;0;0;0;0;0;0;0;0;0;-25;-25;-25;18;0;0;190;93
930;托尼-德尔克;Tony Delk;6;1;2;0;0;0;0;0;0;0;0;0;0;0;-25;-25;-25;18;0;0;190;90
931;萨姆-德克尔;Sam Dekker;6;3;4;0;0;0;0;0;0;0;0;0;0;0;-25;-25;-25;18;0;0;203;95
932;埃克-迪奥古;Ike Diogu;6;4;3;0;0;0;0;0;0;0;0;0;0;0;-25;-25;-25;18;0;0;203;97
933;琼-迪布勒;Jon Diebler;6;2;0;0;0;0;0;0;0;0;0;0;0;0;-25;-25;-25;18;0;0;203;95
934;扬尼斯-迪马;Janis Timma;6;3;0;0;0;0;0;0;0;0;0;0;0;0;-25;-25;-25;18;0;0;203;90
935;特拉维斯-迪纳尔;Travis Diener;6;1;2;0;0;0;0;0;0;0;0;0;0;0;-25;-25;-25;18;0;0;203;95
936;穆萨-迪亚巴特;Moussa Diabaté;7;5;4;0;0;0;0;0;0;0;0;0;0;0;-25;-25;-25;18;0;0;203;97
937;哈米杜-迪亚洛;Hamidou Diallo;6;2;1;0;0;0;0;0;0;0;0;0;0;0;-25;-25;-25;18;0;0;203;95
938;狄龙-米切尔;Dillon Mitchell;6;3;0;0;0;0;0;0;0;0;0;0;0;0;-25;-25;-25;18;0;0;203;90
939;丹尼尔-迪亚兹;Daniel Diez;6;3;0;0;0;0;0;0;0;0;0;0;0;0;-25;-25;-25;18;0;0;203;95
940;泽维尔-蒂尔曼;Xavier Tillman Sr.;7;4;3;0;0;0;0;0;0;0;0;0;0;0;-25;-25;-25;18;0;0;203;97
941;马奎斯-蒂格;Marquis Teague;6;1;0;0;0;0;0;0;0;0;0;0;0;0;-25;-25;-25;18;0;0;203;95
942;克里斯-杜阿尔特;Chris Duarte;6;2;3;0;0;0;0;0;0;0;0;0;0;0;-25;-25;-25;18;0;0;203;90
943;昆西-杜比;Quincy Douby;6;2;1;0;0;0;0;0;0;0;0;0;0;0;-25;-25;-25;18;0;0;203;95
944;博扬-杜布列维奇;Bojan Dubljevic;6;5;4;0;0;0;0;0;0;0;0;0;0;0;-25;-25;-25;18;0;0;203;97
945;贾里德-杜德利;Jared Dudley;6;3;2;0;0;0;0;0;0;0;0;0;0;0;-25;-25;-25;18;0;0;203;95
946;克里斯-杜洪;Chris Duhon;6;1;0;0;0;0;0;0;0;0;0;0;0;0;-25;-25;-25;18;0;0;203;90
947;大卫-杜克;David Duke Jr.;6;1;2;0;0;0;0;0;0;0;0;0;0;0;-25;-25;-25;18;0;0;203;95
948;托尼-杜马斯;Tony Dumas;6;2;0;0;0;0;0;0;0;0;0;0;0;0;-25;-25;-25;18;0;0;203;97
949;塞古-敦布亚;Sekou Doumbouya;6;4;3;0;0;0;0;0;0;0;0;0;0;0;-25;-25;-25;18;0;0;203;95
950;迈克尔-多列亚克;Michael Doleac;6;5;0;0;0;0;0;0;0;0;0;0;0;0;-25;-25;-25;18;0;0;203;90
951;阿约-多森姆;Ayo Dosunmu;7;2;3;0;0;0;0;0;0;0;0;0;0;0;-25;-25;-25;18;0;0;203;100
952;乔伊-多西;Joey Dorsey;6;5;4;0;0;0;0;0;0;0;0;0;0;0;-25;-25;-25;18;0;0;206;108
953;马库斯-多希特;Marcus Douthit;6;5;0;0;0;0;0;0;0;0;0;0;0;0;-25;-25;-25;18;0;0;198;95
954;科林恩索尼-厄利;Cleanthony Early;6;3;0;0;0;0;0;0;0;0;0;0;0;0;-25;-25;-25;18;0;0;208;102
955;哈马迪-恩迪亚耶;Hamady N'Diaye;6;5;0;0;0;0;0;0;0;0;0;0;0;0;-25;-25;-25;18;0;0;213;107
956;泰勒-恩尼斯;Tyler Ennis;6;1;0;0;0;0;0;0;0;0;0;0;0;0;-25;-25;-25;18;0;0;190;85
957;詹姆斯-恩尼斯;James Ennis;6;3;2;0;0;0;0;0;0;0;0;0;0;0;-25;-25;-25;18;0;0;190;88
958;塔科-法尔;Tacko Fall;6;5;0;0;0;0;0;0;0;0;0;0;0;0;-25;-25;-25;18;0;0;218;108
959;乔丹-法玛尔;Jordan Farmar;6;1;0;0;0;0;0;0;0;0;0;0;0;0;-25;-25;-25;18;0;0;183;82
960;贾里德-范德比尔特;Jarred Vanderbilt;7;4;3;0;0;0;0;0;0;0;0;0;0;0;-25;-25;-25;18;0;0;206;99
961;马利克-菲茨;Malik Fitts;6;4;0;0;0;0;0;0;0;0;0;0;0;0;-25;-25;-25;18;0;0;201;102
962;兰德里-菲尔兹;Landry Fields;6;3;0;0;0;0;0;0;0;0;0;0;0;0;-25;-25;-25;18;0;0;203;98
963;卡里克-菲利克斯;Carrick Felix;6;2;0;0;0;0;0;0;0;0;0;0;0;0;-25;-25;-25;18;0;0;198;93
964;凯-费尔德;Kay Felder;6;1;0;0;0;0;0;0;0;0;0;0;0;0;-25;-25;-25;18;0;0;175;77
965;布鲁诺-费尔南多;Bruno Fernando;6;4;5;0;0;0;0;0;0;0;0;0;0;0;-25;-25;-25;18;0;0;180;77
966;杜恩-费雷尔;Duane Ferrell;6;3;0;0;0;0;0;0;0;0;0;0;0;0;-25;-25;-25;18;0;0;208;104
967;杰拉德-费奇;Gerald Fitch;6;1;0;0;0;0;0;0;0;0;0;0;0;0;-25;-25;-25;18;0;0;193;90
968;凯莱洛-费申科;Kyrylo Fesenko;6;5;0;0;0;0;0;0;0;0;0;0;0;0;-25;-25;-25;18;0;0;198;100
969;尼克-费泽卡斯;Nick Fazekas;6;4;0;0;0;0;0;0;0;0;0;0;0;0;-25;-25;-25;18;0;0;213;108
970;诺阿-冯莱;Noah Vonleh;6;4;5;0;0;0;0;0;0;0;0;0;0;0;-25;-25;-25;18;0;0;206;100
971;西蒙尼-冯泰奇奥;Simone Fontecchio;6;3;0;0;0;0;0;0;0;0;0;0;0;0;-25;-25;-25;18;0;0;190;88
972;里奇-盖伦;Richie Guerin;8;2;1;0;0;0;0;0;0;0;0;0;0;0;-25;-25;-25;18;0;0;190;90
973;特伦特-弗雷斯特;Trent Forrest;6;2;1;0;0;0;0;0;0;0;0;0;0;0;-25;-25;-25;18;0;0;190;95
974;蒂姆-弗雷泽;Tim Frazier;6;1;2;0;0;0;0;0;0;0;0;0;0;0;-25;-25;-25;18;0;0;190;90
975;马拉奇-弗林;Malachi Flynn;6;2;1;0;0;0;0;0;0;0;0;0;0;0;-25;-25;-25;18;0;0;190;88
976;乔尼-弗林;Jonny Flynn;6;2;1;0;0;0;0;0;0;0;0;0;0;0;-25;-25;-25;18;0;0;190;90
977;特雷梅恩-福尔克斯;Tremaine Fowlkes;6;3;0;0;0;0;0;0;0;0;0;0;0;0;-25;-25;-25;18;0;0;203;98
978;乔尔-福利兰德;Joel Freeland;6;4;5;0;0;0;0;0;0;0;0;0;0;0;-25;-25;-25;18;0;0;208;107
979;约瑟夫-福特;Joseph Forte;6;1;2;0;0;0;0;0;0;0;0;0;0;0;-25;-25;-25;18;0;0;206;102
980;杰夫-福斯特;Jeff Foster;6;4;5;0;0;0;0;0;0;0;0;0;0;0;-25;-25;-25;18;0;0;190;90
981;丹尼-福特森;Danny Fortson;6;4;0;0;0;0;0;0;0;0;0;0;0;0;-25;-25;-25;18;0;0;190;88
982;贾马尔-富兰克林;Jamaal Franklin;6;2;3;0;0;0;0;0;0;0;0;0;0;0;-25;-25;-25;18;0;0;190;95
983;里斯-盖恩斯;Reece Gaines;6;2;0;0;0;0;0;0;0;0;0;0;0;0;-25;-25;-25;18;0;0;193;90
984;马特-盖革;Matt Geiger;6;5;4;0;0;0;0;0;0;0;0;0;0;0;-25;-25;-25;18;0;0;213;108
985;莱恩-戈麦斯;Ryan Gomes;6;3;0;0;0;0;0;0;0;0;0;0;0;0;-25;-25;-25;18;0;0;206;102
986;米克尔-格拉德尼斯;Mickell Gladness;6;4;0;0;0;0;0;0;0;0;0;0;0;0;-25;-25;-25;18;0;0;213;113
987;昆汀-格莱姆斯;Quentin Grimes;6;2;1;0;0;0;0;0;0;0;0;0;0;0;-25;-25;-25;18;0;0;193;88
988;哈维-格兰特;Harvey Grant;6;3;4;0;0;0;0;0;0;0;0;0;0;0;-25;-25;-25;18;0;0;193;90
989;泰勒-格里芬;Taylor Griffin;6;4;0;0;0;0;0;0;0;0;0;0;0;0;-25;-25;-25;18;0;0;190;95
990;AC-格林;A.C. Green;8;4;3;0;0;0;0;0;0;0;0;0;0;0;-25;-25;-25;18;0;0;190;90
991;AJ-格林;A.J. Green;6;2;0;0;0;0;0;0;0;0;0;0;0;0;-25;-25;-25;18;0;0;190;93
992;埃里克-格林;Erick Green;6;1;2;0;0;0;0;0;0;0;0;0;0;0;-25;-25;-25;18;0;0;190;95
993;贾文特-格林;Javonte Green;6;2;3;0;0;0;0;0;0;0;0;0;0;0;-25;-25;-25;18;0;0;190;90
994;杰拉德-格林;Gerald Green;7;3;2;0;0;0;0;0;0;0;0;0;0;0;-25;-25;-25;18;0;0;190;98
995;杰迈克尔-格林;JaMychal Green;6;4;3;0;0;0;0;0;0;0;0;0;0;0;-25;-25;-25;18;0;0;208;108
996;安德雷斯-格林艾德基斯;Andreas Glyniadakis;6;5;0;0;0;0;0;0;0;0;0;0;0;0;-25;-25;-25;18;0;0;206;102
997;迪克-巴尼特;Dick Barnett;8;2;3;0;0;0;0;0;0;0;0;0;0;0;-25;-25;-25;18;0;0;190;88
998;安德鲁-古德洛克;Andrew Goudelock;6;1;2;0;0;0;0;0;0;0;0;0;0;0;-25;-25;-25;18;0;0;190;90
999;阿奇-古德温;Archie Goodwin;6;2;0;0;0;0;0;0;0;0;0;0;0;0;-25;-25;-25;18;0;0;190;95
1000;乔丹-古德温;Jordan Goodwin;6;2;1;0;0;0;0;0;0;0;0;0;0;0;-25;-25;-25;18;0;0;190;90
1001;贾登-哈迪;Jaden Hardy;7;2;0;0;0;0;0;0;0;0;0;0;0;0;-25;-25;-25;18;0;0;180;75
1002;多塔-哈尔;Donta Hall;6;5;0;0;0;0;0;0;0;0;0;0;0;0;-25;-25;-25;18;0;0;203;95
1003;特雷弗-哈金斯;Trevor Hudgins;6;2;1;0;0;0;0;0;0;0;0;0;0;0;-25;-25;-25;18;0;0;190;85
1004;以赛亚-泰勒;Isaiah Taylor;6;1;0;0;0;0;0;0;0;0;0;0;0;0;-25;-25;-25;18;0;0;190;88
1005;莫里斯-哈克利斯;Maurice Harkless;6;3;2;0;0;0;0;0;0;0;0;0;0;0;-25;-25;-25;18;0;0;203;95
1006;卢克-哈兰高迪;Luke Harangody;6;4;3;0;0;0;0;0;0;0;0;0;0;0;-25;-25;-25;18;0;0;203;97
1007;约什-哈雷尔森;Josh Harrellson;6;5;4;0;0;0;0;0;0;0;0;0;0;0;-25;-25;-25;18;0;0;208;107
1008;大卫-哈里森;David Harrison;6;5;0;0;0;0;0;0;0;0;0;0;0;0;-25;-25;-25;18;0;0;213;113
1009;沙奎尔-哈里森;Shaquille Harrison;6;2;1;0;0;0;0;0;0;0;0;0;0;0;-25;-25;-25;18;0;0;190;85
1010;菲尔-切尼尔;Phil Chenier;8;2;1;0;0;0;0;0;0;0;0;0;0;0;-25;-25;-25;18;0;0;190;90
1011;德文-哈里斯;Devin Harris;8;1;2;0;0;0;0;0;0;0;0;0;0;0;-25;-25;-25;18;0;0;180;77
1012;加里-哈里斯;Gary Harris;6;2;1;0;0;0;0;0;0;0;0;0;0;0;-25;-25;-25;18;0;0;180;75
1013;凯文-哈里斯;Kevon Harris;6;2;1;0;0;0;0;0;0;0;0;0;0;0;-25;-25;-25;18;0;0;190;85
1014;鲁西奥斯-哈里斯;Lucious Harris;6;2;0;0;0;0;0;0;0;0;0;0;0;0;-25;-25;-25;18;0;0;190;88
1015;特雷尔-哈里斯;Terrel Harris;6;2;0;0;0;0;0;0;0;0;0;0;0;0;-25;-25;-25;18;0;0;190;85
1016;杰克-哈利;Jack Haley;6;5;4;0;0;0;0;0;0;0;0;0;0;0;-25;-25;-25;18;0;0;203;100
1017;艾尔-哈灵顿;Al Harrington;6;4;0;0;0;0;0;0;0;0;0;0;0;0;-25;-25;-25;18;0;0;208;108
1018;AJ-哈蒙斯;A.J. Hammons;6;5;0;0;0;0;0;0;0;0;0;0;0;0;-25;-25;-25;18;0;0;213;113
1019;史蒂夫-哈默;Steve Hamer;6;3;0;0;0;0;0;0;0;0;0;0;0;0;-25;-25;-25;18;0;0;203;95
1020;达尔文-哈姆;Darvin Ham;6;3;2;0;0;0;0;0;0;0;0;0;0;0;-25;-25;-25;18;0;0;190;85
1021;贾斯汀-哈珀;Justin Harper;6;4;0;0;0;0;0;0;0;0;0;0;0;0;-25;-25;-25;18;0;0;203;100
1022;小罗恩-哈珀;Ron Harper Jr.;6;3;2;0;0;0;0;0;0;0;0;0;0;0;-25;-25;-25;18;0;0;190;85
1023;马特-哈普林;Matt Harpring;6;3;0;0;0;0;0;0;0;0;0;0;0;0;-25;-25;-25;18;0;0;203;102
1024;卢瑟-海德;Luther Head;6;1;0;0;0;0;0;0;0;0;0;0;0;0;-25;-25;-25;18;0;0;190;85
1025;PJ-海尔斯顿;P.J.Hairston;6;3;0;0;0;0;0;0;0;0;0;0;0;0;-25;-25;-25;18;0;0;190;88
1026;纳肖恩-海兰德;Bones Hyland;6;2;1;0;0;0;0;0;0;0;0;0;0;0;-25;-25;-25;18;0;0;190;90
1027;海伍德-海史密斯;Haywood Highsmith;6;3;4;0;0;0;0;0;0;0;0;0;0;0;-25;-25;-25;18;0;0;208;108
1028;贾克森-海斯;Jaxson Hayes;7;5;0;0;0;0;0;0;0;0;0;0;0;0;-25;-25;-25;18;0;0;198;95
1029;基昂特-乔治;Keyonte George;7;2;0;0;0;0;0;0;0;0;0;0;0;0;-25;-25;-25;18;0;0;206;100
1030;拉扎尔-海沃德;Lazar Hayward;6;3;0;0;0;0;0;0;0;0;0;0;0;0;-25;-25;-25;18;0;0;203;95
1031;布兰登-海伍德;Brendan Haywood;6;5;0;0;0;0;0;0;0;0;0;0;0;0;-25;-25;-25;18;0;0;203;97
1032;查克-海耶斯;Chuck Hayes;6;4;5;0;0;0;0;0;0;0;0;0;0;0;-25;-25;-25;18;0;0;208;107
1033;奥利维尔-汉兰;Olivier Hanlan;6;1;0;0;0;0;0;0;0;0;0;0;0;0;-25;-25;-25;18;0;0;190;85
1034;丹尼尔-汉密尔顿;Daniel Hamilton;6;2;3;0;0;0;0;0;0;0;0;0;0;0;-25;-25;-25;18;0;0;190;90
1035;贾斯汀-汉密尔顿;Justin Hamilton;6;5;0;0;0;0;0;0;0;0;0;0;0;0;-25;-25;-25;18;0;0;190;95
1036;乔丹-汉密尔顿;Jordan Hamilton;6;2;3;0;0;0;0;0;0;0;0;0;0;0;-25;-25;-25;18;0;0;190;90
1037;唐-奥尔;Don Ohl;8;2;1;0;0;0;0;0;0;0;0;0;0;0;-25;-25;-25;18;0;0;190;88
1038;泰勒-汉斯布鲁;Tyler Hansbrough;6;4;0;0;0;0;0;0;0;0;0;0;0;0;-25;-25;-25;18;0;0;203;102
1039;杰伊伦-汉兹;Jaylen Hands;6;1;0;0;0;0;0;0;0;0;0;0;0;0;-25;-25;-25;18;0;0;190;85
1040;萨姆-豪瑟;Sam Hauser;7;3;4;0;0;0;0;0;0;0;0;0;0;0;-25;-25;-25;18;0;0;203;100
1041;埃迪-豪斯;Eddie House;6;2;1;0;0;0;0;0;0;0;0;0;0;0;-25;-25;-25;18;0;0;190;85
1042;丹纽尔-豪斯;Danuel House Jr.;6;2;3;0;0;0;0;0;0;0;0;0;0;0;-25;-25;-25;18;0;0;190;88
1043;克里斯-赫伦;Chris Herren;6;2;1;0;0;0;0;0;0;0;0;0;0;0;-25;-25;-25;18;0;0;190;90
1044;杰克-马林;Jack Marin;8;3;2;0;0;0;0;0;0;0;0;0;0;0;-25;-25;-25;18;0;0;190;95
1045;马修-赫特;Matthew Hurt;6;3;4;0;0;0;0;0;0;0;0;0;0;0;-25;-25;-25;18;0;0;198;97
1046;克里斯-亨弗里斯;Kris Humphries;6;4;3;0;0;0;0;0;0;0;0;0;0;0;-25;-25;-25;18;0;0;206;102
1047;林赛-亨特;Lindsey Hunter;6;1;0;0;0;0;0;0;0;0;0;0;0;0;-25;-25;-25;18;0;0;190;85
1048;克利夫-黑根;Cliff Hagan;8;3;2;0;0;0;0;0;0;0;0;0;0;0;-25;-25;-25;18;0;0;190;88
1049;奥道姆-洪高;Adam Hanga;6;2;0;0;0;0;0;0;0;0;0;0;0;0;-25;-25;-25;18;0;0;190;90
1050;罗德尼-胡德;Rodney Hood;6;3;2;0;0;0;0;0;0;0;0;0;0;0;-25;-25;-25;18;0;0;190;95
1051;约什-胡斯蒂斯;Josh Huestis;6;3;4;0;0;0;0;0;0;0;0;0;0;0;-25;-25;-25;18;0;0;203;95
1052;蒂龙-华莱士;Tyrone Wallace;6;1;0;0;0;0;0;0;0;0;0;0;0;0;-25;-25;-25;18;0;0;201;98
1053;PJ-华盛顿;P.J. Washington;7;4;0;0;0;0;0;0;0;0;0;0;0;0;-25;-25;-25;18;0;0;203;95
1054;泰泰-华盛顿;TyTy Washington Jr.;6;1;0;0;0;0;0;0;0;0;0;0;0;0;-25;-25;-25;18;0;0;180;82
1055;布兰登-怀特;Brandan Wright;6;4;0;0;0;0;0;0;0;0;0;0;0;0;-25;-25;-25;18;0;0;203;97
1056;多雷尔-怀特;Dorell Wright;6;2;3;0;0;0;0;0;0;0;0;0;0;0;-25;-25;-25;18;0;0;190;88
1057;杰克-怀特;Jack White;6;3;4;0;0;0;0;0;0;0;0;0;0;0;-25;-25;-25;18;0;0;210;102
1058;罗德尼-怀特;Rodney White;6;4;0;0;0;0;0;0;0;0;0;0;0;0;-25;-25;-25;18;0;0;190;85
1059;罗伊斯-怀特;Royce White;6;3;4;0;0;0;0;0;0;0;0;0;0;0;-25;-25;-25;18;0;0;190;90
1060;洛伦岑-怀特;Lorenzen Wright;6;4;5;0;0;0;0;0;0;0;0;0;0;0;-25;-25;-25;18;0;0;190;88
1061;沙隆-怀特;Sharone Wright;6;5;4;0;0;0;0;0;0;0;0;0;0;0;-25;-25;-25;18;0;0;190;95
1062;詹姆斯-怀特;James White;6;3;2;0;0;0;0;0;0;0;0;0;0;0;-25;-25;-25;18;0;0;190;90
1063;伊塞亚-怀特海德;Isaiah Whitehead;6;1;2;0;0;0;0;0;0;0;0;0;0;0;-25;-25;-25;18;0;0;190;95
1064;达林顿-霍布森;Darington Hobson;6;2;0;0;0;0;0;0;0;0;0;0;0;0;-25;-25;-25;18;0;0;190;90
1065;塔伦-霍顿-塔克;Talen Horton-Tucker;6;3;2;0;0;0;0;0;0;0;0;0;0;0;-25;-25;-25;18;0;0;203;98
1066;德文-霍尔;Devon Hall;6;2;0;0;0;0;0;0;0;0;0;0;0;0;-25;-25;-25;18;0;0;190;85
1067;杰伦-霍尔德;Jaylen Hoard;6;4;3;0;0;0;0;0;0;0;0;0;0;0;-25;-25;-25;18;0;0;203;100
1068;莱恩-霍林斯;Ryan Hollins;6;5;4;0;0;0;0;0;0;0;0;0;0;0;-25;-25;-25;18;0;0;213;108
1069;弗莱德-霍伊博格;Fred Hoiberg;6;2;3;0;0;0;0;0;0;0;0;0;0;0;-25;-25;-25;18;0;0;190;85
1070;阿隆佐-基;Alonzo Gee;6;2;3;0;0;0;0;0;0;0;0;0;0;0;-25;-25;-25;18;0;0;190;88
1071;布拉克斯顿-基;Braxton Key;6;2;3;0;0;0;0;0;0;0;0;0;0;0;-25;-25;-25;18;0;0;190;90
1072;迈克尔-基德-吉尔克里斯特;Michael Kidd-Gilchrist;6;4;3;0;0;0;0;0;0;0;0;0;0;0;-25;-25;-25;18;0;0;190;95
1073;科瑞-基德尔斯;Kerry Kittles;6;2;0;0;0;0;0;0;0;0;0;0;0;0;-25;-25;-25;18;0;0;190;90
1074;亚当-基费;Adam Keefe;6;4;3;0;0;0;0;0;0;0;0;0;0;0;-25;-25;-25;18;0;0;190;85
1075;科里-基斯伯特;Corey Kispert;6;3;2;0;0;0;0;0;0;0;0;0;0;0;-25;-25;-25;18;0;0;190;88
1076;丹尼尔-吉布森;Daniel Gibson;7;1;2;0;0;0;0;0;0;0;0;0;0;0;-25;-25;-25;18;0;0;190;90
1077;安东尼-吉尔;Anthony Gill;6;3;4;0;0;0;0;0;0;0;0;0;0;0;-25;-25;-25;18;0;0;190;95
1078;科林-吉雷斯皮;Collin Gillespie;6;2;1;0;0;0;0;0;0;0;0;0;0;0;-25;-25;-25;18;0;0;190;90
1079;韦尼恩-加布里埃尔;Wenyen Gabriel;6;4;3;0;0;0;0;0;0;0;0;0;0;0;-25;-25;-25;18;0;0;190;88
1080;卢卡-加尔扎;Luka Garza;7;5;0;0;0;0;0;0;0;0;0;0;0;0;-25;-25;-25;18;0;0;190;90
1081;丹尼尔-加福德;Daniel Gafford;7;3;4;0;0;0;0;0;0;0;0;0;0;0;-25;-25;-25;18;0;0;213;113
1082;帕特-加里蒂;Pat Garrity;6;4;0;0;0;0;0;0;0;0;0;0;0;0;-25;-25;-25;18;0;0;208;108
1083;乌斯曼-加鲁巴;Usman Garuba;6;4;5;0;0;0;0;0;0;0;0;0;0;0;-25;-25;-25;18;0;0;190;85
1084;凯斯-加伦;Keith Gallon;6;3;2;0;0;0;0;0;0;0;0;0;0;0;-25;-25;-25;18;0;0;190;88
1085;克里斯-加特林;Chris Gatling;6;4;0;0;0;0;0;0;0;0;0;0;0;0;-25;-25;-25;18;0;0;190;90
1086;弗朗西斯科-加西亚;Francisco Garcia;6;3;2;0;0;0;0;0;0;0;0;0;0;0;-25;-25;-25;18;0;0;190;95
1087;哈里-贾尔斯;Harry Giles III;6;4;5;0;0;0;0;0;0;0;0;0;0;0;-25;-25;-25;18;0;0;190;90
1088;凯文-贾姆伯;Kevin Gamble;6;3;0;0;0;0;0;0;0;0;0;0;0;0;-25;-25;-25;18;0;0;210;104
1089;达匡-杰弗里斯;DaQuan Jeffries;6;2;3;0;0;0;0;0;0;0;0;0;0;0;-25;-25;-25;18;0;0;190;85
1090;科里-杰弗森;Cory Jefferson;6;4;5;0;0;0;0;0;0;0;0;0;0;0;-25;-25;-25;18;0;0;190;88
1091;奥修斯-杰弗斯;Othyus Jeffers;6;2;0;0;0;0;0;0;0;0;0;0;0;0;-25;-25;-25;18;0;0;190;90
1092;鲍比-杰克逊;Bobby Jackson;6;1;2;0;0;0;0;0;0;0;0;0;0;0;-25;-25;-25;18;0;0;190;95
1093;迪米特里厄斯-杰克逊;Demetrius Jackson;6;2;0;0;0;0;0;0;0;0;0;0;0;0;-25;-25;-25;18;0;0;190;90
1094;贾斯廷-杰克逊;Justin Jackson;6;3;2;0;0;0;0;0;0;0;0;0;0;0;-25;-25;-25;18;0;0;190;88
1095;卢克-杰克逊;Luke Ryan Jackson;6;3;0;0;0;0;0;0;0;0;0;0;0;0;-25;-25;-25;18;0;0;190;90
1096;皮雷-杰克逊;Pierre Jackson;6;1;0;0;0;0;0;0;0;0;0;0;0;0;-25;-25;-25;18;0;0;190;95
1097;以赛亚-杰克逊;Isaiah Jackson;6;5;4;0;0;0;0;0;0;0;0;0;0;0;-25;-25;-25;18;0;0;190;90
1098;约纳斯-杰雷布科;Jonas Jerebko;6;4;3;0;0;0;0;0;0;0;0;0;0;0;-25;-25;-25;18;0;0;208;108
1099;泰-杰罗姆;Ty Jerome;6;1;0;0;0;0;0;0;0;0;0;0;0;0;-25;-25;-25;18;0;0;203;100
1100;乔治-金;George King;6;3;0;0;0;0;0;0;0;0;0;0;0;0;-25;-25;-25;18;0;0;190;85
1101;斯塔塞-金;Stacey King;6;5;4;0;0;0;0;0;0;0;0;0;0;0;-25;-25;-25;18;0;0;190;88
1102;亚历山德罗-金蒂莱;Alessandro Gentile;6;3;0;0;0;0;0;0;0;0;0;0;0;0;-25;-25;-25;18;0;0;190;90
1103;扎科-卡巴卡帕;Zarko Cabarkapa;6;4;0;0;0;0;0;0;0;0;0;0;0;0;-25;-25;-25;18;0;0;190;95
1104;菲翁杜-卡本盖莱;Mfiondu Kabengele;6;4;5;0;0;0;0;0;0;0;0;0;0;0;-25;-25;-25;18;0;0;190;90
1105;布莱恩-卡迪纳尔;Brian Cardinal;6;4;3;0;0;0;0;0;0;0;0;0;0;0;-25;-25;-25;18;0;0;208;113
1106;贾森-卡菲;Jason Caffey;6;4;0;0;0;0;0;0;0;0;0;0;0;0;-25;-25;-25;18;0;0;190;85
1107;德里克-卡拉科特;Derrick Caracter;6;5;4;0;0;0;0;0;0;0;0;0;0;0;-25;-25;-25;18;0;0;190;88
1108;亚历克斯-卡鲁索;Alex Caruso;6;2;1;0;0;0;0;0;0;0;0;0;0;0;-25;-25;-25;18;0;0;190;90
1109;胡安-卡洛斯-纳瓦罗;Juan Carlos Navarro;6;2;1;0;0;0;0;0;0;0;0;0;0;0;-25;-25;-25;18;0;0;190;95
1110;伊斯梅尔-卡马盖特;Ismael Kamagate;6;5;0;0;0;0;0;0;0;0;0;0;0;0;-25;-25;-25;18;0;0;190;90
1111;罗德尼-卡尼;Rodney Carney;6;4;3;0;0;0;0;0;0;0;0;0;0;0;-25;-25;-25;18;0;0;190;88
1112;比尔-卡特莱特;Bill CartWright;6;5;0;0;0;0;0;0;0;0;0;0;0;0;-25;-25;-25;18;0;0;208;108
1113;阿萨兰-卡兹米;Arsalan Kazemi;6;4;0;0;0;0;0;0;0;0;0;0;0;0;-25;-25;-25;18;0;0;190;85
1114;安托万-凯尔;Antoine Carr;6;4;5;0;0;0;0;0;0;0;0;0;0;0;-25;-25;-25;18;0;0;190;88
1115;克里斯-凯尔;Chris Carr;6;2;0;0;0;0;0;0;0;0;0;0;0;0;-25;-25;-25;18;0;0;190;90
1116;小弗农-凯里;Vernon Carey Jr.;6;5;0;0;0;0;0;0;0;0;0;0;0;0;-25;-25;-25;18;0;0;210;104
1117;莱恩-凯利;Ryan Kelly;6;4;3;0;0;0;0;0;0;0;0;0;0;0;-25;-25;-25;18;0;0;206;97
1118;迈克尔-凯奇;Michael Cage;6;5;4;0;0;0;0;0;0;0;0;0;0;0;-25;-25;-25;18;0;0;190;85
1119;沃克-凯斯勒;Walker Kessler;6;5;0;0;0;0;0;0;0;0;0;0;0;0;-25;-25;-25;18;0;0;190;88
1120;贾马尔-凯因;Jamal Cain;6;3;4;0;0;0;0;0;0;0;0;0;0;0;-25;-25;-25;18;0;0;218;108
1121;埃尔登-坎贝尔;Elden Campbell;6;5;4;0;0;0;0;0;0;0;0;0;0;0;-25;-25;-25;18;0;0;190;90
1122;贝利-霍维尔;Bailey Howell;8;4;3;0;0;0;0;0;0;0;0;0;0;0;-25;-25;-25;18;0;0;190;95
1123;法昆多-坎帕佐;Facundo Campazzo;6;1;2;0;0;0;0;0;0;0;0;0;0;0;-25;-25;-25;18;0;0;185;82
1124;约翰-康查尔;John Konchar;7;2;1;0;0;0;0;0;0;0;0;0;0;0;-25;-25;-25;18;0;0;190;88
1125;丹特-康宁汉姆;Dante Cunningham;6;4;0;0;0;0;0;0;0;0;0;0;0;0;-25;-25;-25;18;0;0;190;90
1126;贾里德-康宁汉姆;Jared Cunningham;6;2;0;0;0;0;0;0;0;0;0;0;0;0;-25;-25;-25;18;0;0;190;95
1127;帕特-康诺顿;Pat Connaughton;7;2;3;0;0;0;0;0;0;0;0;0;0;0;-25;-25;-25;18;0;0;190;90
1128;佩特里-考波能;Petteri Koponen;6;1;0;0;0;0;0;0;0;0;0;0;0;0;-25;-25;-25;18;0;0;190;85
1129;威利-考利-斯坦;Willie Cauley-Stein;6;5;4;0;0;0;0;0;0;0;0;0;0;0;-25;-25;-25;18;0;0;216;108
1130;以赛亚-考辛斯;Isaiah Cousins;6;1;2;0;0;0;0;0;0;0;0;0;0;0;-25;-25;-25;18;0;0;213;113
1131;诺里斯-科尔;Norris Cole;6;1;0;0;0;0;0;0;0;0;0;0;0;0;-25;-25;-25;18;0;0;190;85
1132;泰隆-科宾;Tyrone Corbin;6;3;0;0;0;0;0;0;0;0;0;0;0;0;-25;-25;-25;18;0;0;190;88
1133;富尔坎-科尔克马兹;Furkan Korkmaz;7;2;3;0;0;0;0;0;0;0;0;0;0;0;-25;-25;-25;18;0;0;190;90
1134;阿米尔-科菲;Amir Coffey;7;3;2;0;0;0;0;0;0;0;0;0;0;0;-25;-25;-25;18;0;0;190;95
1135;尼克-科里森;Nick Collison;7;4;0;0;0;0;0;0;0;0;0;0;0;0;-25;-25;-25;18;0;0;190;90
1136;德韦恩-科林斯;Dwayne Collins;6;4;0;0;0;0;0;0;0;0;0;0;0;0;-25;-25;-25;18;0;0;190;88
1137;马蒂-科林斯;Mardy Collins;6;2;0;0;0;0;0;0;0;0;0;0;0;0;-25;-25;-25;18;0;0;190;90
1138;克里斯蒂安-科洛科;Christian Koloko;7;5;0;0;0;0;0;0;0;0;0;0;0;0;-25;-25;-25;18;0;0;216;108
1139;阿伦-克拉布;Allen Crabbe;6;2;0;0;0;0;0;0;0;0;0;0;0;0;-25;-25;-25;18;0;0;190;85
1140;维克多-克拉夫;Victor Claver;6;3;0;0;0;0;0;0;0;0;0;0;0;0;-25;-25;-25;18;0;0;190;88
1141;布兰登-克拉克;Brandon Clarke;7;4;0;0;0;0;0;0;0;0;0;0;0;0;-25;-25;-25;18;0;0;190;90
1142;厄尔-克拉克;Earl Clark;6;4;3;0;0;0;0;0;0;0;0;0;0;0;-25;-25;-25;18;0;0;190;95
1143;加里-克拉克;Gary Clark;6;3;2;0;0;0;0;0;0;0;0;0;0;0;-25;-25;-25;18;0;0;190;90
1144;伊安-克拉克;Ian Clark;6;2;0;0;0;0;0;0;0;0;0;0;0;0;-25;-25;-25;18;0;0;190;88
1145;尼古拉斯-克拉克斯顿;Nicolas Claxton;7;4;5;0;0;0;0;0;0;0;0;0;0;0;-25;-25;-25;18;0;0;190;90
1146;卢-哈德森;Lou Hudson;8;3;2;0;0;0;0;0;0;0;0;0;0;0;-25;-25;-25;18;0;0;190;95
1147;斯皮迪-克拉克斯顿;Speedy Claxton;6;1;0;0;0;0;0;0;0;0;0;0;0;0;-25;-25;-25;18;0;0;190;90
1148;乔-克莱恩;Joe Kleine;6;5;0;0;0;0;0;0;0;0;0;0;0;0;-25;-25;-25;18;0;0;190;88
1149;乔丹-克劳福德;Jordan Crawford;6;2;1;0;0;0;0;0;0;0;0;0;0;0;-25;-25;-25;18;0;0;190;90
1150;托里-克雷格;Torrey Craig;7;3;4;0;0;0;0;0;0;0;0;0;0;0;-25;-25;-25;18;0;0;190;95
1151;维特-克雷伊奇;Vit Krejci;6;3;2;0;0;0;0;0;0;0;0;0;0;0;-25;-25;-25;18;0;0;203;100
1152;利纳斯-克雷扎;Linas Kleiza;6;3;0;0;0;0;0;0;0;0;0;0;0;0;-25;-25;-25;18;0;0;206;108
1153;马汀-克里夫斯;Mateen Cleaves;6;1;0;0;0;0;0;0;0;0;0;0;0;0;-25;-25;-25;18;0;0;198;95
1154;马基斯-克里斯;Marquese Chriss;6;4;5;0;0;0;0;0;0;0;0;0;0;0;-25;-25;-25;18;0;0;208;102
1155;李慕豪;LiMuhao;7;5;4;0;0;0;0;0;0;0;0;0;0;0;-25;-25;-25;18;0;0;213;107
1156;马克斯-克里斯蒂;Max Christie;7;2;0;0;0;0;0;0;0;0;0;0;0;0;-25;-25;-25;18;0;0;190;85
1157;塞马尔-克里斯顿;Semaj Christon;6;1;0;0;0;0;0;0;0;0;0;0;0;0;-25;-25;-25;18;0;0;190;88
1158;拉基姆-克里斯玛斯;Rakeem Christmas;6;4;0;0;0;0;0;0;0;0;0;0;0;0;-25;-25;-25;18;0;0;218;108
1159;乔-克里斯平;Joe Crispin;6;1;0;0;0;0;0;0;0;0;0;0;0;0;-25;-25;-25;18;0;0;183;82
1160;约什-克里斯托弗;Josh Christopher;6;2;1;0;0;0;0;0;0;0;0;0;0;0;-25;-25;-25;18;0;0;206;99
1161;加瓦利斯-克里坦顿;Javaris Crittenton;6;1;0;0;0;0;0;0;0;0;0;0;0;0;-25;-25;-25;18;0;0;201;102
1162;约翰-克罗蒂;John Crotty;6;1;0;0;0;0;0;0;0;0;0;0;0;0;-25;-25;-25;18;0;0;203;98
1163;阿诺达斯-库尔博卡;Arnoldas Kulboka;6;3;0;0;0;0;0;0;0;0;0;0;0;0;-25;-25;-25;18;0;0;198;93
1164;科斯塔-库佛斯;Kosta Koufos;6;5;4;0;0;0;0;0;0;0;0;0;0;0;-25;-25;-25;18;0;0;175;77
1165;托尼-库科奇;Toni Kukoč;7;3;4;0;0;0;0;0;0;0;0;0;0;0;-25;-25;-25;18;0;0;180;77
1166;戴奎恩-库克;Daequan Cook;6;2;0;0;0;0;0;0;0;0;0;0;0;0;-25;-25;-25;18;0;0;208;104
1167;奎因-库克;Quinn Cook;6;1;0;0;0;0;0;0;0;0;0;0;0;0;-25;-25;-25;18;0;0;193;90
1168;谢里夫-库珀;Sharife Cooper;6;1;2;0;0;0;0;0;0;0;0;0;0;0;-25;-25;-25;18;0;0;198;100
1169;奥格年-库兹米奇;Ognjen Kuzmic;6;5;0;0;0;0;0;0;0;0;0;0;0;0;-25;-25;-25;18;0;0;213;108
1170;内米亚斯-克塔;Neemias Queta;6;5;0;0;0;0;0;0;0;0;0;0;0;0;-25;-25;-25;18;0;0;206;100
1171;特雷弗林-奎因;Trevelin Queen;6;2;3;0;0;0;0;0;0;0;0;0;0;0;-25;-25;-25;18;0;0;190;88
1172;费伦-昆都;Feron Hunt;6;3;4;0;0;0;0;0;0;0;0;0;0;0;-25;-25;-25;18;0;0;190;90
1173;路易斯-拉贝里;Louis Labeyrie;6;4;0;0;0;0;0;0;0;0;0;0;0;0;-25;-25;-25;18;0;0;190;95
1174;弗拉迪米尔-拉德马诺维奇;Vladimir Radmanovic;6;4;3;0;0;0;0;0;0;0;0;0;0;0;-25;-25;-25;18;0;0;190;90
1175;里夫-拉弗伦茨;Raef LaFrentz;6;4;5;0;0;0;0;0;0;0;0;0;0;0;-25;-25;-25;18;0;0;190;88
1176;肖恩-拉金;Shane Larkin;6;1;0;0;0;0;0;0;0;0;0;0;0;0;-25;-25;-25;18;0;0;190;90
1177;杰克-拉拉维亚;Jake LaRavia;6;3;0;0;0;0;0;0;0;0;0;0;0;0;-25;-25;-25;18;0;0;203;98
1178;布兰登-拉什;Brandon Rush;6;2;3;0;0;0;0;0;0;0;0;0;0;0;-25;-25;-25;18;0;0;208;107
1179;西奥-拉特利夫;Theo Ratliff;6;4;5;0;0;0;0;0;0;0;0;0;0;0;-25;-25;-25;18;0;0;206;102
1180;加尼-拉沃尔;Gani Lawal;6;4;3;0;0;0;0;0;0;0;0;0;0;0;-25;-25;-25;18;0;0;213;113
1181;鲍比-布朗;Bobby Brown;6;1;2;0;0;0;0;0;0;0;0;0;0;0;-25;-25;-25;18;0;0;193;88
1182;亚历克斯-莱恩;Alex Len;7;5;4;0;0;0;0;0;0;0;0;0;0;0;-25;-25;-25;18;0;0;193;90
1183;特雷-莱尔斯;Trey Lyles;7;4;5;0;0;0;0;0;0;0;0;0;0;0;-25;-25;-25;18;0;0;190;95
1184;格伦-莱斯二世;Glen Rice Jr.;6;3;0;0;0;0;0;0;0;0;0;0;0;0;-25;-25;-25;18;0;0;190;90
1185;特拉维斯-莱斯利;Travis Leslie;6;2;3;0;0;0;0;0;0;0;0;0;0;0;-25;-25;-25;18;0;0;190;93
1186;原帅;Yuan Shuai;7;1;0;0;0;0;0;0;0;0;0;0;0;0;-25;-25;-25;18;0;0;190;95
1187;坎比-拉塞尔;Campy Russell;7;2;3;0;0;0;0;0;0;0;0;0;0;0;-25;-25;-25;18;0;0;190;90
1188;朱利安-莱特;Julian Wright;6;3;0;0;0;0;0;0;0;0;0;0;0;0;-25;-25;-25;18;0;0;203;95
1189;克里斯汀-莱特纳;Christian Laettner;6;4;5;0;0;0;0;0;0;0;0;0;0;0;-25;-25;-25;18;0;0;203;97
1190;德朗-赖特;Delon Wright;6;2;1;0;0;0;0;0;0;0;0;0;0;0;-25;-25;-25;18;0;0;203;95
1191;麦金利-赖特四世;McKinley Wright IV;6;1;0;0;0;0;0;0;0;0;0;0;0;0;-25;-25;-25;18;0;0;203;90
1192;乔克-兰代尔;Jock Landale;6;5;0;0;0;0;0;0;0;0;0;0;0;0;-25;-25;-25;18;0;0;203;95
1193;卡尔-兰德里;Carl Landry;6;4;0;0;0;0;0;0;0;0;0;0;0;0;-25;-25;-25;18;0;0;203;97
1194;安东尼-兰多夫;Anthony Randolph;6;4;0;0;0;0;0;0;0;0;0;0;0;0;-25;-25;-25;18;0;0;203;95
1195;罗密欧-兰福德;Romeo Langford;6;2;3;0;0;0;0;0;0;0;0;0;0;0;-25;-25;-25;18;0;0;203;90
1196;安东尼-兰姆;Anthony Lamb;6;3;4;0;0;0;0;0;0;0;0;0;0;0;-25;-25;-25;18;0;0;203;95
1197;多隆-兰姆;Doron Lamb;6;2;0;0;0;0;0;0;0;0;0;0;0;0;-25;-25;-25;18;0;0;203;97
1198;肖恩-蓝普利;Sean Lampley;6;3;0;0;0;0;0;0;0;0;0;0;0;0;-25;-25;-25;18;0;0;203;95
1199;安东尼奥-朗;Antonio Lang;6;3;4;0;0;0;0;0;0;0;0;0;0;0;-25;-25;-25;18;0;0;203;90
1200;阿西-劳;Acie Law;6;2;0;0;0;0;0;0;0;0;0;0;0;0;-25;-25;-25;18;0;0;203;95
1201;乔丹-劳埃德;Jordan Loyd;6;1;0;0;0;0;0;0;0;0;0;0;0;0;-25;-25;-25;18;0;0;180;75
1202;AJ-劳森;A.J. Lawson;6;2;1;0;0;0;0;0;0;0;0;0;0;0;-25;-25;-25;18;0;0;190;88
1203;安迪-劳汀斯;Andy Rautins;6;2;0;0;0;0;0;0;0;0;0;0;0;0;-25;-25;-25;18;0;0;190;90
1204;泽尔克-雷布拉卡;Zeljko Rebraca;6;5;0;0;0;0;0;0;0;0;0;0;0;0;-25;-25;-25;18;0;0;190;95
1205;奥斯汀-卡尔;Austin Carr;8;2;0;0;0;0;0;0;0;0;0;0;0;0;-25;-25;-25;18;0;0;190;90
1206;里奇-雷多;Ricky Ledo;6;2;0;0;0;0;0;0;0;0;0;0;0;0;-25;-25;-25;18;0;0;190;88
1207;埃尔德里奇-雷卡斯那;Eldridge Recasner;6;2;1;0;0;0;0;0;0;0;0;0;0;0;-25;-25;-25;18;0;0;190;90
1208;马尔科姆-李;Malcolm Lee;6;1;2;0;0;0;0;0;0;0;0;0;0;0;-25;-25;-25;18;0;0;190;95
1209;萨宾-李;Saben Lee;6;2;1;0;0;0;0;0;0;0;0;0;0;0;-25;-25;-25;18;0;0;190;90
1210;克哈里德-李维斯;Khalid Reeves;6;1;0;0;0;0;0;0;0;0;0;0;0;0;-25;-25;-25;18;0;0;190;93
1211;马特-里安;Matt Ryan;6;3;4;0;0;0;0;0;0;0;0;0;0;0;-25;-25;-25;18;0;0;208;102
1212;保罗-里德;Paul Reed;7;5;4;0;0;0;0;0;0;0;0;0;0;0;-25;-25;-25;18;0;0;206;108
1213;贾斯汀-里德;Justin Reed;6;3;0;0;0;0;0;0;0;0;0;0;0;0;-25;-25;-25;18;0;0;203;95
1214;莱恩-里德;Ryan Reid;6;3;0;0;0;0;0;0;0;0;0;0;0;0;-25;-25;-25;18;0;0;203;97
1215;纳兹-里德;Naz Reid;7;4;5;0;0;0;0;0;0;0;0;0;0;0;-25;-25;-25;18;0;0;203;95
1216;卢克-里德诺;Luke Ridnour;7;1;3;0;0;0;0;0;0;0;0;0;0;0;-25;-25;-25;18;0;0;203;90
1217;奥斯汀-里弗斯;Austin Rivers;6;2;1;0;0;0;0;0;0;0;0;0;0;0;-25;-25;-25;18;0;0;203;95
1218;德安德烈-利金斯;DeAndre Liggins;6;2;0;0;0;0;0;0;0;0;0;0;0;0;-25;-25;-25;18;0;0;203;97
1219;以赛亚-里维尔斯;Isaiah Livers;6;3;4;0;0;0;0;0;0;0;0;0;0;0;-25;-25;-25;18;0;0;203;95
1220;普尔-理查德森;Pooh Richardson;6;1;0;0;0;0;0;0;0;0;0;0;0;0;-25;-25;-25;18;0;0;203;90
1221;尼克-理查兹;Nick Richards;6;4;0;0;0;0;0;0;0;0;0;0;0;0;-25;-25;-25;18;0;0;203;95
1222;EJ-利德尔;E.J. Liddell;6;4;0;0;0;0;0;0;0;0;0;0;0;0;-25;-25;-25;18;0;0;203;97
1223;纳西尔-利特尔;Nassir Little;6;3;0;0;0;0;0;0;0;0;0;0;0;0;-25;-25;-25;18;0;0;203;95
1224;小凯拉-刘易斯;Kira Lewis Jr.;6;2;1;0;0;0;0;0;0;0;0;0;0;0;-25;-25;-25;18;0;0;180;82
1225;泰伦-卢;Tyronn Lue;6;1;0;0;0;0;0;0;0;0;0;0;0;0;-25;-25;-25;18;0;0;190;90
1226;肖恩-卢克斯;Sean Rooks;6;5;0;0;0;0;0;0;0;0;0;0;0;0;-25;-25;-25;18;0;0;190;95
1227;蒂莫泰-卢瓦乌-卡巴罗;Timothe Luwawu-Cabarrot;6;2;3;0;0;0;0;0;0;0;0;0;0;0;-25;-25;-25;18;0;0;190;90
1228;塞尔吉奥-鲁尔;Sergio Llull;6;1;2;0;0;0;0;0;0;0;0;0;0;0;-25;-25;-25;18;0;0;190;98
1229;迈克尔-鲁芬;Michael Ruffin;6;4;0;0;0;0;0;0;0;0;0;0;0;0;-25;-25;-25;18;0;0;190;90
1230;特伦斯-伦克尔;Terrence Rencher;6;1;0;0;0;0;0;0;0;0;0;0;0;0;-25;-25;-25;18;0;0;190;95
1231;梅耶斯-伦纳德;Meyers Leonard;6;4;5;0;0;0;0;0;0;0;0;0;0;0;-25;-25;-25;18;0;0;190;90
1232;奥兰多-罗宾逊;Orlando Robinson;6;5;0;0;0;0;0;0;0;0;0;0;0;0;-25;-25;-25;18;0;0;190;93
1233;伯纳德-罗宾逊;Bernard Robinson;6;2;3;0;0;0;0;0;0;0;0;0;0;0;-25;-25;-25;18;0;0;208;107
1234;杰雷米亚-罗宾逊-厄尔;Jeremiah Robinson-Earl;6;4;3;0;0;0;0;0;0;0;0;0;0;0;-25;-25;-25;18;0;0;206;102
1235;刘礼嘉;Liu Lijia;6;4;3;0;0;0;0;0;0;0;0;0;0;0;-25;-25;-25;18;0;0;0;0
1236;托马斯-罗宾逊;Thomas Robinson;6;4;0;0;0;0;0;0;0;0;0;0;0;0;-25;-25;-25;18;0;0;203;97
1237;斯坦利-罗伯茨;Stanley Roberts;6;5;0;0;0;0;0;0;0;0;0;0;0;0;-25;-25;-25;18;0;0;203;95
1238;赛尔吉奥-罗德里格斯;Sergio Rodríguez;6;2;1;0;0;0;0;0;0;0;0;0;0;0;-25;-25;-25;18;0;0;203;90
1239;贾里德-罗登;Jared Rhoden;6;5;4;0;0;0;0;0;0;0;0;0;0;0;-25;-25;-25;18;0;0;203;95
1240;大卫-罗迪;David Roddy;6;3;0;0;0;0;0;0;0;0;0;0;0;0;-25;-25;-25;18;0;0;203;97
1241;马格南-罗尔;Magnum Rolle;6;4;0;0;0;0;0;0;0;0;0;0;0;0;-25;-25;-25;18;0;0;203;95
1242;马里克-罗斯;Malik Rose;6;4;3;0;0;0;0;0;0;0;0;0;0;0;-25;-25;-25;18;0;0;203;90
1243;宾格-史密斯;Bingo Smith;7;2;3;0;0;0;0;0;0;0;0;0;0;0;-25;-25;-25;18;0;0;203;95
1244;吉姆-琼恩斯;Jim Chones;7;5;4;0;0;0;0;0;0;0;0;0;0;0;-25;-25;-25;18;0;0;203;97
1245;小肯尼斯-洛夫顿;Kenneth Lofton Jr.;6;4;3;0;0;0;0;0;0;0;0;0;0;0;-25;-25;-25;18;0;0;203;95
1246;杰弗瑞-洛文吉;Joffrey Lauvergne;6;4;5;0;0;0;0;0;0;0;0;0;0;0;-25;-25;-25;18;0;0;203;90
1247;唐纳德-洛耶尔;Donald Royal;6;3;0;0;0;0;0;0;0;0;0;0;0;0;-25;-25;-25;18;0;0;203;95
1248;乔恩-洛伊尔;Jon Leuer;6;4;0;0;0;0;0;0;0;0;0;0;0;0;-25;-25;-25;18;0;0;203;97
1249;马克-马德森;Mark Madsen;6;5;4;0;0;0;0;0;0;0;0;0;0;0;-25;-25;-25;18;0;0;203;95
1250;达里克-马丁;Darrick Martin;6;1;0;0;0;0;0;0;0;0;0;0;0;0;-25;-25;-25;18;0;0;203;90
1251;贾雷尔-马丁;Jarell Martin;6;4;0;0;0;0;0;0;0;0;0;0;0;0;-25;-25;-25;18;0;0;0;0
1252;科迪-马丁;Cody Martin;7;4;3;0;0;0;0;0;0;0;0;0;0;0;-25;-25;-25;18;0;0;0;0
1253;泰里斯-马丁;Tyrese Martin;6;2;3;0;0;0;0;0;0;0;0;0;0;0;-25;-25;-25;18;0;0;0;0
1254;小肯扬-马丁;Kenyon Martin Jr.;6;4;3;0;0;0;0;0;0;0;0;0;0;0;-25;-25;-25;18;0;0;0;0
1255;贾马尔-马格洛伊尔;Jamaal Magloire;6;5;4;0;0;0;0;0;0;0;0;0;0;0;-25;-25;-25;18;0;0;0;0
1256;里克-马洪;Rick Mahorn;6;4;5;0;0;0;0;0;0;0;0;0;0;0;-25;-25;-25;18;0;0;0;0
1257;布兰登-米勒;Brandon Miller;9;3;0;0;0;0;0;0;0;0;0;0;0;0;-25;-25;-25;18;0;0;0;0
1258;肖恩-马克斯;Sean Marks;6;4;5;0;0;0;0;0;0;0;0;0;0;0;-25;-25;-25;18;0;0;0;0
1259;达米尔-马克塔;Damir Markota;6;5;4;0;0;0;0;0;0;0;0;0;0;0;-25;-25;-25;18;0;0;0;0
1260;米兰-马克万;Milan Macvan;6;3;0;0;0;0;0;0;0;0;0;0;0;0;-25;-25;-25;18;0;0;0;0
1261;杰夫-马龙;Jeff Malone;6;2;3;0;0;0;0;0;0;0;0;0;0;0;-25;-25;-25;18;0;0;0;0
1262;桑德罗-马穆凯拉什维利;Sandro Mamukelashvili;7;4;5;0;0;0;0;0;0;0;0;0;0;0;-25;-25;-25;18;0;0;0;0
1263;托尼-马森伯格;Tony Massenburg;6;4;5;0;0;0;0;0;0;0;0;0;0;0;-25;-25;-25;18;0;0;0;0
1264;肯道尔-马绍尔;Kendall Marshall;6;1;2;0;0;0;0;0;0;0;0;0;0;0;-25;-25;-25;18;0;0;0;0
1265;纳吉-马绍尔;Naji Marshall;7;3;4;0;0;0;0;0;0;0;0;0;0;0;-25;-25;-25;18;0;0;0;0
1266;唐耶尔-马绍尔;Donyell Marshall;6;3;4;0;0;0;0;0;0;0;0;0;0;0;-25;-25;-25;18;0;0;0;0
1267;伊安-马辛米;Ian Mahinmi;6;5;0;0;0;0;0;0;0;0;0;0;0;0;-25;-25;-25;18;0;0;0;0
1268;萨鲁纳斯-马修利奥尼斯;Sarunas Marciulionis;6;2;0;0;0;0;0;0;0;0;0;0;0;0;-25;-25;-25;18;0;0;0;0
1269;EC-马修斯;EC Matthews;6;2;0;0;0;0;0;0;0;0;0;0;0;0;-25;-25;-25;18;0;0;0;0
1270;加里森-马修斯;Garrison Mathews;6;2;1;0;0;0;0;0;0;0;0;0;0;0;-25;-25;-25;18;0;0;0;0
1271;阿特-马朱克;Ater Majok;6;4;5;0;0;0;0;0;0;0;0;0;0;0;-25;-25;-25;18;0;0;0;0
1272;泰奥-马勒东;Théo Maledon;6;1;2;0;0;0;0;0;0;0;0;0;0;0;-25;-25;-25;18;0;0;0;0
1273;达柳斯-迈尔斯;Darius Miles;6;3;0;0;0;0;0;0;0;0;0;0;0;0;-25;-25;-25;18;0;0;0;0
1274;詹姆斯-迈克尔-麦卡杜;James Michael McAdoo;6;4;0;0;0;0;0;0;0;0;0;0;0;0;-25;-25;-25;18;0;0;0;0
1275;罗肖恩-迈克里奥德;Roshown McLeod;6;3;0;0;0;0;0;0;0;0;0;0;0;0;-25;-25;-25;18;0;0;0;0
1276;格雷格-迈纳;Greg Minor;6;2;3;0;0;0;0;0;0;0;0;0;0;0;-25;-25;-25;18;0;0;0;0
1277;布莱斯-麦戈文斯;Bryce McGowens;6;2;0;0;0;0;0;0;0;0;0;0;0;0;-25;-25;-25;18;0;0;0;0
1278;罗德尼-麦格鲁德;Rodney McGruder;6;2;3;0;0;0;0;0;0;0;0;0;0;0;-25;-25;-25;18;0;0;0;0
1279;米奇-麦加里;Mitch McGary;6;5;4;0;0;0;0;0;0;0;0;0;0;0;-25;-25;-25;18;0;0;0;0
1280;杰夫-麦金尼斯;Jeff McInnis;6;2;1;0;0;0;0;0;0;0;0;0;0;0;-25;-25;-25;18;0;0;0;0
1281;雷-麦卡勒姆;Ray McCallum;6;1;0;0;0;0;0;0;0;0;0;0;0;0;-25;-25;-25;18;0;0;0;0
1282;杰拉尼-麦考伊;Jelani McCoy;6;5;0;0;0;0;0;0;0;0;0;0;0;0;-25;-25;-25;18;0;0;0;0
1283;迈尔斯-麦克布莱德;Miles McBride;6;1;2;0;0;0;0;0;0;0;0;0;0;0;-25;-25;-25;18;0;0;0;0
1284;KJ-麦克丹尼尔斯;KJ McDaniels;6;2;3;0;0;0;0;0;0;0;0;0;0;0;-25;-25;-25;18;0;0;0;0
1285;杰登-麦克丹尼尔斯;Jaden McDaniels;8;4;3;0;0;0;0;0;0;0;0;0;0;0;-25;-25;-25;18;0;0;0;0
1286;杰伦-麦克丹尼尔斯;Jalen McDaniels;6;4;5;0;0;0;0;0;0;0;0;0;0;0;-25;-25;-25;18;0;0;0;0
1287;道格-麦克德莫特;Doug McDermott;6;3;4;0;0;0;0;0;0;0;0;0;0;0;-25;-25;-25;18;0;0;0;0
1288;杰克-麦克科林顿;Jack McClinton;6;2;0;0;0;0;0;0;0;0;0;0;0;0;-25;-25;-25;18;0;0;0;0
1289;本-麦克勒摩;Ben McLemore;6;2;3;0;0;0;0;0;0;0;0;0;0;0;-25;-25;-25;18;0;0;0;0
1290;乔丹-麦克雷;Jordan McRae;6;2;1;0;0;0;0;0;0;0;0;0;0;0;-25;-25;-25;18;0;0;0;0
1291;沃农-麦克林;Vernon Macklin;6;4;0;0;0;0;0;0;0;0;0;0;0;0;-25;-25;-25;18;0;0;0;0
1292;约什-麦克罗伯茨;Josh McRoberts;6;4;0;0;0;0;0;0;0;0;0;0;0;0;-25;-25;-25;18;0;0;0;0
1293;弗农-麦克斯韦尔;Vernon Maxwell;7;2;3;0;0;0;0;0;0;0;0;0;0;0;-25;-25;-25;18;0;0;0;0
1294;吉姆-麦克伊尔瓦因;Jim McIlvaine;6;5;0;0;0;0;0;0;0;0;0;0;0;0;-25;-25;-25;18;0;0;0;0
1295;特伦斯-曼;Terance Mann;7;2;3;0;0;0;0;0;0;0;0;0;0;0;-25;-25;-25;18;0;0;0;0
1296;特雷-曼恩;Tre Mann;7;1;0;0;0;0;0;0;0;0;0;0;0;0;-25;-25;-25;18;0;0;0;0
1297;丹尼-曼宁;Danny Manning;8;3;4;0;0;0;0;0;0;0;0;0;0;0;-25;-25;-25;18;0;0;0;0
1298;斯坦尼斯拉夫-梅德维登科;Stanislav Medvedenko;6;4;5;0;0;0;0;0;0;0;0;0;0;0;-25;-25;-25;18;0;0;0;0
1299;弗莱迪-刘易斯;Freddie Lewis;8;1;2;0;0;0;0;0;0;0;0;0;0;0;-25;-25;-25;18;0;0;0;0
1300;德安东尼-梅尔顿;De'Anthony Melton;7;1;2;0;0;0;0;0;0;0;0;0;0;0;-25;-25;-25;18;0;0;0;0
1301;尼科勒-梅利;Nicolo Melli;6;4;3;0;0;0;0;0;0;0;0;0;0;0;-25;-25;-25;18;0;0;0;0
1302;法布-梅洛;Fab Melo;6;5;0;0;0;0;0;0;0;0;0;0;0;0;-25;-25;-25;18;0;0;0;0
1303;埃里克-梅诺;Eric Maynor;6;2;1;0;0;0;0;0;0;0;0;0;0;0;-25;-25;-25;18;0;0;0;0
1304;戴斯蒙德-梅森;Desmond Mason;7;2;3;0;0;0;0;0;0;0;0;0;0;0;-25;-25;-25;18;0;0;0;0
1305;奇梅齐耶-梅图;Chimezie Metu;6;4;5;0;0;0;0;0;0;0;0;0;0;0;-25;-25;-25;18;0;0;0;0
1306;劳伦-梅耶尔;Loren Meyer;6;5;0;0;0;0;0;0;0;0;0;0;0;0;-25;-25;-25;18;0;0;0;0
1307;皮特-梅耶斯;Pete Myers;6;2;0;0;0;0;0;0;0;0;0;0;0;0;-25;-25;-25;18;0;0;0;0
1308;埃里克-蒙特罗斯;Eric Montross;6;5;0;0;0;0;0;0;0;0;0;0;0;0;-25;-25;-25;18;0;0;0;0
1309;托德-梦迪特;Todd Mundt;6;5;0;0;0;0;0;0;0;0;0;0;0;0;-25;-25;-25;18;0;0;0;0
1310;谢克-米尔顿;Shake Milton;6;2;3;0;0;0;0;0;0;0;0;0;0;0;-25;-25;-25;18;0;0;0;0
1311;特里-米尔斯;Terry Mills;6;5;0;0;0;0;0;0;0;0;0;0;0;0;-25;-25;-25;18;0;0;0;0
1312;乔丹-米基;Jordan Mickey;6;4;0;0;0;0;0;0;0;0;0;0;0;0;-25;-25;-25;18;0;0;0;0
1313;约迪-米克斯;Jodie Meeks;6;2;0;0;0;0;0;0;0;0;0;0;0;0;-25;-25;-25;18;0;0;0;0
1314;达柳斯-米勒;Darius Miller;6;3;4;0;0;0;0;0;0;0;0;0;0;0;-25;-25;-25;18;0;0;0;0
1315;尼古拉-米卢蒂诺夫;Nikola Milutinov;6;5;0;0;0;0;0;0;0;0;0;0;0;0;-25;-25;-25;18;0;0;0;0
1316;戴维恩-米切尔;Davion Mitchell;6;2;1;0;0;0;0;0;0;0;0;0;0;0;-25;-25;-25;18;0;0;0;0
1317;萨姆-米切尔;Sam Mitchell;6;3;2;0;0;0;0;0;0;0;0;0;0;0;-25;-25;-25;18;0;0;0;0
1318;托尼-米切尔;Tony LaShae Mitchell Jr.;6;4;0;0;0;0;0;0;0;0;0;0;0;0;-25;-25;-25;18;0;0;0;0
1319;大卫-米西诺;David Michineau;6;1;0;0;0;0;0;0;0;0;0;0;0;0;-25;-25;-25;18;0;0;0;0
1320;瓦西里耶-米西奇;Vasilije Micic;6;1;0;0;0;0;0;0;0;0;0;0;0;0;-25;-25;-25;18;0;0;0;0
1321;小温德尔-摩尔;Wendell Moore Jr.;6;3;2;0;0;0;0;0;0;0;0;0;0;0;-25;-25;-25;18;0;0;0;0
1322;伊托万-摩尔;E'Twaun Moore;6;1;2;0;0;0;0;0;0;0;0;0;0;0;-25;-25;-25;18;0;0;0;0
1323;以赛亚-莫布里;Isaiah Mobley;6;4;0;0;0;0;0;0;0;0;0;0;0;0;-25;-25;-25;18;0;0;0;0
1324;卡蒂诺-莫布利;Cuttino Mobley;8;2;1;0;0;0;0;0;0;0;0;0;0;0;-25;-25;-25;18;0;0;0;0
1325;阿内特-莫尔特里;Arnett Moultrie;6;4;0;0;0;0;0;0;0;0;0;0;0;0;-25;-25;-25;18;0;0;0;0
1326;纳兹尔-莫罕默德;Nazr Mohammed;6;5;0;0;0;0;0;0;0;0;0;0;0;0;-25;-25;-25;18;0;0;0;0
1327;埃里克-莫兰德;Eric Moreland;6;4;0;0;0;0;0;0;0;0;0;0;0;0;-25;-25;-25;18;0;0;0;0
1328;亚当-莫里森;Adam Morrison;6;3;4;0;0;0;0;0;0;0;0;0;0;0;-25;-25;-25;18;0;0;0;0
1329;达柳斯-莫里斯;Darius Morris;6;1;0;0;0;0;0;0;0;0;0;0;0;0;-25;-25;-25;18;0;0;0;0
1330;马库斯-莫里斯;Marcus Morris;7;4;3;0;0;0;0;0;0;0;0;0;0;0;-25;-25;-25;18;0;0;0;0
1331;蒙特-莫里斯;Monte Morris;7;1;0;0;0;0;0;0;0;0;0;0;0;0;-25;-25;-25;18;0;0;0;0
1332;基马-莫内克;Chima Moneke;6;4;0;0;0;0;0;0;0;0;0;0;0;0;-25;-25;-25;18;0;0;0;0
1333;杰罗姆-莫伊索;Jérôme Moïso;6;4;0;0;0;0;0;0;0;0;0;0;0;0;-25;-25;-25;18;0;0;0;0
1334;提莫菲-莫兹戈夫;Timofey Mozgov;6;5;0;0;0;0;0;0;0;0;0;0;0;0;-25;-25;-25;18;0;0;0;0
1335;埃里克-墨菲;Erik Murphy;6;4;0;0;0;0;0;0;0;0;0;0;0;0;-25;-25;-25;18;0;0;0;0
1336;凯文-墨菲;Kevin Murphy;6;2;0;0;0;0;0;0;0;0;0;0;0;0;-25;-25;-25;18;0;0;0;0
1337;特雷-墨菲三世;Trey Murphy III;7;3;2;0;0;0;0;0;0;0;0;0;0;0;-25;-25;-25;18;0;0;0;0
1338;特洛伊-墨菲;Troy Murphy;6;5;0;0;0;0;0;0;0;0;0;0;0;0;-25;-25;-25;18;0;0;0;0
1339;罗恩-默塞尔;Ron Mercer;6;2;3;0;0;0;0;0;0;0;0;0;0;0;-25;-25;-25;18;0;0;0;0
1340;DJ-姆本加;D.J. Mbenga;6;5;0;0;0;0;0;0;0;0;0;0;0;0;-25;-25;-25;18;0;0;0;0
1341;沙巴兹-穆罕默德;Shabazz Muhammad;6;2;0;0;0;0;0;0;0;0;0;0;0;0;-25;-25;-25;18;0;0;0;0
1342;拜伦-穆伦斯;Byron Mullens;6;5;4;0;0;0;0;0;0;0;0;0;0;0;-25;-25;-25;18;0;0;0;0
1343;扎南-穆萨;Dzanan Musa;6;2;3;0;0;0;0;0;0;0;0;0;0;0;-25;-25;-25;18;0;0;0;0
1344;迈克-穆斯卡拉;Mike Muscala;6;4;5;0;0;0;0;0;0;0;0;0;0;0;-25;-25;-25;18;0;0;0;0
1345;布莱文-奈特;Brevin Knight;6;1;0;0;0;0;0;0;0;0;0;0;0;0;-25;-25;-25;18;0;0;0;0
1346;纳坦-奈特;Nathan Knight;6;4;5;0;0;0;0;0;0;0;0;0;0;0;-25;-25;-25;18;0;0;0;0
1347;泰瑞斯-奈特;Travis Knight;6;5;0;0;0;0;0;0;0;0;0;0;0;0;-25;-25;-25;18;0;0;0;0
1348;内马尼亚-内多维奇;Nemanja Nedovic;6;1;2;0;0;0;0;0;0;0;0;0;0;0;-25;-25;-25;18;0;0;0;0
1349;RJ-内姆布哈德;RJ Nembhard Jr.;6;2;1;0;0;0;0;0;0;0;0;0;0;0;-25;-25;-25;18;0;0;0;0
1350;安德鲁-内姆布哈德;Andrew Nembhard;7;1;2;0;0;0;0;0;0;0;0;0;0;0;-25;-25;-25;18;0;0;0;0
1351;沙巴兹-内皮尔;Shabazz Napier;6;1;0;0;0;0;0;0;0;0;0;0;0;0;-25;-25;-25;18;0;0;0;0
1352;霍华德-内森;Howard Nathan;6;1;0;0;0;0;0;0;0;0;0;0;0;0;-25;-25;-25;18;0;0;0;0
1353;阿隆-内史密斯;Aaron Nesmith;6;2;3;0;0;0;0;0;0;0;0;0;0;0;-25;-25;-25;18;0;0;0;0
1354;拉苏-内斯特洛维奇;Rasho Nesterović;6;5;0;0;0;0;0;0;0;0;0;0;0;0;-25;-25;-25;18;0;0;0;0
1355;梅尔-丹尼尔斯;Mel Daniels;9;5;0;0;0;0;0;0;0;0;0;0;0;0;-25;-25;-25;18;0;0;0;0
1356;劳尔-内托;Raul Neto;6;1;0;0;0;0;0;0;0;0;0;0;0;0;-25;-25;-25;18;0;0;0;0
1357;乔治-尼昂;Georges Niang;6;4;3;0;0;0;0;0;0;0;0;0;0;0;-25;-25;-25;18;0;0;0;0
1358;安德鲁-尼克尔森;Andrew Nicholson;6;4;0;0;0;0;0;0;0;0;0;0;0;0;-25;-25;-25;18;0;0;0;0
1359;戴申-尼克斯;Daishen Nix;6;1;2;0;0;0;0;0;0;0;0;0;0;0;-25;-25;-25;18;0;0;0;0
1360;弗朗克-尼利基纳;Frank Ntilikina;6;1;0;0;0;0;0;0;0;0;0;0;0;0;-25;-25;-25;18;0;0;0;0
1361;艾哈迈德-尼文斯;Ahmad Nivins;6;4;0;0;0;0;0;0;0;0;0;0;0;0;-25;-25;-25;18;0;0;0;0
1362;迈克-纽林;Mike Newlin;6;2;0;0;0;0;0;0;0;0;0;0;0;0;-25;-25;-25;18;0;0;0;0
1363;詹姆斯-农纳利;James Nunnally;6;3;4;0;0;0;0;0;0;0;0;0;0;0;-25;-25;-25;18;0;0;0;0
1364;大卫-努瓦巴;David Nwaba;6;2;3;0;0;0;0;0;0;0;0;0;0;0;-25;-25;-25;18;0;0;0;0
1365;大卫-诺尔;David Noel;6;3;0;0;0;0;0;0;0;0;0;0;0;0;-25;-25;-25;18;0;0;0;0
1366;凯文-诺克斯;Kevin Knox;6;3;0;0;0;0;0;0;0;0;0;0;0;0;-25;-25;-25;18;0;0;0;0
1367;卢卡斯-诺奎拉;Lucas Nogueira;6;5;0;0;0;0;0;0;0;0;0;0;0;0;-25;-25;-25;18;0;0;0;0
1368;亨克-诺雷尔;Henk Norel;6;4;0;0;0;0;0;0;0;0;0;0;0;0;-25;-25;-25;18;0;0;0;0
1369;肯-诺曼;Ken Norman;6;4;3;0;0;0;0;0;0;0;0;0;0;0;-25;-25;-25;18;0;0;0;0
1370;史蒂夫-诺瓦克;Steve Novak;6;4;3;0;0;0;0;0;0;0;0;0;0;0;-25;-25;-25;18;0;0;0;0
1371;鲍勃-内特里奇;Bob Netolicky;8;4;5;0;0;0;0;0;0;0;0;0;0;0;-25;-25;-25;18;0;0;0;0
1372;安德烈斯-诺西奥尼;Andrés Nocioni;6;4;0;0;0;0;0;0;0;0;0;0;0;0;-25;-25;-25;18;0;0;0;0
1373;道格-欧沃顿;Doug Overton;6;1;0;0;0;0;0;0;0;0;0;0;0;0;-25;-25;-25;18;0;0;0;0
1374;亚历山大-帕夫洛维奇;Sasha Pavlović;6;2;3;0;0;0;0;0;0;0;0;0;0;0;-25;-25;-25;18;0;0;0;0
1375;杰里米-帕戈;Jeremy Pargo;6;1;2;0;0;0;0;0;0;0;0;0;0;0;-25;-25;-25;18;0;0;0;0
1376;切洛基-帕克斯;Cherokee Parks;6;5;4;0;0;0;0;0;0;0;0;0;0;0;-25;-25;-25;18;0;0;0;0
1377;乔治斯-帕帕扬尼斯;Georgios Papagiannis;6;5;0;0;0;0;0;0;0;0;0;0;0;0;-25;-25;-25;18;0;0;0;0
1378;拉马尔-帕特森;Lamar Patterson;6;2;3;0;0;0;0;0;0;0;0;0;0;0;-25;-25;-25;18;0;0;0;0
1379;罗伯特-派克;Robert Pack;6;1;0;0;0;0;0;0;0;0;0;0;0;0;-25;-25;-25;18;0;0;0;0
1380;迈克-潘佩西;Mike Penberthy;6;1;0;0;0;0;0;0;0;0;0;0;0;0;-25;-25;-25;18;0;0;0;0
1381;昆西-庞德塞特;Quincy Pondexter;6;3;2;0;0;0;0;0;0;0;0;0;0;0;-25;-25;-25;18;0;0;0;0
1382;埃尔弗里德-佩顿;Elfrid Payton;6;1;0;0;0;0;0;0;0;0;0;0;0;0;-25;-25;-25;18;0;0;0;0
1383;阿德里安-佩恩;Adreian Payne;6;4;5;0;0;0;0;0;0;0;0;0;0;0;-25;-25;-25;18;0;0;0;0
1384;维尔-佩尔多;Will Perdue;6;5;0;0;0;0;0;0;0;0;0;0;0;0;-25;-25;-25;18;0;0;0;0
1385;蒂博尔-普莱斯;Tibor Pleiss;6;5;0;0;0;0;0;0;0;0;0;0;0;0;-25;-25;-25;18;0;0;0;0
1386;雷吉-佩里;Reggie Perry;6;5;4;0;0;0;0;0;0;0;0;0;0;0;-25;-25;-25;18;0;0;0;0
1387;马库斯-佩奇;Marcus Paige;6;1;0;0;0;0;0;0;0;0;0;0;0;0;-25;-25;-25;18;0;0;0;0
1388;奥雷克谢-佩切罗夫;Oleksiy Pecherov;6;5;0;0;0;0;0;0;0;0;0;0;0;0;-25;-25;-25;18;0;0;0;0
1389;里基-皮尔斯;Ricky Pierce;6;2;0;0;0;0;0;0;0;0;0;0;0;0;-25;-25;-25;18;0;0;0;0
1390;安东尼-皮勒;Anthony Peeler;6;2;0;0;0;0;0;0;0;0;0;0;0;0;-25;-25;-25;18;0;0;0;0
1391;小斯科蒂-皮蓬;Scotty Pippen Jr.;6;1;0;0;0;0;0;0;0;0;0;0;0;0;-25;-25;-25;18;0;0;0;0
1392;德克斯特-皮特曼;Dexter Pittman;6;5;0;0;0;0;0;0;0;0;0;0;0;0;-25;-25;-25;18;0;0;0;0
1393;埃里克-皮亚考斯基;Eric Piatkowski;6;2;3;0;0;0;0;0;0;0;0;0;0;0;-25;-25;-25;18;0;0;0;0
1394;西奥-平森;Theo Pinson;6;2;3;0;0;0;0;0;0;0;0;0;0;0;-25;-25;-25;18;0;0;0;0
1395;盖尔-古德里奇;Gail Goodrich;9;2;1;0;0;0;0;0;0;0;0;0;0;0;-25;-25;-25;18;0;0;0;0
1396;迈尔斯-普拉姆利;Miles Plumlee;6;4;0;0;0;0;0;0;0;0;0;0;0;0;-25;-25;-25;18;0;0;0;0
1397;梅森-普拉姆利;Mason Plumlee;6;5;4;0;0;0;0;0;0;0;0;0;0;0;-25;-25;-25;18;0;0;0;0
1398;埃米尔-普莱德季奇;Emir Preldzic;6;3;0;0;0;0;0;0;0;0;0;0;0;0;-25;-25;-25;18;0;0;0;0
1399;马克-普莱斯;Mark Price;6;1;0;0;0;0;0;0;0;0;0;0;0;0;-25;-25;-25;18;0;0;0;0
1400;佩顿-普理查德;Payton Pritchard;7;1;0;0;0;0;0;0;0;0;0;0;0;0;-25;-25;-25;18;0;0;0;0
1401;加布-普鲁伊特;Gabe Pruitt;6;1;2;0;0;0;0;0;0;0;0;0;0;0;-25;-25;-25;18;0;0;0;0
1402;德里克-齐默曼;Derrick Zimmerman;6;2;1;0;0;0;0;0;0;0;0;0;0;0;-25;-25;-25;18;0;0;0;0
1403;保罗-齐普泽;Paul Zipser;6;2;3;0;0;0;0;0;0;0;0;0;0;0;-25;-25;-25;18;0;0;0;0
1404;皮特-奇尔卡特;Pete Chilcutt;6;4;0;0;0;0;0;0;0;0;0;0;0;0;-25;-25;-25;18;0;0;0;0
1405;肯尼迪-钱德勒;Kennedy Chandler;6;1;0;0;0;0;0;0;0;0;0;0;0;0;-25;-25;-25;18;0;0;0;0
1406;威尔森-钱德勒;Wilson Chandler;6;3;4;0;0;0;0;0;0;0;0;0;0;0;-25;-25;-25;18;0;0;0;0
1407;卡尔伯特-钱尼;Calbert Cheaney;6;2;3;0;0;0;0;0;0;0;0;0;0;0;-25;-25;-25;18;0;0;0;0
1408;杰罗姆-乔丹;Jerome Jordan;6;5;0;0;0;0;0;0;0;0;0;0;0;0;-25;-25;-25;18;0;0;0;0
1409;德文-乔治;Devean George;6;3;0;0;0;0;0;0;0;0;0;0;0;0;-25;-25;-25;18;0;0;0;0
1410;埃尔文-琼斯;Alvin Robert Lamar Jones III;6;5;0;0;0;0;0;0;0;0;0;0;0;0;-25;-25;-25;18;0;0;0;0
1411;达米安-琼斯;Damian Jones;6;5;0;0;0;0;0;0;0;0;0;0;0;0;-25;-25;-25;18;0;0;0;0
1412;邓台-琼斯;Dahntay Jones;6;2;3;0;0;0;0;0;0;0;0;0;0;0;-25;-25;-25;18;0;0;0;0
1413;多米尼克-琼斯;Dominique Jones;6;2;1;0;0;0;0;0;0;0;0;0;0;0;-25;-25;-25;18;0;0;0;0
1414;赫伯特-琼斯;Herbert Jones;8;2;3;0;0;0;0;0;0;0;0;0;0;0;-25;-25;-25;18;0;0;0;0
1415;凯-琼斯;Kai Jones;6;4;5;0;0;0;0;0;0;0;0;0;0;0;-25;-25;-25;18;0;0;0;0
1416;梅森-琼斯;Mason Jones;6;2;1;0;0;0;0;0;0;0;0;0;0;0;-25;-25;-25;18;0;0;0;0
1417;佩里-琼斯;Perry Jones;6;3;0;0;0;0;0;0;0;0;0;0;0;0;-25;-25;-25;18;0;0;0;0
1418;普奥珀耶-琼斯;Popeye Jones;6;4;0;0;0;0;0;0;0;0;0;0;0;0;-25;-25;-25;18;0;0;0;0
1419;斯宾塞-海伍德;Spencer Haywood;9;4;0;0;0;0;0;0;0;0;0;0;0;0;-25;-25;-25;18;0;0;0;0
1420;泰伦斯-琼斯;Terrence Jones;6;4;0;0;0;0;0;0;0;0;0;0;0;0;-25;-25;-25;18;0;0;0;0
1421;特雷-琼斯;Tre Jones;7;1;0;0;0;0;0;0;0;0;0;0;0;0;-25;-25;-25;18;0;0;0;0
1422;詹姆斯-琼斯;James Jones;6;3;2;0;0;0;0;0;0;0;0;0;0;0;-25;-25;-25;18;0;0;0;0
1423;利维奥-让-夏尔;Livio Jean-Charles;6;3;4;0;0;0;0;0;0;0;0;0;0;0;-25;-25;-25;18;0;0;0;0
1424;唐-瑞德;Don Reid;6;4;5;0;0;0;0;0;0;0;0;0;0;0;-25;-25;-25;18;0;0;0;0
1425;戈兰-萨顿;Goran Suton;6;5;4;0;0;0;0;0;0;0;0;0;0;0;-25;-25;-25;18;0;0;0;0
1426;约翰-萨尔蒙斯;John Salmons;6;2;0;0;0;0;0;0;0;0;0;0;0;0;-25;-25;-25;18;0;0;0;0
1427;罗伯特-萨克雷;Robert Sacre;6;5;0;0;0;0;0;0;0;0;0;0;0;0;-25;-25;-25;18;0;0;0;0
1428;贾里德-萨林杰;Jared Sullinger;6;4;0;0;0;0;0;0;0;0;0;0;0;0;-25;-25;-25;18;0;0;0;0
1429;达胡安-萨莫斯;DaJuan Summers;6;3;0;0;0;0;0;0;0;0;0;0;0;0;-25;-25;-25;18;0;0;0;0
1430;埃德蒙-萨姆纳;Edmond Sumner;6;1;2;0;0;0;0;0;0;0;0;0;0;0;-25;-25;-25;18;0;0;0;0
1431;路易-丹皮尔;Louie Dampier;8;1;2;0;0;0;0;0;0;0;0;0;0;0;-25;-25;-25;18;0;0;0;0
1432;约什-塞尔比;Josh Selby;6;1;2;0;0;0;0;0;0;0;0;0;0;0;-25;-25;-25;18;0;0;0;0
1433;罗尼-塞卡利;Rony Seikaly;6;5;0;0;0;0;0;0;0;0;0;0;0;0;-25;-25;-25;18;0;0;0;0
1434;约翰-塞利;John Salley;6;5;4;0;0;0;0;0;0;0;0;0;0;0;-25;-25;-25;18;0;0;0;0
1435;佩普-赛;Pape Sy;6;5;0;0;0;0;0;0;0;0;0;0;0;0;-25;-25;-25;18;0;0;0;0
1436;达柳斯-桑盖拉;Darius Songaila;6;4;0;0;0;0;0;0;0;0;0;0;0;0;-25;-25;-25;18;0;0;0;0
1437;贾马尔-桑普森;Jamal Sampson;6;4;5;0;0;0;0;0;0;0;0;0;0;0;-25;-25;-25;18;0;0;0;0
1438;拉尔夫-桑普森;Ralph Sampson;9;5;4;0;0;0;0;0;0;0;0;0;0;0;-25;-25;-25;18;0;0;0;0
1439;辛达里厄斯-桑韦尔;Sindarius Thornwell;6;2;3;0;0;0;0;0;0;0;0;0;0;0;-25;-25;-25;18;0;0;0;0
1440;卢卡-沙马尼奇;Luka Šamanić;6;3;4;0;0;0;0;0;0;0;0;0;0;0;-25;-25;-25;18;0;0;0;0
1441;兰德里-沙梅特;Landry Shamet;6;1;2;0;0;0;0;0;0;0;0;0;0;0;-25;-25;-25;18;0;0;0;0
1442;朱利安-尚帕尼;Julian Champagnie;7;3;0;0;0;0;0;0;0;0;0;0;0;0;-25;-25;-25;18;0;0;0;0
1443;乔丹-舍克尔;Jordan Schakel;6;2;3;0;0;0;0;0;0;0;0;0;0;0;-25;-25;-25;18;0;0;0;0
1444;德肖恩-史蒂文森;DeShawn Stevenson;6;2;3;0;0;0;0;0;0;0;0;0;0;0;-25;-25;-25;18;0;0;0;0
1445;德鲁-史密斯;Dru Smith;6;2;1;0;0;0;0;0;0;0;0;0;0;0;-25;-25;-25;18;0;0;0;0
1446;杰伦-史密斯;Jalen Smith;6;4;5;0;0;0;0;0;0;0;0;0;0;0;-25;-25;-25;18;0;0;0;0
1447;克雷格-史密斯;Craig Smith;6;3;4;0;0;0;0;0;0;0;0;0;0;0;-25;-25;-25;18;0;0;0;0
1448;拉斯-史密斯;Russ Smith;6;1;2;0;0;0;0;0;0;0;0;0;0;0;-25;-25;-25;18;0;0;0;0
1449;诺兰-史密斯;Nolan Smith;6;1;2;0;0;0;0;0;0;0;0;0;0;0;-25;-25;-25;18;0;0;0;0
1450;拉里-肯农;Larry Kenon;8;3;0;0;0;0;0;0;0;0;0;0;0;0;-25;-25;-25;18;0;0;0;0
1451;汤米-史密斯;Tommy Smith;6;4;3;0;0;0;0;0;0;0;0;0;0;0;-25;-25;-25;18;0;0;0;0
1452;托尼-史密斯;Tony Smith;6;2;0;0;0;0;0;0;0;0;0;0;0;0;-25;-25;-25;18;0;0;0;0
1453;伊斯梅尔-史密斯;Ish Smith;6;1;0;0;0;0;0;0;0;0;0;0;0;0;-25;-25;-25;18;0;0;0;0
1454;马利斯-斯贝茨;Marreese Speights;6;4;0;0;0;0;0;0;0;0;0;0;0;0;-25;-25;-25;18;0;0;0;0
1455;埃尔摩尔-斯宾塞;Elmore Spencer;6;5;0;0;0;0;0;0;0;0;0;0;0;0;-25;-25;-25;18;0;0;0;0
1456;菲尔顿-斯宾塞;Felton Spencer;6;5;0;0;0;0;0;0;0;0;0;0;0;0;-25;-25;-25;18;0;0;0;0
1457;布莱恩特-斯蒂奇;Bryant Stith;6;2;0;0;0;0;0;0;0;0;0;0;0;0;-25;-25;-25;18;0;0;0;0
1458;拉马尔-斯蒂文斯;Lamar Stevens;6;3;4;0;0;0;0;0;0;0;0;0;0;0;-25;-25;-25;18;0;0;0;0
1459;布莱恩-斯卡拉布莱恩;Brian Scalabrine;6;4;5;0;0;0;0;0;0;0;0;0;0;0;-25;-25;-25;18;0;0;0;0
1460;迈克-斯科特;Mike Scott;6;4;0;0;0;0;0;0;0;0;0;0;0;0;-25;-25;-25;18;0;0;0;0
1461;詹姆斯-塞拉斯;James Silas;8;2;0;0;0;0;0;0;0;0;0;0;0;0;-25;-25;-25;18;0;0;0;0
1462;阿伦-斯玛拉基奇;Alen Smailagic;6;4;3;0;0;0;0;0;0;0;0;0;0;0;-25;-25;-25;18;0;0;0;0
1463;托尼-斯内尔;Tony Snell;6;2;3;0;0;0;0;0;0;0;0;0;0;0;-25;-25;-25;18;0;0;0;0
1464;埃里克-斯诺;Eric Snow;6;1;0;0;0;0;0;0;0;0;0;0;0;0;-25;-25;-25;18;0;0;0;0
1465;查理-斯科特;Charlie Scott;8;1;2;0;0;0;0;0;0;0;0;0;0;0;-25;-25;-25;18;0;0;0;0
1466;蒂亚戈-斯普利特;Tiago Splitter;6;4;0;0;0;0;0;0;0;0;0;0;0;0;-25;-25;-25;18;0;0;0;0
1467;杰登-斯普林格;Jaden Springer;6;2;1;0;0;0;0;0;0;0;0;0;0;0;-25;-25;-25;18;0;0;0;0
1468;萨利姆-斯塔德迈尔;Salim Stoudamire;6;1;2;0;0;0;0;0;0;0;0;0;0;0;-25;-25;-25;18;0;0;0;0
1469;戴蒙德-斯通;Diamond Stone;6;4;5;0;0;0;0;0;0;0;0;0;0;0;-25;-25;-25;18;0;0;0;0
1470;DJ-斯图尔特;D.J. Stewart;6;2;3;0;0;0;0;0;0;0;0;0;0;0;-25;-25;-25;18;0;0;0;0
1471;贾内尔-斯托克斯;Jarnell Stokes;6;4;5;0;0;0;0;0;0;0;0;0;0;0;-25;-25;-25;18;0;0;0;0
1472;科尔-斯威德;Cole Swider;6;3;4;0;0;0;0;0;0;0;0;0;0;0;-25;-25;-25;18;0;0;0;0
1473;罗波特-斯威夫特;Robert Swift;6;5;0;0;0;0;0;0;0;0;0;0;0;0;-25;-25;-25;18;0;0;0;0
1474;沃利-斯泽比亚克;Wally Szczerbiak;6;3;0;0;0;0;0;0;0;0;0;0;0;0;-25;-25;-25;18;0;0;0;0
1475;鲍勃-苏拉;Bob Sura;6;2;1;0;0;0;0;0;0;0;0;0;0;0;-25;-25;-25;18;0;0;0;0
1476;艾尔-索顿;Al Thornton;6;3;0;0;0;0;0;0;0;0;0;0;0;0;-25;-25;-25;18;0;0;0;0
1477;扎恩-塔巴克;Zan Tabak;6;5;0;0;0;0;0;0;0;0;0;0;0;0;-25;-25;-25;18;0;0;0;0
1478;阿兰杜-塔克;Alando Tucker;6;2;0;0;0;0;0;0;0;0;0;0;0;0;-25;-25;-25;18;0;0;0;0
1479;迪克-范阿斯代尔;Dick Van Arsdale;8;2;3;0;0;0;0;0;0;0;0;0;0;0;-25;-25;-25;18;0;0;0;0
1480;沃尔特-塔瓦雷斯;Walter Tavares;6;5;0;0;0;0;0;0;0;0;0;0;0;0;-25;-25;-25;18;0;0;0;0
1481;杰弗里-泰勒;Jeffery Taylor;6;3;0;0;0;0;0;0;0;0;0;0;0;0;-25;-25;-25;18;0;0;0;0
1482;杰里米-泰勒;Jeremy Tyler;6;4;0;0;0;0;0;0;0;0;0;0;0;0;-25;-25;-25;18;0;0;0;0
1483;杰梅因-泰勒;Jermaine Taylor;6;2;0;0;0;0;0;0;0;0;0;0;0;0;-25;-25;-25;18;0;0;0;0
1484;泰瑞-泰勒;Terry Taylor;6;3;4;0;0;0;0;0;0;0;0;0;0;0;-25;-25;-25;18;0;0;0;0
1485;泰肖恩-泰勒;Tyshawn Taylor;6;1;0;0;0;0;0;0;0;0;0;0;0;0;-25;-25;-25;18;0;0;0;0
1486;杰肖恩-泰特;Jae'Sean Tate;6;3;4;0;0;0;0;0;0;0;0;0;0;0;-25;-25;-25;18;0;0;0;0
1487;泽维尔-泰晤士;Xavier Thames;6;2;0;0;0;0;0;0;0;0;0;0;0;0;-25;-25;-25;18;0;0;0;0
1488;鲁迪-汤姆贾诺维奇;Rudy Tomjanovich;8;4;3;0;0;0;0;0;0;0;0;0;0;0;-25;-25;-25;18;0;0;0;0
1489;杰森-汤普森;Jason Thompson;6;4;5;0;0;0;0;0;0;0;0;0;0;0;-25;-25;-25;18;0;0;0;0
1490;塞巴斯蒂安-特尔菲尔;Sebastian Telfair;6;1;2;0;0;0;0;0;0;0;0;0;0;0;-25;-25;-25;18;0;0;0;0
1491;罗波特-特雷勒;Robert Traylor;6;3;4;0;0;0;0;0;0;0;0;0;0;0;-25;-25;-25;18;0;0;0;0
1492;加里-特伦特;Gary Trent;6;4;3;0;0;0;0;0;0;0;0;0;0;0;-25;-25;-25;18;0;0;0;0
1493;小加里-特伦特;Gary Trent Jr.;6;2;3;0;0;0;0;0;0;0;0;0;0;0;-25;-25;-25;18;0;0;0;0
1494;杰夫-特纳;Jeff Turner;6;4;0;0;0;0;0;0;0;0;0;0;0;0;-25;-25;-25;18;0;0;0;0
1495;田卧勇太;Yuta Tabuse;6;1;2;0;0;0;0;0;0;0;0;0;0;0;-25;-25;-25;18;0;0;0;0
1496;贾马尔-廷斯利;Jamaal Tinsley;6;1;2;0;0;0;0;0;0;0;0;0;0;0;-25;-25;-25;18;0;0;0;0
1497;韦恩-恩布里;Wayne Embry;8;5;4;0;0;0;0;0;0;0;0;0;0;0;-25;-25;-25;18;0;0;0;0
1498;罗尼-图尼亚夫;Ronny Turiaf;6;5;0;0;0;0;0;0;0;0;0;0;0;0;-25;-25;-25;18;0;0;0;0
1499;以赛亚-托德;Isaiah Todd;6;4;0;0;0;0;0;0;0;0;0;0;0;0;-25;-25;-25;18;0;0;0;0
1500;马尔科-托多洛维奇;Marko Todorovic;6;5;0;0;0;0;0;0;0;0;0;0;0;0;-25;-25;-25;18;0;0;0;0
1501;JT-索尔;JT Thor;6;4;5;0;0;0;0;0;0;0;0;0;0;0;-25;-25;-25;18;0;0;0;0
1502;德肖恩-托马斯;Deshaun Thomas;6;3;4;0;0;0;0;0;0;0;0;0;0;0;-25;-25;-25;18;0;0;0;0
1503;蒂姆-托马斯;Tim Thomas;6;4;0;0;0;0;0;0;0;0;0;0;0;0;-25;-25;-25;18;0;0;0;0
1504;卡梅伦-托马斯;Cam Thomas;8;2;0;0;0;0;0;0;0;0;0;0;0;0;-25;-25;-25;18;0;0;0;0
1505;科特-托马斯;Kurt Thomas;6;4;0;0;0;0;0;0;0;0;0;0;0;0;-25;-25;-25;18;0;0;0;0
1506;马尔科姆-托马斯;Malcolm Thomas;6;4;0;0;0;0;0;0;0;0;0;0;0;0;-25;-25;-25;18;0;0;0;0
1507;泰鲁斯-托马斯;Tyrus Thomas;6;4;0;0;0;0;0;0;0;0;0;0;0;0;-25;-25;-25;18;0;0;0;0
1508;弗朗茨-瓦格纳;Franz Wagner;8;4;5;0;0;0;0;0;0;0;0;0;0;0;-25;-25;-25;18;0;0;0;0
1509;哈基姆-瓦里克;Hakim Warrick;6;4;0;0;0;0;0;0;0;0;0;0;0;0;-25;-25;-25;18;0;0;0;0
1510;诺姆-尼克松;Norm Nixon;8;1;0;0;0;0;0;0;0;0;0;0;0;0;-25;-25;-25;18;0;0;0;0
1511;贾维斯-瓦纳多;Jarvis Varnado;6;4;0;0;0;0;0;0;0;0;0;0;0;0;-25;-25;-25;18;0;0;0;0
1512;德文-瓦塞尔;Devin Vassell;8;2;3;0;0;0;0;0;0;0;0;0;0;0;-25;-25;-25;18;0;0;0;0
1513;格雷维斯-瓦斯奎兹;Greivis Vásquez;6;1;0;0;0;0;0;0;0;0;0;0;0;0;-25;-25;-25;18;0;0;0;0
1514;CJ-威尔考克斯;C.J.Wilcox;6;2;3;0;0;0;0;0;0;0;0;0;0;0;-25;-25;-25;18;0;0;0;0
1515;贾马尔-威尔克斯;Jamaal Wilkes;6;3;4;0;0;0;0;0;0;0;0;0;0;0;-25;-25;-25;18;0;0;0;0
1516;迈克-威尔克斯;Mike Wilks;6;1;0;0;0;0;0;0;0;0;0;0;0;0;-25;-25;-25;18;0;0;0;0
1517;DJ-威尔森;D.J. Wilson;6;4;3;0;0;0;0;0;0;0;0;0;0;0;-25;-25;-25;18;0;0;0;0
1518;阿隆-威金斯;Aaron Wiggins;6;2;3;0;0;0;0;0;0;0;0;0;0;0;-25;-25;-25;18;0;0;0;0
1519;阿隆德斯-威廉姆斯;Alondes Williams;6;1;2;0;0;0;0;0;0;0;0;0;0;0;-25;-25;-25;18;0;0;0;0
1520;埃里克-威廉姆斯;Eric Williams;6;3;2;0;0;0;0;0;0;0;0;0;0;0;-25;-25;-25;18;0;0;0;0
1521;埃利奥特-威廉姆斯;Elliot Williams;6;2;0;0;0;0;0;0;0;0;0;0;0;0;-25;-25;-25;18;0;0;0;0
1522;巴克-威廉姆斯;Buck Williams;8;4;0;0;0;0;0;0;0;0;0;0;0;0;-25;-25;-25;18;0;0;0;0
1523;格兰特-威廉姆斯;Grant Williams;6;4;3;0;0;0;0;0;0;0;0;0;0;0;-25;-25;-25;18;0;0;0;0
1524;贾森-威廉姆斯;Jayson Williams;6;5;4;0;0;0;0;0;0;0;0;0;0;0;-25;-25;-25;18;0;0;0;0
1525;杰林-威廉姆斯;Jaylin Williams;7;5;0;0;0;0;0;0;0;0;0;0;0;0;-25;-25;-25;18;0;0;0;0
1526;杰罗姆-威廉姆斯;Jerome Williams;6;4;3;0;0;0;0;0;0;0;0;0;0;0;-25;-25;-25;18;0;0;0;0
1527;胡明轩;Hu Mingxuan;7;1;0;0;0;0;0;0;0;0;0;0;0;0;-25;-25;-25;18;0;0;0;0
1528;拉塔维奥斯-威廉姆斯;Latavious Williams;6;3;0;0;0;0;0;0;0;0;0;0;0;0;-25;-25;-25;18;0;0;0;0
1529;雷吉-威廉姆斯;Reggie Williams;6;3;0;0;0;0;0;0;0;0;0;0;0;0;-25;-25;-25;18;0;0;0;0
1530;马克-威廉姆斯;Mark Williams;6;5;4;0;0;0;0;0;0;0;0;0;0;0;-25;-25;-25;18;0;0;0;0
1531;马库斯-威廉姆斯;Marcus Darrell Williams;6;2;0;0;0;0;0;0;0;0;0;0;0;0;-25;-25;-25;18;0;0;0;0
1532;马库斯-威廉姆斯;Marcus Eliot Williams;6;2;0;0;0;0;0;0;0;0;0;0;0;0;-25;-25;-25;18;0;0;0;0
1533;马文-威廉姆斯;Marvin Williams;8;4;3;0;0;0;0;0;0;0;0;0;0;0;-25;-25;-25;18;0;0;0;0
1534;泰伦斯-威廉姆斯;Terrence Williams;6;3;2;0;0;0;0;0;0;0;0;0;0;0;-25;-25;-25;18;0;0;0;0
1535;文斯-威廉姆斯;Vince Williams Jr.;7;3;0;0;0;0;0;0;0;0;0;0;0;0;-25;-25;-25;18;0;0;0;0
1536;肖恩-威廉姆斯;Shawne Williams;6;4;0;0;0;0;0;0;0;0;0;0;0;0;-25;-25;-25;18;0;0;0;0
1537;谢尔登-威廉姆斯;Shelden Williams;6;4;5;0;0;0;0;0;0;0;0;0;0;0;-25;-25;-25;18;0;0;0;0
1538;科利斯-威廉森;Corliss Williamson;6;3;4;0;0;0;0;0;0;0;0;0;0;0;-25;-25;-25;18;0;0;0;0
1539;布里安特-韦伯;Briante Weber;6;1;0;0;0;0;0;0;0;0;0;0;0;0;-25;-25;-25;18;0;0;0;0
1540;迪恩-韦德;Dean Wade;7;3;4;0;0;0;0;0;0;0;0;0;0;0;-25;-25;-25;18;0;0;0;0
1541;沃恩-韦弗;Von Wafer;6;2;3;0;0;0;0;0;0;0;0;0;0;0;-25;-25;-25;18;0;0;0;0
1542;扬-韦塞利;Jan Vesely;6;3;4;0;0;0;0;0;0;0;0;0;0;0;-25;-25;-25;18;0;0;0;0
1543;布莱克-韦斯利;Blake Wesley;6;2;0;0;0;0;0;0;0;0;0;0;0;0;-25;-25;-25;18;0;0;0;0
1544;道格-韦斯特;Doug West;6;2;3;0;0;0;0;0;0;0;0;0;0;0;-25;-25;-25;18;0;0;0;0
1545;马克-韦斯特;Mark West;6;5;0;0;0;0;0;0;0;0;0;0;0;0;-25;-25;-25;18;0;0;0;0
1546;杰夫-维希;Jeff Withey;6;5;0;0;0;0;0;0;0;0;0;0;0;0;-25;-25;-25;18;0;0;0;0
1547;迪伦-温德勒;Dylan Windler;6;3;2;0;0;0;0;0;0;0;0;0;0;0;-25;-25;-25;18;0;0;0;0
1548;比尔-温宁顿;Bill Wennington;6;5;4;0;0;0;0;0;0;0;0;0;0;0;-25;-25;-25;18;0;0;0;0
1549;卡修斯-温斯顿;Cassius Winston;6;1;0;0;0;0;0;0;0;0;0;0;0;0;-25;-25;-25;18;0;0;0;0
1550;贾斯蒂斯-温斯洛;Justise Winslow;6;3;2;0;0;0;0;0;0;0;0;0;0;0;-25;-25;-25;18;0;0;0;0
1551;德里克-沃顿;Derrick Walton Jr.;6;1;0;0;0;0;0;0;0;0;0;0;0;0;-25;-25;-25;18;0;0;0;0
1552;卢克-沃顿;Luke Walton;6;3;4;0;0;0;0;0;0;0;0;0;0;0;-25;-25;-25;18;0;0;0;0
1553;雅克-沃恩;Jacque Vaughn;6;1;2;0;0;0;0;0;0;0;0;0;0;0;-25;-25;-25;18;0;0;0;0
1554;内特-沃尔特斯;Nate Wolters;6;1;0;0;0;0;0;0;0;0;0;0;0;0;-25;-25;-25;18;0;0;0;0
1555;比尔-沃克;Bill Walker;6;2;0;0;0;0;0;0;0;0;0;0;0;0;-25;-25;-25;18;0;0;0;0
1556;萨马基-沃克;Samaki Walker;6;4;5;0;0;0;0;0;0;0;0;0;0;0;-25;-25;-25;18;0;0;0;0
1557;威利-沃伦;Willie Warren;6;2;0;0;0;0;0;0;0;0;0;0;0;0;-25;-25;-25;18;0;0;0;0
1558;布拉德-沃纳梅克;Brad Wanamaker;6;1;0;0;0;0;0;0;0;0;0;0;0;0;-25;-25;-25;18;0;0;0;0
1559;斯拉乌考-沃尼斯;Vladimir Vranes;6;5;0;0;0;0;0;0;0;0;0;0;0;0;-25;-25;-25;18;0;0;0;0
1560;迈特-沃什;Matt Walsh;6;2;0;0;0;0;0;0;0;0;0;0;0;0;-25;-25;-25;18;0;0;0;0
1561;厄尔-沃特森;Earl Watson;6;1;0;0;0;0;0;0;0;0;0;0;0;0;-25;-25;-25;18;0;0;0;0
1562;佩顿-沃特森;Peyton Watson;6;2;1;0;0;0;0;0;0;0;0;0;0;0;-25;-25;-25;18;0;0;0;0
1563;雷克斯-沃特斯;Rex Walters;6;2;1;0;0;0;0;0;0;0;0;0;0;0;-25;-25;-25;18;0;0;0;0
1564;林迪-沃特斯;Lindy Waters III;6;4;3;0;0;0;0;0;0;0;0;0;0;0;-25;-25;-25;18;0;0;0;0
1565;德瑞-西伯恩;Dereon Seabron;6;2;1;0;0;0;0;0;0;0;0;0;0;0;-25;-25;-25;18;0;0;0;0
1566;马尔科-西蒙诺维奇;Marko Simonovic;6;4;5;0;0;0;0;0;0;0;0;0;0;0;-25;-25;-25;18;0;0;0;0
1567;维恩-西米恩;Wayne Simien;6;4;0;0;0;0;0;0;0;0;0;0;0;0;-25;-25;-25;18;0;0;0;0
1568;杰里科-西姆斯;Jericho Sims;6;5;4;0;0;0;0;0;0;0;0;0;0;0;-25;-25;-25;18;0;0;0;0
1569;马尔科姆-希尔;Malcolm Hill;6;4;3;0;0;0;0;0;0;0;0;0;0;0;-25;-25;-25;18;0;0;0;0
1570;所罗门-希尔;Solomon Hill;6;2;3;0;0;0;0;0;0;0;0;0;0;0;-25;-25;-25;18;0;0;0;0
1571;特伊隆-希尔;Tyrone Hill;6;4;0;0;0;0;0;0;0;0;0;0;0;0;-25;-25;-25;18;0;0;0;0
1572;肖恩-希金斯;Sean Higgins;6;3;0;0;0;0;0;0;0;0;0;0;0;0;-25;-25;-25;18;0;0;0;0
1573;拜伦-贝克;Byron Beck;7;4;3;0;0;0;0;0;0;0;0;0;0;0;-25;-25;-25;18;0;0;0;0
1574;穆罕默德-希尼;Mouhamed Sene;6;4;0;0;0;0;0;0;0;0;0;0;0;0;-25;-25;-25;18;0;0;0;0
1575;佩顿-希瓦;Peyton Siva;6;1;0;0;0;0;0;0;0;0;0;0;0;0;-25;-25;-25;18;0;0;0;0
1576;悉尼-威克斯;Sidney Wicks;8;4;3;0;0;0;0;0;0;0;0;0;0;0;-25;-25;-25;18;0;0;0;0
1577;戴罗恩-夏普;Day'Ron Sharpe;6;4;5;0;0;0;0;0;0;0;0;0;0;0;-25;-25;-25;18;0;0;0;0
1578;布莱恩-肖;Brian Shaw;6;1;2;0;0;0;0;0;0;0;0;0;0;0;-25;-25;-25;18;0;0;0;0
1579;克里斯-辛格尔顿;Chris Singleton;6;3;4;0;0;0;0;0;0;0;0;0;0;0;-25;-25;-25;18;0;0;0;0
1580;迪克-辛普金斯;Dickey Simpkins;6;4;0;0;0;0;0;0;0;0;0;0;0;0;-25;-25;-25;18;0;0;0;0
1581;扎维尔-辛普森;Zavier Simpson;6;2;1;0;0;0;0;0;0;0;0;0;0;0;-25;-25;-25;18;0;0;0;0
1582;伊莱贾-休斯;Elijah Hughes;6;2;0;0;0;0;0;0;0;0;0;0;0;0;-25;-25;-25;18;0;0;0;0
1583;凯莱布-休斯坦;Caleb Houstan;6;3;0;0;0;0;0;0;0;0;0;0;0;0;-25;-25;-25;18;0;0;0;0
1584;盖尔雄-亚布塞莱;Guerschon Yabusele;6;4;0;0;0;0;0;0;0;0;0;0;0;0;-25;-25;-25;18;0;0;0;0
1585;哈桑-亚当斯;Hassan Adams;6;2;0;0;0;0;0;0;0;0;0;0;0;0;-25;-25;-25;18;0;0;0;0
1586;乔丹-亚当斯;Jordan Adams;6;2;0;0;0;0;0;0;0;0;0;0;0;0;-25;-25;-25;18;0;0;0;0
1587;乔-亚历山大;Joe Alexander;6;3;4;0;0;0;0;0;0;0;0;0;0;0;-25;-25;-25;18;0;0;0;0
1588;达雷尔-亚瑟;Darrell Arthur;6;4;3;0;0;0;0;0;0;0;0;0;0;0;-25;-25;-25;18;0;0;0;0
1589;萨姆-杨;Sam Young;6;3;0;0;0;0;0;0;0;0;0;0;0;0;-25;-25;-25;18;0;0;0;0
1590;詹姆斯-杨;James Young;6;2;3;0;0;0;0;0;0;0;0;0;0;0;-25;-25;-25;18;0;0;0;0
1591;德文-伊班克斯;Devin Ebanks;6;3;0;0;0;0;0;0;0;0;0;0;0;0;-25;-25;-25;18;0;0;0;0
1592;扎诸纳斯-伊尔戈斯卡斯;Zydrunas Ilgauskas;8;5;0;0;0;0;0;0;0;0;0;0;0;0;-25;-25;-25;18;0;0;0;0
1593;梅尔文-伊莱;Melvin Ely;6;5;4;0;0;0;0;0;0;0;0;0;0;0;-25;-25;-25;18;0;0;0;0
1594;塔里-伊森;Tari Eason;7;4;0;0;0;0;0;0;0;0;0;0;0;0;-25;-25;-25;18;0;0;0;0
1595;恩第-依比;Ndudi Ebi;6;4;0;0;0;0;0;0;0;0;0;0;0;0;-25;-25;-25;18;0;0;0;0
1596;达米恩-英格里斯;Damien Inglis;6;3;4;0;0;0;0;0;0;0;0;0;0;0;-25;-25;-25;18;0;0;0;0
1597;金-英格利什;Kim English;6;2;0;0;0;0;0;0;0;0;0;0;0;0;-25;-25;-25;18;0;0;0;0
1598;德鲁-尤班克斯;Drew Eubanks;6;5;4;0;0;0;0;0;0;0;0;0;0;0;-25;-25;-25;18;0;0;0;0
1599;本诺-尤德里;Beno Udrih;6;1;2;0;0;0;0;0;0;0;0;0;0;0;-25;-25;-25;18;0;0;0;0
1600;奥默-尤尔特塞文;Omer Yurtseven;6;5;0;0;0;0;0;0;0;0;0;0;0;0;-25;-25;-25;18;0;0;0;0
1601;泰勒-尤利斯;Tyler Ulis;6;1;0;0;0;0;0;0;0;0;0;0;0;0;-25;-25;-25;18;0;0;0;0
1602;阿利兹-约翰逊;Alize Johnson;6;3;2;0;0;0;0;0;0;0;0;0;0;0;-25;-25;-25;18;0;0;0;0
1603;阿蒙-约翰逊;Armon Johnson;6;2;1;0;0;0;0;0;0;0;0;0;0;0;-25;-25;-25;18;0;0;0;0
1604;阿米尔-约翰逊;Amir Johnson;6;4;3;0;0;0;0;0;0;0;0;0;0;0;-25;-25;-25;18;0;0;0;0
1605;埃迪-约翰逊;Eddie Johnson;6;3;0;0;0;0;0;0;0;0;0;0;0;0;-25;-25;-25;18;0;0;0;0
1606;杰罗姆-科尔西;Jerome Kersey;7;3;4;0;0;0;0;0;0;0;0;0;0;0;-25;-25;-25;18;0;0;0;0
1607;安东尼-约翰逊;Anthony Johnson;6;1;2;0;0;0;0;0;0;0;0;0;0;0;-25;-25;-25;18;0;0;0;0
1608;奥兰多-约翰逊;Orlando Vincent Johnson;6;2;0;0;0;0;0;0;0;0;0;0;0;0;-25;-25;-25;18;0;0;0;0
1609;布莱斯-约翰逊;Brice Johnson;6;4;0;0;0;0;0;0;0;0;0;0;0;0;-25;-25;-25;18;0;0;0;0
1610;丹尼斯-约翰逊;Dennis Johnson;6;1;2;0;0;0;0;0;0;0;0;0;0;0;-25;-25;-25;18;0;0;0;0
1611;德马尔-约翰逊;DerMarr Johnson;6;2;0;0;0;0;0;0;0;0;0;0;0;0;-25;-25;-25;18;0;0;0;0
1612;基恩-约翰逊;Keon Johnson;6;2;3;0;0;0;0;0;0;0;0;0;0;0;-25;-25;-25;18;0;0;0;0
1613;贾胡安-约翰逊;JaJuan Johnson;6;4;0;0;0;0;0;0;0;0;0;0;0;0;-25;-25;-25;18;0;0;0;0
1614;杰伦-约翰逊;Jalen Johnson;9;4;3;0;0;0;0;0;0;0;0;0;0;0;-25;-25;-25;18;0;0;0;0
1615;杰夫-皮特里;Geoff Petrie;7;2;1;0;0;0;0;0;0;0;0;0;0;0;-25;-25;-25;18;0;0;0;0
1616;尼克-约翰逊;Nick Johnson;6;1;0;0;0;0;0;0;0;0;0;0;0;0;-25;-25;-25;18;0;0;0;0
1617;斯坦利-约翰逊;Stanley Johnson;6;3;0;0;0;0;0;0;0;0;0;0;0;0;-25;-25;-25;18;0;0;203;95
1618;詹姆斯-约翰逊;James Johnson;6;3;4;0;0;0;0;0;0;0;0;0;0;0;-25;-25;-25;18;0;0;0;0
1619;林顿-约翰逊三世;Linton Johnson;6;4;3;0;0;0;0;0;0;0;0;0;0;0;-25;-25;-25;18;0;0;0;0
1620;科里-约瑟夫;Cory Joseph;7;1;2;0;0;0;0;0;0;0;0;0;0;0;-25;-25;-25;18;0;0;0;0
1621;克里斯-约瑟夫;Kris Joseph;6;3;0;0;0;0;0;0;0;0;0;0;0;0;-25;-25;-25;18;0;0;0;0
1622;尼古拉-约维奇;Nikola Jovic;6;3;0;0;0;0;0;0;0;0;0;0;0;0;-25;-25;-25;18;0;0;0;0
1623;科迪-泽勒;Cody Zeller;6;5;4;0;0;0;0;0;0;0;0;0;0;0;-25;-25;-25;18;0;0;0;0
1624;泰勒-泽勒;Tyler Zeller;6;5;4;0;0;0;0;0;0;0;0;0;0;0;-25;-25;-25;18;0;0;0;0
1625;拉德-扎戈拉茨;Rade Zagorac;6;2;3;0;0;0;0;0;0;0;0;0;0;0;-25;-25;-25;18;0;0;0;0
1626;查尔斯-詹金斯;Charles Jenkins;6;1;0;0;0;0;0;0;0;0;0;0;0;0;-25;-25;-25;18;0;0;0;0
1627;约翰-詹金斯;John Jenkins;6;2;0;0;0;0;0;0;0;0;0;0;0;0;-25;-25;-25;18;0;0;0;0
1628;伯纳德-詹姆斯;Bernard James;6;5;0;0;0;0;0;0;0;0;0;0;0;0;-25;-25;-25;18;0;0;0;0
1629;达迈-詹姆斯;Damion James;6;3;0;0;0;0;0;0;0;0;0;0;0;0;-25;-25;-25;18;0;0;0;0
1630;蒂姆-詹姆斯;Tim James;6;3;0;0;0;0;0;0;0;0;0;0;0;0;-25;-25;-25;18;0;0;0;0
1631;杰罗姆-詹姆斯;Jerome James;6;5;0;0;0;0;0;0;0;0;0;0;0;0;-25;-25;-25;18;0;0;0;0
1632;迈克-詹姆斯;Michael Perry James;6;1;0;0;0;0;0;0;0;0;0;0;0;0;-25;-25;-25;18;0;0;0;0
1633;迈克-詹姆斯;Michael Lamont James;6;1;0;0;0;0;0;0;0;0;0;0;0;0;-25;-25;-25;18;0;0;0;0
1634;约翰尼-朱赞;Johnny Juzang;6;3;0;0;0;0;0;0;0;0;0;0;0;0;-25;-25;-25;18;0;0;0;0
1635;塔里克-阿卜杜-瓦哈德;Tariq Abdul-Wahad;5;3;0;0;0;0;0;0;0;0;0;0;0;0;-25;-25;-25;18;0;0;0;0
1636;福坎-阿德米尔;Furkan Aldemir;5;4;0;0;0;0;0;0;0;0;0;0;0;0;-25;-25;-25;18;0;0;0;0
1637;莫里斯-阿尔蒙德;Morris Almond;5;2;3;0;0;0;0;0;0;0;0;0;0;0;-25;-25;-25;18;0;0;0;0
1638;德里克-阿尔斯通;Derrick Alston;5;4;5;0;0;0;0;0;0;0;0;0;0;0;-25;-25;-25;18;0;0;0;0
1639;迪米特里奥斯-阿格拉瓦尼斯;Dimitrios Agravanis;5;4;0;0;0;0;0;0;0;0;0;0;0;0;-25;-25;-25;18;0;0;0;0
1640;亚利克斯-阿克;Alex Acker;5;2;0;0;0;0;0;0;0;0;0;0;0;0;-25;-25;-25;18;0;0;0;0
1641;杰罗米-阿伦;Jerome Allen;5;1;0;0;0;0;0;0;0;0;0;0;0;0;-25;-25;-25;18;0;0;0;0
1642;卡迪姆-阿伦;Kadeem Allen;5;2;3;0;0;0;0;0;0;0;0;0;0;0;-25;-25;-25;18;0;0;0;0
1643;凯-索托;Kai Sotto;5;5;0;0;0;0;0;0;0;0;0;0;0;0;-25;-25;-25;18;0;0;0;0
1644;阿沙夫-阿玛亚;Ashraf Amaya;5;4;0;0;0;0;0;0;0;0;0;0;0;0;-25;-25;-25;18;0;0;0;0
1645;伊凯-阿尼博古;Ike Anigbogu;5;5;4;0;0;0;0;0;0;0;0;0;0;0;-25;-25;-25;18;0;0;0;0
1646;乔尔-阿亚伊;Joel Ayayi;5;2;1;0;0;0;0;0;0;0;0;0;0;0;-25;-25;-25;18;0;0;0;0
1647;凯兰纳-阿祖布克;Kelenna Azubuike;5;2;0;0;0;0;0;0;0;0;0;0;0;0;-25;-25;-25;18;0;0;0;0
1648;德万-埃尔南德斯;Dewan Hernandez;5;5;4;0;0;0;0;0;0;0;0;0;0;0;-25;-25;-25;18;0;0;0;0
1649;卡尔-埃雷拉;Carl Herrera;5;4;5;0;0;0;0;0;0;0;0;0;0;0;-25;-25;-25;18;0;0;0;0
1650;马库斯-埃里克森;Marcus Eriksson;5;2;0;0;0;0;0;0;0;0;0;0;0;0;-25;-25;-25;18;0;0;0;0
1651;佩维斯-埃里森;Pervis Ellison;5;4;5;0;0;0;0;0;0;0;0;0;0;0;-25;-25;-25;18;0;0;0;0
1652;亨利-埃伦森;Henry Ellenson;5;4;0;0;0;0;0;0;0;0;0;0;0;0;-25;-25;-25;18;0;0;0;0
1653;秦纳穆鲁-埃罗努;Chinemelu Elonu;5;4;0;0;0;0;0;0;0;0;0;0;0;0;-25;-25;-25;18;0;0;0;0
1654;埃文-埃施迈耶;Evan Eschmeyer;5;5;0;0;0;0;0;0;0;0;0;0;0;0;-25;-25;-25;18;0;0;0;0
1655;布莱恩-埃文斯;Brian Evans;5;3;0;0;0;0;0;0;0;0;0;0;0;0;-25;-25;-25;18;0;0;0;0
1656;贾旺-埃文斯;Jawun Evans;5;1;0;0;0;0;0;0;0;0;0;0;0;0;-25;-25;-25;18;0;0;0;0
1657;雅各布-埃文斯;Jacob Evans;5;2;3;0;0;0;0;0;0;0;0;0;0;0;-25;-25;-25;18;0;0;0;0
1658;安东尼-埃文特;Anthony Avent;5;4;0;0;0;0;0;0;0;0;0;0;0;0;-25;-25;-25;18;0;0;0;0
1659;特尤斯-艾德尼;Tyus Edney;5;1;0;0;0;0;0;0;0;0;0;0;0;0;-25;-25;-25;18;0;0;0;0
1660;克里斯蒂安-艾恩加;Christian Eyenga;5;3;0;0;0;0;0;0;0;0;0;0;0;0;-25;-25;-25;18;0;0;0;0
1661;赛米-艾尔登;Semih Erden;5;5;0;0;0;0;0;0;0;0;0;0;0;0;-25;-25;-25;18;0;0;0;0
1662;威廉-艾弗里;William Avery;5;1;0;0;0;0;0;0;0;0;0;0;0;0;-25;-25;-25;18;0;0;0;0
1663;莫里斯-艾格;Maurice Ager;5;2;1;0;0;0;0;0;0;0;0;0;0;0;-25;-25;-25;18;0;0;0;0
1664;奥比纳-艾克奇;Obinna Ekezie;5;4;5;0;0;0;0;0;0;0;0;0;0;0;-25;-25;-25;18;0;0;0;0
1665;CJ-艾勒比;CJ Elleby;5;3;4;0;0;0;0;0;0;0;0;0;0;0;-25;-25;-25;18;0;0;0;0
1666;勒罗恩-艾利斯;LeRon Ellis;5;5;4;0;0;0;0;0;0;0;0;0;0;0;-25;-25;-25;18;0;0;0;0
1667;文森特-艾斯丘;Vincent Askew;5;3;2;0;0;0;0;0;0;0;0;0;0;0;-25;-25;-25;18;0;0;0;0
1668;韦斯利-艾旺杜;Wesley Iwundu;5;2;3;0;0;0;0;0;0;0;0;0;0;0;-25;-25;-25;18;0;0;0;0
1669;布鲁-爱德华兹;Blue Edwards;5;2;0;0;0;0;0;0;0;0;0;0;0;0;-25;-25;-25;18;0;0;0;0
1670;道格-爱德华兹;Douglas Edwards;5;3;0;0;0;0;0;0;0;0;0;0;0;0;-25;-25;-25;18;0;0;0;0
1671;卡森-爱德华兹;Carsen Edwards;5;2;1;0;0;0;0;0;0;0;0;0;0;0;-25;-25;-25;18;0;0;0;0
1672;考斯利-爱德华兹;Corsley Edwards;5;3;4;0;0;0;0;0;0;0;0;0;0;0;-25;-25;-25;18;0;0;0;0
1673;文森特-爱德华兹;Vince Edwards;5;3;0;0;0;0;0;0;0;0;0;0;0;0;-25;-25;-25;18;0;0;0;0
1674;詹姆斯-爱德华兹;James Edwards;5;5;0;0;0;0;0;0;0;0;0;0;0;0;-25;-25;-25;18;0;0;0;0
1675;拉菲尔-爱迪生;Rafael Addison;5;3;4;0;0;0;0;0;0;0;0;0;0;0;-25;-25;-25;18;0;0;0;0
1676;格雷格-安德森;Greg Anderson;5;5;0;0;0;0;0;0;0;0;0;0;0;0;-25;-25;-25;18;0;0;0;0
1677;威利-安德森;Willie Anderson;5;3;2;0;0;0;0;0;0;0;0;0;0;0;-25;-25;-25;18;0;0;0;0
1678;詹姆斯-安德森;James Anderson;5;3;2;0;0;0;0;0;0;0;0;0;0;0;-25;-25;-25;18;0;0;0;0
1679;克里斯-安斯蒂;Chris Anstey;5;5;0;0;0;0;0;0;0;0;0;0;0;0;-25;-25;-25;18;0;0;0;0
1680;热利科-奥布拉多维奇;Željko Obradović;5;1;2;0;0;0;0;0;0;0;0;0;0;0;-25;-25;-25;18;0;0;0;0
1681;奥拉迈德-奥德杰;Olumide Oyedeji;5;4;5;0;0;0;0;0;0;0;0;0;0;0;-25;-25;-25;18;0;0;0;0
1682;谢米-奥杰莱;Semi Ojeleye;5;4;5;0;0;0;0;0;0;0;0;0;0;0;-25;-25;-25;18;0;0;0;0
1683;埃利-奥科博;Elie Okobo;5;2;3;0;0;0;0;0;0;0;0;0;0;0;-25;-25;-25;18;0;0;0;0
1684;米耶-奥尼;Miye Oni;5;2;1;0;0;0;0;0;0;0;0;0;0;0;-25;-25;-25;18;0;0;0;0
1685;谢里夫-奥尼尔;Shareef O'Neal;5;4;0;0;0;0;0;0;0;0;0;0;0;0;-25;-25;-25;18;0;0;0;0
1686;马里奥-奥斯汀;Mario Austin;5;4;5;0;0;0;0;0;0;0;0;0;0;0;-25;-25;-25;18;0;0;0;0
1687;博-奥特洛;Bo Outlaw;5;4;3;0;0;0;0;0;0;0;0;0;0;0;-25;-25;-25;18;0;0;0;0
1688;丹尼尔-奥图鲁;Daniel Oturu;5;5;4;0;0;0;0;0;0;0;0;0;0;0;-25;-25;-25;18;0;0;0;0
1689;马里克-巴蒂安;Malick Badiane;5;4;5;0;0;0;0;0;0;0;0;0;0;0;-25;-25;-25;18;0;0;0;0
1690;戴利波尔-巴格里奇;Dalibor Bagaric;5;5;0;0;0;0;0;0;0;0;0;0;0;0;-25;-25;-25;18;0;0;0;0
1691;埃里克-巴克利;Erick Barkley;5;1;0;0;0;0;0;0;0;0;0;0;0;0;-25;-25;-25;18;0;0;0;0
1692;格雷格-巴克纳;Greg Buckner;5;2;0;0;0;0;0;0;0;0;0;0;0;0;-25;-25;-25;18;0;0;0;0
1693;郎尼-巴克斯特;Lonny Baxter;5;3;0;0;0;0;0;0;0;0;0;0;0;0;-25;-25;-25;18;0;0;0;0
1694;琼-巴里;Jon Barry;5;2;0;0;0;0;0;0;0;0;0;0;0;0;-25;-25;-25;18;0;0;0;0
1695;马希奥-巴斯顿;Maceo Baston;5;4;0;0;0;0;0;0;0;0;0;0;0;0;-25;-25;-25;18;0;0;0;0
1696;贾里德-巴特勒;Jared Butler;5;1;2;0;0;0;0;0;0;0;0;0;0;0;-25;-25;-25;18;0;0;0;0
1697;拉素尔-巴特勒;Rasual Butler;5;2;3;0;0;0;0;0;0;0;0;0;0;0;-25;-25;-25;18;0;0;0;0
1698;米切尔-巴特勒;Mitchell Butler;5;2;3;0;0;0;0;0;0;0;0;0;0;0;-25;-25;-25;18;0;0;0;0
1699;查尔斯-巴锡;Charles Bassey;6;4;5;0;0;0;0;0;0;0;0;0;0;0;-25;-25;-25;18;0;0;0;0
1700;马里奥-班尼特;Mario Bennett;5;4;3;0;0;0;0;0;0;0;0;0;0;0;-25;-25;-25;18;0;0;0;0
1701;大卫-班诺特;David Benoit;5;3;0;0;0;0;0;0;0;0;0;0;0;0;-25;-25;-25;18;0;0;0;0
1702;胡安-包莱特;Juan Vaulet;5;3;0;0;0;0;0;0;0;0;0;0;0;0;-25;-25;-25;18;0;0;0;0
1703;布赖恩-鲍恩二世;Brian Bowen II;5;3;2;0;0;0;0;0;0;0;0;0;0;0;-25;-25;-25;18;0;0;0;0
1704;迈尔斯-鲍威尔;Myles Powell;5;1;2;0;0;0;0;0;0;0;0;0;0;0;-25;-25;-25;18;0;0;0;0
1705;朱安-贝加林;Juhann Begarin;5;1;2;0;0;0;0;0;0;0;0;0;0;0;-25;-25;-25;18;0;0;0;0
1706;米罗斯拉夫-贝里奇;Miroslav Berić;5;2;0;0;0;0;0;0;0;0;0;0;0;0;-25;-25;-25;18;0;0;0;0
1707;迈克尔-贝纳杰;Michael Gbinije;5;3;0;0;0;0;0;0;0;0;0;0;0;0;-25;-25;-25;18;0;0;0;0
1708;雨果-贝松;Hugo Besson;5;1;2;0;0;0;0;0;0;0;0;0;0;0;-25;-25;-25;18;0;0;0;0
1709;萨尼-贝西洛维奇;Sani Bečirovič;5;2;1;0;0;0;0;0;0;0;0;0;0;0;-25;-25;-25;18;0;0;0;0
1710;德里克-贝耶斯;Derrick Byars;5;3;0;0;0;0;0;0;0;0;0;0;0;0;-25;-25;-25;18;0;0;0;0
1711;乔纳森-本德;Jonathan Bender;5;4;0;0;0;0;0;0;0;0;0;0;0;0;-25;-25;-25;18;0;0;0;0
1712;本-本蒂尔;Ben Bentil;5;4;0;0;0;0;0;0;0;0;0;0;0;0;-25;-25;-25;18;0;0;0;0
1713;贝诺特-本杰明;Benoit Benjamin;5;5;0;0;0;0;0;0;0;0;0;0;0;0;-25;-25;-25;18;0;0;0;0
1714;科里-本杰明;Corey Benjamin;5;2;0;0;0;0;0;0;0;0;0;0;0;0;-25;-25;-25;18;0;0;0;0
1715;埃尔摩尔-本内特;Elmer Bennett;5;1;0;0;0;0;0;0;0;0;0;0;0;0;-25;-25;-25;18;0;0;0;0
1716;菲利普-彼得鲁塞夫;Filip Petrusev;5;5;4;0;0;0;0;0;0;0;0;0;0;0;-25;-25;-25;18;0;0;0;0
1717;扎克-伊迪;Zach Edey;7;5;0;0;0;0;0;0;0;0;0;0;0;0;-25;-25;-25;18;0;0;0;0
1718;马克-波普;Mark Pope;5;4;0;0;0;0;0;0;0;0;0;0;0;0;-25;-25;-25;18;0;0;0;0
1719;布兰登-波士顿;Brandon Boston;6;2;3;0;0;0;0;0;0;0;0;0;0;0;-25;-25;-25;18;0;0;0;0
1720;克里斯-波特;Chris Porter;5;4;0;0;0;0;0;0;0;0;0;0;0;0;-25;-25;-25;18;0;0;0;0
1721;琼泰-波特;Jontay Porter;5;5;4;0;0;0;0;0;0;0;0;0;0;0;-25;-25;-25;18;0;0;0;0
1722;詹姆斯-波西;James Posey;5;3;2;0;0;0;0;0;0;0;0;0;0;0;-25;-25;-25;18;0;0;0;0
1723;贾巴里-伯德;Jabari Bird;5;2;0;0;0;0;0;0;0;0;0;0;0;0;-25;-25;-25;18;0;0;0;0
1724;德翁特-伯顿;Deonte Burton;5;2;3;0;0;0;0;0;0;0;0;0;0;0;-25;-25;-25;18;0;0;0;0
1725;朱尼奥-伯勒;Junior Burrough;5;4;0;0;0;0;0;0;0;0;0;0;0;0;-25;-25;-25;18;0;0;0;0
1726;乔丹-博恩;Jordan Bone;5;2;1;0;0;0;0;0;0;0;0;0;0;0;-25;-25;-25;18;0;0;0;0
1727;马奎斯-博尔登;Marques Bolden;5;5;4;0;0;0;0;0;0;0;0;0;0;0;-25;-25;-25;18;0;0;0;0
1728;唐尼-博伊斯;Donnie Boyce;5;2;0;0;0;0;0;0;0;0;0;0;0;0;-25;-25;-25;18;0;0;0;0
1729;罗德尼-布福德;Rodney Buford;5;2;3;0;0;0;0;0;0;0;0;0;0;0;-25;-25;-25;18;0;0;0;0
1730;托尼-布拉德利;Tony Bradley;5;5;4;0;0;0;0;0;0;0;0;0;0;0;-25;-25;-25;18;0;0;0;0
1731;马奎斯-布拉格;Marques Bragg;5;4;0;0;0;0;0;0;0;0;0;0;0;0;-25;-25;-25;18;0;0;0;0
1732;特雷-布拉格斯;Torraye Braggs;5;3;0;0;0;0;0;0;0;0;0;0;0;0;-25;-25;-25;18;0;0;0;0
1733;AJ-布拉姆莱特;A.J. Bramlett;5;5;0;0;0;0;0;0;0;0;0;0;0;0;-25;-25;-25;18;0;0;0;0
1734;伊格纳斯-布拉兹代基斯;Ignas Brazdeikis;5;3;0;0;0;0;0;0;0;0;0;0;0;0;-25;-25;-25;18;0;0;0;0
1735;马克-布莱恩特;Mark Bryant;5;4;0;0;0;0;0;0;0;0;0;0;0;0;-25;-25;-25;18;0;0;0;0
1736;约瑟夫-布莱尔;Joseph Blair;5;5;0;0;0;0;0;0;0;0;0;0;0;0;-25;-25;-25;18;0;0;0;0
1737;凯尔金-布莱文斯;Keljin Blevins;5;2;1;0;0;0;0;0;0;0;0;0;0;0;-25;-25;-25;18;0;0;0;0
1738;贾雷尔-布兰特利;Jarrell Brantley;5;4;0;0;0;0;0;0;0;0;0;0;0;0;-25;-25;-25;18;0;0;0;0
1739;布鲁斯-布朗;Bruce Brown;7;2;3;0;0;0;0;0;0;0;0;0;0;0;-25;-25;-25;18;0;0;0;0
1740;查理-布朗;Charlie Brown;5;2;1;0;0;0;0;0;0;0;0;0;0;0;-25;-25;-25;18;0;0;0;0
1741;昌迪-布朗;Chaundee Brown Jr.;5;2;3;0;0;0;0;0;0;0;0;0;0;0;-25;-25;-25;18;0;0;0;0
1742;德汉-布朗;Denham BROWN;5;2;1;0;0;0;0;0;0;0;0;0;0;0;-25;-25;-25;18;0;0;0;0
1743;厄内斯特-布朗;Ernest Brown;5;5;0;0;0;0;0;0;0;0;0;0;0;0;-25;-25;-25;18;0;0;0;0
1744;兰迪-布朗;Randy Brown;5;2;1;0;0;0;0;0;0;0;0;0;0;0;-25;-25;-25;18;0;0;0;0
1745;科里-布朗特;Corie Blount;5;4;0;0;0;0;0;0;0;0;0;0;0;0;-25;-25;-25;18;0;0;0;0
1746;弗兰克-布里克考斯基;Frank Brickowski;5;5;4;0;0;0;0;0;0;0;0;0;0;0;-25;-25;-25;18;0;0;0;0
1747;贾米森-布鲁尔;Jamison Brewer;5;1;2;0;0;0;0;0;0;0;0;0;0;0;-25;-25;-25;18;0;0;0;0
1748;杰朗-布洛瑟盖姆;Jaron Blossomgame;5;3;2;0;0;0;0;0;0;0;0;0;0;0;-25;-25;-25;18;0;0;0;0
1749;卡尔文-布斯;Calvin Booth;5;5;0;0;0;0;0;0;0;0;0;0;0;0;-25;-25;-25;18;0;0;0;0
1750;兰多夫-柴尔德里斯;Randolph Childress;5;1;0;0;0;0;0;0;0;0;0;0;0;0;-25;-25;-25;18;0;0;0;0
1751;约什-柴尔德里斯;Josh Childress;5;2;3;0;0;0;0;0;0;0;0;0;0;0;-25;-25;-25;18;0;0;0;0
1752;拉斯特考-茨维特科维奇;Rastko Cvetkovic;5;5;0;0;0;0;0;0;0;0;0;0;0;0;-25;-25;-25;18;0;0;0;0
1753;凯文-达克沃斯;Kevin Duckworth;5;5;0;0;0;0;0;0;0;0;0;0;0;0;-25;-25;-25;18;0;0;0;0
1754;内特-达林;Nate Darling;5;1;2;0;0;0;0;0;0;0;0;0;0;0;-25;-25;-25;18;0;0;0;0
1755;茵卡-戴尔;Yinka Dare;5;5;0;0;0;0;0;0;0;0;0;0;0;0;-25;-25;-25;18;0;0;0;0
1756;加布里埃尔-戴克;Gabriel Deck;5;3;0;0;0;0;0;0;0;0;0;0;0;0;-25;-25;-25;18;0;0;0;0
1757;JD-戴维森;JD Davison;6;1;0;0;0;0;0;0;0;0;0;0;0;0;-25;-25;-25;18;0;0;0;0
1758;本-戴维斯;Ben Davis;5;4;3;0;0;0;0;0;0;0;0;0;0;0;-25;-25;-25;18;0;0;0;0
1759;马克-戴维斯;Mark Davis;5;3;0;0;0;0;0;0;0;0;0;0;0;0;-25;-25;-25;18;0;0;0;0
1760;特里-戴维斯;Terry Davis;5;4;5;0;0;0;0;0;0;0;0;0;0;0;-25;-25;-25;18;0;0;0;0
1761;约翰尼-戴维斯;Johnny Davis;5;2;0;0;0;0;0;0;0;0;0;0;0;0;-25;-25;-25;18;0;0;0;0
1762;马库斯-丹蒙;Marcus Denmon;5;2;0;0;0;0;0;0;0;0;0;0;0;0;-25;-25;-25;18;0;0;0;0
1763;安东尼奥-丹尼尔斯;Antonio Daniels;5;2;0;0;0;0;0;0;0;0;0;0;0;0;-25;-25;-25;18;0;0;0;0
1764;杰夫-道丁;Jeff Dowtin;5;2;3;0;0;0;0;0;0;0;0;0;0;0;-25;-25;-25;18;0;0;0;0
1765;布兰登-道森;Branden Dawson;5;3;0;0;0;0;0;0;0;0;0;0;0;0;-25;-25;-25;18;0;0;0;0
1766;特里-德埃;Terry Dehere;5;2;1;0;0;0;0;0;0;0;0;0;0;0;-25;-25;-25;18;0;0;0;0
1767;卡洛斯-德尔菲诺;Carlos Delfino;5;2;1;0;0;0;0;0;0;0;0;0;0;0;-25;-25;-25;18;0;0;0;0
1768;安德鲁-德克勒克;Andrew DeClercq;5;5;4;0;0;0;0;0;0;0;0;0;0;0;-25;-25;-25;18;0;0;0;0
1769;塔迪加-德兰吉塞维奇;Tadija-Dragicevic;5;4;3;0;0;0;0;0;0;0;0;0;0;0;-25;-25;-25;18;0;0;0;0
1770;布雷斯-德鲁;Bryce Drew;5;1;2;0;0;0;0;0;0;0;0;0;0;0;-25;-25;-25;18;0;0;0;0
1771;陆文博;Lu Wenbo;6;2;3;0;0;0;0;0;0;0;0;0;0;0;-25;-25;-25;18;0;0;0;0
1772;德萨盖纳-迪奥普;DeSagana Diop;5;5;0;0;0;0;0;0;0;0;0;0;0;0;-25;-25;-25;18;0;0;0;0
1773;哈利法-迪奥普;Khalifa Diop;5;4;5;0;0;0;0;0;0;0;0;0;0;0;-25;-25;-25;18;0;0;0;0
1774;丹-迪考;Dan Dickau;5;1;2;0;0;0;0;0;0;0;0;0;0;0;-25;-25;-25;18;0;0;0;0
1775;胡安-迪克森;Juan Dixon;5;2;1;0;0;0;0;0;0;0;0;0;0;0;-25;-25;-25;18;0;0;0;0
1776;迈克尔-迪克森;Michael Dickerson;5;2;3;0;0;0;0;0;0;0;0;0;0;0;-25;-25;-25;18;0;0;0;0
1777;莫马蒂-迪亚基特;Mamadi Diakite;5;3;4;0;0;0;0;0;0;0;0;0;0;0;-25;-25;-25;18;0;0;0;0
1778;谢赫-迪亚洛;Cheick Diallo;5;4;5;0;0;0;0;0;0;0;0;0;0;0;-25;-25;-25;18;0;0;0;0
1779;伊泽特-蒂尔克耶尔马兹;Izzet Turkyilmaz;5;5;0;0;0;0;0;0;0;0;0;0;0;0;-25;-25;-25;18;0;0;0;0
1780;理查德-杜马斯;Richard Dumas;5;3;0;0;0;0;0;0;0;0;0;0;0;0;-25;-25;-25;18;0;0;0;0
1781;泰勒-多尔西;Tyler Dorsey;5;1;2;0;0;0;0;0;0;0;0;0;0;0;-25;-25;-25;18;0;0;0;0
1782;贾雷斯-沃克;Jarace Walker;7;4;0;0;0;0;0;0;0;0;0;0;0;0;-25;-25;-25;18;0;0;0;0
1783;丹伊恩-多特森;Damyean Dotson;5;2;3;0;0;0;0;0;0;0;0;0;0;0;-25;-25;-25;18;0;0;0;0
1784;德文-多特森;Devon Dotson;5;1;2;0;0;0;0;0;0;0;0;0;0;0;-25;-25;-25;18;0;0;0;0
1785;阿西-厄尔;Acie Earl;5;5;0;0;0;0;0;0;0;0;0;0;0;0;-25;-25;-25;18;0;0;0;0
1786;扬尼克-恩佐萨;Yannick Nzosa;5;5;0;0;0;0;0;0;0;0;0;0;0;0;-25;-25;-25;18;0;0;0;0
1787;洛根-范德-费尔登;Logan Vander Velden;5;4;0;0;0;0;0;0;0;0;0;0;0;0;-25;-25;-25;18;0;0;0;0
1788;马特-费什;Matt Fish;5;4;0;0;0;0;0;0;0;0;0;0;0;0;-25;-25;-25;18;0;0;0;0
1789;特伦斯-弗格森;Terrance Ferguson;5;2;3;0;0;0;0;0;0;0;0;0;0;0;-25;-25;-25;18;0;0;0;0
1790;罗伯特-弗兰克斯;Robert Franks;5;4;5;0;0;0;0;0;0;0;0;0;0;0;-25;-25;-25;18;0;0;0;0
1791;托德-弗勒;Todd Fuller;5;5;0;0;0;0;0;0;0;0;0;0;0;0;-25;-25;-25;18;0;0;0;0
1792;马特-弗雷杰;Matt Freije;5;4;0;0;0;0;0;0;0;0;0;0;0;0;-25;-25;-25;18;0;0;0;0
1793;梅尔文-弗雷泽;Melvin Frazier;5;2;3;0;0;0;0;0;0;0;0;0;0;0;-25;-25;-25;18;0;0;0;0
1794;兰迪-弗耶;Randy Foye;6;2;0;0;0;0;0;0;0;0;0;0;0;0;-25;-25;-25;18;0;0;0;0
1795;安东尼-布莱克;Anthony Black;7;2;3;0;0;0;0;0;0;0;0;0;0;0;-25;-25;-25;18;0;0;0;0
1796;格雷迪-迪克;Gradey Dick;7;3;0;0;0;0;0;0;0;0;0;0;0;0;-25;-25;-25;18;0;0;0;0
1797;格雷格-福斯特;Greg Foster;5;4;5;0;0;0;0;0;0;0;0;0;0;0;-25;-25;-25;18;0;0;0;0
1798;小迈克尔-福斯特;Michael Foster Jr.;5;4;0;0;0;0;0;0;0;0;0;0;0;0;-25;-25;-25;18;0;0;0;0
1799;阿尔顿-福特;Alton Ford;5;4;3;0;0;0;0;0;0;0;0;0;0;0;-25;-25;-25;18;0;0;0;0
1800;谢雷尔-福特;Sherell Ford;5;3;2;0;0;0;0;0;0;0;0;0;0;0;-25;-25;-25;18;0;0;0;0
1801;阿多纳尔-福耶尔;Adonal Foyle;5;5;4;0;0;0;0;0;0;0;0;0;0;0;-25;-25;-25;18;0;0;0;0
1802;凯尔-盖伊;Kyle Guy;5;1;2;0;0;0;0;0;0;0;0;0;0;0;-25;-25;-25;18;0;0;0;0
1803;迈克尔-格拉贝尔;Mickael Gelabale;5;3;0;0;0;0;0;0;0;0;0;0;0;0;-25;-25;-25;18;0;0;0;0
1804;乔伊-格拉汉姆;Joey Graham;5;3;4;0;0;0;0;0;0;0;0;0;0;0;-25;-25;-25;18;0;0;0;0
1805;杰拉德-格拉斯;Gerald Glass;5;3;2;0;0;0;0;0;0;0;0;0;0;0;-25;-25;-25;18;0;0;0;0
1806;罗尼-格兰迪森;Ron Grandison;5;4;0;0;0;0;0;0;0;0;0;0;0;0;-25;-25;-25;18;0;0;0;0
1807;保罗-格兰特;Paul Grant;5;5;0;0;0;0;0;0;0;0;0;0;0;0;-25;-25;-25;18;0;0;0;0
1808;杰里安-格兰特;Jerian Grant;5;1;0;0;0;0;0;0;0;0;0;0;0;0;-25;-25;-25;18;0;0;0;0
1809;阿隆-格雷;Aaron Gray;5;5;0;0;0;0;0;0;0;0;0;0;0;0;-25;-25;-25;18;0;0;0;0
1810;艾德-格雷;Ed Gray;5;2;1;0;0;0;0;0;0;0;0;0;0;0;-25;-25;-25;18;0;0;0;0
1811;雷匡-格雷;RaiQuan Gray;5;4;5;0;0;0;0;0;0;0;0;0;0;0;-25;-25;-25;18;0;0;0;0
1812;约什-格雷;Josh Gray;5;1;2;0;0;0;0;0;0;0;0;0;0;0;-25;-25;-25;18;0;0;0;0
1813;格雷格-格雷厄姆;Greg Graham;5;2;0;0;0;0;0;0;0;0;0;0;0;0;-25;-25;-25;18;0;0;0;0
1814;埃迪-格里芬;Eddie Griffin;5;4;0;0;0;0;0;0;0;0;0;0;0;0;-25;-25;-25;18;0;0;0;0
1815;奥瑞恩-格林;Orien Greene;5;2;0;0;0;0;0;0;0;0;0;0;0;0;-25;-25;-25;18;0;0;0;0
1816;丹特-格林;Donte Greene;5;4;3;0;0;0;0;0;0;0;0;0;0;0;-25;-25;-25;18;0;0;0;0
1817;陶林-格林;Taurean Green;5;1;0;0;0;0;0;0;0;0;0;0;0;0;-25;-25;-25;18;0;0;0;0
1818;威利-格林;Willie Green;5;2;0;0;0;0;0;0;0;0;0;0;0;0;-25;-25;-25;18;0;0;0;0
1819;奥图拉斯-古戴蒂斯;Artūras Gudaitis;5;4;0;0;0;0;0;0;0;0;0;0;0;0;-25;-25;-25;18;0;0;0;0
1820;布兰登-古德温;Brandon Goodwin;5;1;2;0;0;0;0;0;0;0;0;0;0;0;-25;-25;-25;18;0;0;0;0
1821;马尔科-古杜里奇;Marko Guduric;5;2;3;0;0;0;0;0;0;0;0;0;0;0;-25;-25;-25;18;0;0;0;0
1822;莱斯特-哈德森;Lester Hudson;5;2;0;0;0;0;0;0;0;0;0;0;0;0;-25;-25;-25;18;0;0;0;0
1823;迪旺-哈丁;DeVon Hardin;5;5;0;0;0;0;0;0;0;0;0;0;0;0;-25;-25;-25;18;0;0;0;0
1824;约什-哈尔;Josh Hall;5;3;4;0;0;0;0;0;0;0;0;0;0;0;-25;-25;-25;18;0;0;0;0
1825;安德鲁-哈里森;Andrew Harrison;5;1;0;0;0;0;0;0;0;0;0;0;0;0;-25;-25;-25;18;0;0;0;0
1826;杰伦-哈里斯;Jalen Harris;5;2;3;0;0;0;0;0;0;0;0;0;0;0;-25;-25;-25;18;0;0;0;0
1827;奥塞拉-哈灵顿;Othella Harrington;5;4;5;0;0;0;0;0;0;0;0;0;0;0;-25;-25;-25;18;0;0;0;0
1828;亚当-哈鲁斯卡;Adam Haluska;5;2;0;0;0;0;0;0;0;0;0;0;0;0;-25;-25;-25;18;0;0;0;0
1829;汤姆-哈蒙德;Tom Hammonds;5;4;0;0;0;0;0;0;0;0;0;0;0;0;-25;-25;-25;18;0;0;0;0
1830;钱德勒-哈奇森;Chandler Hutchison;5;3;4;0;0;0;0;0;0;0;0;0;0;0;-25;-25;-25;18;0;0;0;0
1831;特伦顿-哈塞尔;Trenton Hassell;5;2;0;0;0;0;0;0;0;0;0;0;0;0;-25;-25;-25;18;0;0;0;0
1832;斯科特-哈斯金;Scott Haskin;5;4;0;0;0;0;0;0;0;0;0;0;0;0;-25;-25;-25;18;0;0;0;0
1833;卡利克-琼斯;Carlik Jones;5;1;0;0;0;0;0;0;0;0;0;0;0;0;-25;-25;-25;18;0;0;0;0
1834;泰勒-亨德里克斯;Taylor Hendricks;7;4;0;0;0;0;0;0;0;0;0;0;0;0;-25;-25;-25;18;0;0;0;0
1835;安东尼奥-哈维;Antonio Harvey;5;4;0;0;0;0;0;0;0;0;0;0;0;0;-25;-25;-25;18;0;0;0;0
1836;泰勒-哈维;Tyler Harvey;5;2;0;0;0;0;0;0;0;0;0;0;0;0;-25;-25;-25;18;0;0;0;0
1837;唐尼尔-哈维;Donnell Harvey;5;4;3;0;0;0;0;0;0;0;0;0;0;0;-25;-25;-25;18;0;0;0;0
1838;马里克-海尔斯顿;Malik Hairston;5;1;2;0;0;0;0;0;0;0;0;0;0;0;-25;-25;-25;18;0;0;0;0
1839;杰尔特-海明克;Geert Hammink;5;5;0;0;0;0;0;0;0;0;0;0;0;0;-25;-25;-25;18;0;0;0;0
1840;贾尔维斯-海耶斯;Jarvis Hayes;5;3;4;0;0;0;0;0;0;0;0;0;0;0;-25;-25;-25;18;0;0;0;0
1841;莱恩-汉弗雷;Ryan Humphrey;5;3;0;0;0;0;0;0;0;0;0;0;0;0;-25;-25;-25;18;0;0;0;0
1842;达雷恩-汉考克;Darrin Hancock;5;3;2;0;0;0;0;0;0;0;0;0;0;0;-25;-25;-25;18;0;0;0;0
1843;阿尔文-赫格;Alvin Heggs;5;4;0;0;0;0;0;0;0;0;0;0;0;0;-25;-25;-25;18;0;0;0;0
1844;凯文-赫维;Kevin Hervey;5;3;2;0;0;0;0;0;0;0;0;0;0;0;-25;-25;-25;18;0;0;0;0
1845;阿什顿-黑根斯;Ashton Hagans;5;2;3;0;0;0;0;0;0;0;0;0;0;0;-25;-25;-25;18;0;0;0;0
1846;马克-亨德里克森;Mark Hendrickson;5;4;3;0;0;0;0;0;0;0;0;0;0;0;-25;-25;-25;18;0;0;0;0
1847;理查德-亨德里克斯;Richard Hendrix;5;3;2;0;0;0;0;0;0;0;0;0;0;0;-25;-25;-25;18;0;0;0;0
1848;JR-樱木;J. R. Sakuragi;5;3;4;0;0;0;0;0;0;0;0;0;0;0;-25;-25;-25;18;0;0;0;0
1849;塞德里克-亨德森;Cedric Henderson;5;3;0;0;0;0;0;0;0;0;0;0;0;0;-25;-25;-25;18;0;0;0;0
1850;艾伦-亨利;Aaron Henry;5;3;4;0;0;0;0;0;0;0;0;0;0;0;-25;-25;-25;18;0;0;0;0
1851;RJ-亨特;R. J. Hunter;5;2;0;0;0;0;0;0;0;0;0;0;0;0;-25;-25;-25;18;0;0;0;0
1852;斯蒂文-亨特;Steven Hunter;5;5;0;0;0;0;0;0;0;0;0;0;0;0;-25;-25;-25;18;0;0;0;0
1853;杰-胡夫;Jay Huff;7;5;0;0;0;0;0;0;0;0;0;0;0;0;-25;-25;-25;18;0;0;0;0
1854;多诺万-威廉姆斯;Donovan Williams;6;2;0;0;0;0;0;0;0;0;0;0;0;0;-25;-25;-25;18;0;0;0;0
1855;约翰-华莱士;John Wallace;5;3;4;0;0;0;0;0;0;0;0;0;0;0;-25;-25;-25;18;0;0;0;0
1856;埃里克-华盛顿;Eric Washington;5;2;0;0;0;0;0;0;0;0;0;0;0;0;-25;-25;-25;18;0;0;0;0
1857;德隆-华盛顿;Deron Washington;5;3;2;0;0;0;0;0;0;0;0;0;0;0;-25;-25;-25;18;0;0;0;0
1858;杜安-华盛顿;Duane Washington Jr.;5;1;0;0;0;0;0;0;0;0;0;0;0;0;-25;-25;-25;18;0;0;0;0
1859;DJ-怀特;D.J. White;5;4;0;0;0;0;0;0;0;0;0;0;0;0;-25;-25;-25;18;0;0;0;0
1860;阿隆-怀特;Aaron White;5;3;4;0;0;0;0;0;0;0;0;0;0;0;-25;-25;-25;18;0;0;0;0
1861;安托万-怀特;Antoine Wright;5;2;3;0;0;0;0;0;0;0;0;0;0;0;-25;-25;-25;18;0;0;0;0
1862;布雷西-怀特;Bracey Wright;5;2;0;0;0;0;0;0;0;0;0;0;0;0;-25;-25;-25;18;0;0;0;0
1863;贾希迪-怀特;Jahadi White;5;4;5;0;0;0;0;0;0;0;0;0;0;0;-25;-25;-25;18;0;0;0;0
1864;特瑞科-怀特;Terrico White;5;2;0;0;0;0;0;0;0;0;0;0;0;0;-25;-25;-25;18;0;0;0;0
1865;泰森-惠勒;Tyson Wheeler;5;1;0;0;0;0;0;0;0;0;0;0;0;0;-25;-25;-25;18;0;0;0;0
1866;德胡安-威特;DeJuan Wheat;5;1;0;0;0;0;0;0;0;0;0;0;0;0;-25;-25;-25;18;0;0;0;0
1867;格雷格-惠廷顿;Greg Whittington;5;3;4;0;0;0;0;0;0;0;0;0;0;0;-25;-25;-25;18;0;0;0;0
1868;乔丹-霍尔;Jordan Hall;5;2;0;0;0;0;0;0;0;0;0;0;0;0;-25;-25;-25;18;0;0;0;0
1869;马库斯-霍华德;Markus Howard;5;1;0;0;0;0;0;0;0;0;0;0;0;0;-25;-25;-25;18;0;0;0;0
1870;威廉-霍华德;William Howard;5;3;2;0;0;0;0;0;0;0;0;0;0;0;-25;-25;-25;18;0;0;0;0
1871;唐纳德-霍吉;Donald Hodge;5;5;0;0;0;0;0;0;0;0;0;0;0;0;-25;-25;-25;18;0;0;0;0
1872;朱利叶斯-霍吉;Julius Hodge;5;1;2;0;0;0;0;0;0;0;0;0;0;0;-25;-25;-25;18;0;0;0;0
1873;达顿-霍姆斯;Daulton Hommes;5;4;3;0;0;0;0;0;0;0;0;0;0;0;-25;-25;-25;18;0;0;0;0
1874;泰勒-霍尼卡特;Tyler Honeycutt;5;2;3;0;0;0;0;0;0;0;0;0;0;0;-25;-25;-25;18;0;0;0;0
1875;特雷弗-基尔斯;Trevor Keels;5;2;0;0;0;0;0;0;0;0;0;0;0;0;-25;-25;-25;18;0;0;0;0
1876;兰多夫-基斯;Randolph Keys;5;3;0;0;0;0;0;0;0;0;0;0;0;0;-25;-25;-25;18;0;0;0;0
1877;JR-吉登斯;J. R. Giddens;5;2;1;0;0;0;0;0;0;0;0;0;0;0;-25;-25;-25;18;0;0;0;0
1878;雷杰-吉尔里;Reggie Geary;5;1;2;0;0;0;0;0;0;0;0;0;0;0;-25;-25;-25;18;0;0;0;0
1879;贾斯汀-刘易斯;Justin Lewis;5;4;0;0;0;0;0;0;0;0;0;0;0;0;-25;-25;-25;18;0;0;0;0
1880;弗雷迪-吉莱斯皮;Freddie Gillespie;5;4;3;0;0;0;0;0;0;0;0;0;0;0;-25;-25;-25;18;0;0;0;0
1881;戈登-吉里塞克;Gordan Giricek;5;2;0;0;0;0;0;0;0;0;0;0;0;0;-25;-25;-25;18;0;0;0;0
1882;詹姆斯-吉斯特;James Gist;5;3;2;0;0;0;0;0;0;0;0;0;0;0;-25;-25;-25;18;0;0;0;0
1883;肯尼-加蒂松;Kenny Gattison;5;4;0;0;0;0;0;0;0;0;0;0;0;0;-25;-25;-25;18;0;0;0;0
1884;马库斯-加勒特;Marcus Garrett;5;2;1;0;0;0;0;0;0;0;0;0;0;0;-25;-25;-25;18;0;0;0;0
1885;丹-加祖里奇;Dan Gadzuric;5;5;0;0;0;0;0;0;0;0;0;0;0;0;-25;-25;-25;18;0;0;0;0
1886;马科-贾里奇;Marko Jaric;5;1;0;0;0;0;0;0;0;0;0;0;0;0;-25;-25;-25;18;0;0;0;0
1887;戴洪-贾罗;DeJon Jarreau;5;1;2;0;0;0;0;0;0;0;0;0;0;0;-25;-25;-25;18;0;0;0;0
1888;贾里德-杰弗里斯;Jared Jeffries;5;4;0;0;0;0;0;0;0;0;0;0;0;0;-25;-25;-25;18;0;0;0;0
1889;克里斯-杰弗里斯;Chris Jefferies;5;2;3;0;0;0;0;0;0;0;0;0;0;0;-25;-25;-25;18;0;0;0;0
1890;达内尔-杰克逊;Darnell Jackson;5;4;0;0;0;0;0;0;0;0;0;0;0;0;-25;-25;-25;18;0;0;0;0
1891;弗兰克-杰克逊;Frank Jackson;5;1;2;0;0;0;0;0;0;0;0;0;0;0;-25;-25;-25;18;0;0;0;0
1892;贾斯汀-杰克逊;Justin Nicholas Jackson;5;4;0;0;0;0;0;0;0;0;0;0;0;0;-25;-25;-25;18;0;0;0;0
1893;格兰特-杰瑞特;Grant Jerrett;5;4;0;0;0;0;0;0;0;0;0;0;0;0;-25;-25;-25;18;0;0;0;0
1894;尤斯蒂尼扬-杰斯普;Justinian Jessup;5;1;2;0;0;0;0;0;0;0;0;0;0;0;-25;-25;-25;18;0;0;0;0
1895;内森-杰瓦伊;Nathan Jawai;5;3;4;0;0;0;0;0;0;0;0;0;0;0;-25;-25;-25;18;0;0;0;0
1896;弗兰克-金;Frankie King;5;2;1;0;0;0;0;0;0;0;0;0;0;0;-25;-25;-25;18;0;0;0;0
1897;吉米-金;Jimmy King;5;2;0;0;0;0;0;0;0;0;0;0;0;0;-25;-25;-25;18;0;0;0;0
1898;克里斯-金;Chris King;5;3;0;0;0;0;0;0;0;0;0;0;0;0;-25;-25;-25;18;0;0;0;0
1899;路易斯-金;Louis King;5;3;2;0;0;0;0;0;0;0;0;0;0;0;-25;-25;-25;18;0;0;0;0
1900;杰森-卡波诺;Jason Kapono;6;3;2;0;0;0;0;0;0;0;0;0;0;0;-25;-25;-25;18;0;0;0;0
1901;布鲁诺-卡博克洛;Bruno Caboclo;6;3;4;0;0;0;0;0;0;0;0;0;0;0;-25;-25;-25;18;0;0;0;0
1902;托尼-卡尔;Tony Carr;5;1;0;0;0;0;0;0;0;0;0;0;0;0;-25;-25;-25;18;0;0;0;0
1903;德文泰-卡考克;Devontae Cacok;5;3;4;0;0;0;0;0;0;0;0;0;0;0;-25;-25;-25;18;0;0;0;0
1904;伊坎-卡拉曼;Ilkan Karaman;5;4;0;0;0;0;0;0;0;0;0;0;0;0;-25;-25;-25;18;0;0;0;0
1905;尼克-卡拉希斯;Nick Calathes;5;2;1;0;0;0;0;0;0;0;0;0;0;0;-25;-25;-25;18;0;0;0;0
1906;谢尔盖-卡拉肖夫;Sergey Karasev;5;3;2;0;0;0;0;0;0;0;0;0;0;0;-25;-25;-25;18;0;0;0;0
1907;乔治斯-卡莱察基斯;Georgios Kalaitzakis;5;2;3;0;0;0;0;0;0;0;0;0;0;0;-25;-25;-25;18;0;0;0;0
1908;费雷德里克-卡梅里克斯;Frederico Kammerichs;5;3;0;0;0;0;0;0;0;0;0;0;0;0;-25;-25;-25;18;0;0;0;0
1909;特里-卡明斯;Terry Cummings;8;3;4;0;0;0;0;0;0;0;0;0;0;0;-25;-25;-25;18;0;0;0;0
1910;沃恩提格-卡明斯;Vonteego Cummings;5;2;1;0;0;0;0;0;0;0;0;0;0;0;-25;-25;-25;18;0;0;0;0
1911;马里奥-卡苏;Mario Kasun;5;5;0;0;0;0;0;0;0;0;0;0;0;0;-25;-25;-25;18;0;0;0;0
1912;杰文-卡特;Jevon Carter;5;1;2;0;0;0;0;0;0;0;0;0;0;0;-25;-25;-25;18;0;0;0;0
1913;凯文-卡托;Kelvin Cato;5;5;0;0;0;0;0;0;0;0;0;0;0;0;-25;-25;-25;18;0;0;0;0
1914;维克多-卡亚帕;Viktor Khryapa;5;4;0;0;0;0;0;0;0;0;0;0;0;0;-25;-25;-25;18;0;0;0;0
1915;德文-坎纳迪;Devin Cannady;5;2;1;0;0;0;0;0;0;0;0;0;0;0;-25;-25;-25;18;0;0;0;0
1916;马蒂-康伦;Marty Conlon;5;4;0;0;0;0;0;0;0;0;0;0;0;0;-25;-25;-25;18;0;0;0;0
1917;萨沙-考恩;Sasha Kaun;5;5;0;0;0;0;0;0;0;0;0;0;0;0;-25;-25;-25;18;0;0;0;0
1918;杜恩-考斯威尔;Duane Causwell;5;5;0;0;0;0;0;0;0;0;0;0;0;0;-25;-25;-25;18;0;0;0;0
1919;伊萨亚-科尔迪尼耶;Isaia Cordinier;5;2;0;0;0;0;0;0;0;0;0;0;0;0;-25;-25;-25;18;0;0;0;0
1920;彼得-科尔纳利;Petr Cornelie;5;4;3;0;0;0;0;0;0;0;0;0;0;0;-25;-25;-25;18;0;0;0;0
1921;多诺万-克林根;Donovan Clingan;8;5;0;0;0;0;0;0;0;0;0;0;0;0;-25;-25;-25;18;0;0;0;0
1922;比尔-科里;Bill Curley;5;4;0;0;0;0;0;0;0;0;0;0;0;0;-25;-25;-25;18;0;0;0;0
1923;贾森-科利尔;Jason Collier;5;5;0;0;0;0;0;0;0;0;0;0;0;0;-25;-25;-25;18;0;0;0;0
1924;杰森-科林斯;Jason Collins;5;5;0;0;0;0;0;0;0;0;0;0;0;0;-25;-25;-25;18;0;0;0;0
1925;巴尔萨-科普里维察;Balsa Koprivica;5;5;0;0;0;0;0;0;0;0;0;0;0;0;-25;-25;-25;18;0;0;0;0
1926;基翁-克拉克;Keon Clark;5;5;0;0;0;0;0;0;0;0;0;0;0;0;-25;-25;-25;18;0;0;0;0
1927;查尔斯-克拉克斯顿;Charles Claxton;5;5;0;0;0;0;0;0;0;0;0;0;0;0;-25;-25;-25;18;0;0;0;0
1928;克里斯-克劳福德;Chris Crawford;5;4;0;0;0;0;0;0;0;0;0;0;0;0;-25;-25;-25;18;0;0;0;0
1929;安东尼斯-克利夫兰;Antonius Cleveland;5;2;1;0;0;0;0;0;0;0;0;0;0;0;-25;-25;-25;18;0;0;0;0
1930;西热力江-木合塔尔;Xirelijiang Muhetaer;7;2;0;0;0;0;0;0;0;0;0;0;0;0;-25;-25;-25;18;0;0;0;0
1931;里马斯-库尔蒂奈蒂斯;Rimas Kurtinaitis;5;3;4;0;0;0;0;0;0;0;0;0;0;0;-25;-25;-25;18;0;0;0;0
1932;安东尼-库克;Anthony Cook;5;4;0;0;0;0;0;0;0;0;0;0;0;0;-25;-25;-25;18;0;0;0;0
1933;奥马尔-库克;Omar Cook;5;1;2;0;0;0;0;0;0;0;0;0;0;0;-25;-25;-25;18;0;0;0;0
1934;布莱恩-库克;Brian Cook;5;4;0;0;0;0;0;0;0;0;0;0;0;0;-25;-25;-25;18;0;0;0;0
1935;泰勒-库克;Tyler Cook;5;3;4;0;0;0;0;0;0;0;0;0;0;0;-25;-25;-25;18;0;0;0;0
1936;詹姆斯昂-库里;JamesOn Curry;5;2;0;0;0;0;0;0;0;0;0;0;0;0;-25;-25;-25;18;0;0;0;0
1937;布莱斯-森萨博;Brice Sensabaugh;7;3;0;0;0;0;0;0;0;0;0;0;0;0;-25;-25;-25;18;0;0;0;0
1938;斯卡尔-拉比西埃;Skal Labissière;5;4;5;0;0;0;0;0;0;0;0;0;0;0;-25;-25;-25;18;0;0;0;0
1939;伊万-拉布;Ivan Rabb;5;4;3;0;0;0;0;0;0;0;0;0;0;0;-25;-25;-25;18;0;0;0;0
1940;亚历山大-拉多切维奇;Aleksandar Radojević;5;5;0;0;0;0;0;0;0;0;0;0;0;0;-25;-25;-25;18;0;0;0;0
1941;米洛万-拉科维奇;Milovan Raković;5;5;0;0;0;0;0;0;0;0;0;0;0;0;-25;-25;-25;18;0;0;0;0
1942;热迈厄斯-拉姆齐;Jahmi'us Ramsey;5;2;1;0;0;0;0;0;0;0;0;0;0;0;-25;-25;-25;18;0;0;0;0
1943;卡里姆-拉什;Kareem Rush;5;3;2;0;0;0;0;0;0;0;0;0;0;0;-25;-25;-25;18;0;0;0;0
1944;斯蒂芬-拉斯牟;Stephane Lasme;5;4;0;0;0;0;0;0;0;0;0;0;0;0;-25;-25;-25;18;0;0;0;0
1945;泰勒-莱登;Tyler Lydon;5;4;3;0;0;0;0;0;0;0;0;0;0;0;-25;-25;-25;18;0;0;0;0
1946;蒂姆-莱格勒;Tim Legler;5;2;0;0;0;0;0;0;0;0;0;0;0;0;-25;-25;-25;18;0;0;0;0
1947;埃里克-莱克纳;Eric Leckner;5;5;0;0;0;0;0;0;0;0;0;0;0;0;-25;-25;-25;18;0;0;0;0
1948;埃里克-莱利;Eric Riley;5;5;0;0;0;0;0;0;0;0;0;0;0;0;-25;-25;-25;18;0;0;0;0
1949;杰克-莱曼;Jake Layman;5;3;4;0;0;0;0;0;0;0;0;0;0;0;-25;-25;-25;18;0;0;0;0
1950;肖恩-莱斯佩特;Shawn Respert;5;2;0;0;0;0;0;0;0;0;0;0;0;0;-25;-25;-25;18;0;0;0;0
1951;贾斯廷-赖特-福尔曼;Justin Wright-Foreman;5;1;2;0;0;0;0;0;0;0;0;0;0;0;-25;-25;-25;18;0;0;0;0
1952;查森-兰德尔;Chasson Randle;5;1;2;0;0;0;0;0;0;0;0;0;0;0;-25;-25;-25;18;0;0;0;0
1953;马齐-兰佩;Maciej Lampe;5;4;5;0;0;0;0;0;0;0;0;0;0;0;-25;-25;-25;18;0;0;0;0
1954;艾菲梅斯-兰扎斯;Efthimi Rentzias;5;5;0;0;0;0;0;0;0;0;0;0;0;0;-25;-25;-25;18;0;0;0;0
1955;丹-朗吉;Dan Langhi;5;5;0;0;0;0;0;0;0;0;0;0;0;0;-25;-25;-25;18;0;0;0;0
1956;维克-劳;Vic Law;5;3;2;0;0;0;0;0;0;0;0;0;0;0;-25;-25;-25;18;0;0;0;0
1957;普莱斯特-劳德代尔;Priest Lauderdale;5;5;0;0;0;0;0;0;0;0;0;0;0;0;-25;-25;-25;18;0;0;0;0
1958;杰伦-勒丘;Jalen Lecque;5;2;1;0;0;0;0;0;0;0;0;0;0;0;-25;-25;-25;18;0;0;0;0
1959;卡姆-雷诺兹;Cameron Reynolds;5;3;2;0;0;0;0;0;0;0;0;0;0;0;-25;-25;-25;18;0;0;0;0
1960;阿尔顿-李斯特;Alton Lister;5;5;0;0;0;0;0;0;0;0;0;0;0;0;-25;-25;-25;18;0;0;0;0
1961;布莱恩特-李维斯;Bryant Reeves;5;5;0;0;0;0;0;0;0;0;0;0;0;0;-25;-25;-25;18;0;0;0;0
1962;达文-里德;Davon Reed;5;2;1;0;0;0;0;0;0;0;0;0;0;0;-25;-25;-25;18;0;0;0;0
1963;约什-里夫斯;Josh Reaves;5;2;3;0;0;0;0;0;0;0;0;0;0;0;-25;-25;-25;18;0;0;0;0
1964;道格-里弗斯;Doc Rivers;6;1;0;0;0;0;0;0;0;0;0;0;0;0;-25;-25;-25;18;0;0;0;0
1965;格兰特-里勒;Grant Riller;5;2;3;0;0;0;0;0;0;0;0;0;0;0;-25;-25;-25;18;0;0;0;0
1966;克里斯-理查德;Chris Richard;5;4;0;0;0;0;0;0;0;0;0;0;0;0;-25;-25;-25;18;0;0;0;0
1967;马拉奇-理查德森;Malachi Richardson;5;2;0;0;0;0;0;0;0;0;0;0;0;0;-25;-25;-25;18;0;0;0;0
1968;TJ-利夫;T.J. Leaf;5;4;3;0;0;0;0;0;0;0;0;0;0;0;-25;-25;-25;18;0;0;0;0
1969;兰迪-利文斯顿;Randy Livingston;5;2;0;0;0;0;0;0;0;0;0;0;0;0;-25;-25;-25;18;0;0;0;0
1970;昆西-刘易斯;Quincy Lewis;5;3;0;0;0;0;0;0;0;0;0;0;0;0;-25;-25;-25;18;0;0;0;0
1971;斯科蒂-刘易斯;Scottie Lewis;5;2;3;0;0;0;0;0;0;0;0;0;0;0;-25;-25;-25;18;0;0;0;0
1972;尼古拉-隆查尔;Nikola Lončar;5;3;0;0;0;0;0;0;0;0;0;0;0;0;-25;-25;-25;18;0;0;0;0
1973;斯特凡诺-卢斯科尼;Stefano Rusconi;5;5;0;0;0;0;0;0;0;0;0;0;0;0;-25;-25;-25;18;0;0;0;0
1974;特雷沃-鲁芬;Trevor Ruffin;5;1;2;0;0;0;0;0;0;0;0;0;0;0;-25;-25;-25;18;0;0;0;0
1975;马蒂-努蒂宁;Matti Nuutinen;5;4;0;0;0;0;0;0;0;0;0;0;0;0;-25;-25;-25;18;0;0;0;0
1976;加布里埃尔-伦德伯格;Gabriel Lundberg;5;2;1;0;0;0;0;0;0;0;0;0;0;0;-25;-25;-25;18;0;0;0;0
1977;卢-罗;Lou Roe;5;3;0;0;0;0;0;0;0;0;0;0;0;0;-25;-25;-25;18;0;0;0;0
1978;以赛亚-罗比;Isaiah Roby;5;3;2;0;0;0;0;0;0;0;0;0;0;0;-25;-25;-25;18;0;0;0;0
1979;贾斯廷-罗宾逊;Justin Robinson;5;1;2;0;0;0;0;0;0;0;0;0;0;0;-25;-25;-25;18;0;0;0;0
1980;杰罗姆-罗宾逊;Jerome Robinson;5;1;0;0;0;0;0;0;0;0;0;0;0;0;-25;-25;-25;18;0;0;0;0
1981;克里斯-罗宾逊;Chris Robinson;5;2;0;0;0;0;0;0;0;0;0;0;0;0;-25;-25;-25;18;0;0;0;0
1982;詹姆斯-罗宾逊;James Robinson;5;2;0;0;0;0;0;0;0;0;0;0;0;0;-25;-25;-25;18;0;0;0;0
1983;弗莱德-罗伯茨;Fred Roberts;5;4;0;0;0;0;0;0;0;0;0;0;0;0;-25;-25;-25;18;0;0;0;0
1984;霍特-罗德-威廉姆斯;Hot Rod Williams;5;5;4;0;0;0;0;0;0;0;0;0;0;0;-25;-25;-25;18;0;0;0;0
1985;罗德里克-罗德斯;Rodrick Rhodes;5;2;3;0;0;0;0;0;0;0;0;0;0;0;-25;-25;-25;18;0;0;0;0
1986;布拉德-罗浩斯;Brad Lohaus;5;4;0;0;0;0;0;0;0;0;0;0;0;0;-25;-25;-25;18;0;0;0;0
1987;卡洛斯-罗杰斯;Carlos Rogers;5;3;4;0;0;0;0;0;0;0;0;0;0;0;-25;-25;-25;18;0;0;0;0
1988;罗伊-罗杰斯;Roy Rogers;5;4;0;0;0;0;0;0;0;0;0;0;0;0;-25;-25;-25;18;0;0;0;0
1989;瑞安-罗林斯;Ryan Rollins;7;2;1;0;0;0;0;0;0;0;0;0;0;0;-25;-25;-25;18;0;0;0;0
1990;劳尔-洛佩斯;Raul Lopez;5;1;2;0;0;0;0;0;0;0;0;0;0;0;-25;-25;-25;18;0;0;0;0
1991;克利福德-罗齐尔;Clifford Rozier;5;4;5;0;0;0;0;0;0;0;0;0;0;0;-25;-25;-25;18;0;0;0;0
1992;马科斯-洛扎达-席尔瓦;Didi Louzada;5;2;3;0;0;0;0;0;0;0;0;0;0;0;-25;-25;-25;18;0;0;0;0
1993;JP-马楚拉;J.P. Macura;5;2;1;0;0;0;0;0;0;0;0;0;0;0;-25;-25;-25;18;0;0;0;0
1994;亚姆-马达尔;Yam Madar;5;1;0;0;0;0;0;0;0;0;0;0;0;0;-25;-25;-25;18;0;0;0;0
1995;杰雷米亚-马丁;Jeremiah Martin;5;2;1;0;0;0;0;0;0;0;0;0;0;0;-25;-25;-25;18;0;0;0;0
1996;丘库迪耶贝尔-马杜阿本;Chukwudiebere Maduabum;5;3;0;0;0;0;0;0;0;0;0;0;0;0;-25;-25;-25;18;0;0;0;0
1997;卢卡斯-马弗洛克法雷蒂斯;Loukas Mavrokefalidis;5;5;0;0;0;0;0;0;0;0;0;0;0;0;-25;-25;-25;18;0;0;0;0
1998;威尔-马格奈;Will Magnay;5;5;0;0;0;0;0;0;0;0;0;0;0;0;-25;-25;-25;18;0;0;0;0
1999;塔里克-布莱克;Tarik Black;5;5;0;0;0;0;0;0;0;0;0;0;0;0;-25;-25;-25;18;0;0;0;0
2000;谢尔文-马克;Shelvin Mack;5;1;2;0;0;0;0;0;0;0;0;0;0;0;-25;-25;-25;18;0;0;0;0