No;name;nameBirth;positionFirst;positionSecond;potential;skillPass;skillShotInterior;skillShotExterior;skillShotFree;skillPhysique;skillBlock;skillRebound;skillSteal;tendencyIn;tendencyEx;tendencyFr;ATT;DEF;Ranks;age;yearsLeague;team;teamID;yearsContract;salary;stateInjury;draft;image
1;多米尼克-琼斯;DOMINIQUE JONES;2;0;9;95;93;82;93;95;69;84;86;92;90;90;98;90;94;36;12;0;0;1;0;0;201300;1413
2;基兹林克;Tomas Kyzlink;5;0;8;82;87;94;78;82;69;72;76;81;95;72;91;76;83;32;1;0;0;1;0;0;0;5001
3;卡威尔·毕格柏-威廉姆斯;KAVELL BIGBY-WILLIAMS;5;0;8;65;93;49;79;81;76;85;67;87;62;76;77;82;80;30;1;0;0;1;0;0;0;5001
4;姜宇星;Jiang Yuxing;3;0;9;70;90;67;63;89;68;70;73;83;69;70;74;78;77;30;7;辽宁;2;2;0;0;201801;527
5;姜伟泽;Jiang Weize;1;0;8;75;59;91;75;86;68;67;70;66;84;73;79;75;77;25;7;吉林;1;4;0;0;201800;526
6;贾昊;HaoJia;3;0;6;68;66;88;82;79;70;66;69;67;74;71;75;72;75;26;4;吉林;1;2;0;0;202111;5001
7;崔晋铭;Cui Jinming;2;0;8;70;76;78;67;78;67;67;71;71;71;70;73;72;73;32;12;吉林;1;1;0;0;201300;5001
8;栾利程;Luan licheng;2;0;6;68;87;69;74;79;68;67;70;80;69;69;74;72;73;27;4;吉林;1;2;0;0;202100;5001
9;吴昌泽;Wu Changze;4;0;6;67;65;85;61;82;72;71;72;67;75;67;70;77;73;25;5;辽宁;2;4;0;0;202000;5001
10;代怀博;Dai HuaiBo;4;0;6;68;85;71;68;71;72;67;65;82;68;71;76;69;72;31;12;0;0;2;0;0;201300;5001
11;李安;Li An;5;0;6;65;60;69;81;71;71;72;68;65;71;69;68;71;70;34;15;0;0;1;0;0;201000;5001
12;张航源;Zhang Hangyuan;5;0;7;62;72;72;61;73;71;73;55;69;70;56;67;70;69;19;1;吉林;1;1;0;0;0;5001
13;鲁吐布拉;Lutubula;5;0;6;65;75;73;67;66;70;71;64;70;62;67;71;68;69;25;6;宁波;23;3;0;0;201900;5001
14;蔡林翰;Cai Linhan;2;0;6;65;60;68;73;67;67;63;66;65;72;68;66;65;65;20;1;吉林;1;2;0;0;202400;5001
15;王梓旭;Wang Zixu;3;0;6;64;62;67;64;62;61;71;68;66;72;64;64;64;65;26;8;0;0;2;0;0;201724;5001
16;赵嘉浩;Zhao Jiahao;5;0;6;64;58;70;70;61;68;66;63;64;62;67;64;63;63;26;1;0;0;1;0;0;0;2589
17;刘天意;Liu Tianyi;2;0;7;68;55;71;58;63;67;66;64;65;70;67;63;63;63;30;12;吉林;1;1;0;0;201300;5001
18;丁皓然;Ding Haoran;3;0;6;65;58;59;80;57;67;63;65;65;65;67;64;61;63;28;9;吉林;1;2;0;0;201600;5001
19;陈冠中;Chen Guanzhong;1;0;7;67;63;51;56;64;67;63;63;65;61;66;59;62;60;24;1;吉林;1;1;0;0;0;5001
20;孔德高;Kong Degao;2;0;6;66;49;60;75;57;67;62;62;62;63;67;60;59;60;23;6;吉林;1;1;0;0;201900;5001
21;付博文;Fu Bowen;2;0;6;66;46;57;72;54;67;61;67;62;64;69;58;60;59;25;7;吉林;1;1;0;0;201800;5001
22;彭森傲;Peng SenAo;5;0;6;63;47;48;47;53;67;61;62;62;60;64;51;58;54;22;4;深圳;27;3;0;0;202100;5001
23;德兹明-威尔斯;DEZMINE WELLS;1;2;8;77;90;91;92;91;73;72;75;87;85;87;92;82;88;32;1;辽宁;2;1;0;0;202400;5001
24;弗格;KYLE FOGG;2;0;9;77;85;92;91;89;70;76;76;85;91;87;92;82;87;35;8;上海;21;1;0;0;201700;5001
25;赵继伟;Zhao Jiwei;1;2;11;90;69;87;84;80;67;70;83;69;90;71;88;79;84;29;12;辽宁;2;2;0;0;201300;5001
26;詹姆斯-韦伯三世;James Webb III;4;3;8;81;89;71;69;89;81;79;65;86;72;72;82;84;83;32;1;0;0;1;0;0;0;5001
27;张镇麟;Kevin Zhang;3;4;10;77;83;77;78;83;69;72;75;78;83;76;82;77;81;26;5;上海;21;3;0;0;202000;744
28;王岚嵚;WangLanQin;1;2;8;77;67;89;88;75;68;70;75;68;78;77;82;74;79;27;3;辽宁;2;1;0;0;202200;704
29;韩德君;Han Dejun;5;0;9;71;88;43;84;78;73;86;60;78;61;70;75;79;77;38;18;0;0;2;0;0;200700;5001
30;付豪;Fu Hao;4;5;8;67;84;66;88;81;69;76;65;76;69;76;78;75;76;27;10;辽宁;2;1;0;0;201500;2890
31;李晓旭;Li Xiaoxu;4;5;8;67;76;85;69;75;73;78;71;71;75;68;75;76;76;34;20;辽宁;2;2;0;0;200500;2840
32;鄢手骐;Yan Shouqi;2;1;6;69;62;84;76;71;68;69;81;67;79;71;74;74;74;28;7;辽宁;2;1;0;0;201800;5001
33;丛明晨;Cong Mingchen;3;4;6;65;76;79;72;74;65;62;71;76;74;70;74;68;72;30;11;0;0;1;0;0;201400;5001
34;贾斯汀-帕顿;JUSTIN PATTON;5;4;7;68;84;72;61;71;67;68;54;81;71;62;75;66;70;27;2;0;0;1;0;0;202300;363
35;黄秋实;Huang Qiushi;5;0;7;62;72;72;61;73;71;73;55;69;70;56;67;70;69;21;1;0;0;1;0;226;0;5001
36;任序航;Ren Xu Hang;5;0;7;62;72;72;61;73;71;73;55;69;70;56;67;70;69;23;1;0;0;1;0;0;0;5001
37;刘雁宇;Liu Yanyu;5;4;6;66;63;45;73;60;69;66;64;66;61;68;62;63;63;26;6;吉林;1;2;0;0;201900;5001
38;俞泽辰;Yu Zechen;3;4;6;64;50;75;67;60;68;63;64;63;66;65;62;62;63;24;5;辽宁;2;4;0;0;202000;5001
39;李虎翼;Hu Yi Li;2;3;6;66;52;65;59;61;68;64;65;63;66;66;59;63;61;22;1;辽宁;2;1;0;0;202400;5001
40;张陈治锋;Zhang Chen Zhifeng;5;0;8;64;58;45;62;55;68;67;63;64;61;65;57;61;59;23;1;辽宁;2;1;0;0;0;5001
41;张峻豪;Jun Hao Zhang;1;2;6;65;51;61;57;52;67;62;68;63;64;65;59;60;59;21;1;0;0;2;0;226;202400;5001
521;邢维皓;Xing Weihao;2;3;7;62;72;72;61;73;71;73;55;69;70;56;67;70;69;20;0;辽宁;2;0;0;0;0;5001
521;代彦龙;Dai Yanlong;5;0;8;62;72;72;61;73;71;73;55;69;70;56;67;70;69;18;0;辽宁;2;0;0;0;0;5001
42;赵率舟;Zhao Shuaizhou;3;0;7;64;51;73;46;54;68;63;64;63;66;64;57;59;59;30;12;吉林;1;4;0;0;201300;5001
521;杰隆-布朗;Jaylon Brown;1;2;8;62;72;72;61;73;71;73;55;69;70;56;67;70;69;30;0;辽宁;2;0;0;0;0;5001
43;盖利;JARMAR GULLEY;3;0;8;83;90;89;80;77;70;76;93;85;92;80;91;83;88;34;3;0;0;1;0;0;202200;5001
44;克里斯;Marquese Chriss;4;0;8;70;93;72;80;84;72;85;79;91;74;83;85;84;85;28;1;山东;3;1;0;0;0;1154
45;达拉斯-摩尔;DALLAS MOORE;2;1;8;77;86;90;84;74;67;71;83;79;92;83;89;77;83;30;1;吉林;1;1;0;0;202400;5001
46;高诗岩;Gao ShiYan;1;0;8;84;69;83;78;91;67;72;86;68;77;75;82;85;83;29;10;山东;3;3;0;0;201500;2905
47;于德豪;Yu Dehao;1;2;7;78;65;79;80;69;68;72;86;67;85;71;79;78;78;30;12;山东;3;2;0;0;201300;734
48;郭凯;Guo Kai;4;0;8;66;83;72;76;80;69;77;74;75;62;72;75;77;76;31;9;山东;3;1;0;0;201600;5001
49;谢智杰;Xie Zhijie;1;0;6;74;82;79;59;68;69;70;84;75;69;68;75;76;75;25;1;山东;3;1;0;0;0;5001
50;陈培东;Chen Peidong;2;0;6;70;72;89;64;76;68;67;75;70;93;68;77;73;75;26;6;山东;3;3;0;0;201900;5001
51;刘毅;Liu Yi;3;0;6;70;64;74;79;77;63;72;63;68;73;72;72;69;72;28;5;山东;3;2;0;0;202010;5001
52;陶汉林;Tao Hanlin;5;0;8;66;82;45;66;69;73;78;69;72;61;68;67;74;71;33;16;山东;3;3;0;0;200900;2835
53;郑晓垚;Zheng Xiaoyao;4;0;6;62;72;72;61;73;71;73;55;69;70;56;66;69;68;24;1;山东;3;1;0;0;0;5001
54;克里斯特-库马杰;CHRIST KOUMADJE;5;0;8;65;66;43;83;63;77;71;65;66;61;70;64;70;67;29;1;0;0;1;0;0;0;5001
55;陆翊铭;Lu Yiming;1;0;6;62;72;72;61;73;71;73;55;69;70;56;65;66;65;24;1;0;0;1;0;0;0;5001
56;赵仕浩;ZhaoShiHao;1;0;6;66;66;75;60;61;53;67;72;61;76;58;66;63;65;24;3;0;0;1;0;0;202210;5001
57;许梦君;Xu Mengjun;3;0;6;64;48;84;73;57;67;64;65;62;68;65;65;61;64;27;8;山东;3;1;0;0;201700;5001
58;何思雨;He Siyu;3;0;6;67;56;71;46;66;67;69;65;65;78;65;61;66;64;27;6;天津;8;3;0;0;201900;5001
59;张旭;Zhang Xu;3;0;6;64;51;74;71;56;69;62;65;63;62;65;62;60;62;26;7;0;0;2;0;0;201800;5001
60;孙桐林;Sun Tonglin;5;0;7;64;56;71;49;57;68;65;63;64;62;65;60;61;60;32;15;山东;3;1;0;0;201000;5001
61;侯沛佐;Hou Peizuo;3;0;6;64;59;57;54;54;68;64;63;64;62;66;57;59;59;26;7;0;0;2;0;0;201800;5001
62;米艾力;Ai Li Mi;1;0;6;63;45;57;48;55;67;61;62;62;64;64;54;58;56;22;1;山东;3;1;0;0;202400;5001
63;韦瑟斯庞;QUINNDARY WEATHERSPOON;2;1;8;85;94;87;84;93;73;76;81;95;86;78;93;86;90;28;1;青岛;4;1;0;0;202400;2199
64;杨瀚森;Yang Hansen;5;0;10;74;91;70;74;88;92;87;72;84;65;73;82;93;88;19;1;青岛;4;3;0;226;202400;730
65;乔丹-米奇;Jordan Mickey;4;5;8;71;89;79;81;87;79;85;77;91;75;78;85;87;86;31;1;青岛;4;1;0;0;0;1312
66;迈尔斯-鲍威尔;MYLES POWELL;1;2;9;84;85;78;77;82;67;75;71;79;89;74;86;76;82;27;1;山东;3;1;0;0;202400;1704
67;王睿泽;Wang Ruize;3;0;8;71;79;87;83;96;68;72;71;74;86;74;82;80;82;29;6;青岛;4;3;0;0;201900;2475
68;段昂君;Duan Angjun;2;0;8;71;79;80;75;88;71;66;76;73;80;73;77;79;78;22;1;青岛;4;2;0;0;202400;5001
69;赵嘉义;Zhao Jiayi;4;0;8;67;80;84;61;68;69;71;66;74;75;68;75;68;71;26;6;青岛;4;3;0;0;201900;5001
70;郭彬峰;GuoBinFeng;3;1;6;69;67;70;74;71;61;62;68;65;72;70;70;64;68;22;3;0;0;1;0;0;202200;5001
71;肯德尔-史密斯;KENDALL SMITH;2;0;8;69;68;77;68;60;67;66;67;67;65;70;69;63;67;30;1;0;0;1;0;0;0;5001
72;孙祥翔;Sun Xiangxiang;3;4;6;62;72;72;61;73;71;73;55;69;70;56;64;68;67;21;1;青岛;4;1;0;0;0;5001
73;杨金蒙;Yang Jinmeng;2;0;7;67;55;72;63;67;67;67;66;65;71;66;64;66;65;29;10;0;0;1;0;0;201500;5001
74;贾诚;Jia Cheng;5;0;6;64;56;61;77;61;69;66;63;64;64;67;63;64;63;33;6;0;0;1;0;0;201900;5001
75;刘家昕;Liu Jiaxin;1;0;6;64;48;58;77;59;67;62;65;62;64;66;61;61;61;25;1;0;0;1;0;0;0;5001
76;郭奇芳;Qi Fang Guo;2;0;7;66;61;67;55;58;67;63;64;65;64;66;61;61;61;26;2;青岛;4;2;0;0;202307;5001
77;常浩然;Chang Haoran;4;5;6;64;73;67;56;62;63;63;49;70;65;60;65;57;61;21;1;0;0;2;0;0;202400;5001
78;马俊杰;Ma Junjie;3;4;7;66;59;59;59;73;63;60;57;65;61;60;58;61;61;20;3;0;0;2;0;0;202200;5001
79;马志轩;MaZhiXuan;1;0;6;69;57;72;66;64;56;61;58;54;69;63;65;57;61;20;3;0;0;2;0;0;202200;5001
80;宋文浩;SongWenHao;1;2;6;75;55;74;63;54;50;62;60;57;69;62;67;53;61;20;3;北控;7;3;0;0;202200;5001
81;程望樊;ChengWangFan;1;0;7;65;49;66;71;53;67;62;64;62;63;65;62;59;60;21;3;上海;21;2;0;0;202200;5001
82;张效炎;ZhangXiaoYan;1;2;6;76;60;59;53;52;58;64;67;59;63;54;60;58;59;20;1;0;0;2;0;0;202400;5001
83;张科迪;Zhang Kedi;3;4;6;61;68;55;55;58;52;60;68;61;62;56;56;56;57;20;1;广州;28;3;0;0;202400;5001
84;纪卓;Ji Zhuo;4;0;7;63;46;48;48;51;67;64;62;62;60;64;50;57;54;24;5;青岛;4;4;0;0;202000;5001
521;卢嘉俊;Lu Jiajun;1;2;8;62;72;72;61;73;71;73;55;69;70;56;67;70;69;24;0;江西;5;0;0;0;0;5001
521;吴彦仑;Wu Yanlun;2;1;8;62;72;72;61;73;71;73;55;69;70;56;67;70;69;28;0;0;0;0;0;0;0;5001
521;刘川宁;Liu Chuanning;3;4;8;62;72;72;61;73;71;73;55;69;70;56;67;70;69;19;0;0;0;0;0;0;0;5001
15;王梓旭;Wang Zixu;3;0;6;64;62;67;64;62;61;71;68;66;72;64;64;64;65;26;8;江西;5;2;0;0;201724;5001
447;王向彬;Wang Xiangbing;3;2;6;64;67;61;62;65;63;72;60;67;68;66;63;64;64;26;6;江西;5;1;0;0;201900;5001
521;邓黎伟;Deng Liwei;1;2;8;62;72;72;61;73;71;73;55;69;70;56;67;70;69;19;0;江西;5;0;0;0;0;5001
521;荣家浩;Rong Jiahao;2;1;8;62;72;72;61;73;71;73;55;69;70;56;67;70;69;24;0;0;0;0;0;0;0;5001
521;王翊雄;Wang Yixiong;4;0;8;62;72;72;61;73;71;73;55;69;70;56;67;70;69;27;0;江西;5;0;0;0;202101;5001
85;杨越;YANG Y.;2;1;3;77;73;76;77;68;64;69;70;71;78;75;77;68;73;31;10;0;0;1;0;0;201500;5001
86;赵烨;Zhao Ye;3;4;6;72;69;69;64;69;65;70;74;71;70;65;68;70;70;27;10;0;5;1;0;0;201500;5001
87;贝利·斯蒂尔;BAYLEE LOUIS STEELE;5;0;8;62;72;72;61;73;71;73;55;69;70;56;67;70;69;28;1;湖北;14;1;0;0;0;5001
88;李林;Li Lin;5;0;7;62;72;72;61;73;71;73;55;69;70;56;67;70;69;37;7;0;0;1;0;0;201900;5001
89;黄子洋;Huang Ziyang;4;3;6;62;72;72;61;73;71;73;55;69;70;56;66;69;68;25;1;0;0;1;0;0;0;5001
90;刘力鹏;Liu Lipeng;4;3;6;62;72;72;61;73;71;73;55;69;70;56;66;69;68;28;1;石家庄;10;1;0;0;0;5001
91;王丛泽;Wang Congze;4;3;6;62;72;72;61;73;71;73;55;69;70;56;66;69;68;23;1;江西;5;1;0;0;0;5001
92;韩超;Han Chao;3;4;6;62;72;72;61;73;71;73;55;69;70;56;64;68;67;23;1;江西;5;1;0;0;0;5001
521;张海涛;Zhang Haitao;4;3;8;62;72;72;61;73;71;73;55;69;70;56;67;70;69;22;0;苏科;18;0;0;0;0;5001
521;袁春南;Yuan Chunnan;3;4;8;62;72;72;61;73;71;73;55;69;70;56;67;70;69;26;0;0;0;0;0;0;0;5001
521;弗拉迪米尔.布罗兹安斯基;Vladimír Brodziansky;4;5;8;62;72;72;61;73;71;73;55;69;70;56;67;70;69;31;0;0;0;0;0;0;0;5001
521;德文特格林;Devonte Green;2;0;8;62;72;72;61;73;71;73;55;69;70;56;67;70;69;28;0;0;0;0;0;0;0;5001
93;吕满;lvmam;3;4;6;62;72;72;61;73;71;73;55;69;70;56;64;68;67;28;1;0;0;1;0;0;0;5001
94;李炎涛;Li Yantao;5;0;9;64;77;58;55;70;72;66;56;77;60;62;66;67;66;24;5;江西;5;1;0;0;202000;5001
95;阿勒里克·朱万·弗里曼;Allerik Juwan Freeman;1;2;8;62;72;72;61;73;71;73;55;69;70;56;65;66;65;30;1;0;0;1;0;0;0;5001
96;郭杰;jieGuo;2;1;7;62;72;72;61;73;71;73;55;69;70;56;64;67;65;26;1;0;0;0;0;0;0;5001
97;李鸿颢;Li Honghao;1;2;7;62;72;72;61;73;71;73;55;69;70;56;65;66;65;20;1;0;0;1;0;0;0;5001
98;马泽来;Ma Zelai;2;1;6;62;72;72;61;73;71;73;55;69;70;56;64;67;65;25;3;0;0;1;0;0;202200;5001
99;刘俊文;liu jun wen;2;1;6;66;65;73;62;74;59;70;61;66;71;64;65;65;65;24;5;江西;5;1;0;0;202000;5001
100;哈里斯;Jalen Harris;2;3;8;62;78;76;73;73;48;62;52;65;77;63;70;56;64;27;1;0;0;1;0;0;0;1826
101;孙鸣阳;Sun Mingyang;5;0;6;69;48;54;52;73;67;63;62;64;64;64;56;66;61;31;1;0;0;1;0;0;202400;5001
521;麦尔文.贾蒙.弗雷泽;Melvin Frazier;2;3;8;62;72;72;61;73;71;73;55;69;70;56;67;70;69;28;0;0;0;0;0;0;0;1793
521;以赛亚·布里斯科;Isaiah Briscoe;1;2;8;62;72;72;61;73;71;73;55;69;70;56;67;70;69;29;0;0;0;0;0;0;0;2970
521;以赛亚·布里斯科;Isaiah Briscoe;1;2;8;62;72;72;61;73;71;73;55;69;70;56;67;70;69;29;0;福建;25;0;0;0;0;2970
102;周琦;Zhou Qi;5;0;11;70;92;84;69;76;89;85;78;87;71;75;85;88;86;29;11;北京;6;1;0;0;201400;338
103;杰曼;EUGENE GERMAN;2;0;9;90;94;83;72;82;68;76;78;94;89;70;91;79;85;32;3;北京;6;1;0;0;202200;5001
104;曾凡博;Zeng Fanbo;3;0;10;70;80;86;78;84;87;78;73;76;86;73;81;85;84;22;3;北京;6;2;0;20;202200;421
105;陈盈骏;Chen YingJun;1;0;9;87;64;87;90;82;69;69;79;67;84;79;87;78;83;31;8;北京;6;3;0;0;201702;5
106;奥莫特;ANUNWA OMOT;3;0;8;71;86;84;84;74;69;76;66;80;82;78;84;72;79;30;1;北京;6;1;0;0;202400;5001
107;翟晓川;Zhai Xiaochuan;4;0;9;73;86;70;85;65;71;86;68;79;75;74;82;74;78;32;14;北京;6;1;0;0;201100;5001
108;雷蒙;Lei Meng;3;0;7;70;70;88;84;78;68;70;76;69;78;75;79;75;78;29;10;北京;6;4;0;0;201500;5001
109;范子铭;Fan ziming;5;0;9;72;89;42;90;69;73;80;70;83;62;82;78;75;77;27;9;北京;6;4;0;0;201600;5001
110;所罗门;Richard Solomon;5;4;8;67;83;70;68;75;72;81;73;75;70;68;75;78;76;33;1;南京;17;1;0;0;202400;5001
111;塔瑞克;Taruike Jianiyou;5;0;6;71;86;74;59;70;76;77;66;77;62;67;75;75;75;27;8;北京;6;1;0;0;201700;5001
112;朱彦西;Zhu Yanxi;4;0;7;63;72;85;70;81;70;69;66;72;80;71;75;73;74;35;14;0;0;1;0;0;201100;5001
113;张才仁;Zhang Cairen;2;0;6;68;71;85;74;71;69;71;72;70;84;72;76;72;74;30;10;北京;6;3;0;0;201500;5001
114;田宇翔;Tian Yuxiang;1;0;9;68;72;74;69;75;61;66;75;75;78;70;73;71;72;32;14;0;0;2;0;0;201100;5001
115;温淞;Wen Song;3;4;6;62;72;72;61;73;71;73;55;69;70;56;64;68;67;25;1;0;0;1;0;0;0;5001
116;范依铭;Fan Yiming;4;0;7;73;71;68;63;67;69;66;62;69;63;62;68;65;67;23;4;北京;6;2;0;0;202100;5001
117;方硕;Fang Shuo;2;0;8;74;57;69;63;67;67;65;66;65;69;68;66;65;66;34;17;北京;6;2;0;0;200800;2887
118;职闯;Zhi Cuang;1;2;6;62;72;72;61;73;71;73;55;69;70;56;65;66;65;22;1;北京;6;1;0;0;0;5001
119;纪守家;Shou Jia Ji;4;0;6;63;62;63;58;72;61;59;62;65;60;60;59;62;61;22;1;0;0;2;0;0;202400;5001
120;孙亚辉;Ya Hui Sun;2;0;6;66;55;62;57;52;67;63;65;64;64;66;58;59;59;21;1;北京;6;3;0;0;202400;5001
121;张鹏珲;Zhang Pengyue;4;3;6;63;48;48;47;47;67;61;62;62;60;64;50;55;53;21;1;北京;6;1;0;0;0;5001
122;金意彭;Yi Peng Jin;2;0;6;66;47;48;47;49;67;61;62;62;60;64;50;56;53;21;1;0;0;2;0;0;202400;5001
123;姜文;Jiang Wen;2;0;6;65;47;48;48;48;71;61;62;62;60;64;51;57;53;29;9;北京;6;3;0;0;201600;5001
124;萨林杰;JARED SULLINGER;4;0;10;75;90;81;89;85;71;93;74;90;79;86;91;86;88;33;4;广东;26;1;0;0;202100;1428
125;特莱斯;TRAVIS TRICE;1;0;8;88;71;90;89;79;68;70;81;70;85;83;90;78;85;32;2;福建;25;1;0;0;0;5001
126;里勒;GRANT RILLER;3;0;8;78;93;76;90;79;70;72;84;91;76;87;89;79;85;28;2;北控;7;1;0;0;202400;1965
893;葛志鹏;Ge Zhipeng;1;0;7;62;72;72;61;73;71;73;55;69;70;56;67;70;69;19;0;北控;7;0;0;0;0;5001
127;沈梓捷;Shen ZiJie;5;0;9;71;90;49;70;72;85;84;77;86;62;68;75;84;80;27;9;北控;7;1;0;0;201600;2875
128;廖三宁;Liao Sanning;2;0;10;78;85;77;75;88;70;71;70;78;75;76;80;78;79;24;4;北控;7;5;0;0;202100;3136
129;邹雨宸;Zou Yuchen;5;0;9;67;89;68;71;78;75;77;72;81;65;70;77;78;78;28;11;北控;7;1;0;0;201400;714
130;朱松玮;zhusongwei;4;3;8;71;79;84;69;88;72;68;71;73;71;68;76;78;77;28;1;北控;7;1;0;0;0;745
131;张帆;Zhang Fan;2;0;8;74;74;85;65;91;67;68;73;71;81;71;76;78;77;29;10;北控;7;3;0;0;201500;5001
132;林彦廷;Yan Ting Lin;1;0;7;75;77;79;69;70;70;67;74;72;82;69;78;71;75;24;1;0;0;2;0;0;202400;5001
133;刘晓宇;Liu Xiaoyu;1;0;8;74;74;70;60;70;69;66;72;70;73;67;71;70;71;36;19;宁波;23;1;0;0;200600;5001
642;泰瑞-泰勒;Terry Taylor;3;4;6;61;78;70;76;76;62;73;60;66;70;67;69;68;69;25;0;0;0;0;0;0;200;1484
134;陈国豪;Guo Hao Chen;4;0;8;64;76;74;71;62;69;67;66;70;64;67;71;65;68;25;2;广州;28;2;0;0;202301;2687
135;矣进宏;Jin Hong Yi;2;0;6;62;85;65;71;64;71;60;73;68;70;70;69;67;68;31;2;0;0;2;0;0;202325;5001
136;金鑫;Jin Xin;3;0;7;65;66;63;75;69;67;66;67;66;67;67;66;67;67;30;8;北控;7;3;0;0;201700;5001
137;丁柏瑜;Ding Boyu;1;2;7;62;72;72;61;73;71;73;55;69;70;56;65;66;65;20;1;北控;7;1;0;0;0;5001
138;费奕晨;Fei Yichen;2;1;8;62;72;72;61;73;71;73;55;69;70;56;64;67;65;21;1;北控;7;1;0;0;0;5001
139;李秉聪;Li Bingcong;2;3;7;62;72;72;61;73;71;73;55;69;70;56;64;67;65;20;1;北控;7;1;0;0;0;5001
140;孟子凯;Meng Zikai;4;0;7;64;50;73;67;58;68;65;63;63;66;66;62;61;62;28;7;北控;7;3;0;0;201800;5001
141;江林俊;Jiang Linjun;3;2;7;65;56;61;74;52;67;62;65;64;66;65;63;58;61;21;1;北控;7;1;0;0;0;5001
142;俞长栋;Yu Changdong;5;0;6;63;53;54;46;54;71;63;67;63;62;64;54;61;58;33;15;宁波;23;2;0;0;201000;5001
143;詹理为;Li Wei Zhan;1;0;6;65;57;47;51;51;67;61;65;64;61;65;55;58;56;21;1;0;0;2;0;0;202400;5001
144;大卫-詹姆斯;DAVID JAMES;4;0;9;74;87;84;87;94;72;95;75;82;87;85;89;90;90;28;3;天津;8;1;0;0;202200;5001
850;大卫-詹姆斯;DAVID JAMES;4;0;9;74;87;84;87;94;72;95;75;82;87;85;89;90;90;28;3;0;0;1;0;0;202200;5001
145;林庭谦;Benson Lin;2;0;8;80;80;90;79;92;70;69;79;75;84;84;86;82;84;25;5;天津;8;3;0;0;202003;5001
146;哈姆雷特;JAVION HAMLET;1;0;6;79;81;82;95;72;68;71;69;76;71;98;88;71;80;27;1;天津;8;1;0;0;202400;5001
147;拉维特;MARCUS LOVETT;2;1;8;77;80;86;87;79;67;69;71;75;82;81;85;73;79;30;1;南京;17;1;0;0;0;5001
148;时德帅;Shi Deshuai;5;0;8;68;69;83;69;78;69;72;71;68;76;68;73;74;74;29;10;天津;8;1;0;0;201500;5001
149;李荣培;Li Rongpei;2;0;6;71;67;76;65;71;74;75;79;71;81;66;71;77;74;29;11;天津;8;3;0;0;201400;5001
150;高世鳌;Gao Shiao;5;0;6;64;76;47;52;73;80;75;66;70;61;65;62;77;70;24;5;天津;8;4;0;0;202000;5001
151;郑煜睿;Zheng Yurui;5;4;7;62;72;72;61;73;71;73;55;69;70;56;67;70;69;21;1;0;0;1;0;0;0;5001
152;田雨;Tian Yu;5;0;7;65;65;82;73;70;68;67;64;67;74;69;71;67;69;28;7;天津;8;2;0;0;201800;5001
153;张云梦;Zhang Yunmeng;3;0;6;66;71;68;64;70;69;66;70;69;67;67;66;69;68;25;6;天津;8;1;0;0;201900;5001
154;杜伯超;Bo Chao Du;5;0;7;64;67;60;69;68;73;68;66;67;64;70;66;69;68;25;2;北控;7;2;0;0;202304;5001
155;李宗霖;Zong Lin Li;5;0;7;66;67;68;63;67;68;68;69;67;67;68;67;67;67;22;1;天津;8;1;0;0;202400;5001
156;孙承信;Sun Chengxin;1;0;7;69;63;65;62;63;67;64;70;66;68;68;66;65;66;20;1;天津;8;1;0;0;0;5001
157;郑昊燃;Zheng Haoran;3;0;6;64;59;77;60;69;67;66;65;65;74;67;64;66;66;25;4;天津;8;1;0;0;202100;5001
158;姜博文;JiangBoWen;4;0;6;60;69;57;63;72;72;68;63;65;63;64;61;69;66;22;3;0;0;2;0;0;202200;5001
159;马如一;Ma Ruyi;2;3;7;62;72;72;61;73;71;73;55;69;70;56;64;67;65;21;1;天津;8;1;0;0;0;5001
160;谷泽浴;Gu Zeyu;1;0;6;70;64;64;62;63;67;64;67;66;66;66;65;64;65;28;5;天津;8;2;0;0;202000;5001
161;张益炅;Ma Ruyi;2;3;7;64;49;74;60;60;69;64;65;63;65;67;61;63;62;21;1;北控;7;2;0;0;0;5001
162;王一方;WangYiFang;2;0;6;66;54;63;65;63;68;64;67;64;66;67;61;64;62;22;3;天津;8;2;0;0;202200;5001
163;赖俊豪;Lai Junhao;5;0;6;65;56;59;55;61;71;65;66;64;64;66;59;65;62;29;10;天津;8;3;0;0;201500;5001
164;叶尔潘-叶尔波;Ee Bo Ye;4;3;7;63;51;57;52;54;67;64;62;63;64;65;55;59;57;21;1;0;0;1;0;0;202411;5001
165;岳鸿博;YueHongBo;3;0;7;64;57;52;46;53;69;63;62;64;62;64;54;59;57;22;4;天津;8;1;0;0;202100;2254
166;党瑞博;Dang Ruibo;3;0;7;63;51;52;46;48;67;61;65;63;62;64;52;57;55;26;4;天津;8;3;0;0;202100;5001
360;乔治-康迪特四世;George Conditt IV;5;4;8;71;70;62;61;66;73;63;52;72;66;62;67;64;65;23;1;0;0;0;0;0;0;5001
167;迪亚洛;Hamidou Diallo;3;2;8;76;94;76;90;78;74;86;87;95;78;99;91;86;90;27;1;山西;9;1;0;0;0;937
168;布兰登-古德温;Brandon Goodwin;1;2;8;87;91;85;89;85;68;74;75;87;89;79;94;79;87;30;1;上海;21;1;0;0;0;1820
169;法耶;Faye;4;0;7;73;91;43;79;73;93;89;90;85;62;73;75;91;84;29;1;山西;9;1;0;0;0;5001
170;刘传兴;liuchuanxing;5;0;8;69;93;55;84;69;81;94;73;87;63;75;81;84;82;26;1;山西;9;1;0;0;0;5001
171;张宁;Ning Zhang;3;0;8;72;86;78;82;83;67;71;71;79;78;73;81;75;79;28;5;山西;9;2;0;0;202000;5001
172;原帅;Yuan Shuai;2;0;8;67;73;95;80;83;67;65;68;72;90;75;82;72;77;30;13;山西;9;5;0;0;201200;1186
173;赵戌宏;Zhao XuHong;5;0;6;71;72;68;69;75;76;78;58;74;69;64;72;75;74;29;9;山西;9;1;0;0;201600;5001
174;邢志强;Xing Zhiqiang;4;0;6;69;60;78;73;67;75;78;80;66;83;66;71;76;74;31;14;0;0;4;0;0;201100;5001
175;戈德温-奥梅纳卡;GODWIN OMENAKA;4;5;8;77;80;70;75;76;75;64;56;77;71;71;78;69;73;25;1;0;0;1;0;0;0;5001
176;贾明儒;Jia Mingru;2;0;7;71;53;85;84;77;67;65;66;64;71;73;73;69;71;28;6;山西;9;1;0;0;201900;5001
177;宫子轩;Gong Zixuan;3;0;7;62;72;72;61;73;71;73;55;69;70;56;64;68;67;22;1;0;0;1;0;0;0;5001
178;范汇鎏;FanHuiLiu;2;0;6;77;62;79;59;62;60;67;68;60;77;64;70;63;67;26;3;北控;7;1;0;0;202203;5001
179;葛昭宝;Ge Zhaobao;5;0;8;66;68;57;78;64;69;68;68;67;63;69;67;66;67;33;14;山西;9;4;0;0;201100;5001
180;哈里-贾尔斯;Harry Giles III;4;5;8;66;69;49;84;58;70;70;71;67;61;71;66;66;66;27;1;江苏;16;1;0;0;0;1087
181;韩霈瑜;Han Peiyu;4;0;7;66;63;75;70;65;70;67;64;66;62;70;67;66;66;23;5;山西;9;3;0;0;202000;5001
182;焦钟毅;Jiao Zhongyi;1;0;7;62;72;72;61;73;71;73;55;69;70;56;65;66;65;20;1;0;0;1;0;0;0;5001
183;李柏润;Li Borun;1;0;6;71;66;68;67;59;57;64;63;60;70;68;68;59;63;25;7;0;0;2;0;0;201800;5001
184;陈彭宇迪;Chen Pengyudi;1;0;6;66;63;63;53;60;67;64;71;66;65;65;61;65;63;24;5;山西;9;3;0;0;202000;5001
185;何家辰;He Jiachen;3;0;6;65;62;58;45;53;67;63;67;65;64;64;57;60;59;24;5;山西;9;2;0;0;202000;5001
186;吕加晖;Lv Jiahui;5;0;6;58;76;55;49;57;68;67;44;74;60;50;61;58;59;20;1;广州;28;3;0;0;202400;5001
521;张文杰;Zhang Wenjie;1;3;8;62;72;72;61;73;71;73;55;69;70;56;67;70;69;20;0;广州;28;0;0;0;0;5001
187;刘冠岑;Liu Guancen;3;0;6;64;53;51;46;52;67;61;64;63;61;64;53;58;56;29;11;0;0;2;0;0;201400;5001
188;秦子龙;QinZiLong;3;0;7;63;48;48;47;47;67;61;62;62;60;64;50;55;53;22;1;山西;9;2;0;0;202400;5001
189;索尼-威姆斯;CLARENCE WEEMS;3;0;9;74;86;80;81;80;77;75;72;83;75;76;83;79;82;38;8;0;0;1;0;0;201700;2193
520;特雷沃-汤普森;TREVOR THOMPSON;5;0;8;67;92;77;79;75;80;92;68;86;65;77;83;84;84;31;1;0;0;1;0;0;0;5001
173;赵戌宏;Zhao XuHong;5;0;6;71;72;68;69;75;76;78;58;74;69;64;72;75;74;29;9;0;0;1;0;0;201600;5001
369;薛傅文;xuefuweb;2;1;6;68;62;82;61;74;67;58;64;61;81;66;69;65;67;25;7;0;0;1;0;0;201800;5001
369;薛傅文;xuefuweb;2;1;6;68;62;82;61;74;67;58;64;61;81;66;69;65;67;25;7;宁波;23;1;0;0;201800;5001
190;刘子豪;Liuzihao;4;3;6;67;75;68;74;74;73;74;62;75;72;74;74;72;73;31;6;0;0;1;0;0;201900;5001
191;詹姆斯-恩尼斯;JAMES ENNIS;3;2;7;70;78;8;76;80;74;75;80;80;80;77;64;80;73;34;1;0;0;1;0;0;202400;957
192;周子旭;Zhou Zixu;3;4;6;66;77;68;77;74;69;68;66;73;69;70;72;69;72;26;1;0;0;1;0;0;202400;5001
80;宋文浩;SongWenHao;1;2;6;75;55;74;63;54;50;62;60;57;69;62;67;53;61;20;3;0;0;3;0;0;202200;5001
572;王子麒;Wang Ziqi;3;4;6;70;64;74;70;68;67;71;66;65;70;72;69;68;69;28;9;石家庄;10;1;0;0;201600;5001
193;王浩宇;Wang Haoyu;4;3;6;73;79;68;66;76;68;70;61;77;66;68;73;70;71;27;1;0;0;1;0;0;202400;5001
194;冯嘉伟;Feng Jiawei;1;2;6;83;75;73;67;60;54;61;75;75;71;65;77;63;70;29;9;0;0;1;0;0;201600;5001
195;张正昕;Zhang Zhengxin;5;0;6;66;73;72;61;75;74;67;55;72;71;64;70;70;70;29;1;安徽;19;1;0;0;202400;5001
196;热甫卡提江·吐送江;Rufukatijiang;5;0;7;62;72;72;61;73;71;73;55;69;70;56;67;70;69;28;1;石家庄;10;1;0;0;0;5001
197;尤索·恩多;Youssoupha Ndoye;5;0;8;62;72;72;61;73;71;73;55;69;70;56;67;70;69;34;1;0;0;1;0;0;0;5001
198;艾克热木-尼亚孜;aikeremu·niyazi;5;0;6;61;80;63;64;67;72;75;58;74;61;66;68;70;69;24;4;石家庄;10;1;0;0;202100;5001
199;李展帆;liyifan;4;3;6;64;70;67;60;80;63;75;67;74;63;63;66;73;69;25;5;0;0;1;0;0;202000;5001
200;史文龙;Shi Wenlong;5;0;6;60;76;66;70;70;71;67;59;75;64;71;70;67;69;26;5;0;0;1;0;0;202000;5001
201;吴松峻;Wu Songjun;1;2;6;73;63;72;75;63;59;61;70;68;77;73;74;63;69;28;1;0;0;1;0;0;202400;5001
202;李林风;Li Linfeng;4;3;6;62;72;72;61;73;71;73;55;69;70;56;66;69;68;24;1;安徽;19;1;0;0;0;5001
521;石颜博;Shi Yanbo;3;4;8;62;72;72;61;73;71;73;55;69;70;56;67;70;69;25;0;安徽;19;0;0;0;0;5001
203;曹新欣;Cao Xinxin;1;2;6;83;68;65;64;69;54;60;69;69;69;67;72;63;68;25;5;0;0;1;0;0;202000;5001
204;李佳恒;Li Jiaheng;2;1;6;62;72;72;61;73;71;73;55;69;70;56;64;67;65;24;1;焦作;12;1;0;0;0;5001
205;王炫;Shawn;1;2;6;62;72;72;61;73;71;73;55;69;70;56;65;66;65;28;1;石家庄;10;1;0;0;0;5001
206;宋朋龙;songpenglong;5;0;6;63;73;67;53;61;71;70;47;74;64;57;65;63;64;22;3;0;0;1;0;0;202200;5001
207;戴德里克-劳森;DEDRIC LAWSON;4;0;8;82;90;83;80;87;73;88;79;89;82;78;90;87;88;28;1;新疆;11;1;0;0;0;5001
208;皮特森;QUENTIN PETERSON;2;1;8;81;86;93;88;86;68;77;77;85;98;86;94;81;88;30;3;0;0;1;0;0;202200;5001
209;黑根斯;Ashton Hagans;1;0;8;93;78;71;63;85;84;78;95;80;74;70;81;93;86;26;1;山西;9;1;0;0;0;1845
209;约什-黑根斯;Josh Hagins;1;2;8;73;78;71;63;75;74;78;75;70;74;70;71;93;86;31;0;石家庄;10;1;0;0;0;5001
210;赵睿;Zhao Rui;1;2;9;85;77;89;68;75;67;72;76;72;89;72;86;75;81;29;9;北京;6;3;0;0;201600;5001
211;齐麟;Qi Lin;3;0;9;69;80;84;84;91;70;71;67;72;86;72;80;77;80;25;6;新疆;11;3;0;0;201900;5001
212;伊力福拉提;Yilifulati Motaner ;2;0;7;74;72;92;80;74;68;75;76;70;85;70;81;75;79;24;4;新疆;11;4;0;0;202100;5001
213;西尔扎提;Xerzat Samat;1;0;6;71;82;79;83;74;69;69;83;75;78;72;80;77;79;24;6;新疆;11;5;0;0;201900;5001
214;阿不都沙拉木;Abudushalamu Abudurexiti;4;3;10;76;89;65;80;70;69;84;73;83;72;77;81;75;78;29;10;新疆;11;3;0;0;201500;165
215;朱旭航;Zhu Xuhang;4;0;7;65;77;78;71;82;71;78;79;70;84;69;75;80;78;31;12;新疆;11;3;0;0;201300;517
216;李炎哲;Li Yanzhe;5;0;7;66;89;43;78;82;84;84;66;81;50;70;71;85;78;25;7;新疆;11;4;0;0;201800;5001
217;艾孜麦提;Aizi Maiti;4;0;5;73;81;80;84;67;67;76;70;75;76;78;82;70;76;23;5;新疆;11;1;0;0;202000;5001
218;吴冠希;Wu Guanxi;5;0;8;75;89;47;51;67;77;89;78;82;61;66;71;81;76;30;12;新疆;11;4;0;0;201300;5001
219;刘懿霆;LiuYiTing;3;0;6;70;71;64;58;65;54;65;63;68;65;59;64;59;63;22;3;0;0;2;0;0;202200;5001
220;杨芮;Ge Haoran;3;2;6;64;55;65;68;56;68;64;67;64;65;65;61;61;62;21;1;新疆;11;1;0;0;0;5001
221;葛浩然;Ge Haoran;1;2;6;65;53;72;51;53;67;62;65;63;62;65;60;59;60;21;1;新疆;11;1;0;0;0;5001
222;郭昱彰;Yuzhang Guo;3;0;5;57;64;57;57;58;56;58;64;63;61;55;55;55;56;21;4;0;0;2;0;0;202100;5001
223;曲笑宇;Xiao Yu Qu;5;0;6;64;52;47;52;51;68;64;63;63;61;65;54;59;56;21;2;新疆;11;3;0;0;202300;5001
224;艾瑞克·巴克纳;Eric Buckner;5;0;8;62;72;72;61;73;71;73;55;69;70;56;67;70;69;35;1;0;0;1;0;0;0;5001
225;常昊哲;Chang Haozhe;5;0;7;62;72;72;61;73;71;73;55;69;70;56;67;70;69;22;1;焦作;12;1;0;0;0;5001
226;龚晓龙;Gong Xiaolong;5;0;6;62;72;72;61;73;71;73;55;69;70;56;67;70;69;24;1;焦作;12;1;0;0;0;5001
227;彭思涵;Peng Sihan;5;0;7;62;72;72;61;73;71;73;55;69;70;56;67;70;69;20;1;0;0;1;0;0;0;5001
228;杨绅;Yang Shen;5;0;7;62;72;72;61;73;71;73;55;69;70;56;67;70;69;26;1;0;0;1;0;0;0;5001
229;姚子硕;Yao Zishuo;5;0;7;62;72;72;61;73;71;73;55;69;70;56;67;70;69;20;1;焦作;12;1;0;0;0;5001
230;贾斯汀·艾尔斯顿;Justin Alston;4;3;8;62;72;72;61;73;71;73;55;69;70;56;66;69;68;31;1;0;0;1;0;0;0;5001
231;梁瑞博;Liang Ruibo;4;3;7;62;72;72;61;73;71;73;55;69;70;56;66;69;68;22;1;焦作;12;1;0;0;0;5001
232;刘绍阔;Liu Shaokuo;4;3;6;62;72;72;61;73;71;73;55;69;70;56;66;69;68;23;1;焦作;12;1;0;0;0;5001
233;文叙俨;Wen Xuyan;4;3;7;62;72;72;61;73;71;73;55;69;70;56;66;69;68;20;1;焦作;12;1;0;0;0;5001
234;姚雨鑫;Yao Yuxin;4;3;7;62;72;72;61;73;71;73;55;69;70;56;66;69;68;25;1;0;0;1;0;0;0;5001
235;贾嘉锴;Jia Jiakai;3;4;7;62;72;72;61;73;71;73;55;69;70;56;64;68;67;21;1;焦作;12;1;0;0;0;5001
236;练恒硕;Lian Hengshuo;3;4;7;62;72;72;61;73;71;73;55;69;70;56;64;68;67;20;1;焦作;12;1;0;0;0;5001
237;刘其尚;Liu Qishang;3;4;7;62;72;72;61;73;71;73;55;69;70;56;64;68;67;22;1;焦作;12;1;0;0;0;5001
238;冯博帆;Feng Bofan;1;2;6;62;72;72;61;73;71;73;55;69;70;56;65;66;65;22;1;焦作;12;1;0;0;0;5001
239;凌澳雨;Ling'ao Yu;2;1;6;62;72;72;61;73;71;73;55;69;70;56;64;67;65;23;1;焦作;12;1;0;0;0;5001
240;马库斯-拉维特;MARCUS LOVETT;2;1;8;62;72;72;61;73;71;73;55;69;70;56;64;67;65;30;1;0;0;1;0;0;0;5001
241;吴彦宇璞;WYYP;1;2;7;62;72;72;61;73;71;73;55;69;70;56;65;66;65;21;1;焦作;12;1;0;0;0;5001
242;萨姆纳;Edmond Sumner;1;2;8;84;95;81;81;91;71;77;86;96;88;85;93;88;91;30;1;广东;26;1;0;0;0;1430
243;马库斯-亨特;MARCUS GEORGES-HUNT;3;0;9;76;88;77;86;85;68;75;76;82;79;86;86;79;83;32;3;0;0;1;0;0;201900;5001
244;赵芮;ZhaoRui;2;0;6;80;84;86;89;71;67;67;91;77;72;73;85;78;81;20;1;四川;13;4;0;0;202400;5001
245;马里奇;Marin Maric;5;0;8;73;84;67;84;77;73;81;73;77;69;78;80;79;80;31;1;深圳;27;1;0;0;0;5001
246;李金效;Li Jinxiao;4;0;6;68;69;86;87;87;72;76;70;68;80;72;78;80;79;28;8;0;0;1;0;0;201700;5001
247;景菡一;Jing Hanyi;3;0;7;72;67;76;69;69;66;80;67;69;72;70;71;71;72;25;7;四川;13;3;0;0;201800;5001
248;胡钧淋;Hu Junlin;1;0;6;73;57;74;58;82;67;68;71;65;72;66;68;74;71;26;6;四川;13;3;0;0;201900;5001
249;杨文学;Yang Wen Xue;5;0;7;66;77;64;72;66;71;72;65;71;64;70;71;69;70;27;1;四川;13;1;0;0;202416;5001
250;段睿骐;Duan Ruiqi;3;0;7;68;72;78;65;73;71;58;73;68;77;60;64;68;67;20;1;四川;13;1;0;0;0;5001
251;杨政;Yang Zheng;3;0;6;62;72;72;61;73;71;73;55;69;70;56;64;68;67;32;1;0;0;1;0;226;202421;5001
252;于枭永;YuXiaoYong;1;0;6;69;55;75;58;72;68;65;70;64;70;67;66;69;67;22;3;四川;13;2;0;0;202200;5001
253;李玮颢;Li Weihao;3;0;9;65;69;75;69;63;70;65;65;67;65;67;68;64;67;27;4;0;0;3;0;0;202100;5001
254;王云章;Wang Yunzhang;4;3;6;64;75;60;72;62;68;67;65;70;66;67;68;64;66;25;1;0;0;1;0;0;0;5001
255;刘冠杉;LiuGuanShan;3;0;6;66;54;76;66;69;68;64;66;64;68;66;64;66;66;21;3;四川;13;2;0;0;202200;5001
256;苏若禹;Sun Ruoyu;5;0;7;67;70;44;78;66;69;67;66;68;61;67;65;66;66;33;14;四川;13;3;0;0;201100;5001
257;王薪凯;Wang Xinkai;3;0;6;65;54;79;49;67;67;63;67;64;73;65;62;65;64;30;8;0;0;2;0;0;201700;5001
258;左朕年;Zuo Zhennian;4;0;7;65;61;83;45;66;67;64;63;66;73;65;65;64;64;29;11;四川;13;3;0;0;201400;5001
259;洪辛;HongXin;3;0;6;66;61;70;49;63;69;63;64;65;65;65;60;63;63;25;3;四川;13;1;0;0;202200;5001
260;方佳晨;Jia Chen Fang;1;0;6;65;58;65;64;58;67;62;66;65;66;68;63;61;62;26;2;北控;7;2;0;0;202302;5001
261;肖傈仁;Xiao Liren;3;0;6;66;53;52;55;59;71;66;67;63;62;66;56;64;61;23;1;四川;13;1;0;0;0;5001
262;袁士博;Shi Bo Yuan;5;0;6;58;76;66;53;60;65;58;55;69;61;54;63;57;60;20;1;四川;13;3;0;0;202400;5001
263;贾维恩-哈姆雷特;Javion Hamlet;1;0;7;91;73;84;80;72;71;64;79;72;81;73;86;74;81;26;1;0;0;1;0;0;202400;5001
521;周翌杨;Zhou Yiyang;5;0;8;62;72;72;61;73;71;73;55;69;70;56;67;70;69;21;0;湖北;14;0;0;0;0;5001
498;赵义明;Zhao Yiming;5;0;6;63;48;49;46;58;67;66;62;62;60;64;51;61;57;24;6;湖北;14;2;0;0;201900;5001
521;德扬别利奇;Dejan Belic;5;0;8;62;72;72;61;73;71;73;55;69;70;56;67;70;69;35;0;0;0;0;0;0;0;5001
264;华刚辉;Hua Ganghui;4;0;6;68;70;65;66;73;78;72;71;74;71;65;69;75;72;29;5;0;0;1;0;0;202000;5001
265;苏豪;Su Hao;4;0;6;64;83;61;65;79;69;72;59;83;63;63;70;71;71;29;7;0;0;1;0;0;201800;5001
266;王晓明;Wang Xiaoming;3;0;6;71;70;76;69;69;69;65;64;69;78;72;72;66;70;29;7;湖北;14;1;0;0;201800;5001
267;雷吉纳德·吉苏拉;REGINALD RHAMSOODAR KISSOONLAL II;5;0;8;62;72;72;61;73;71;73;55;69;70;56;67;70;69;29;1;0;0;1;0;0;0;5001
268;宋宇卓;ZhuoyuSong;5;0;6;62;72;72;61;73;71;73;55;69;70;56;67;70;69;20;1;湖北;14;1;0;0;0;5001
269;薛世伟;Xue Shiwei;5;0;6;62;72;72;61;73;71;73;55;69;70;56;67;70;69;28;1;湖北;14;1;0;0;0;5001
270;路万通;Lu Wantong;4;3;6;62;72;72;61;73;71;73;55;69;70;56;66;69;68;19;1;湖北;14;1;0;0;0;5001
271;张浩哲;Zhang Haozhe;4;3;6;62;72;72;61;73;71;73;55;69;70;56;66;69;68;22;1;湖北;14;1;0;0;0;5001
272;吉恩塔尔·西拉;JEANTAL CYLLA;3;0;8;62;72;72;61;73;71;73;55;69;70;56;64;68;67;28;1;0;0;1;0;0;0;5001
273;景浩扬;Jing Haoyang;3;0;6;62;72;72;61;73;71;73;55;69;70;56;64;68;67;29;1;四川;13;1;0;0;0;5001
274;熊皓宇;Xiong Haoyu;3;4;6;62;72;72;61;73;71;73;55;69;70;56;64;68;67;24;1;湖北;14;1;0;0;0;5001
275;申奥;Shen Ao;2;1;6;62;72;72;61;73;71;73;55;69;70;56;64;67;65;22;1;湖北;14;1;0;0;0;5001
276;魏钵扬;W;1;2;6;62;72;72;61;73;71;73;55;69;70;56;65;66;65;19;1;湖北;14;1;0;0;0;5001
277;袁帅;Yuan Shuai;1;0;6;62;72;72;61;73;71;73;55;69;70;56;65;66;65;24;1;0;0;1;0;0;0;5001
278;李振浩;Li Zhenhao;3;0;6;64;62;71;70;62;57;65;72;64;66;73;66;62;65;24;5;湖北;14;1;0;0;202000;5001
279;胡荣浩;Hu Ronghao;2;1;6;67;62;82;59;61;59;57;67;65;77;67;68;59;64;25;5;0;0;1;0;0;202000;5001
280;马里奇;Marin Maric;5;0;8;71;84;72;86;73;74;81;74;78;69;75;81;78;79;31;1;0;0;1;0;0;0;5001
853;多米尼克-琼斯;DOMINIQUE JONES;2;0;9;95;93;82;93;95;69;84;86;92;90;90;98;90;94;36;12;0;0;1;0;0;201300;1413
851;德兹明-威尔斯;DEZMINE WELLS;3;4;8;72;80;72;70;76;70;75;67;80;76;78;77;73;76;32;1;0;0;1;0;0;202400;5001
488;黎璋霖;Li Zhanglin;4;0;6;66;59;78;87;76;69;71;66;65;70;73;71;72;71;27;4;0;0;2;0;0;202103;5001
85;杨越;YANG Y.;2;1;3;77;73;76;77;68;64;69;70;71;78;75;77;68;73;31;10;江西;5;1;0;0;201500;5001
310;马国栋;Guo Dong Ma;5;0;6;64;78;47;49;62;71;66;63;72;61;65;62;65;64;26;2;0;0;1;0;0;202306;5001
358;皮雷-杰克逊;Pierre Jackson;1;0;7;83;80;88;77;72;72;70;75;81;84;78;87;74;81;33;1;0;0;1;0;0;202400;1096
363;达卡里-约翰逊;DAKARI JOHNSON;4;0;7;72;70;71;66;70;71;73;62;70;72;68;71;70;70;29;3;0;0;1;0;0;201900;2260
282;高岩;Gao Yan;2;1;6;80;65;87;71;67;58;75;72;70;81;73;79;68;74;31;11;长沙;15;1;0;0;201400;5001
283;刘帅;Liu Shuai;3;4;6;71;73;72;78;67;69;65;76;76;75;78;76;69;74;29;10;0;0;1;0;0;201500;5001
284;邓愈鑫;Deng Yuxin;1;2;6;81;71;76;65;75;52;66;69;69;75;69;76;67;72;29;7;长沙;15;1;0;0;201800;5001
285;陈泽旭;Chen Zexu;1;2;6;78;69;80;64;60;67;61;78;72;74;64;75;67;71;29;9;0;0;1;0;0;201600;5001
286;何焱;He Yan;4;0;6;66;74;69;69;77;78;67;59;73;70;66;70;72;71;30;9;0;0;1;苏科;18;201600;5001
287;宋建骅;Song Jianhua;4;3;6;67;71;71;75;73;70;70;68;73;68;70;72;71;71;33;11;苏科;18;1;0;0;201400;5001
288;张永鹏;Zhang Yongpeng;5;0;6;61;82;65;63;75;70;73;58;83;61;68;71;71;71;35;17;0;0;2;0;0;200800;5001
289;孟宪超;Meng Xianchao;1;2;6;84;60;73;62;71;63;66;63;66;75;60;72;65;69;25;3;0;0;1;0;0;202200;5001
290;余永威;Yu Yongwei;4;3;7;64;79;59;65;76;68;76;53;74;65;68;68;70;69;25;3;0;0;1;0;0;202200;5001
291;孙椿棚;Sun Chunpeng;4;0;6;62;72;72;61;73;71;73;55;69;70;56;66;69;68;30;1;0;0;1;0;0;0;5001
292;杨佳龙;Yang Jialong;4;0;6;62;72;72;61;73;71;73;55;69;70;56;66;69;68;25;1;长沙;15;1;0;0;0;5001
521;格兰特-谢菲尔德;Grant Sherfield;1;0;8;62;72;72;61;73;71;73;55;69;70;56;67;70;69;25;0;0;0;0;0;0;0;5001
521;杨英良;Yang Yingliang;2;1;8;62;72;72;61;73;71;73;55;69;70;56;67;70;69;24;0;0;0;0;0;0;0;5001
521;冯秋瑞;Feng Qiurui;1;2;8;62;72;72;61;73;71;73;55;69;70;56;67;70;69;22;0;长沙;15;0;0;0;0;5001
293;考特尼·格兰特·福特森;Courtney Grant Fortson;1;2;8;62;72;72;61;73;71;73;55;69;70;56;65;66;65;37;1;0;0;1;0;0;0;5001
294;孟令锟;Meng Lingkun;1;2;7;62;72;72;61;73;71;73;55;69;70;56;65;66;65;19;1;0;0;1;0;0;0;5001
295;孟子旭;Meng Zixu;2;1;6;62;72;72;61;73;71;73;55;69;70;56;64;67;65;24;1;0;0;1;0;0;0;5001
296;李昭霖;Li Zhaolin;3;4;6;72;64;60;58;60;59;70;65;66;64;58;61;61;62;21;1;长沙;15;1;0;0;202400;5001
296;林东烨;Lin Dongye;4;0;8;72;64;60;58;60;59;70;65;66;64;58;61;61;62;21;1;长沙;15;1;0;0;202400;5001
521;罗伯特-爱德华兹;Robert Edwards;2;0;8;62;72;72;61;73;71;73;55;69;70;56;67;70;69;28;1;江苏;16;0;0;0;0;5001
297;弗兰克林-杰克逊;Franklin Jackson;1;0;8;80;85;87;86;80;69;70;73;79;99;88;92;75;84;27;1;宁波;23;1;0;0;0;1891
298;阿奇-古德温;ARCHIE GOODWIN;1;0;6;80;92;73;77;82;69;76;79;87;73;82;85;81;83;30;7;0;0;1;0;0;201800;999
299;乔丹-汤普森;JAMES THOMPSON;5;0;8;69;87;54;88;78;71;87;69;80;63;79;79;80;79;30;1;0;0;1;0;0;0;5001
300;刘泽希;LiuZeXi;2;0;6;74;78;89;71;74;70;73;70;73;83;71;80;73;77;21;3;江苏;16;3;0;0;202200;5001
301;蒋浩然;Jiang Haoran;5;0;7;65;80;80;85;76;70;68;69;74;72;72;79;72;75;24;6;江苏;16;4;0;0;201900;5001
302;郑祺龙;Zheng Qilong;3;0;7;67;75;73;60;80;73;71;71;70;71;67;68;76;73;30;3;江苏;16;1;0;0;202000;5001
303;吴羽佳;Wu Yujia;3;0;7;67;63;77;58;84;71;73;70;66;72;66;66;77;72;26;8;江苏;16;1;0;0;201700;5001
304;崔晓龙;Cui Xiaolong;1;0;7;71;72;78;73;73;67;67;69;70;72;75;75;70;72;26;4;上海;21;2;0;0;202104;5001
305;温佳龙;Jia Long Wen;3;0;6;75;74;68;73;74;69;63;66;69;66;71;72;68;71;26;2;江苏;16;2;0;0;202320;5001
306;鄢士博;Yan Shibo;1;2;6;83;59;70;67;71;52;63;74;57;71;68;71;66;69;23;3;0;0;1;0;0;202200;5001
307;倪永康;Yong Kang Ni;4;0;7;64;70;67;58;69;73;67;66;68;65;66;65;69;67;22;3;江苏;16;2;0;0;202200;5001
308;言恒栋;Yan Hengdong;1;0;7;62;72;72;61;73;71;73;55;69;70;56;65;66;65;22;1;江苏;16;1;0;0;0;5001
309;陶彦儒;Tao Yanru;3;0;6;64;68;66;55;67;67;66;67;67;69;66;63;66;65;25;5;苏科;18;3;0;0;202000;5001
310;马国栋;Guo Dong Ma;5;0;6;64;78;47;49;62;71;66;63;72;61;65;62;65;64;26;2;江苏;16;1;0;0;202306;5001
311;闫实;Yan Shi;3;0;7;67;64;59;61;67;67;65;65;66;65;66;62;65;64;23;4;江苏;16;5;0;0;202100;5001
312;李承耀;Li Chengyao;4;0;6;65;53;75;62;62;68;64;65;63;63;66;62;63;63;21;1;江苏;16;3;0;0;202400;5001
313;褚添一;Chu Tianyi;4;0;7;65;59;52;58;58;69;65;66;64;62;66;59;62;61;26;1;江苏;16;1;0;0;0;5001
314;吴超;Wu Chao;4;0;7;63;52;54;49;54;69;63;65;63;63;64;54;60;57;24;1;江苏;16;1;0;0;0;5001
315;赵旭昕;Zhao Xuxin;5;0;6;51;47;46;40;49;45;48;34;49;44;38;38;37;37;26;6;0;0;3;0;0;201900;5001
316;利夫;T.J. LEAF;4;0;9;75;94;78;86;90;82;95;76;91;70;79;88;93;91;28;4;0;0;1;0;0;202100;1968
317;林葳;Lin Wei;2;3;10;78;73;91;85;88;67;69;77;72;89;89;87;79;83;21;3;南京;17;2;0;226;202200;585
318;马蒂奇-莱比奇;MATIC REBEC;1;0;8;90;65;79;82;77;67;72;84;69;83;74;84;79;82;31;1;0;0;1;0;0;0;5001
319;郭昊文;Guo Haowen;3;2;8;72;87;76;75;86;69;72;68;80;75;80;80;76;79;25;7;南京;17;1;0;0;201800;482
320;赵柏清;Zhao Bai Qing;4;0;6;68;88;84;81;74;71;78;69;81;71;75;83;75;79;26;4;南京;17;3;0;0;202100;5001
321;乔丹-弗洛伊德;JORDAN FLOYD;2;0;8;82;76;88;84;79;68;69;67;72;77;76;84;72;78;28;1;0;0;1;0;0;202400;5001
322;祝铭震;Zhu Ming Zhen;3;0;7;66;65;91;65;81;70;68;68;67;83;68;72;73;73;28;5;南京;17;2;0;0;202000;746
323;杰伦-哈里斯;Jalen Harris;2;3;8;69;74;83;72;70;69;68;70;71;75;73;75;70;72;27;1;0;0;1;0;0;0;1826
324;李云开;Kevin Li;4;0;6;74;77;71;63;76;75;73;56;71;71;61;72;72;72;25;2;0;0;1;0;0;202326;5001
325;曾繁日;Zeng Fanri;5;0;7;69;80;44;74;74;70;72;67;73;61;70;69;72;71;29;9;吉林;1;2;0;0;201600;5001
326;胡布郎-买买提;Hu Bulang Maimaiti;4;3;7;62;72;72;61;73;71;73;55;69;70;56;66;69;68;21;1;南京;17;1;0;0;0;5001
327;胡崇洋;Hu Chongyang;3;4;7;62;72;72;61;73;71;73;55;69;70;56;64;68;67;24;1;南京;17;1;0;0;202417;5001
328;陈将双;Chen Jiangshuang;2;1;7;62;72;72;61;73;71;73;55;69;70;56;64;67;65;23;1;0;0;1;0;0;0;5001
329;黄晨宾;Huang Chenbin;2;1;6;62;72;72;61;73;71;73;55;69;70;56;64;67;65;27;1;0;0;1;0;0;0;5001
330;田宇恒;Tian Yuheng;2;0;6;67;70;78;44;68;67;64;65;68;68;64;65;65;65;28;7;长沙;15;1;0;0;201812;5001
331;魏一;WeiYi;4;0;6;60;72;68;60;71;63;70;60;65;61;56;63;66;64;20;3;南京;17;3;0;0;202200;5001
332;刘东;Liu Dong;4;0;6;64;52;78;66;57;69;67;64;63;64;65;63;62;62;29;4;山西;9;2;0;0;202113;5001
333;邬挺嘉;Wu Tingjia;2;0;7;65;45;82;51;62;67;62;66;62;67;65;61;63;62;28;4;南京;17;2;0;0;202100;5001
334;麦吾兰-麦麦提伊敏;Mai Wu Lan;3;0;6;70;64;62;58;55;58;57;66;65;63;63;62;55;60;20;2;0;0;2;0;0;202310;5001
335;尹椿文;YinChunwen;1;0;7;75;55;69;69;54;46;52;60;59;69;64;68;49;59;20;3;南京;17;3;0;0;202200;5001
336;阿卜杜赛麦提;Abdusaiti Maiti Abula;3;0;7;63;46;61;48;51;67;62;72;62;66;64;54;60;58;22;1;南京;17;1;0;0;202400;5001
337;张新宇;Zhang Xinyu;5;0;6;63;62;49;45;52;70;63;66;65;61;64;56;60;58;22;1;南京;17;1;0;0;202400;5001
338;孙鸣阳;Sun Mingyang;5;0;6;66;48;55;47;52;67;62;62;62;63;64;53;58;56;32;12;南京;17;1;0;0;201200;5001
339;昂德雷-巴尔文;Ondrej Balvin;5;0;8;70;85;81;76;85;77;85;65;83;75;78;83;84;84;32;1;香港;30;1;0;0;202400;5001
340;张韩;Zhang Han;4;3;6;65;81;68;76;69;81;73;65;82;68;72;76;74;75;30;3;苏科;18;1;0;0;202200;5001
341;沈子然;Shen Ziran;5;0;6;60;82;66;68;67;80;76;65;77;64;64;71;75;73;28;10;0;0;1;0;0;201500;5001
342;高钰翔;Gao Yuxiang;3;4;6;72;67;72;70;72;70;71;70;66;73;69;70;71;72;31;9;0;0;1;0;0;201600;5001
343;杜佳宝;Du Jiabao;2;1;6;78;63;83;74;74;63;65;65;65;81;68;76;66;71;26;3;0;0;1;0;0;202200;5001
344;高玮泽;Gao Weize;5;0;6;67;74;67;56;73;75;78;58;75;68;59;68;74;71;24;5;0;0;1;0;0;202000;5001
521;周浩然;Zhou Haoran;1;2;8;62;72;72;61;73;71;73;55;69;70;56;67;70;69;27;0;0;0;0;0;0;0;5001
345;于翔;Yu Xiang;1;2;6;86;62;73;77;69;54;64;68;69;76;69;78;64;71;29;8;苏科;18;1;0;0;201700;5001
346;孟熙桢;Meng Xizhen;5;0;8;62;72;72;61;73;71;73;55;69;70;56;67;70;69;19;1;0;0;1;0;0;0;5001
347;托马斯·基兹林克;Tomas Kyzlink;5;0;8;62;72;72;61;73;71;73;55;69;70;56;67;70;69;32;1;0;0;1;0;0;0;5001
348;张锦;Zhang Jin;5;0;8;62;72;72;61;73;71;73;55;69;70;56;67;70;69;31;1;0;0;1;0;0;0;5001
349;加那尔别克-白谢巴依;Ganalbek Baishebai;4;3;6;61;76;71;62;65;74;73;62;77;68;63;69;69;69;21;4;0;0;1;0;0;202100;5001
350;刘清政;Liu Qingzheng;2;1;6;77;66;80;71;69;60;65;62;65;81;68;74;63;69;24;3;8;0;1;0;0;202200;5001
351;朱尔·帕尼尼奇;Jure Planinic;4;3;8;62;72;72;61;73;71;73;55;69;70;56;66;69;68;25;1;0;0;1;0;0;0;5001
352;朱灵杰;zhulingjie;4;3;6;62;72;72;61;73;71;73;55;69;70;56;66;69;68;21;1;江西;5;1;0;0;0;5001
353;王天翊;Wang Tianyi;3;4;6;62;72;72;61;73;71;73;55;69;70;56;64;68;67;21;1;0;0;1;0;0;0;5001
354;郭羽舟;Guo Yuzhou;4;3;6;69;69;63;61;74;76;62;60;73;61;62;66;69;67;24;3;0;0;1;0;0;202200;5001
355;刘剑阁;Liu Jiange;1;2;6;77;71;70;61;65;61;67;63;71;72;62;71;63;67;25;3;长沙;15;1;0;0;202200;5001
356;戴锦晖;daijinhui;1;2;6;62;72;72;61;73;71;73;55;69;70;56;65;66;65;23;1;0;0;1;0;0;0;5001
357;特洛伊-吉伦沃特;TROY GILLENWATER;4;0;9;63;95;84;81;85;77;86;74;88;80;78;86;85;86;36;5;0;0;1;0;0;202000;5001
358;皮雷-杰克逊;Pierre Jackson;1;0;7;83;80;88;77;72;72;70;75;81;84;78;87;74;81;33;1;0;0;1;0;0;202400;1096
359;郑祺龙;Zheng Qilong;3;0;7;69;76;77;64;73;76;73;74;72;74;67;72;76;75;30;3;0;0;1;0;0;202000;5001
360;李祥波;lixiangbo;3;4;6;71;81;67;64;73;74;78;69;74;65;74;71;75;74;25;7;0;0;1;0;0;201800;5001
361;杨文博;Yang wen bo;1;2;6;77;70;80;73;70;64;63;64;69;80;72;78;64;72;34;10;安徽;19;1;0;0;201500;5001
362;阿克卓力·巴海;Akjoli Bhai;5;0;6;63;75;59;67;68;79;78;58;76;59;62;67;74;71;27;4;0;0;1;0;0;202100;5001
363;达卡里-约翰逊;DAKARI JOHNSON;4;0;7;72;70;71;66;70;71;73;62;70;72;68;71;70;70;29;3;0;0;1;0;0;201900;2260
364;王思奇;WANG S.Q.;2;1;6;71;63;71;66;68;72;74;70;71;77;66;69;72;70;30;5;0;0;1;0;0;202000;5001
365;原晨云;Yuan Chenyun;3;4;6;77;66;72;64;69;71;62;73;70;70;66;70;69;70;25;1;0;0;1;0;0;202400;5001
366;刘仁斌;Liu Renbin;5;0;6;65;72;59;70;73;67;70;60;76;60;66;68;68;68;25;7;0;0;1;0;0;201800;5001
367;汤杰;Tang Jie;1;2;7;68;66;74;71;66;53;64;70;65;73;69;70;63;67;24;7;0;0;1;0;0;201800;5001
368;王延之;yanzhiwang;5;0;6;57;68;69;58;69;72;70;64;70;70;61;64;70;67;24;5;0;0;1;0;0;202000;5001
369;薛傅文;xuefuweb;2;1;6;68;62;82;61;74;67;58;64;61;81;66;69;65;67;25;7;0;0;1;0;0;201800;5001
370;高锦玮;Gao Jinwei;1;2;6;62;72;72;61;73;71;73;55;69;70;56;65;66;65;25;1;0;0;1;0;0;0;5001
371;邵守业;Shao Shouye;1;2;7;62;72;72;61;73;71;73;55;69;70;56;65;66;65;24;1;0;0;1;0;0;0;5001
372;田敬强;Tian Jingqiang;1;2;7;62;72;72;61;73;71;73;55;69;70;56;65;66;65;24;1;0;0;1;0;0;0;5001
373;龚远航;Gong Yuanhang;2;1;6;67;68;72;59;62;59;55;67;67;69;61;65;59;62;23;1;安徽;19;1;0;0;202400;5001
374;司坤;Sikun;2;1;6;71;73;80;78;77;66;63;74;81;84;80;79;71;76;30;6;0;0;1;0;0;201500;5001
361;杨文博;Yang wen bo;1;2;6;77;70;80;73;70;64;63;64;69;80;72;78;64;72;34;10;0;0;1;0;0;201500;5001
349;加那尔别克-白谢巴依;Ganalbek Baishebai;4;3;6;61;76;71;62;65;74;73;62;77;68;63;69;69;69;21;4;合肥;20;1;0;0;202100;5001
375;吴龙昊;Wu Longhao;4;3;6;71;73;80;78;77;66;63;74;81;84;80;81;70;75;34;11;0;0;1;0;0;201400;5001
521;庄佳桥;Zhuangjia Qiao;1;2;8;62;72;72;61;73;71;73;55;69;70;56;67;70;69;22;0;合肥;20;0;0;0;0;5001
194;冯嘉伟;Feng Jiawei;1;2;6;83;75;73;67;60;54;61;75;75;71;65;77;63;70;29;9;合肥;20;1;0;0;201600;5001
190;刘子豪;Liuzihao;4;3;6;67;75;68;74;74;73;74;62;75;72;74;74;72;73;31;6;合肥;20;1;0;0;201900;5001
376;热夏提-克里木;Re Xia Ti;3;4;6;75;74;72;73;74;68;65;70;71;73;70;74;69;73;35;11;0;0;1;0;0;201400;5001
377;张玉;Zhang Yu;4;3;6;69;71;77;75;68;73;73;66;74;75;72;75;71;73;28;4;0;0;1;0;0;202100;5001
378;顾天昊;Gu Tianhao;5;0;8;62;72;72;61;73;71;73;55;69;70;56;67;70;69;22;1;0;0;1;0;0;0;5001
98;马泽来;Ma Zelai;2;1;6;62;72;72;61;73;71;73;55;69;70;56;64;67;65;25;3;合肥;20;1;0;0;202200;5001
379;塔卡尔·埃克马尔·莫尔森;Takal Ackmar Molson;5;0;8;62;72;72;61;73;71;73;55;69;70;56;67;70;69;26;1;0;0;1;0;0;0;5001
380;王中雨;Wang Zhongyu;5;0;6;62;72;72;61;73;71;73;55;69;70;56;67;70;69;26;1;0;0;1;0;0;0;5001
381;刘琦;Liu Qi;5;0;6;66;71;61;71;70;69;71;67;72;65;72;69;70;69;28;8;0;0;1;0;0;201700;5001
382;阿格拉瓦尼斯;Dimitrios Agravanis;4;0;8;62;72;72;61;73;71;73;55;69;70;56;66;69;68;30;1;合肥;20;1;0;0;0;5001
240;马库斯-拉维特;MARCUS LOVETT;2;1;8;62;72;72;61;73;71;73;55;69;70;56;64;67;65;30;1;0;0;1;0;0;0;5001
521;张子硕;Zhang Zishuo;3;4;8;62;72;72;61;73;71;73;55;69;70;56;67;70;69;22;0;石家庄;10;0;0;0;0;5001
521;郭学栋;Guo Xuedong;3;4;8;62;72;72;61;73;71;73;55;69;70;56;67;70;69;23;0;0;0;0;0;0;0;5001
383;阿诺斯克;EJ Anosike;4;3;8;62;72;72;61;73;71;73;55;69;70;56;66;69;68;26;1;香港;30;1;0;0;0;5001
384;张翔;Zhang Xiang;1;2;6;70;71;70;73;71;61;58;70;69;71;67;71;65;68;25;1;0;0;1;0;0;202400;5001
385;李炜恒;Li Weiheng;3;4;6;62;72;72;61;73;71;73;55;69;70;56;64;68;67;20;1;0;0;1;0;0;0;5001
386;阿尔达格尔-阿依丁;Ardagher Aydin;4;3;6;68;68;63;60;72;78;65;60;69;65;58;64;70;67;24;1;0;0;1;0;0;202400;5001
387;冯迪维;Feng Diwei;1;2;6;62;72;72;61;73;71;73;55;69;70;56;65;66;65;27;1;0;0;1;0;0;0;5001
388;王耀锋;Wang Yaofeng;4;3;6;61;71;67;72;68;63;66;56;70;65;68;67;62;65;25;6;0;0;1;0;0;201900;5001
389;陈泽昂;Chen ZeAng;1;2;6;80;65;71;67;56;54;55;60;65;73;65;73;53;64;21;4;合肥;20;1;0;0;202100;5001
521;格里-布莱克斯;Gerry Blakes;1;0;9;62;72;72;61;73;71;73;55;69;70;56;67;70;69;31;0;0;0;0;0;0;0;5001
521;拉多斯拉夫·佩科维奇;Radoslav Pekovic;5;0;9;62;72;72;61;73;71;73;55;69;70;56;67;70;69;31;0;0;0;0;0;0;0;5001
390;洛夫顿;Kenneth Lofton Jr.;4;5;9;84;94;81;92;90;79;94;83;87;75;87;94;93;93;23;1;上海;21;1;0;0;0;1245
391;埃里克-布莱德索;ERIC BLEDSOE;1;2;9;93;86;80;85;84;69;74;78;78;82;80;91;80;86;35;3;0;0;1;0;0;202200;408
392;刘铮;Liu Zheng;3;0;7;75;75;88;76;82;77;76;88;72;79;71;80;85;83;34;9;上海;21;1;0;0;201600;5001
393;王哲林;Wang Zhelin;5;0;10;68;93;73;73;83;78;85;74;87;62;72;81;85;83;31;13;上海;21;2;0;0;201200;309
394;李弘权;LiHongQuan;4;3;9;70;77;90;77;90;70;76;74;72;84;71;81;81;81;23;3;上海;21;3;0;0;202200;5001
395;李添荣;Li Tianrong;2;0;7;75;79;91;80;84;69;68;70;75;83;76;84;75;80;25;4;上海;21;2;0;0;202100;2902
396;威尔逊;D.J. Wilson;4;5;8;70;75;78;86;78;77;82;68;71;77;76;79;80;79;29;1;吉林;1;1;0;0;0;1517
397;袁堂文;Yuan Tangwen;1;0;7;76;65;76;72;64;67;65;74;63;65;65;71;68;70;25;6;上海;21;1;0;0;201900;5001
398;闫鹏飞;Yan Pengfei;5;0;7;64;74;56;72;71;75;72;64;71;62;68;67;72;70;31;14;上海;21;2;0;0;201100;5001
399;偰李永炜;Xieliyongwei;2;1;8;68;64;75;75;69;67;65;69;66;73;67;69;67;69;21;1;上海;21;1;0;0;0;5001
400;赵森;Zhao Sen;4;3;7;62;72;72;61;73;71;73;55;69;70;56;66;69;68;21;1;辽宁;2;1;0;0;0;5001
401;罗汉琛;Luo Hanchen;1;0;6;67;66;64;74;66;67;65;65;66;69;65;67;65;66;30;13;深圳;27;2;0;0;201200;5001
402;刘礼嘉;LiuLiJia;4;3;6;66;76;54;65;66;67;66;66;70;63;68;66;65;65;20;3;上海;21;2;0;0;202200;1235
403;贾文特-霍金斯;JAVONTAE HAWKINS;2;0;8;65;61;67;71;55;67;65;64;66;66;70;65;60;63;32;1;0;0;1;0;0;0;5001
404;戴昊;Dai Hao;1;0;7;67;58;60;62;62;69;65;63;65;65;67;62;63;62;23;4;宁波;23;2;0;0;202100;5001
405;刘正清;LiuZhengQing;3;0;6;65;51;74;50;58;67;62;62;63;65;65;59;60;60;23;3;江苏;16;1;0;0;202200;5001
406;刘梓鹏;Liu Zipeng;2;0;7;63;46;53;80;57;67;65;67;62;62;67;58;62;60;20;1;上海;21;3;0;0;202400;5001
407;马典成;Ma Diancheng;4;0;6;64;66;46;57;53;67;65;64;66;61;65;59;59;59;22;1;上海;21;2;0;0;202400;5001
408;万孟霖;Wan Menglin;3;0;6;63;50;58;50;53;67;61;62;62;63;65;54;57;57;20;1;上海;21;3;0;0;202400;5001
409;董灏;Dong Hao;4;0;6;63;47;58;48;51;67;61;62;62;64;64;54;56;55;23;1;上海;21;1;0;0;202400;5001
410;达米安-琼斯;Damian Jones;5;0;8;74;91;86;88;79;89;86;72;85;74;74;89;88;89;30;1;浙江;22;1;0;0;0;1411
521;布兰登-兰多夫;Brandon Randolph;2;3;8;62;72;72;61;73;71;73;55;69;70;56;67;70;69;27;0;浙江;22;0;0;0;0;5001
411;约克;Gabe York;1;0;8;80;83;95;86;73;68;75;75;78;98;78;92;75;85;32;1;浙江;22;1;0;0;0;5001
412;科比-西蒙斯;Kobi Simmons;1;2;8;81;85;80;84;80;68;71;72;78;79;80;86;75;81;28;1;0;0;1;0;0;0;2229
413;陆文博;Lu Wenbo;3;0;7;73;72;92;76;83;70;71;78;70;84;73;80;78;80;27;9;浙江;22;1;0;0;201600;1771
414;吴前;Wu Qian;2;0;8;82;73;90;78;84;68;68;76;70;81;69;82;77;80;30;13;浙江;22;2;0;0;201200;587
415;余嘉豪;Yu Jiahao;5;0;9;69;84;75;85;81;75;80;66;77;64;74;80;80;80;22;4;浙江;22;2;0;226;202100;735
416;程帅澎;Cheng Shuaipeng;2;3;8;76;77;85;79;80;67;70;77;71;78;70;80;76;78;25;8;浙江;22;2;0;0;201700;686
417;王奕博;Wang Yibo;2;0;6;82;78;73;74;66;69;67;81;72;74;74;78;72;75;26;8;青岛;4;2;0;0;201700;5001
418;王仔路;Wang Zailu;4;0;7;70;80;68;69;66;69;79;85;73;68;70;74;75;74;28;7;浙江;22;2;0;0;201810;5001
419;刘泽一;Liu Zeyi;4;0;7;68;83;72;71;73;68;71;65;76;65;68;75;70;72;26;8;浙江;22;2;0;0;201700;2903
420;林孝天;Lin Xiaotian;2;0;7;80;74;75;65;62;61;61;67;70;78;64;75;61;68;25;7;浙江;22;3;0;0;201800;5001
421;林逸锋;Lin Yifeng;3;4;7;62;72;72;61;73;71;73;55;69;70;56;64;68;67;19;1;浙江;22;1;0;0;0;5001
422;李洪波;Li Hongbo;1;2;7;62;72;72;61;73;71;73;55;69;70;56;65;66;65;21;1;0;0;1;0;0;0;5001
423;任骏哲;Ren Junzhe;1;0;6;78;60;63;68;67;44;64;58;60;68;62;68;56;62;22;4;0;0;2;0;0;202100;5001
424;刘双语;LiuShuangYu;5;0;6;64;65;46;61;56;69;68;62;66;61;67;60;62;61;20;1;浙江;22;3;0;0;202400;5001
425;周怡杉;Yi Shan Zhou;4;0;6;64;50;58;70;55;69;63;66;63;63;68;60;60;60;20;3;浙江;22;3;0;0;202200;5001
426;张嘉许;ZhangJiaXu;5;0;6;63;61;49;45;59;67;66;67;65;61;64;55;63;59;21;1;浙江;22;3;0;0;202400;5001
427;张洪硕;Zhang HongShuo;4;0;6;64;58;64;45;53;68;62;63;64;62;64;57;58;58;23;4;浙江;22;1;0;0;202100;5001
428;孙昊淼;Sun Haomiao;4;0;6;57;69;62;54;62;60;56;56;65;60;55;58;55;57;22;4;浙江;22;2;0;0;202100;5001
429;景天雨;JingTianYu;3;0;6;63;47;58;47;52;67;63;62;62;64;64;53;58;56;20;3;0;0;3;0;0;202200;5001
430;王奕霖;Yi Lin Wang;1;2;6;63;48;53;47;49;67;61;62;62;62;64;53;56;54;21;2;浙江;22;2;0;0;202337;5001
431;马奇;RONALD MARCH;3;0;8;82;94;82;81;72;73;79;86;93;90;81;91;81;87;32;1;0;0;1;0;0;0;5001
432;拉科塞维奇;NICHOLAS RAKOCEVIC;5;0;8;74;89;75;85;80;73;83;77;82;76;84;87;82;84;27;5;0;0;1;0;0;202000;5001
433;马帝昂;MANGOK MATHIANG;4;0;8;70;95;43;84;69;85;97;76;94;63;77;79;86;83;32;1;北京;6;1;0;0;0;5001
434;阿尔斯兰;Arslan;1;0;7;90;84;80;77;79;67;70;76;78;84;79;88;76;83;28;11;0;0;2;0;0;201400;5001
435;乔丹-霍华德;JORDAN HOWARD;2;0;8;80;71;95;91;77;67;68;73;71;96;85;90;73;82;30;1;0;0;1;0;0;0;5001
436;王俊杰;Wang Junjie;1;0;7;77;82;70;75;83;69;68;67;75;69;83;78;73;76;25;16;宁波;23;2;0;0;200900;5001
437;罗凯文;Luo Kaiwen;3;0;7;66;68;84;75;83;69;70;68;68;71;71;72;74;74;29;11;宁波;23;1;0;0;201400;2839
438;王子瑞;Wang zirui;1;0;6;81;61;67;78;80;67;68;68;66;69;71;73;72;73;32;14;宁波;23;1;0;0;201100;5001
439;宁鸿宇;Ning Hongyu;4;0;7;65;67;80;70;82;73;69;68;67;75;69;71;75;73;29;11;0;0;3;0;0;201400;5001
440;常林;Chang Lin;5;0;6;70;61;71;65;72;69;69;67;66;70;67;67;70;69;36;14;0;0;1;0;0;201100;5001
441;袁振梁;Yuan Zhenliang;5;0;6;57;66;65;64;74;77;77;58;67;63;66;63;75;69;27;7;安徽;19;3;0;0;201802;5001
442;刘志恒;Liu Zhiheng;1;0;6;73;69;75;60;57;58;64;75;67;76;61;70;64;67;24;1;0;0;2;0;0;202400;5001
443;张禹童;Zhang Yutong;1;2;7;62;72;72;61;73;71;73;55;69;70;56;65;66;65;21;1;0;0;1;0;0;202437;5001
444;赵俊峰;Zhao Jun Feng;1;0;7;68;45;83;74;61;67;63;62;62;70;65;68;61;65;24;5;宁波;23;2;0;0;202000;5001
445;曲虹霖;Qu HongLin;5;0;7;66;62;53;54;59;75;66;77;65;62;66;59;68;64;22;4;香港;30;1;0;0;202100;5001
446;侯文杰;HouWenJie;4;0;6;62;66;71;64;72;63;61;60;70;68;62;65;63;64;26;3;0;0;1;0;0;202200;5001
447;王向彬;Wang Xiangbing;3;2;6;64;67;61;62;65;63;72;60;67;68;66;63;64;64;26;6;0;0;1;0;0;201900;5001
448;张祖铭;Zhang Zuming;4;0;6;65;70;65;49;66;68;67;63;68;65;65;63;65;64;30;11;香港;30;2;0;0;201400;5001
449;马泳;Ma Yong;2;0;6;64;54;82;53;66;67;65;65;64;66;65;62;65;63;27;6;宁波;23;3;0;0;201900;5001
450;赵建树;ZhaoJianShu;2;0;6;65;57;66;56;64;68;65;65;65;67;66;61;64;62;27;3;宁波;23;1;0;0;202200;5001
451;林俊涛;Jun Tao Lin;1;0;6;65;45;77;55;62;67;62;65;62;67;66;62;62;62;21;1;安徽;19;2;0;0;202400;5001
452;李佳朔;Jia Shuo Li;3;0;6;63;73;64;73;59;54;57;63;72;67;72;68;54;62;24;2;0;0;2;0;0;202308;5001
453;许裕茁;Xu Yuzhuo;3;0;6;64;52;72;50;63;69;64;64;63;65;65;58;63;62;25;4;宁波;23;3;0;0;202100;5001
454;马鑫鑫;Ma Xinxin;5;0;6;51;76;63;64;62;73;60;45;71;57;60;63;60;61;21;4;南京;17;2;0;0;202100;5001
455;王凡懿;Wang Fanyi;2;3;8;64;70;51;58;59;68;63;63;67;62;66;58;61;60;25;1;宁波;23;1;0;0;202402;5001
456;满奕呈;ManYiCheng;4;0;6;63;71;50;44;60;68;65;63;68;61;64;58;62;60;26;1;安徽;19;3;0;0;202400;5001
770;雷琼-塔克;Rayjon Tucker;2;3;6;62;64;73;69;70;61;60;73;62;74;50;64;66;65;27;0;广厦;24;0;0;0;201900;2152
457;巴里-布朗;BARRY BROWN;2;0;8;83;82;91;92;91;69;71;82;77;96;85;93;83;88;28;4;广厦;24;1;0;0;202100;5001
458;孙铭徽;Sun Minghui;1;0;9;94;79;82;79;86;69;68;91;74;84;80;90;85;88;29;10;广厦;24;1;0;0;201500;2884
459;胡金秋;Hu JinQiu;4;0;10;68;90;72;92;88;79;86;68;87;72;82;85;86;86;27;10;广厦;24;1;0;0;201500;228
460;奈特;Nathan Knight;5;0;8;68;85;77;71;84;79;85;76;77;73;71;79;86;83;28;1;0;0;1;0;0;0;1346
461;詹姆斯-纳纳利;JAMES NUNNALLY;2;3;8;79;79;90;82;76;76;76;76;80;85;83;87;79;83;35;2;0;0;1;0;0;201900;1363
462;卡尔顿;JOSHUA CARLTON;4;5;8;67;95;43;79;67;87;89;74;98;63;75;77;83;80;27;1;广厦;24;1;0;0;0;5001
463;朱俊龙;Zhu Junlong;3;0;7;70;72;81;71;82;78;75;84;69;80;69;74;84;80;25;6;广厦;24;3;0;0;201900;2860
464;赵嘉仁;Zhao Jiaren;3;0;7;68;75;88;71;74;69;73;69;71;80;70;76;72;75;26;6;广厦;24;3;0;0;201900;5001
465;赵岩昊;Zhao Yanhao;2;1;9;68;72;86;68;67;73;70;76;70;84;70;75;73;74;27;10;广厦;24;1;0;0;201500;3241
466;吴骁;Wu Xiao;5;0;7;70;72;50;59;64;71;83;73;69;61;67;64;74;69;25;6;广厦;24;3;0;0;201900;5001
467;林秉圣;Lin Bingsheng;1;2;8;69;57;66;82;65;67;65;72;65;68;70;69;67;68;29;1;广厦;24;1;0;0;202404;5001
468;许可;Xu Ke;1;0;6;83;66;68;68;57;60;69;66;64;72;69;73;62;68;25;5;广厦;24;4;0;0;202000;5001
469;蔡束林森;Cai Shulinsen;3;0;7;62;72;72;61;73;71;73;55;69;70;56;64;68;67;20;1;广厦;24;1;0;0;0;5001
470;李泽邦;Li Zebang;3;0;7;62;72;72;61;73;71;73;55;69;70;56;64;68;67;20;1;广厦;24;1;0;0;0;5001
471;侯孟泽;Hou Mengze;1;2;7;62;72;72;61;73;71;73;55;69;70;56;65;66;65;22;1;广厦;24;1;0;0;0;5001
472;赵佳一;ZhaoJiaYi;5;0;6;55;65;67;64;58;72;67;53;64;64;59;61;62;62;22;3;广厦;24;1;0;0;202200;5001
473;续峻玮;Xu Junwei;3;0;7;64;50;74;61;53;67;63;62;62;63;65;60;58;60;22;1;广厦;24;1;0;0;0;5001
474;赖克;Ke Lai;3;0;6;58;70;56;64;65;64;54;63;65;58;62;59;59;60;22;1;0;0;1;0;0;202400;5001
475;许钟豪;Xu Zhonghao;5;0;7;64;51;63;61;55;68;63;65;63;62;65;58;60;59;34;17;长沙;15;2;0;0;200800;5001
476;王欣瑞;WangXinRui;2;0;6;64;49;57;58;52;67;61;62;62;63;66;56;57;56;21;3;广厦;24;2;0;0;202200;5001
477;段立谦;Li Qian Duan;2;0;6;65;46;47;48;50;67;61;67;62;60;64;50;58;54;21;1;吉林;1;3;0;0;202400;5001
478;约瑟夫-杨;JOSEPH YOUNG;2;0;7;83;90;87;91;81;68;70;85;85;87;95;94;80;87;27;7;青岛;4;1;0;0;201800;2254
479;路易斯-金;Louis King;3;0;8;76;86;80;85;71;72;82;80;81;93;91;88;79;85;26;1;0;0;1;0;0;0;1899
565;贾斯汀-霍勒迪;Justin Holiday;2;1;8;73;72;80;75;75;55;65;72;69;75;75;76;67;72;36;0;广州;28;1;0;0;0;516
480;陈林坚;Chen Linjian;3;0;8;69;78;87;77;86;67;76;72;74;92;75;81;78;81;31;13;山东;3;2;0;0;201200;2912
481;邹阳;Yang Zou;4;3;8;67;88;75;68;88;73;79;81;81;75;69;78;84;81;25;2;福建;25;2;0;0;202305;714
482;曾凌铉;ZengLingXuan;1;0;8;70;73;79;84;87;69;66;69;71;78;77;79;75;77;22;3;福建;25;1;0;0;202200;5001
483;斯蒂尔;BAYLEE LOUIS STEELE;5;0;8;64;79;83;88;71;69;75;70;73;72;76;80;72;76;28;1;0;0;1;0;0;0;5001
484;黎伊扬;LiYiyang;1;0;7;80;68;69;72;79;67;67;71;68;73;72;75;73;74;26;4;福建;25;2;0;0;202106;578
485;孙岩松;Sun Yansong;4;0;6;67;74;73;72;78;73;68;69;70;68;73;72;74;73;25;7;0;0;3;0;0;201800;5001
486;刘博文;Bo Wen Liu;2;0;6;71;75;68;74;75;68;67;74;74;70;69;71;72;72;26;1;0;0;2;0;0;202400;5001
487;克里斯多夫-奥贝克帕;CHRISTOPHER OBEKPA;5;0;7;64;81;45;71;70;75;78;69;73;61;65;67;75;71;31;2;0;0;1;0;0;202400;5001
488;黎璋霖;Li Zhanglin;4;0;6;66;59;78;87;76;69;71;66;65;70;73;71;72;71;27;4;0;0;2;0;0;202103;5001
489;郑晓钢;Zheng Xiaogang;1;2;7;62;72;72;61;73;71;73;55;69;70;56;65;66;65;24;1;福建;25;1;0;0;0;5001
490;刘金雨;Jin Yu Liu;3;2;7;66;60;76;59;64;67;65;65;65;70;67;64;64;65;20;1;福建;25;4;0;0;202400;5001
491;翁金郎;WengJinLang;3;0;7;63;66;84;44;63;67;67;62;66;69;64;63;63;64;21;3;石家庄;10;2;0;0;202200;5001
492;杨阿力;Yang Ali;1;0;6;65;52;67;61;69;67;64;69;63;64;67;61;67;64;24;5;福建;25;3;0;0;202000;5001
493;李江淮;Li Jianghuai;3;0;6;67;49;67;52;66;68;65;65;63;70;65;59;65;63;33;9;福建;25;2;0;0;201600;5001
494;冯洺臻;FengMingZhen;5;0;6;64;60;44;76;58;67;65;64;65;61;66;61;61;61;22;2;福建;25;2;0;0;202300;5001
495;黄毅超;Huang Yichao;3;0;6;65;49;66;50;62;67;65;64;63;68;65;57;63;61;32;9;福建;25;3;0;0;201600;5001
496;王化东;Wang Huadong;4;0;6;65;59;52;49;60;67;64;63;64;62;65;57;61;59;25;6;吉林;1;2;0;0;201900;5001
497;鲁骜;Lu Ao;1;2;7;65;47;60;55;54;67;62;62;62;66;66;58;58;58;25;1;0;0;1;0;0;0;5001
498;赵义明;Zhao Yiming;5;0;6;63;48;49;46;58;67;66;62;62;60;64;51;61;57;24;6;0;0;2;0;0;201900;5001
248;特雷弗林-奎因;Trevelin Queen;2;3;6;65;70;72;71;72;51;68;68;63;73;65;68;65;66;24;0;广东;26;1;0;0;0;1171
499;吉伦沃特;TROY GILLENWATER;4;0;9;75;91;85;91;85;74;85;68;92;85;88;93;82;88;36;5;0;0;1;0;0;202000;5001
500;莫兰德;ERIC MORELAND;5;0;8;78;87;59;79;88;87;91;72;82;65;70;80;92;87;33;6;辽宁;2;1;0;0;201900;1327
501;贝兹利;Darius Bazley;4;0;8;77;83;78;73;85;91;86;76;78;80;70;81;91;86;25;1;0;0;2;0;0;0;849
502;徐杰;Xu Jie;1;0;8;87;75;88;84;91;67;70;78;72;87;77;88;81;85;25;4;广东;26;4;0;0;202100;2883
503;胡明轩;Hu Mingxuan;2;0;9;77;83;90;71;84;67;71;72;77;88;71;84;76;80;27;8;广东;26;1;0;0;201700;1527
504;任骏飞;REN Junfei;4;3;8;75;85;77;72;79;71;79;70;77;65;72;79;77;78;35;16;0;0;1;0;0;200900;5001
505;王少杰;Wang Shaojie;5;0;7;70;93;50;76;68;78;79;73;88;62;72;78;77;77;28;6;广东;26;1;0;0;201900;5001
506;杜润旺;Du Runwang;3;4;7;70;72;90;81;75;69;70;66;69;86;68;79;70;76;25;7;广东;26;3;0;0;201800;3135
507;黄荣奇;Huang Rongqi;3;0;6;70;73;78;53;75;69;66;78;70;71;66;68;73;72;26;8;0;0;2;0;0;201700;5001
508;张皓嘉;Zhang Haojia;3;0;6;70;64;77;71;68;67;71;72;66;75;68;70;70;71;25;6;广东;26;4;0;0;201900;5001
509;李英博;Li Yingbo;5;0;6;57;74;55;67;76;77;70;62;71;56;60;63;74;69;26;6;广东;26;3;0;0;201900;5001
510;张文逸;Wen Yi Zhang;3;0;6;67;52;89;67;72;68;63;66;64;76;67;68;67;68;25;2;广东;26;1;0;0;202314;743
511;彰华非;Changhua Fei;2;0;8;62;72;72;61;73;71;73;55;69;70;56;64;67;65;20;1;广州;28;1;0;0;0;5001
512;徐昕;Xu Xin;5;0;7;64;71;47;51;58;76;67;65;68;61;65;60;66;63;21;4;广州;28;2;0;0;202100;5001
513;张昊;Zhang Hao;4;0;7;66;62;58;45;59;75;68;62;65;64;64;58;65;62;23;5;广东;26;1;0;0;202000;5001
514;黄明依;Ming Yi Huang;4;0;7;64;71;62;44;60;69;66;62;68;64;64;61;63;62;20;1;广东;26;3;0;0;202400;5001
515;李文昊;Li Wenhao;2;0;7;64;58;62;45;62;67;63;66;65;67;64;57;63;60;22;1;广东;26;1;0;0;0;5001
516;杨溢;Yang Yi;1;0;8;66;57;54;59;55;67;63;63;64;63;66;58;59;59;19;1;广东;26;1;0;0;0;5001
517;张明池;Zhang Mingchi;5;0;7;65;53;57;59;56;68;64;62;63;64;65;58;60;59;22;4;0;0;1;0;0;202100;5001
518;李奕臻;Yi Zhen Li;2;0;6;58;53;66;65;67;49;55;54;55;70;66;58;52;55;19;1;广东;26;4;0;0;202400;5001
519;马凯尔-约翰逊;MARKELL JOHNSON;1;0;8;88;88;85;86;84;71;72;78;82;76;83;91;80;86;27;1;深圳;27;1;0;0;0;5001
520;特雷沃-汤普森;TREVOR THOMPSON;5;0;8;67;92;77;79;75;80;92;68;86;65;77;83;84;84;31;1;青岛;4;1;0;0;0;5001
521;威姆斯;CLARENCE WEEMS;3;0;9;83;84;75;95;73;71;80;73;78;76;95;89;76;84;38;8;0;0;1;0;0;201700;2193
522;周鹏;Zhou Peng;4;0;9;72;77;95;85;80;74;72;69;73;90;78;86;76;81;35;19;深圳;27;2;0;0;200600;337
523;顾全;Gu quan;4;0;8;65;84;83;81;85;66;76;74;82;80;82;83;78;80;33;15;深圳;27;2;0;0;201000;2892
524;贺希宁;He XiNing;2;0;9;70;74;88;78;91;67;71;77;71;82;78;80;81;80;28;10;深圳;27;3;0;0;201500;5001
525;王浩然;WangHaoRan;4;0;7;68;79;76;71;78;73;69;69;73;74;70;75;74;75;20;3;深圳;27;3;0;0;202200;2943
526;杨林祎;Yang Linyi;2;0;6;70;77;73;85;72;60;68;73;74;72;73;76;69;73;30;12;深圳;27;1;0;0;201300;5001
527;卢鹏羽;Lu Pengyu;3;0;6;67;81;65;85;68;71;67;76;74;66;72;74;71;73;23;6;深圳;27;3;0;0;201900;5001
528;孙浩钦;Sun HaoQin;2;0;7;72;73;71;72;76;69;66;70;70;66;71;71;71;71;22;4;深圳;27;2;0;0;202100;5001
529;李慕豪;Li Muhao;5;0;8;65;77;44;77;70;70;72;65;71;61;67;67;70;69;32;15;深圳;27;3;0;0;201000;1155
530;任骏威;Ren Junwei;4;0;8;66;74;58;66;70;69;71;67;70;64;67;66;69;68;35;15;0;0;2;0;0;201000;5001
531;容子峰;Rong Zifeng;1;0;6;70;54;77;63;70;67;66;65;64;70;67;67;66;67;26;8;深圳;27;1;0;0;201700;5001
532;邹昀轩;Jun Xuan Zou;3;0;7;72;73;66;63;69;69;64;59;72;66;65;68;64;67;21;1;安徽;19;2;0;0;202400;5001
533;杰里迈亚-蒂尔蒙;JEREMIAH TILMON;5;0;8;65;80;46;61;61;71;70;66;73;61;67;66;66;66;27;1;0;0;1;0;0;0;5001
534;白昊天;Bai Haotian;2;0;6;66;66;58;75;70;67;66;65;66;63;69;64;66;65;26;8;深圳;27;1;0;0;201700;5001
535;武子涵;Wu ZiHan;2;0;7;75;65;73;59;69;53;56;71;67;76;60;68;61;65;22;4;深圳;27;2;0;0;202100;5001
536;马明坤;MaMingKun;2;0;8;66;67;56;65;61;67;65;67;67;62;66;61;64;62;20;3;深圳;27;3;0;0;202200;5001
537;冯欣;Feng Xin;1;0;7;67;54;63;68;58;67;62;63;64;64;66;63;60;61;33;13;0;0;2;0;0;201200;5001
538;李斌卓;Li Binzhuo;1;2;6;66;72;58;44;57;67;63;62;69;64;64;60;59;60;19;1;南京;17;4;0;0;202400;5001
539;胡小龙;Xiao Long Hu;5;0;6;65;69;49;44;56;67;63;62;67;61;64;59;59;59;22;1;青岛;4;2;0;0;202400;5001
540;刘长江;Chang Jiang Liu;2;0;6;66;47;46;60;50;67;61;62;62;61;67;53;56;55;22;1;深圳;27;2;0;0;202400;5001
541;塔杰尔-麦考尔;TAHJERE MCCALL;2;1;8;83;92;82;80;80;73;79;86;88;79;92;89;84;87;31;1;广东;26;1;0;0;0;5001
521;管子煜;Guan Ziyu;3;4;9;62;72;72;61;73;71;73;55;69;70;56;67;70;69;20;0;广州;28;0;0;0;0;5001
542;沃伦;DAVION WARREN;1;2;8;77;91;80;88;82;69;75;83;86;74;83;87;82;85;27;1;0;0;1;0;0;0;5001
543;威廉-道格拉斯;WILLIAM DOUGLAS;1;2;8;76;87;70;86;84;69;76;83;81;72;81;82;83;82;27;1;0;0;1;0;0;0;5001
544;焦泊乔;JiaoBoQiao;5;0;8;66;84;77;80;82;72;72;64;77;77;76;81;75;78;23;3;广东;26;5;0;0;202200;490
545;郭艾伦;Guo Ailun;2;1;10;77;77;83;83;76;67;68;66;72;72;80;80;70;76;31;15;广州;28;1;0;0;201000;225
546;李祥波;lixiangbo;3;4;7;69;83;68;66;78;71;76;72;76;65;70;71;76;75;25;7;广州;28;1;0;0;202429;5001
547;丁彦雨航;Ding Yanyuhang;3;0;10;68;72;78;71;74;72;73;75;76;77;70;73;75;75;31;14;0;0;1;0;0;201100;209
548;泰肖恩-克劳福德;TYSHAUN CRAWFORD;5;0;8;66;82;44;79;71;75;80;66;74;61;70;70;76;73;26;1;0;0;1;0;0;0;5001
549;刘颜诚;Liu Yancheng;3;0;6;68;60;87;56;84;68;67;72;66;81;66;68;75;72;23;4;广州;28;1;0;0;202100;5001
550;蒋帅;JiangShuai;2;0;6;62;71;76;72;65;68;65;76;69;75;74;70;69;70;28;3;0;0;1;0;0;202204;5001
551;张兴亮;Xing Liang Zhang;2;0;6;70;63;76;74;74;67;65;69;66;72;69;71;69;70;21;1;0;0;3;0;0;202400;5001
552;于米提;Yumiti Saidak;2;3;7;67;62;82;62;75;68;68;68;66;76;68;69;70;69;21;1;山西;9;1;0;0;0;5001
669;杰伦-诺威尔;Jaylen Nowell;2;1;8;71;76;68;81;76;55;59;68;65;70;72;72;64;68;25;0;山西;9;0;0;0;0;637
553;高宇坤;Gao Yukun;5;0;7;62;72;72;61;73;71;73;55;69;70;56;67;70;69;27;1;广州;28;1;0;0;0;5001
554;陈冠岐;Chen Guanqi;3;4;7;62;72;72;61;73;71;73;55;69;70;56;64;68;67;21;1;长沙;15;1;0;0;0;5001
555;李健豪;Li Jianhao;3;4;7;62;72;72;61;73;71;73;55;69;70;56;64;68;67;21;1;0;0;1;0;0;0;5001
556;邵炜昀;Shao Weiyun;1;2;7;67;55;67;65;69;68;65;66;64;70;67;64;66;65;25;1;广州;28;1;0;0;0;5001
557;李佳朝;Li Jiachao;1;2;7;62;72;72;61;73;71;73;55;69;70;56;65;66;65;25;1;0;0;1;0;0;0;5001
558;杨梓杰;Yang Zijie;1;2;7;62;72;72;61;73;71;73;55;69;70;56;65;66;65;25;1;0;0;1;0;0;0;5001
559;黄艺;Huang Yi;5;0;6;63;75;65;63;66;71;66;46;70;67;63;68;63;65;25;4;0;0;1;0;0;202100;5001
560;袁照耀;Yuan Zhaoguang;3;0;7;64;56;64;74;63;69;65;66;64;65;66;63;64;64;23;1;广州;28;1;0;0;0;5001
561;邹运;Yun Zou;4;3;7;66;72;59;69;63;67;65;59;68;61;68;66;62;64;22;2;0;0;2;0;0;202312;5001
562;王映然;Wang Yingran;5;0;7;64;61;50;79;58;69;64;68;65;62;69;63;63;63;25;1;广州;28;1;0;0;0;5001
563;佟佳俊;Tong JiaJun;1;0;6;67;50;57;50;60;68;63;65;62;63;65;56;62;59;22;4;0;0;2;0;0;202100;5001
564;于晓辉;Yu Xiaohui;5;0;6;64;55;44;75;52;68;63;62;64;61;65;58;58;58;26;5;0;0;2;0;0;202000;5001
565;李佳哲;Jia Zhe Lli;1;0;6;74;53;65;53;60;52;52;62;54;65;58;61;53;58;21;1;0;0;3;0;0;202400;5001
566;赵泰隆;Zhao Tailong;2;3;7;82;76;80;71;74;67;66;76;83;85;80;82;72;78;34;1;0;0;1;0;0;202400;2838
567;艾麦尔-卡斯木;Aimer Kasim;3;4;7;78;72;70;70;75;71;73;62;71;73;67;73;71;73;27;4;0;0;1;0;0;202100;5001
568;范洪浩;Fan Honghao;1;0;6;75;73;78;63;72;56;64;75;70;78;64;74;68;72;26;1;0;0;1;0;0;202400;5001
569;赵天熠;Zhao Tianyi;5;0;6;68;75;71;60;81;70;68;66;79;68;64;71;73;72;29;3;0;0;1;0;0;202200;5001
570;达科·普拉尼尼克;Darko Planinic;5;0;8;62;72;72;61;73;71;73;55;69;70;56;67;70;69;34;1;0;0;1;0;0;0;5001
571;洛塔娜·阿法姆·恩沃格博;Lotanna Afam Nwogbo;5;0;8;62;72;72;61;73;71;73;55;69;70;56;67;70;69;32;1;0;0;1;0;0;0;5001
572;王子麒;Wang Ziqi;3;4;6;70;64;74;70;68;67;71;66;65;70;72;69;68;69;28;9;0;0;1;0;0;201600;5001
573;胡彤浩;Hu Tonghao;5;0;6;69;79;57;64;65;77;63;57;80;59;63;70;66;68;25;4;0;0;1;0;0;202100;5001
364;王思奇;WANG S.Q.;2;1;6;71;63;71;66;68;72;74;70;71;77;66;69;72;70;30;5;广西;29;1;0;0;202000;5001
263;贾维恩-哈姆雷特;Javion Hamlet;1;0;7;91;73;84;80;72;71;64;79;72;81;73;86;74;81;26;1;广西;29;1;0;0;202400;5001
574;庞峥麟;Pang Zhenglin;1;2;6;74;66;68;70;62;57;66;78;66;67;64;69;67;68;25;6;广西;29;1;0;0;201900;5001
521;张明禹;Zhang Mingyu;1;2;8;62;72;72;61;73;71;73;55;69;70;56;67;70;69;23;0;广西;29;0;0;0;0;5001
521;徐圣贤;Xu Shengxian;5;0;8;62;72;72;61;73;71;73;55;69;70;56;67;70;69;26;0;广西;29;0;0;0;0;5001
521;乔尔杰·加吉奇;Đorđe Gagić;5;0;8;62;72;72;61;73;71;73;55;69;70;56;67;70;69;34;0;广西;29;0;0;0;0;5001
521;黄承印;Huangcheng Ying;2;1;8;62;72;72;61;73;71;73;55;69;70;56;67;70;69;23;0;广西;29;0;0;0;0;5001
521;李庆博;Li Qingbo;1;2;8;62;72;72;61;73;71;73;55;69;70;56;67;70;69;25;0;广西;29;0;0;0;0;5001
521;约瑟夫·伊曼纽尔·劳森三世;Joseph Emmanuel Lawson III;3;4;8;62;72;72;61;73;71;73;55;69;70;56;67;70;69;33;0;广西;29;0;0;0;0;5001
521;努尔法特·努尔麦麦提;Nurfat Nurmaiiti;3;4;8;62;72;72;61;73;71;73;55;69;70;56;67;70;69;25;0;广西;29;0;0;0;0;5001
575;彰中非;Zhong Fei Zhang;3;4;7;62;72;72;61;73;71;73;55;69;70;56;64;68;67;21;1;安徽;19;1;0;0;0;5001
576;黄译;Huang Yi;2;1;6;62;72;72;61;73;71;73;55;69;70;56;64;67;65;19;1;0;0;1;0;0;0;5001
577;刘傲;Liu Ao;1;2;7;62;72;72;61;73;71;73;55;69;70;56;65;66;65;26;1;广西;29;1;0;0;0;5001
578;普林斯·亚当斯·阿里;Prince Adams Ali;1;2;8;62;72;72;61;73;71;73;55;69;70;56;65;66;65;34;1;0;0;1;0;0;0;5001
579;宗嘉骏;Zong Jiajun;2;1;6;62;72;72;61;73;71;73;55;69;70;56;64;67;65;23;1;0;0;1;0;0;0;5001
580;孙巍;Sun wei;5;0;6;62;75;67;63;67;56;62;61;73;71;65;69;59;64;23;1;0;0;1;0;0;202400;5001
581;杨子煜;Yang Ziyu;5;0;6;63;76;62;55;62;62;72;58;77;59;61;66;62;64;21;1;0;0;1;0;0;202400;5001
582;赵海铭;Zhao Haiming;3;4;6;67;59;71;70;61;57;62;65;59;65;71;65;59;63;22;1;0;0;1;0;0;202400;5001
249;杨文学;Yang Wen Xue;5;0;7;66;77;64;72;66;71;72;65;71;64;70;71;69;70;27;1;0;0;1;0;0;202416;5001
583;琼斯;DOMINIQUE JONES;2;0;9;90;86;81;78;84;71;76;90;82;88;77;88;86;87;36;12;0;0;1;0;0;201300;1413
584;刘传兴;liuchuanxing;5;0;8;66;79;68;68;73;69;79;67;75;64;69;72;74;73;26;1;0;0;1;0;0;0;5001
585;毕继光;bijiguang;1;2;6;77;72;70;71;65;63;64;83;68;71;69;74;71;73;31;11;0;0;1;0;0;201400;5001
586;侯天一;Hou Tianyi;4;0;6;70;73;70;66;75;70;75;62;74;70;66;72;72;72;29;4;香港;30;1;0;0;202100;5001
587;李禹豪;Li Yuhao;4;3;6;62;77;62;66;80;76;71;62;72;68;66;68;75;72;26;5;0;0;1;0;0;202000;5001
588;梁兆华;Liang Zhaohua;3;4;6;73;71;70;67;76;66;71;73;68;70;70;70;73;72;30;1;0;0;1;0;0;202400;5001
589;董健;Dong jian;3;4;6;81;70;67;79;68;61;69;63;71;68;76;75;64;71;28;9;香港;30;1;0;0;201600;5001
590;杨凯;Yangkai;3;4;6;76;70;74;79;71;61;62;68;72;69;77;76;64;71;28;1;广西;29;1;0;0;202400;5001
521;王凯;Wang Kai;4;3;8;62;72;72;61;73;71;73;55;69;70;56;67;70;69;20;0;广西;29;0;0;0;0;5001
591;约书亚·卡尔顿;JOSHUA EURIA CARLTON;5;0;8;62;72;72;61;73;71;73;55;69;70;56;67;70;69;26;1;0;0;1;0;0;0;5001
592;刁展望;Diao Zhanwang;3;4;6;66;71;68;65;73;66;66;69;70;69;65;67;68;69;24;3;香港;30;1;0;0;202200;5001
593;朱松玮;zhusongwei;4;3;8;62;72;72;61;73;71;73;55;69;70;56;66;69;68;28;1;0;0;1;0;0;0;745
594;杨睿骐;Yang Ricky;2;1;6;69;60;77;75;65;62;67;62;63;79;74;71;62;67;26;1;香港;30;1;0;0;202400;5001
595;罗纳德·马奇;Ronald Eugene March Jr;2;3;8;62;72;72;61;73;71;73;55;69;70;56;64;67;65;31;1;0;0;1;0;0;0;5001
596;孙晨然;Sun Chenran;2;1;6;62;72;72;61;73;71;73;55;69;70;56;64;67;65;26;1;香港;30;1;0;0;0;5001
597;杨瑞鸿;Yang Ruihong;1;2;6;62;72;72;61;73;71;73;55;69;70;56;65;66;65;28;1;香港;30;1;0;0;0;5001
598;余柏林;Yu Bolin;3;4;6;63;70;67;63;67;59;67;67;66;66;66;64;64;65;25;1;香港;30;1;0;0;202400;5001
599;卢杜伟;LuDuwei;3;4;6;69;61;66;69;61;59;61;67;67;70;73;67;59;64;25;3;香港;30;1;0;0;202200;5001
521;吴委峻;Wu Weijun;1;2;8;62;72;72;61;73;71;73;55;69;70;56;67;70;69;20;0;香港;30;0;0;0;0;5001
521;莫隽杰;Mo Junjie;1;2;8;62;72;72;61;73;71;73;55;69;70;56;67;70;69;20;0;香港;30;0;0;0;0;5001
521;迈克尔-厄特尔二世;Michael Ertel II;1;2;8;62;72;72;61;73;71;73;55;69;70;56;67;70;69;26;0;香港;30;0;0;0;0;5001
521;凯文-克罗斯;Kevin Cross Jr.;3;0;8;62;72;72;61;73;71;73;55;69;70;56;67;70;69;25;0;长沙;15;0;0;0;0;5001
600;特奎维恩-史密斯;Terquavion Smith;1;0;8;84;88;88;86;91;72;79;81;83;96;86;95;87;91;23;1;深圳;27;0;0;0;0;2862
601;佩里;REGGIE PERRY;5;0;7;73;91;89;84;88;77;82;68;86;77;91;92;84;88;25;1;北控;7;1;0;0;202400;1386
602;安东尼奥-布莱克尼;ANTONIO BLAKENEY;2;0;9;78;88;90;89;91;78;85;70;85;90;83;91;85;88;28;3;0;0;0;0;0;202200;2966
603;阿丘尔;Acuil Lual Lual;5;4;9;72;94;43;87;73;95;91;82;93;63;82;82;92;87;32;2;0;0;0;0;0;202200;5001
604;泰勒-罗切斯特;TAYLOR ROCHESTIE;1;0;8;95;78;89;73;72;64;84;87;76;87;76;91;82;87;39;7;0;0;0;0;0;201800;5001
605;坎普;MAURICE KEMP;4;0;8;69;95;66;88;72;77;87;96;97;66;95;87;86;86;34;1;0;0;0;0;0;202400;5001
606;梅森;Frank Mason;1;2;8;88;92;83;75;76;67;68;84;88;93;78;92;78;86;31;8;0;0;0;0;0;0;2029
607;厄泰尔;THOMAS HEURTEL;1;0;8;90;65;91;89;84;67;72;82;68;82;80;89;81;85;36;1;0;0;0;0;0;0;5001
608;达柳斯-亚当斯;DARIUS ADAMS;1;0;8;87;85;83;78;82;71;73;86;83;75;77;87;83;85;36;9;0;0;0;0;0;201600;5001
609;莱斯特-哈德森;Lester Hudson;2;0;7;86;80;84;83;83;74;72;75;83;90;90;90;79;85;40;1;0;0;0;0;0;202400;1822
610;博班-马里亚诺维奇;Boban Marjanovi?;5;0;8;77;93;81;81;78;83;78;61;89;80;78;90;80;85;37;1;0;0;0;0;0;201500;604
611;巴顿;Will Barton;2;3;8;85;83;79;91;76;71;79;75;77;92;78;89;78;84;35;1;0;0;0;0;0;0;364
612;沃特斯;TREMONT WATERS;1;0;9;87;81;86;74;88;69;70;75;75;90;74;88;79;84;27;1;0;0;0;0;0;202400;2221
613;阿尔法-卡巴;ALPHA KABA;5;0;8;65;88;61;62;90;82;95;81;80;60;60;72;94;84;29;1;深圳;27;0;0;0;202400;5001
614;格雷格-门罗;GREG MONROE;5;0;8;78;88;67;79;79;80;84;70;89;74;73;84;83;84;34;3;0;0;0;0;0;202200;275
615;莫里斯-坎普;Maurice Kemp;4;0;8;74;88;74;84;80;81;82;74;85;77;77;85;83;84;33;1;0;0;0;0;0;202400;5001
616;巴尔文;Ondrej Balvin;5;0;8;70;94;76;69;66;80;97;69;92;65;74;84;83;83;32;1;0;0;0;0;0;0;5001
617;高登;ROBERT GOLDEN;1;0;10;88;85;82;86;75;67;70;67;79;90;94;93;70;83;33;5;0;0;0;0;0;202000;5001
618;德维恩-培根;DWAYNE BACON;3;0;9;71;87;80;75;86;74;82;73;82;76;79;81;83;83;29;1;0;0;0;0;0;202400;2074
619;弗拉迪米尔-斯蒂马克;Vladimir Stimac;5;0;7;76;75;80;83;80;80;81;69;80;82;75;83;82;83;37;1;0;0;0;0;0;202400;5001
620;索恩-梅克;THON MAKER;5;0;8;64;88;80;76;85;88;81;59;81;74;70;81;85;83;28;3;0;0;0;0;0;202200;615
621;泰勒-斯通;Tyler Stone;4;0;7;80;84;77;84;80;80;75;70;85;82;80;87;80;83;33;1;0;0;0;0;0;202400;5001
622;帕里克-巴斯;PARIS BASS;4;5;8;76;92;72;83;78;72;83;79;87;75;78;86;81;83;30;1;0;0;0;0;0;0;5001
623;沙约克;MARIAL SHAYOK;3;0;8;74;82;89;92;76;69;73;77;76;83;89;88;76;83;29;1;0;0;0;0;0;202400;2120
624;普润斯-库芒古;Prince Kamunga;3;4;8;74;82;80;84;83;72;76;73;77;76;80;82;79;82;32;1;0;0;0;0;0;202400;5001
625;威金顿;LINDELL WIGGINTON;1;0;8;80;88;77;83;83;69;66;68;82;82;88;88;73;81;27;1;广州;28;0;0;0;202400;2179
626;贾希尔-奥卡福;JAHLIL OKAFOR;5;0;8;62;91;69;67;86;80;81;64;88;74;72;79;83;81;29;4;0;0;0;0;0;202100;357
627;塔科-法尔;TACKO FALL;5;0;8;61;90;60;62;91;88;80;60;79;71;74;74;87;81;29;3;宁波;23;0;0;0;202200;958
628;泰勒-约翰斯;TAYLOR MAURICE JOHNS;5;0;7;75;85;75;65;76;75;87;67;83;76;71;81;80;81;30;1;0;0;0;0;0;202400;5001
629;埃德-戴维斯;ED DAVIS;5;4;7;72;84;65;70;80;86;75;72;85;66;66;77;83;80;35;2;0;0;0;0;0;202300;428
630;崔永熙;Cui Yongxi;4;0;10;72;86;82;77;81;68;71;84;84;77;73;84;78;80;22;3;广东;26;0;0;226;202200;427
631;多诺万-史密斯;DONOVAN A SMTH;5;0;8;67;88;65;68;80;80;82;64;88;66;73;78;82;80;31;1;0;0;0;0;0;202400;5001
632;卡利克-琼斯;CARLIK JONES;1;0;8;75;82;87;84;85;61;71;73;66;81;77;84;76;80;27;1;0;0;0;0;0;202400;1833
633;里奇-雷多;Ricky Ledo;2;0;7;74;80;84;80;80;75;74;72;80;81;73;82;78;80;32;1;0;0;0;0;0;202400;1206
634;罗伯特.雷德杰尔.厄普肖三世;Robert Upshaw III;5;0;7;65;84;63;60;85;80;86;64;80;72;70;73;85;80;30;1;苏科;18;0;0;0;202400;5001
635;米歇尔-瓦特;Mitchell Watt;5;0;7;71;86;68;75;84;81;80;63;88;62;60;78;83;80;35;1;0;0;0;0;0;202400;5001
636;莫里斯-恩多尔;Maurice Ndour;5;0;7;78;84;73;73;82;76;72;68;86;73;71;83;78;80;32;1;0;0;0;0;0;202400;5001
637;乔丹-贝尔;JORDAN BELL;5;0;8;65;86;70;71;84;84;75;67;84;62;67;76;83;80;30;3;0;0;0;0;0;202200;380
638;韦恩-塞尔登;Wayne Selden Jr.;2;3;7;86;80;77;71;77;66;70;86;75;83;72;81;78;80;30;1;0;0;0;0;0;202400;2111
639;约翰-奈特三世;JOHN KNIGHT Ⅲ;2;0;8;86;79;85;70;79;74;64;73;79;87;72;84;74;80;25;1;0;0;0;0;0;202400;5001
640;扎克-洛夫顿;Zach Lofton;2;0;7;84;80;83;77;74;71;71;74;77;85;80;85;74;80;32;1;0;0;0;0;0;202400;2957
641;穆迪;STEFAN MOODY;1;0;8;82;78;78;67;80;72;69;78;72;76;70;79;78;79;31;1;0;0;0;0;0;202400;5001
642;奥历-艾伦;Omic Alen;5;0;7;70;80;72;76;84;71;80;64;79;76;74;79;79;79;32;1;0;0;0;0;0;202400;5001
643;布兰登-杰弗森;Brandon Jefferson;1;0;7;85;82;80;74;80;67;65;76;71;77;76;83;75;79;33;1;0;0;0;0;0;202400;5001
644;戴蒙德-斯通;Diamond Stone;4;5;7;68;80;67;71;85;83;78;68;82;72;68;75;83;79;27;1;0;0;0;0;0;202400;1469
645;尼西尔-布鲁克斯;Nysier Brooks;5;0;7;70;79;66;73;85;84;72;65;84;70;72;77;81;79;28;1;0;0;0;0;0;202400;5001
646;山缪-德古拉;Samuel Deguara;5;0;7;64;85;65;73;82;77;77;68;87;70;69;77;80;79;33;1;0;0;0;0;0;202400;5001
647;费尔德;KAY FELDER;1;0;9;77;67;72;80;90;67;67;72;69;81;86;79;77;78;30;6;0;0;0;0;0;201900;964
648;马库斯-基恩;MARCUS KEENE;1;0;8;81;80;82;80;76;58;65;76;76;81;69;83;71;78;30;1;0;0;0;0;0;202400;5001
649;迈克尔-K-霍利费尔德;Michael Holyfield;5;0;7;63;84;68;66;80;77;80;68;86;70;68;75;80;78;32;8;0;0;0;0;0;201700;5001
650;帕尼尼奇-达科;Planinic Darko;5;0;7;62;88;65;70;85;77;74;63;91;65;68;77;79;78;34;1;0;0;0;0;0;202400;5001
651;寸守伟;CUN S.W.;5;0;6;65;85;66;70;81;75;74;61;83;72;71;77;76;77;38;10;0;0;0;0;0;201500;5001
652;德里克-沃顿;DERRICK WALTON JR.;1;0;8;76;67;72;81;72;71;74;81;66;78;76;76;78;77;30;1;0;0;0;0;0;202400;1551
653;杰伦-莱利;JALEN RILEY;1;0;8;70;81;87;74;83;61;64;75;76;85;68;81;74;77;32;1;0;0;0;0;0;202400;5001
654;拉希德-苏莱蒙;Rasheed Sulaimon;2;1;7;81;69;92;74;69;72;65;74;76;85;72;83;71;77;30;1;0;0;0;0;0;202400;5001
655;马尔科-查卡莱维奇;MARKO CAKAREVIC;4;0;7;63;78;75;73;82;70;76;66;81;82;76;77;76;77;37;1;0;0;0;0;0;202400;5001
656;文卡泰什-乔伊斯;VENKATESHA JOIS;4;5;7;60;88;64;66;87;63;89;76;87;58;55;70;82;77;31;1;0;0;0;0;0;202400;5001
657;西热力江-木合塔尔;Xirelijiang Muhetaer;2;0;8;84;78;82;80;80;63;70;65;77;78;75;83;70;77;34;25;0;0;0;0;0;2000800;1930
658;香浓-肖特;SHANNON SHORTER;2;1;7;82;74;78;77;82;67;72;66;75;80;74;80;73;77;35;1;0;0;0;0;0;202400;5001
659;谢里夫-库珀;SHARIFE COOPER;1;0;8;84;65;82;76;69;64;70;78;63;82;75;81;73;77;23;1;0;0;0;0;0;202400;1168
660;亚卡尔-桑普森;JAKARR SAMPSON;4;0;7;65;84;68;76;85;73;71;72;81;74;70;76;78;77;32;7;广厦;24;0;0;0;201800;2116
661;以赛亚-泰勒;ISAIAH TAYLOR;1;0;8;81;80;72;66;81;61;64;78;73;82;70;78;74;77;30;1;0;0;0;0;0;202400;1004
662;DJ-斯图尔特;D.J. Stewart;2;3;7;77;76;85;65;74;68;70;76;71;87;66;78;74;76;25;1;0;0;0;0;0;202400;1470
663;本尼-博特赖特;BENNIE BOATWRIGHT;4;0;8;68;80;76;70;83;73;79;59;74;66;69;74;77;76;28;1;0;0;0;0;0;202400;5001
664;刘志轩;Liu Zhixuan;2;0;6;67;76;87;74;80;65;66;73;77;85;78;79;73;76;34;3;0;0;0;0;0;202200;5001
665;马尔科-托多洛维奇;Marko Todorovic;5;0;7;73;80;74;68;73;77;75;65;78;68;67;77;75;76;32;1;0;0;0;0;0;202400;1500
666;马库斯-丹蒙;Marcus Denmon;2;0;7;72;80;77;76;83;75;70;68;74;72;73;76;76;76;34;1;0;0;0;0;0;202400;1762
667;于梁;Yu Liang;4;0;7;67;80;73;72;76;76;73;74;80;70;72;76;77;76;37;11;0;0;0;0;0;201400;5001
668;张春军;Zhang Chunjun;3;0;6;65;76;70;78;76;71;75;70;73;80;83;75;75;76;37;15;0;0;0;0;0;201000;5001
669;阿基尔-米切尔;AKIL MITCHELL;5;4;6;67;81;50;82;75;69;85;70;74;62;70;72;77;75;32;6;0;0;0;0;0;202400;5001
670;纽曼;MALIK NEWMAN;2;1;8;67;78;78;92;75;67;69;63;73;82;80;80;68;75;28;2;0;0;0;0;0;202300;2060
671;德勒黑;Delhei;4;0;7;68;80;72;67;80;70;73;68;80;65;72;75;75;75;34;6;0;0;0;0;0;201900;5001
672;韩硕;Han Shuo;2;0;8;76;76;75;74;70;66;68;73;81;84;82;80;70;75;39;20;0;0;0;0;0;200500;5001
673;焦恩格尔-胡依山;Jiao Engeer;5;0;6;67;76;63;74;82;71;78;64;81;64;67;73;77;75;30;5;0;0;0;0;0;202006;5001
674;刘大鹏;Liu Dapeng;3;0;6;74;78;69;79;76;69;67;67;78;72;74;77;70;75;35;11;0;0;0;0;0;201400;5001
675;马库尔-梅克;Makur Maker;4;0;7;66;77;74;66;72;79;74;71;80;70;70;73;76;75;24;1;0;0;0;0;0;202400;5001
676;肖克来提-阿扎提;Shokleti Azati;3;4;6;73;76;72;73;81;72;68;70;75;70;72;74;74;75;33;4;0;0;0;0;0;202100;5001
677;诸宏春;Zhu Hongchun;2;1;6;77;68;76;78;74;62;70;77;74;80;78;78;73;75;35;1;0;0;0;0;0;202400;5001
678;阿多尼斯-阿姆斯;Adonis Arms;1;2;8;69;73;75;72;72;73;65;76;70;79;71;74;73;74;27;2;0;0;0;0;0;202200;5001
679;郭金林;Guo Jinlin;3;0;6;78;80;76;67;68;72;74;65;75;74;68;76;70;74;34;12;0;0;0;0;0;201300;5001
680;姜君奇;Jiang Junqi;3;4;6;71;71;75;71;75;68;69;68;71;80;76;75;71;74;34;11;0;0;0;0;0;201400;5001
681;米切尔-克里克;MITCHELL CREEK;3;0;6;65;82;70;71;81;66;71;67;81;73;72;74;72;74;33;1;0;0;0;0;0;202400;5001
682;乔文瀚;Qiao Wenhan;3;0;6;64;76;70;76;81;66;70;72;72;71;78;72;74;74;33;8;0;0;0;0;0;201723;5001
683;孙伟博;Sun Weibo;2;1;6;78;70;76;72;74;68;66;70;76;81;72;77;70;74;35;5;0;0;0;0;0;202034;5001
684;孙喆;Sun Zhe;5;0;6;66;85;67;62;76;72;70;67;86;65;62;74;73;74;34;1;0;0;0;0;0;202400;5001
685;永安奇-何塞-门西亚;Yoanki Mencia;4;0;7;67;76;71;68;79;70;74;62;77;76;71;74;73;74;27;1;0;0;0;0;0;202400;5001
686;张辉;Zhang Hui;1;0;7;74;75;74;74;71;66;70;71;75;75;72;77;71;74;29;11;0;0;0;0;0;201400;5001
687;钟诚;Zhong Cheng;5;0;8;62;81;65;67;84;71;73;61;77;69;65;72;75;74;36;17;0;0;0;0;0;200800;5001
688;何泽;He Ze;3;4;6;79;79;64;76;74;63;75;62;76;68;77;76;69;73;28;7;0;0;0;0;0;201800;5001
689;李泓翰;Li Honghan;2;0;7;77;67;79;77;71;67;67;67;67;77;76;76;68;73;29;1;0;0;0;0;0;201400;5001
690;李京龙;Li Jinglong;3;0;7;78;71;65;76;70;63;66;78;74;70;74;74;69;73;30;12;0;0;0;0;0;201300;5001
691;迈克尔-弗雷泽;MICHAEL FRAZIER II;3;4;7;72;70;69;69;72;74;71;71;70;71;73;71;73;73;31;2;0;0;0;0;0;202300;467
692;牛保顺;Niubao shun;3;4;6;68;76;75;75;67;69;70;70;71;71;76;74;69;73;27;7;0;0;0;0;0;201800;5001
693;任雪飞;Ren Xuefei;2;1;6;72;72;83;68;69;66;67;74;70;84;75;76;70;73;34;4;0;0;0;0;0;202100;5001
694;孙思尧;Sun Siyao;4;0;6;62;71;68;69;81;81;70;60;71;68;72;69;76;73;28;6;0;0;0;0;0;201900;5001
695;王汝恒;Wang Ruheng;2;1;6;71;73;76;75;74;66;67;73;76;74;76;75;71;73;35;14;0;0;0;0;0;201100;5001
696;许烜行;Hui Huen Hang Hyman;1;2;6;78;72;80;74;61;67;58;78;67;76;72;78;66;73;28;1;0;0;0;0;0;202400;5001
697;张斌;ZhangBin;5;0;6;71;72;69;69;68;79;78;57;73;68;67;72;74;73;31;3;0;0;0;0;0;202213;5001
698;张大宇;Zhang Dayu;5;0;6;69;74;72;70;76;68;74;71;70;70;71;73;73;73;34;19;0;0;0;0;0;200600;5001
699;赵阳;ZhaoYang;2;1;6;72;74;79;74;77;60;62;71;78;77;71;76;68;73;38;2;0;0;0;0;0;202332;5001
700;周湛东;Zhou Zhandong;1;2;6;72;76;75;72;72;67;65;71;72;73;76;76;69;73;34;12;0;0;0;0;0;201300;5001
701;吕俊虎;Junhu Lv;4;0;6;67;65;91;74;65;70;75;71;67;83;66;74;70;72;26;4;青岛;4;0;0;0;202114;5001
702;陈辰;Chen Chen ;3;2;6;65;75;73;72;70;65;70;70;73;79;81;74;69;72;33;11;0;0;0;0;0;201400;5001
703;德文特-格雷厄姆;Devonte' Graham;1;2;9;71;75;81;74;80;60;61;65;69;80;64;76;67;72;30;7;0;0;0;0;0;0;220
704;凯尔-奥奎因;KYLE O'QUINN;5;4;6;63;72;62;63;72;80;74;69;79;66;65;68;76;72;35;2;0;0;0;0;0;202300;812
705;凯瑟-希尔;KASEY HILL;1;0;7;80;63;71;76;68;54;70;71;68;78;74;76;67;72;31;1;0;0;0;0;0;202400;5001
706;李天戈;Li Tiange;1;2;6;82;60;83;66;70;52;73;70;64;77;63;75;67;72;28;4;0;0;0;0;0;202100;5001
707;李晓鹏;Li Xiao Peng;4;0;6;75;81;66;64;75;75;71;59;75;65;64;73;72;72;28;11;0;0;0;0;0;201400;5001
708;刘佳鑫;LiuJiaXin;3;0;6;66;77;70;73;64;67;72;75;77;69;72;72;70;72;26;3;长沙;15;0;0;0;202200;5001
709;刘羽楠;Liu Yunan;5;0;6;70;76;72;71;73;74;67;61;70;73;69;74;70;72;30;10;0;0;0;0;0;201500;5001
710;卢艺文;Lu Yiwen;4;0;6;68;75;65;66;81;67;74;62;74;65;69;70;73;72;30;11;香港;30;0;0;0;201400;5001
711;区俊炫;Ou Junxuan;5;0;6;60;71;58;67;79;81;79;50;74;63;67;66;78;72;26;3;0;0;0;0;0;202201;5001
712;泰尔斯-巴特;Tyus Battle;2;3;7;72;73;75;75;76;64;66;73;72;71;74;74;71;72;27;1;0;0;0;0;0;202400;5001
713;王庆明;Wang QingMing;3;0;6;69;77;67;70;77;67;70;61;76;74;76;73;69;72;32;13;长沙;15;0;0;0;201200;5001
714;薛驰;XUECHI;3;4;6;78;71;76;74;62;72;69;65;73;73;71;75;66;72;24;1;0;0;0;0;0;202400;5001
715;约吉-费雷尔;YOGI FERRELL;1;0;7;87;64;71;69;75;62;64;69;71;71;66;75;68;72;32;2;0;0;0;0;0;202300;459
716;张展玮;Zhang Zhanwei;3;4;6;71;63;66;73;75;63;74;76;68;70;69;68;73;72;27;6;0;0;0;0;0;201900;5001
717;朱荣振;Zhu Rongzhen;5;0;6;64;73;66;61;78;78;79;53;71;62;65;67;77;72;26;8;0;0;0;0;0;201700;5001
718;陈金龙;Chen Jinlong;1;2;6;74;73;74;65;70;59;71;69;71;75;68;74;68;71;32;9;0;0;0;0;0;201600;5001
719;冯祺;Feng qi;2;1;6;73;68;75;68;74;67;70;71;70;71;71;71;72;71;33;7;0;0;0;0;0;201800;5001
720;蒋淯安;Jiang YuAn;1;2;6;73;70;74;70;77;58;62;71;69;73;68;73;68;71;33;1;0;0;0;0;0;202400;5001
721;肯尼-伯顿;KENNETH BOYNTON;1;2;6;84;66;70;64;65;57;66;77;68;69;67;73;68;71;33;7;0;0;0;0;0;201800;5001
722;李明皓;Li Ming Hao;4;3;6;62;78;65;64;75;74;73;63;80;60;64;68;73;71;32;11;广西;29;0;0;0;201400;5001
723;林思阳;Lin Siyang;5;0;6;72;70;63;62;75;78;73;56;71;64;60;67;74;71;26;4;0;0;0;0;0;202100;5001
724;罗毅;Luo Yi;3;4;6;72;70;67;76;66;65;73;67;73;72;69;72;67;71;27;6;0;0;0;0;0;201900;5001
725;马壮;Ma Zhuang;2;0;6;75;72;73;74;65;65;64;70;70;76;74;75;65;71;26;7;0;0;0;0;0;201800;5001
726;牟文博;Mou Wenbo;1;2;6;75;69;76;73;60;55;69;75;69;78;71;76;66;71;25;1;0;0;0;0;0;202400;5001
727;木塔哈尔-孜比不拉;Mutahar Zibibra;4;3;6;60;72;77;68;70;72;73;65;74;73;67;70;71;71;29;1;0;0;0;0;0;202400;5001
728;宋帅;Song Shuai;3;4;6;65;64;64;74;67;69;72;77;71;70;76;68;72;71;28;5;0;0;0;0;0;202000;5001
729;苏比哈提-吐尔逊;SuBiHaTi Tu Er Xun;5;0;6;70;77;73;62;64;81;70;61;74;70;61;72;71;71;26;7;0;0;0;0;0;201800;5001
730;孙锴祺;Sun Kaiqi;5;0;6;66;80;62;60;74;70;71;67;80;72;61;71;72;71;31;1;0;0;0;0;0;202400;5001
731;田桂森;Tian Guisen;2;0;6;80;71;73;77;63;57;64;76;70;73;78;77;65;71;30;13;0;0;0;0;0;201200;5001
732;张卓;Zhang Zhuo;4;0;6;71;79;64;66;76;75;66;56;79;65;65;72;70;71;29;8;0;0;0;0;0;201700;5001
733;焦海龙;Jiao Hailong;4;0;6;66;64;76;67;76;72;72;66;66;70;69;68;73;70;28;9;0;0;0;0;0;201600;5001
734;阿内特-莫尔特里;ARNETT MOULTRIE;4;0;6;69;72;69;63;69;75;73;60;77;71;64;70;70;70;34;5;0;0;0;0;0;202000;1325
735;郭凯伦;Karen Guo;1;2;6;70;71;73;67;74;66;64;68;75;75;64;72;68;70;29;6;0;0;0;0;0;201900;5001
736;黄汉生;Huang Hansheng;1;2;6;84;60;74;60;70;64;62;72;63;76;65;73;68;70;26;1;0;0;0;0;0;202400;5001
737;江凯;Jiang Kai;1;2;6;69;72;74;68;64;67;71;70;72;70;66;71;68;70;30;5;0;0;0;0;0;202000;5001
738;李佳益;Li Jiayi;5;0;6;72;79;68;61;78;67;68;51;80;70;59;73;68;70;27;1;0;0;0;0;0;202400;5001
739;孟天艺;Meng Tianyi;5;0;6;72;73;61;62;75;70;72;56;78;60;65;69;70;70;26;5;0;0;0;0;0;202000;5001
739;孟天艺;Meng Tianyi;5;0;6;72;73;61;62;75;70;72;56;78;60;65;69;70;70;26;5;四川;13;0;0;0;202000;5001
513;张昊;Zhang Hao;4;0;8;66;62;58;45;59;75;68;62;65;64;64;58;65;62;28;4;0;0;1;0;0;202000;5001
740;缪光旸;Liao GuangYang;5;0;6;60;79;72;59;70;71;67;67;80;72;62;71;69;70;28;10;0;0;0;0;0;201500;5001
741;史亚峰;Shi Yafeng;5;0;6;70;76;58;59;67;80;67;58;77;66;65;69;70;70;26;1;0;0;0;0;0;202400;5001
742;宋润杰;Song Runjie;3;4;6;70;65;67;65;74;67;67;75;64;70;67;66;72;70;28;7;0;0;0;0;0;201800;5001
743;王富申;Wang Fushen;3;0;6;77;75;75;69;64;60;70;62;73;70;72;75;62;70;25;1;0;0;0;0;0;202400;5001
744;王洪;Wang Hong;1;0;6;73;60;74;72;69;65;70;70;64;75;68;71;69;70;32;9;0;0;0;0;0;201600;5001
745;王泉泽;Wang Quanze;4;0;6;69;74;65;63;68;76;70;63;74;65;64;69;70;70;24;2;0;0;0;0;0;202300;5001
746;香农-埃文斯二世;SHANNON EVANS II;1;0;6;79;73;78;68;64;65;62;64;71;75;70;77;62;70;30;2;0;0;0;0;0;202300;5001
747;杨健鑫;Yang Jianxin;3;4;6;66;68;66;67;65;66;72;72;73;76;74;69;69;70;28;1;0;0;0;0;0;202400;5001
748;杨逍;yangxiao;5;0;6;62;76;68;57;75;73;74;58;72;63;57;66;73;70;25;1;0;0;0;0;0;202400;5001
749;姚天一;YAO T.Y.;1;2;6;70;63;75;67;68;54;70;72;68;83;67;72;67;70;29;3;0;0;0;0;0;202200;5001
750;张稀然;Zhang Xiran;1;0;6;85;70;69;65;64;61;58;72;65;72;67;75;63;70;28;7;合肥;20;0;0;0;201800;5001
564;于晓辉;Yu Xiaohui;5;0;6;64;55;44;75;52;68;63;62;64;61;65;58;58;58;26;5;合肥;20;2;0;0;202000;5001
751;拉肖恩-托马斯;RASHAWN THOMAS;4;5;8;65;74;56;86;65;68;70;78;70;63;76;71;69;70;31;1;0;0;0;0;0;0;5001
752;德尔福;RONALD DELPH;5;0;8;64;73;74;66;63;71;71;67;70;67;68;70;68;69;32;1;0;0;0;0;0;0;5001
753;施韦德;ALEKSEI SHVED;1;0;8;77;54;81;76;61;70;67;64;64;72;70;74;64;69;36;2;0;0;0;0;0;202400;5001
754;陈奕纶;Chen Yilun;2;1;6;73;64;75;67;73;68;63;63;67;79;69;71;66;69;27;1;0;0;0;0;0;202400;5001
755;韩文伟;Han Wenwei;5;0;6;71;72;59;67;74;70;67;54;76;65;68;70;68;69;25;4;0;0;0;0;0;202100;5001
756;李禄曈;Li Lutong;5;0;7;60;79;63;69;66;79;68;52;78;61;62;69;68;69;23;5;0;0;0;0;0;202000;5001
757;李雪松;li xuesong;2;1;6;72;70;70;73;71;59;64;69;72;74;71;72;66;69;33;11;0;0;0;0;0;201400;5001
758;马光翰;Ma Guanghan;1;2;6;84;62;71;70;59;49;58;78;63;76;67;75;62;69;25;1;0;0;0;0;0;202400;5001
759;史文龙;Shi Wenlong;5;0;6;66;70;74;57;65;77;74;52;72;71;61;68;69;69;27;3;0;0;0;0;0;202200;5001
760;孙旭;SUN XU;3;4;6;65;70;76;63;67;66;70;68;69;74;65;68;67;69;25;5;宁波;23;0;0;0;202000;5001
761;泰文-马克;TEVIN MACK;3;0;7;72;74;67;64;70;73;62;68;69;65;69;69;68;69;28;2;0;0;0;0;0;202300;5001
762;田泽皓;Tian Zehao;4;3;6;68;68;65;63;79;71;67;64;67;67;63;66;72;69;25;1;0;0;0;0;0;202400;5001
763;席益民;Xi Yimin;2;1;6;69;60;82;72;68;60;55;76;65;77;73;72;65;69;24;5;0;0;0;0;0;202000;5001
764;杨熙;Yang Xi;1;2;6;84;70;69;66;58;61;58;72;71;70;67;75;61;69;26;4;0;0;0;0;0;202100;5001
765;莱昂纳德·兰道尔二世;LEONARD RANDALLⅡ;3;0;8;69;65;72;76;61;68;63;70;67;78;69;71;64;69;30;1;0;0;0;0;0;0;5001
766;边郑迦勒;Bian Zhengjiale;2;1;6;65;66;77;59;74;53;70;76;62;73;66;66;70;68;24;1;0;0;0;0;0;202400;5001
767;陈雨生;Chenyusheng;4;3;6;71;68;68;69;71;71;69;55;70;66;71;69;67;68;25;7;合肥;20;0;0;0;201800;5001
768;李睿玮;Li Ruiwei;1;2;6;76;70;68;71;61;62;61;72;67;72;69;72;64;68;22;1;0;0;0;0;0;202400;5001
769;摩西-赖特;MOSES WRIGHT;5;0;7;64;76;60;71;73;68;66;62;73;64;68;69;68;68;26;3;0;0;0;0;0;202200;5001
770;任天航;Ren Tianhang;3;4;6;74;75;73;61;61;68;73;59;72;69;62;70;64;68;23;1;0;0;0;0;0;202400;5001
771;孙府宽;Sun Fukuan;5;0;6;59;78;62;66;66;70;69;58;79;66;65;69;66;68;25;3;0;0;0;0;0;202200;5001
772;孙熔孝;Sun RongXiao;4;0;6;63;80;74;58;68;67;73;56;73;70;60;69;66;68;30;4;0;0;0;0;0;202100;5001
773;孙智炜;Sun Zhiwei;4;3;6;60;72;68;60;77;72;73;53;74;64;64;65;71;68;24;5;0;0;0;0;0;202000;5001
774;唐才育;Tang Caiyu;3;0;6;69;73;75;66;66;57;73;62;72;74;63;70;63;68;27;9;香港;30;0;0;0;201600;5001
775;王凯豪;Wang Kaihao;4;3;6;65;78;71;57;71;72;67;56;75;69;62;69;67;68;24;1;0;0;0;0;0;202400;5001
776;武玉杰;Wu Yujie;2;1;6;80;59;67;71;65;60;64;74;63;72;69;70;66;68;24;4;0;0;0;0;0;202100;5001
777;易卜拉希马-法耶;IBRAHIMA FAYE;4;0;8;62;72;72;61;73;71;73;55;69;70;56;66;69;68;28;1;0;0;0;0;0;0;5001
778;阿泽;Ze A;4;0;6;68;71;60;63;77;72;64;57;69;64;64;66;69;67;26;2;0;0;0;0;0;202311;5001
779;杜博阳;Bo Yang Du;1;0;6;70;63;71;68;60;62;67;75;59;69;68;68;67;67;26;1;0;0;0;0;0;202400;5001
780;弗兰克-巴特利;FRANK BARTLEY;1;0;6;74;60;79;64;68;61;57;65;62;80;67;72;61;67;31;2;0;0;0;0;0;202300;5001
781;付泳畅;Yong Chang Fu;4;0;6;61;77;71;65;67;63;73;62;75;67;63;69;66;67;25;2;0;0;0;0;0;202322;5001
782;卡梅伦-奥利弗;CAMERON OLIVER;4;3;6;66;69;62;69;80;64;62;63;67;62;68;66;68;67;28;2;辽宁;2;0;0;0;202300;814
783;李文豪;Li Wenhao;3;4;7;66;71;62;70;68;58;69;66;71;67;74;68;64;67;26;1;0;0;0;0;0;202400;5001
784;林晗;Han Lin;3;0;7;73;62;70;64;65;69;66;66;64;68;66;66;65;67;24;2;0;0;0;0;0;202323;5001
785;马建豪;MaJianHao;4;0;7;66;71;71;69;71;67;62;62;73;67;66;69;65;67;24;3;0;0;0;0;0;202202;5001
786;马库斯-福斯特;MARCUS FOSTER;2;0;6;67;65;78;65;70;55;63;75;62;79;67;69;66;67;29;2;0;0;0;0;0;202300;5001
787;史海鹏;Shi Haipeng;1;2;6;82;57;75;62;70;49;64;70;63;69;63;70;64;67;22;1;0;0;0;0;0;202400;5001
788;小沃尔特-莱蒙;Walt Lemon Jr.;1;0;8;69;88;45;74;59;67;64;75;80;61;66;67;66;67;33;1;0;0;0;0;0;0;2999
789;陈玖璋;Jiu Zhang Chen;2;0;6;72;63;68;66;69;65;59;68;66;73;64;67;65;66;24;1;0;0;0;0;0;202400;5001
790;达里尔-梅肯;DARYL MACON;1;2;5;81;62;73;62;60;48;67;69;60;73;63;71;61;66;29;2;0;0;0;0;0;202300;2994
791;杰伦-亚当斯;JALEN ADAMS;1;2;6;69;59;79;64;69;52;61;69;63;77;63;69;63;66;29;1;0;0;0;0;0;202400;5001
792;宋享成;Song Xiangcheng;4;3;6;60;69;65;55;66;73;73;63;73;68;61;63;69;66;22;3;合肥;20;0;0;0;202200;5001
793;王加冕;Wang Jiamian;1;2;6;71;63;79;65;63;52;60;71;62;78;66;71;61;66;25;3;0;0;0;0;0;202200;5001
794;冶征文;Yezhengwen;1;2;6;71;63;76;68;62;51;66;69;63;71;70;70;62;66;25;1;0;0;0;0;0;202400;5001
795;张立文;ZhangLiWen;2;1;6;68;71;76;71;67;58;55;67;67;73;65;70;60;66;23;2;0;0;0;0;0;202300;5001
796;张知垚;Zhang Zhiyao;4;0;6;64;64;61;71;77;65;73;55;65;61;66;64;69;66;23;3;北京;6;0;0;0;202200;5001
797;赵伟旭;Zhao Weixu;3;4;6;75;67;69;69;60;60;58;71;66;68;67;69;60;66;23;3;0;0;0;0;0;202200;5001
798;赵晏满;Zhao Yanman;4;0;7;61;70;74;69;76;65;61;53;68;71;68;68;64;66;25;7;0;0;0;0;0;201814;5001
799;周俊成;Zhou Juncheng;2;0;6;75;68;71;63;62;62;62;68;68;76;64;70;62;66;26;4;0;0;0;0;0;202100;5001
800;范浩云;Fan Haoyun;1;2;6;77;57;67;61;68;55;58;75;57;68;62;66;65;65;21;1;0;0;0;0;0;202400;5001
801;黄畅;HuangChang;1;0;6;78;63;75;68;54;49;58;72;62;74;62;72;57;65;22;3;0;0;0;0;0;202223;5001
802;纪光泽;Guangze Ji;2;1;6;73;61;73;65;59;56;55;76;67;75;63;68;60;65;25;1;江西;5;0;0;0;202400;5001
803;李泓澎;Li Hongpeng;3;0;6;69;63;72;73;63;57;65;64;62;69;72;68;60;65;27;7;0;0;0;0;0;201800;5001
804;林树森;Linshusen;2;0;6;74;58;66;58;65;67;66;72;58;69;65;63;67;65;23;4;0;0;0;0;0;202100;5001
805;刘泽;lz;4;3;6;58;70;58;60;76;68;63;62;72;65;61;61;68;65;23;1;0;0;0;0;0;202400;5001
806;苏锟皓;Su Kunhao;1;2;6;79;58;65;74;61;53;55;70;64;72;71;71;59;65;24;2;0;0;0;0;0;202300;5001
807;苏煜;Su Yu;1;0;6;78;60;63;60;69;61;61;69;63;69;57;66;65;65;24;1;0;0;0;0;0;202400;5001
808;孙昊锋;Sun Haofeng;1;0;7;76;60;71;72;57;49;55;75;64;70;67;70;59;65;24;6;0;0;0;0;0;201900;5001
809;乌莫-吉布森;UMOJA GIBSON;1;0;8;62;72;72;61;73;71;73;55;69;70;56;65;66;65;27;1;0;0;0;0;0;0;5001
810;亚森江-依力哈木;Yasenjiang Ilham;4;3;6;69;75;66;61;66;61;62;60;74;68;66;69;60;65;22;4;0;0;0;0;0;202100;5001
811;张峰硕;Cheung Fung Shek;2;1;6;73;70;70;70;59;65;55;64;66;73;68;70;58;65;25;1;0;0;0;0;0;202400;5001
812;张富垚;Zhang Fuyao;2;3;7;71;58;78;68;62;67;60;61;63;76;63;69;60;65;23;1;0;0;0;0;0;202400;5001
813;赵锦洋;Zhao Jinyang;3;0;6;73;68;68;62;67;67;62;56;66;70;66;67;61;65;24;5;0;0;0;0;0;202000;5001
814;孔令韬;Ling Tao Kong;3;0;7;68;61;61;61;73;56;73;61;68;65;66;62;65;64;23;1;0;0;0;0;0;202400;5001
815;李曹北;licaobei;3;4;6;66;71;64;67;67;57;68;59;67;63;68;65;61;64;24;1;江西;5;0;0;0;202400;5001
816;刘野;YE LIU;1;0;7;82;55;75;60;57;49;62;64;57;75;61;70;56;64;22;1;南京;17;0;0;0;202400;5001
817;路梓艺;Lu Ziyi;4;3;6;65;70;58;71;68;69;61;55;74;58;66;66;62;64;23;1;0;0;0;0;0;202400;5001
818;时振恺;Shi ZhenKai;3;2;6;58;70;70;68;65;64;66;59;63;70;65;64;61;64;22;5;0;0;0;0;0;202000;5001
819;孙畅;Sun Chang;1;2;6;74;62;68;65;60;55;60;69;63;70;60;67;60;64;21;1;0;0;0;0;0;202400;5001
820;孙巍;Sun wei;3;4;6;62;75;67;63;67;56;62;61;73;71;65;66;59;64;23;1;0;0;0;0;0;202400;5001
821;王睿;Wang Rui;4;0;6;59;72;57;61;65;69;70;59;73;61;62;62;65;64;26;8;0;0;0;0;0;201700;5001
822;王旭;Wang Xu;1;0;6;69;59;71;59;69;49;60;74;60;70;62;64;64;64;29;10;0;0;0;0;0;201500;5001
823;王俣豪;Yu Hao Wang;1;0;6;73;61;71;71;58;49;53;73;59;67;69;69;57;64;24;2;0;0;0;0;0;202321;5001
824;梁英淇;Liang Yingqi;5;0;6;57;70;58;67;67;63;67;62;74;57;67;64;64;64;26;5;0;0;0;0;0;202000;5001
825;林炜明;linweiming;1;2;6;74;57;76;61;59;51;58;66;59;77;67;69;57;63;25;1;0;0;0;0;0;202400;5001
826;布巴卡尔-图雷;BOUBACAR TOURE;5;0;8;64;67;46;58;59;70;68;66;67;61;66;60;65;63;29;1;0;0;0;0;0;0;5001
827;阿斯起亚-布克;ASKIA BOOKER;2;0;8;67;49;65;76;57;67;64;66;63;66;69;63;61;62;31;5;0;0;0;0;0;202000;5001
828;廖智鹏;LiaoZhiPeng;5;0;6;51;61;62;54;71;71;71;57;62;63;58;55;69;62;21;1;0;0;0;0;0;202400;5001
829;卢梓杰;Lu Zijie;5;4;5;52;77;58;62;67;65;60;52;72;62;63;63;60;62;26;6;0;0;0;0;0;201900;5001
830;王浩宇;Wang Haoyu;4;3;6;58;73;64;57;65;60;67;62;71;66;63;63;62;62;21;1;0;0;0;0;0;202400;5001
831;王彦凯;Wang Yankai;3;0;7;69;62;62;58;68;55;69;63;60;60;63;60;62;62;20;1;0;0;0;0;0;202400;5001
832;刘易斯;JEQUAN LEWIS;2;0;8;67;46;55;82;55;67;63;69;62;63;67;60;62;61;31;1;0;0;0;0;0;5001;
833;陈佳林;Jia Lin Chen;2;0;6;68;60;76;59;63;54;64;56;57;76;61;65;56;61;22;1;0;0;0;0;0;202400;5001
834;程诺;Nuo Cheng;4;0;6;68;74;59;65;61;63;64;49;68;60;65;66;57;61;21;1;广西;29;0;0;0;202400;5001
835;马振钧;Ma Zhenjun;3;0;6;61;65;59;71;62;63;57;66;64;58;67;61;59;61;22;1;0;0;0;0;0;202400;5001
836;潘威;Pan Wei;1;2;6;71;59;70;59;60;51;61;62;64;69;60;65;56;61;25;4;0;0;0;0;0;202100;5001
837;埃格伯努;JOHN EGBUNU;5;0;8;63;64;45;61;55;69;65;64;66;61;67;59;61;60;30;1;0;0;0;0;0;202400;5001
838;多森;Damyean Dotson;2;3;8;65;52;61;62;60;67;64;64;63;66;67;59;62;60;31;1;0;0;0;0;0;0;1783
839;弗拉迪斯拉夫-科伦纽克;VLADYSLAV  KORENIUK;5;0;8;64;56;45;66;54;69;68;64;64;61;68;58;62;60;31;1;0;0;0;0;0;0;5001
840;威利-考利-斯坦;Willie Cauley-Stein;5;4;8;63;68;54;44;56;71;65;62;67;62;64;59;62;60;32;1;0;0;0;0;0;0;1129
841;彭士峻;Shi Jun Peng;3;4;6;58;61;68;67;59;52;68;62;64;63;64;61;57;60;20;1;合肥;20;0;0;0;202400;5001
842;钟贤睿;Zhong Xianrui;2;1;6;63;60;73;56;68;59;52;64;59;71;60;61;59;60;20;1;0;0;0;0;0;202400;5001
843;马宇启;Yu Qi Ma;2;0;6;73;64;63;61;62;58;49;60;63;68;64;64;54;59;19;1;0;0;0;0;0;202400;5001
844;王哲;WangZhe;1;0;6;65;51;61;56;63;57;60;66;54;66;60;57;60;59;21;3;0;0;0;0;0;202200;5001
845;尼文-格洛弗;NIVEN GLOVER;1;0;8;65;59;56;58;51;69;64;62;65;63;67;59;58;59;25;1;江西;5;0;0;0;0;5001
846;孙成堃;Sun Chengkun;2;1;6;67;61;64;70;56;53;61;58;60;64;65;63;53;58;21;1;0;0;0;0;0;202400;5001
847;布兰克利;HAYDEN BLANKLEY;3;0;8;63;46;53;55;49;67;61;62;62;62;65;53;56;55;25;1;0;0;0;0;0;0;5001
848;雷文特·莱斯;RAYVONTE RICE;2;3;8;63;47;46;61;50;67;62;67;62;61;67;53;59;55;33;1;0;0;0;0;0;0;5001
849;孙巍;Sun Wei;2;1;4;59;58;57;62;55;50;48;52;57;58;60;54;45;50;23;3;0;0;0;0;0;202200;5001
852;王俊杰;Wang Junjie;3;4;9;59;78;84;82;84;71;73;74;73;77;75;66;62;64;20;0;0;0;0;0;0;0;2945
854;唐榕泽;Tang Rongze;5;0;7;62;72;72;61;73;71;73;55;69;70;56;67;70;69;18;0;浙江;22;0;0;0;0;5001
853;李悦洲;Yuezhou Li;1;2;8;62;72;72;61;73;71;73;55;69;70;56;65;66;65;18;0;浙江;22;0;0;0;0;5001
885;沈无敌;Yuezhou Li;4;0;8;62;72;72;61;73;71;73;55;69;70;56;65;66;65;18;0;浙江;22;0;0;0;0;5001
855;布雷迪-马内克;Brady Manek;4;5;8;62;72;72;61;73;71;73;55;69;70;56;67;70;69;21;0;南京;17;0;0;0;0;5001
856;卢骏;Lu Jun;1;2;7;62;72;72;61;73;71;73;55;69;70;56;67;70;69;25;0;山西;9;0;0;0;202500;5001
856;万孟霏;Wan Mengfei;2;3;7;62;72;72;61;73;71;73;55;69;70;56;67;70;69;21;0;广州;28;0;0;0;202500;5001
856;逄砚钧;Pang Yanjun;2;0;7;62;72;72;61;73;71;73;55;69;70;56;67;70;69;23;0;广州;28;0;0;0;202500;5001
857;孙嘉彤;Sun Jiatong;1;2;7;62;72;72;61;73;71;73;55;69;70;56;67;70;69;24;0;广州;28;0;0;0;202500;5001
858;王禹丁;Wang Yuding;4;5;7;62;72;72;61;73;71;73;55;69;70;56;67;70;69;24;0;天津;8;0;0;0;202505;5001
521;计岩松;Ji Yansong;3;4;7;62;72;72;61;73;71;73;55;69;70;56;67;70;69;21;0;天津;8;0;0;0;0;5001
859;蒋祺禹;Jiang Qiyu;1;2;7;62;72;72;61;73;71;73;55;69;70;56;67;70;69;20;0;天津;8;0;0;0;202500;5001
860;马聪;Ma Cong;1;2;7;62;72;72;61;73;71;73;55;69;70;56;67;70;69;20;0;吉林;1;0;0;0;202500;5001
861;刘翔龙;Liu Xianglong;3;0;7;62;72;72;61;73;71;73;55;69;70;56;67;70;69;20;0;山西;9;0;0;0;202518;5001
861;淡厚然;Danhou Ran;4;0;8;62;72;72;61;73;71;73;55;69;70;56;67;70;69;20;0;山西;9;0;0;0;202518;2946
862;孙福恒;Sun Fuheng;3;2;7;62;72;72;61;73;71;73;55;69;70;56;67;70;69;19;0;辽宁;2;0;0;0;202518;5001
559;扎维尔-辛普森;Zavier Simpson;2;1;8;70;71;73;73;75;70;77;75;64;74;64;70;77;73;29;0;宁波;23;0;0;0;0;1581
863;王证;Wang Zheng;2;1;7;62;72;72;61;73;71;73;55;69;70;56;67;70;69;18;0;山东;3;0;0;0;0;5001
864;马延东;Ma Yandong;3;4;7;62;72;72;61;73;71;73;55;69;70;56;67;70;69;18;0;山东;3;0;0;0;0;5001
865;赵浩然;Zhao Haoran;5;0;7;62;72;72;61;73;71;73;55;69;70;56;67;70;69;18;0;山东;3;0;0;0;0;5001
866;谢文政;Xie Wenzheng;4;3;7;62;72;72;61;73;71;73;55;69;70;56;67;70;69;18;0;山东;3;0;0;0;0;5001
867;常浩然;Chang Haoran;4;0;7;62;72;72;61;73;71;73;55;69;70;56;67;70;69;21;0;山东;3;0;0;0;0;5001
868;夏振锋;Xia Zhenfeng;3;0;7;62;72;72;61;73;71;73;55;69;70;56;67;70;69;19;0;0;0;0;0;0;0;5001
869;刘文科;Liu Wenke;5;0;7;62;72;72;61;73;71;73;55;69;70;56;67;70;69;21;0;广州;28;0;0;0;0;5001
870;张浩博;Zhang Haobo;1;2;7;62;72;72;61;73;71;73;55;69;70;56;67;70;69;20;0;青岛;4;0;0;0;0;5001
871;林韦恺;Lin Weikai;3;0;7;62;72;72;61;73;71;73;55;69;70;56;67;70;69;19;0;青岛;4;0;0;0;202514;5001
871;张嘉琳;Zhang Jialin;3;0;7;62;72;72;61;73;71;73;55;69;70;56;67;70;69;19;0;青岛;4;0;0;0;202500;5001
872;张扬;Zhang Yang;3;1;7;62;72;72;61;73;71;73;55;69;70;56;67;70;69;25;2;青岛;4;0;0;0;0;5001
873;于泓翔;Yu Hongxiang;5;0;7;62;72;72;61;73;71;73;55;69;70;56;67;70;69;21;0;上海;21;0;0;0;202514;5001
874;于泓凯;Yu Hongkai;5;0;7;62;72;72;61;73;71;73;55;69;70;56;67;70;69;21;0;上海;21;0;0;0;0;5001
875;吴泽昊;Wu Zehao;1;2;7;62;72;72;61;73;71;73;55;69;70;56;67;70;69;23;0;上海;21;0;0;0;202510;5001
875;杨腾飞;Yang Tengfei;5;4;7;62;72;72;61;73;71;73;55;69;70;56;67;70;69;23;0;吉林;1;0;0;0;202510;5001
876;李永瀚;Li Yonghan;5;0;7;62;72;72;61;73;71;73;55;69;70;56;67;70;69;21;0;北京;6;0;0;0;0;5001
877;张卿瑞;Zhang Qingrui;4;0;7;62;72;72;61;73;71;73;55;69;70;56;67;70;69;19;0;福建;25;0;0;0;0;5001
878;王海东;Wang Haidong;1;0;7;62;72;72;61;73;71;73;55;69;70;56;67;70;69;19;0;福建;25;0;0;0;0;5001
879;史家郡;Shijia Jun;3;4;7;62;72;72;61;73;71;73;55;69;70;56;67;70;69;18;0;福建;25;0;0;0;0;5001
880;刘李;Liu Li;5;0;8;62;72;72;61;73;71;73;55;69;70;56;67;70;69;18;0;福建;25;0;0;0;0;5001
881;杨曦皓;Yang Xihao;5;4;8;62;72;72;61;73;71;73;55;69;70;56;67;70;69;23;0;福建;25;0;0;0;202501;5001
882;王洪泽;Wang Hongze;5;0;8;62;72;72;61;73;71;73;55;69;70;56;67;70;69;18;0;广东;26;0;0;0;0;5001
883;陈家政;Chen Jiazheng;3;4;8;62;72;72;61;73;71;73;55;69;70;56;67;70;69;19;0;广东;26;0;0;0;0;5001
884;刘奕杭;Liu Yihang;1;0;7;62;72;72;61;73;71;73;55;69;70;56;67;70;69;19;0;南京;17;0;0;0;0;5001
886;马浩森;Ma Haosen;1;0;8;62;72;72;61;73;71;73;55;69;70;56;67;70;69;17;0;深圳;27;0;0;0;0;5001
887;沈诗扬;Shen Shiyang;3;0;8;62;72;72;61;73;71;73;55;69;70;56;67;70;69;19;0;深圳;27;0;0;0;0;5001
888;傅文昊;Fu Wenhao;3;4;8;62;72;72;61;73;71;73;55;69;70;56;67;70;69;18;0;深圳;27;0;0;0;0;5001
889;冯熙瑞;Feng Xirui;5;0;8;62;72;72;61;73;71;73;55;69;70;56;67;70;69;18;0;深圳;27;0;0;0;0;5001
890;殷召航;Yin Zhaohang;1;2;7;62;72;72;61;73;71;73;55;69;70;56;67;70;69;21;0;新疆;11;0;0;0;0;5001
891;冯傲;Feng Ao;1;0;8;62;72;72;61;73;71;73;55;69;70;56;67;70;69;19;0;新疆;11;0;0;0;0;5001
892;张庆泽;Zhang Qingze;5;4;7;62;72;72;61;73;71;73;55;69;70;56;67;70;69;19;0;新疆;11;0;0;0;0;5001
894;刘星言;Liu Xingyan;1;0;7;62;72;72;61;73;71;73;55;69;70;56;67;70;69;21;0;辽宁;2;0;0;0;0;5001
895;徐远征;Oliver Xu;1;2;7;62;72;72;61;73;71;73;55;69;70;56;67;70;69;28;0;南京;17;0;0;0;200509;5001
895;姜贺;Jiang He;1;2;7;62;72;72;61;73;71;73;55;69;70;56;67;70;69;25;0;南京;17;0;0;0;200500;5001
896;潘轲宇;Pan Keyu;1;0;7;62;72;72;61;73;71;73;55;69;70;56;67;70;69;21;0;浙江;22;0;0;0;202531;5001
897;肖恺;Xiao Kai;2;1;7;62;72;72;61;73;71;73;55;69;70;56;67;70;69;23;0;江苏;16;0;0;0;202521;5001
898;庞峥麟;Pang Zhenglin;1;0;8;72;75;82;78;80;65;68;75;70;85;80;67;70;69;26;0;江苏;16;0;0;0;202503;5001
899;连宇;Lian Yu;1;0;7;62;72;72;61;73;71;73;55;69;70;56;67;70;69;21;0;广厦;24;0;0;0;202500;5001
900;周可梵;Zhou Kefan;5;0;7;62;72;72;61;73;71;73;55;69;70;56;67;70;69;19;0;广厦;24;0;0;202500;5001
901;崔新泉;Cui Xinquan;3;4;8;62;72;72;61;73;71;73;55;69;70;56;67;70;69;19;0;广厦;24;0;0;0;202500;5001
901;李苑鑫;LI Yuanxin;5;0;7;62;72;72;61;73;71;73;55;69;70;56;67;70;69;24;0;宁波;23;0;0;0;202500;5001
902;付永康;Fu YongKang;4;0;7;62;72;72;61;73;71;73;55;69;70;56;67;70;69;26;0;石家庄;10;0;0;0;202436;5001
903;王名扬;Wang Mingyang;5;0;7;62;72;72;61;73;71;73;55;69;70;56;67;70;69;21;0;四川;13;0;0;0;0;5001
904;冯小宇;Feng Xiaoyu;5;0;7;62;72;72;61;73;71;73;55;69;70;56;67;70;69;21;0;四川;13;0;0;0;0;5001
905;杜智博;Du Zhibo;3;0;8;62;72;72;61;73;71;73;55;69;70;56;67;70;69;22;0;四川;13;0;0;0;202502;5001
906;张力升;Zhang Lisheng;3;0;7;62;72;72;61;73;71;73;55;69;70;56;67;70;69;21;0;四川;13;0;0;0;0;5001
907;张高铭;Zhang Gaoming;3;0;7;62;72;72;61;73;71;73;55;69;70;56;67;70;69;23;0;四川;13;0;0;0;0;5001
908;奥马里-斯佩尔曼;Omari Spellman;4;0;8;58;70;76;65;74;68;72;62;68;77;60;62;67;65;28;0;北京;6;0;0;0;0;2145
909;德沃恩-艾库恩-珀塞尔;DeVaughn Akoon-Purcell;2;3;8;66;70;58;68;78;65;66;72;58;68;58;62;67;65;32;0;山东;3;0;0;0;0;2145
910;格雷格-布朗;Greg Brown III;3;4;8;60;75;70;76;75;60;75;70;65;70;66;69;71;71;23;0;0;0;0;0;0;0;882
911;蒂龙-华莱士;Tyrone Wallace;2;3;8;72;78;74;83;76;45;57;56;66;75;74;76;56;67;31;0;0;0;0;0;0;0;1052
912;扎卡里-纳托尔;Zachary Nutall;1;2;8;68;58;76;65;40;45;72;40;80;75;56;67;70;69;25;1;新疆;11;0;0;0;0;5001
913;泽文赛尔·阿普森;ZWENCYL UPSON;5;0;8;45;68;40;48;75;76;78;50;78;35;45;67;70;69;32;0;吉林;1;0;0;0;0;5001
914;贾米尔·雷诺兹;Jamille Reynolds;4;0;8;52;74;58;65;72;70;73;48;75;55;68;67;70;69;23;0;天津;8;0;0;0;0;5001
915;克里斯托弗·克莱伯恩;Kris Clyburn;2;3;8;48;70;68;62;77;55;65;72;60;70;55;67;70;69;29;0;天津;8;0;0;0;0;5001
916;埃里克·托马斯;Erik Thomas;4;0;8;48;70;68;62;77;55;65;72;60;70;55;67;70;69;30;0;广州;28;0;0;0;0;5001
917;达卡里-约翰逊;DAKARI JOHNSON;5;0;9;72;70;71;66;70;71;73;62;70;72;68;71;70;70;29;3;浙江;22;1;0;0;201900;2260
918;德瑞恩-西伯恩;Dereon Seabron;2;3;8;73;65;71;65;71;56;68;77;62;72;46;65;69;67;25;0;北控;7;0;0;0;0;1565
919;弗龙-亨特;Feron Hunt;3;4;8;67;67;71;70;70;72;72;72;63;71;62;67;72;70;26;0;江苏;16;0;0;0;0;1172
920;哈桑-怀特塞德;Hassan Whiteside;5;0;8;45;72;40;48;78;85;80;55;78;40;45;67;70;69;36;2;上海;21;0;0;0;0;510
921;小肯扬-马丁;KJ Martin;3;4;5;60;76;70;73;82;67;75;66;72;63;66;68;74;72;24;0;宁波;23;0;0;0;0;1254
922;卡米然-司地克江;Kamiran Sdkjan;3;4;7;65;68;69;68;74;63;68;66;62;79;68;67;70;69;30;6;宁波;23;0;0;0;0;5001
923;克里斯托弗·克莱伯恩;KRISTOPHER CLYBURN;1;0;8;62;72;72;61;73;71;73;55;69;70;56;67;70;69;29;0;天津;8;0;0;0;0;5001
924;德马吉奥·维金斯;Demajeo Wiggins;5;0;8;62;72;72;61;73;71;73;55;69;70;56;67;70;69;28;0;0;0;0;0;0;0;5001
925;德文·威廉姆斯;DEVIN WILLIAMS;5;0;8;68;75;68;70;75;70;80;72;85;65;70;67;70;69;31;2;福建;25;0;0;0;0;5001
926;弗拉迪米尔·布罗兹安斯基;VLADIMIR BRODZIANSKY;4;5;8;62;72;72;61;73;71;73;55;69;70;56;67;70;69;31;0;福建;25;0;0;0;0;5001
927;威尔·理查德森;Will Richardson;1;2;8;78;65;77;72;74;62;63;73;61;79;68;67;70;69;26;0;新疆;11;0;0;0;5001
928;凯文-哈里斯;Kevon Harris;2;3;8;71;68;73;68;73;59;66;75;63;74;57;68;69;69;28;0;新疆;11;0;0;0;1013
929;胡景源;Hu Jingyuan;5;0;6;62;72;72;61;73;71;73;55;69;70;56;67;70;69;21;0;合肥;20;0;0;0;0;5001
930;杰伦·哈德森;Jalen Hudson;2;3;6;62;72;72;61;73;71;73;55;69;70;56;67;70;69;29;0;合肥;20;0;0;0;0;5001
931;布兰登·麦考伊;Brandon McCoy;5;0;6;62;72;72;61;73;71;73;55;69;70;56;67;70;69;27;0;合肥;20;0;0;0;0;5001
932;雷·麦科勒姆;Ray McCallum;1;0;8;78;82;75;77;62;74;76;85;70;75;56;67;70;69;34;1;合肥;20;0;0;0;1281
933;史蒂芬·齐默尔曼;Stephen Zimmerman;5;0;6;62;72;72;61;73;71;73;55;69;70;56;67;70;69;29;0;长沙;15;0;0;0;0;2095
934;德温特-布兰顿;Devontae Blanton;2;1;6;62;72;72;61;73;71;73;55;69;70;56;67;70;69;25;0;长沙;15;0;0;0;5001
935;RJ-汉普顿;R.J. Hampton;1;2;7;59;70;70;78;78;62;70;76;69;72;66;68;74;71;24;0;长沙;15;0;0;0;0;495
936;李增轩;Li Zengxuan;4;3;6;62;72;72;61;73;71;73;55;69;70;56;67;70;69;21;0;苏科;18;0;0;0;0;5001
936;李佳辉;Li Jiahui;1;2;6;62;72;72;61;73;71;73;55;69;70;56;67;70;69;21;0;苏科;18;0;0;0;0;5001
936;孙鑫;Sun Xin;3;4;6;62;72;72;61;73;71;73;55;69;70;56;67;70;69;21;0;苏科;18;0;0;0;0;5001
936;乔瑞杰;Qiao Ruijie;4;3;6;62;72;72;61;73;71;73;55;69;70;56;67;70;69;21;0;苏科;18;0;0;0;0;5001
936;刘宇轩;Liu Yuxuan;5;0;6;62;72;72;61;73;71;73;55;69;70;56;67;70;69;21;0;苏科;18;0;0;0;0;5001
936;陈宣任;Chen Xuanren;1;2;6;62;72;72;61;73;71;73;55;69;70;56;67;70;69;21;0;苏科;18;0;0;0;0;5001
936;奎德·雷蒙·格林;Quade Green;1;0;7;62;72;72;61;73;71;73;55;69;70;56;67;70;69;27;0;苏科;18;0;0;0;0;5001
936;惠特尼 卡希尔贾马里;Kahlil Whitney;3;4;6;62;72;72;61;73;71;73;55;69;70;56;67;70;69;24;0;苏科;18;0;0;0;0;5001
937;杜建涛;Du Jiantao;5;0;6;62;72;72;61;73;71;73;55;69;70;56;67;70;69;24;0;石家庄;10;0;0;0;0;5001
937;侯兴宇;Hou Xingyu;5;0;6;62;72;72;61;73;71;73;55;69;70;56;67;70;69;24;0;石家庄;10;0;0;0;0;5001
937;毕金传;Bi Jinchuan;5;0;6;62;72;72;61;73;71;73;55;69;70;56;67;70;69;24;0;石家庄;10;0;0;0;0;5001
937;刘德明;Liu Deming;5;0;6;62;72;72;61;73;71;73;55;69;70;56;67;70;69;24;0;石家庄;10;0;0;0;0;5001
937;卡迪姆-杰克;Kadeem Jack;4;0;6;62;72;72;61;73;71;73;55;69;70;56;67;70;69;33;0;石家庄;10;0;0;0;0;5001
937;塔琼.科马尔.斯塔克斯;Tahjon Komar Starks;4;3;6;62;72;72;61;73;71;73;55;69;70;56;67;70;69;27;0;石家庄;10;0;0;0;0;5001
937;闫许琛;Yan Xuchen;1;2;6;62;72;72;61;73;71;73;55;69;70;56;67;70;69;27;0;安徽;19;0;0;0;0;5001
937;徐慧状;Xu Huizheng;3;4;6;62;72;72;61;73;71;73;55;69;70;56;67;70;69;21;0;安徽;19;0;0;0;0;5001
937;罗健平;Luo Jianping;3;4;6;62;72;72;61;73;71;73;55;69;70;56;67;70;69;20;0;安徽;19;0;0;0;0;5001
937;贾旺-埃文斯;Jawun Evans;1;0;6;62;72;72;61;73;71;73;55;69;70;56;67;70;69;29;0;安徽;19;0;0;0;0;1656
937;诺亚-迪克森;Noah Dickerson;5;0;6;62;72;72;61;73;71;73;55;69;70;56;67;70;69;28;0;安徽;19;0;0;0;0;5001
937;西德尼-威尔森;Sidney Wilson;3;4;6;62;72;72;61;73;71;73;55;69;70;56;67;70;69;26;0;安徽;19;0;0;0;0;5001
937;张俊豪;Zhang Junhao;3;4;6;62;72;72;61;73;71;73;55;69;70;56;67;70;69;18;0;江西;5;0;0;0;0;5001
937;包校端;Bao Xiaorui;1;2;6;62;72;72;61;73;71;73;55;69;70;56;67;70;69;24;0;江西;5;0;0;0;0;5001
937;迈克尔·约瑟夫·布莱森;Michael Bryson;1;2;6;62;72;72;61;73;71;73;55;69;70;56;67;70;69;31;0;江西;5;0;0;0;0;5001
937;路人;路人;3;4;6;62;72;72;61;73;71;73;55;69;70;56;67;70;69;18;0;江西;5;0;0;0;0;5001
937;郭晓鹏;Guo Xiaopeng;4;0;6;62;72;72;61;73;71;73;55;69;70;56;67;70;69;30;1;湖北;14;0;0;0;0;5001
937;凯弗·塞克斯;Keifer Sykes;1;0;6;74;82;80;78;88;65;68;75;72;86;79;67;70;69;31;1;湖北;14;0;0;0;0;2112
628;埃里克-帕斯卡尔;Eric Paschall;4;3;7;50;81;61;75;76;69;76;60;69;60;65;65;72;69;29;0;湖北;14;0;0;0;0;644
533;梅森-琼斯;Mason Jones;2;1;6;62;73;72;70;79;50;60;57;65;73;66;67;60;64;27;0;香港;30;0;0;0;0;1416
521;霍东生;Huo Dongsheng;5;0;6;62;72;72;61;73;71;73;55;69;70;56;67;70;69;21;0;焦作;12;0;0;0;0;5001
521;黄晓驰;Huang Xiaochi;4;3;6;62;72;72;61;73;71;73;55;69;70;56;67;70;69;20;0;焦作;12;0;0;0;0;5001
521;安东尼奥-霍尔德;Antonio Holder;1;2;6;62;72;72;61;73;71;73;55;69;70;56;67;70;69;30;0;焦作;12;0;0;0;0;5001
521;迈克尔·吉尔摩;Michael Gilmore;5;0;6;62;72;72;61;73;71;73;55;69;70;56;67;70;69;30;0;焦作;12;0;0;0;0;5001
521;刘人豪;Liu Renhao;1;0;6;62;72;72;61;73;71;73;55;69;70;56;67;70;69;30;0;0;0;0;0;0;0;5001
521;洪子涵;Hong Zihan;1;0;6;62;72;72;61;73;71;73;55;69;70;56;67;70;69;19;0;0;0;0;0;0;0;5001
521;王博旺;Wang Bowang;3;0;6;62;72;72;61;73;71;73;55;69;70;56;67;70;69;21;0;0;0;0;0;0;0;5001
521;芦一鸣;Lu Yiming;3;0;6;62;72;72;61;73;71;73;55;69;70;56;67;70;69;21;0;0;0;0;0;0;0;5001
521;赵炫渊;Zhao Xuanyuan;5;0;6;62;72;72;61;73;71;73;55;69;70;56;67;70;69;20;0;0;0;0;0;0;0;5001
521;黄旭;Huang Xu;2;0;6;62;72;72;61;73;71;73;55;69;70;56;67;70;69;30;0;0;0;0;0;0;0;5001
521;魏政贤;Wei Zhengxian;4;0;6;62;72;72;61;73;71;73;55;69;70;56;67;70;69;32;0;0;0;0;0;0;0;5001
521;布扬科夫.阿尔乔姆斯;Artjoms Butjankovs;4;0;6;62;72;72;61;73;71;73;55;69;70;56;67;70;69;34;0;0;0;0;0;0;0;5001
521;凯文-迈克丹尼尔斯;KJ McDaniels;3;0;6;62;72;72;61;73;71;73;55;69;70;56;67;70;69;32;0;0;0;0;0;0;0;1284
521;刘家茂;Liu Jiamao;3;4;6;62;72;72;61;73;71;73;55;69;70;56;67;70;69;20;0;0;0;0;0;0;0;5001
521;司玉迪;Si Yudi;4;3;6;62;72;72;61;73;71;73;55;69;70;56;67;70;69;22;0;0;0;0;0;0;0;5001
521;孙吉龙;Sun Jilong;1;2;6;62;72;72;61;73;71;73;55;69;70;56;67;70;69;23;0;0;0;0;0;0;0;5001
521;张梓焙;Zhang Zibai;3;4;6;62;72;72;61;73;71;73;55;69;70;56;67;70;69;22;0;0;0;0;0;0;0;5001
521;曹家辉;Cao Jiahui;4;3;6;62;72;72;61;73;71;73;55;69;70;56;67;70;69;22;0;0;0;0;0;0;0;5001
521;李俊杰;Li Junjie;1;2;6;62;72;72;61;73;71;73;55;69;70;56;67;70;69;20;0;0;0;0;0;0;0;5001
521;李雨田;Li Yutian;3;4;6;62;72;72;61;73;71;73;55;69;70;56;67;70;69;20;0;0;0;0;0;0;0;5001
521;杜佳伦;Du Jialun;4;3;6;62;72;72;61;73;71;73;55;69;70;56;67;70;69;28;0;0;0;0;0;0;0;5001
521;杨铭;Yang Ming;5;0;6;62;72;72;61;73;71;73;55;69;70;56;67;70;69;23;0;0;0;0;0;0;0;5001
521;王子恒;Wang Ziheng;3;4;6;62;72;72;61;73;71;73;55;69;70;56;67;70;69;21;0;0;0;0;0;0;0;5001
521;王开正;Wang Kaizheng;5;0;6;62;72;72;61;73;71;73;55;69;70;56;67;70;69;20;0;0;0;0;0;0;0;5001
521;王钰涵;Wang Yuhan;5;0;6;62;72;72;61;73;71;73;55;69;70;56;67;70;69;19;0;0;0;0;0;0;0;5001
521;郑泽琦;Zheng Zeqi;1;2;6;62;72;72;61;73;71;73;55;69;70;56;67;70;69;20;0;0;0;0;0;0;0;5001
521;麻皓嘉;Ma Haojia;2;1;6;62;72;72;61;73;71;73;55;69;70;56;67;70;69;18;0;0;0;0;0;0;0;5001
521;李天硕;Li Tianshuo;1;2;6;62;72;72;61;73;71;73;55;69;70;56;67;70;69;22;0;0;0;0;0;0;0;5001
521;胡匹夫;Hu Pifu;1;2;6;62;72;72;61;73;71;73;55;69;70;56;67;70;69;26;0;0;0;0;0;0;0;5001
521;刘壮飞;Liu Zhuangfei;2;1;6;62;72;72;61;73;71;73;55;69;70;56;67;70;69;26;0;0;0;0;0;0;0;5001
521;段锦楦楦;DuanJin Xuanxuan;1;2;6;62;72;72;61;73;71;73;55;69;70;56;67;70;69;18;0;0;0;0;0;0;0;5001
521;张家睿;Zhang Jiarui;5;0;6;62;72;72;61;73;71;73;55;69;70;56;67;70;69;18;0;0;0;0;0;0;0;5001
521;赵保乐;Zhao Baole;2;1;6;62;72;72;61;73;71;73;55;69;70;56;67;70;69;19;0;0;0;0;0;0;0;5001
521;曹枫青;Cao Fengqing;3;0;6;62;72;72;61;73;71;73;55;69;70;56;67;70;69;23;0;0;0;0;0;0;0;5001
521;林树森;Lin Shusen;1;2;6;62;72;72;61;73;71;73;55;69;70;56;67;70;69;24;0;0;0;0;0;0;0;5001
521;布雷文·加洛威;Brevin Galloway;1;2;6;62;72;72;61;73;71;73;55;69;70;56;67;70;69;27;0;0;0;0;0;0;0;5001
521;科里·曼尼高;Corey Manigault;3;4;6;62;72;72;61;73;71;73;55;69;70;56;67;70;69;27;0;0;0;0;0;0;0;5001
521;斯考特·克里斯托弗·林赛;Scottie Lindsey;3;4;6;62;72;72;61;73;71;73;55;69;70;56;67;70;69;29;0;0;0;0;0;0;0;5001
521;王星宇;Wang Xingyu;1;0;6;62;72;72;61;73;71;73;55;69;70;56;67;70;69;25;0;0;0;0;0;0;0;5001
521;马港燊;Ma Gangshen;4;0;6;62;72;72;61;73;71;73;55;69;70;56;67;70;69;25;0;0;0;0;0;0;0;5001
521;曹晋昌;Cao Jinchang;2;0;6;62;72;72;61;73;71;73;55;69;70;56;67;70;69;24;0;0;0;0;0;0;0;5001
521;杨博然;Yang Boran;2;0;6;62;72;72;61;73;71;73;55;69;70;56;67;70;69;18;0;0;0;0;0;0;0;5001
521;哈桑-弗兰驰;哈桑-弗兰驰;4;0;6;62;72;72;61;73;71;73;55;69;70;56;67;70;69;27;0;0;0;0;0;0;0;5001
521;布兰顿·杨;Brandon Young;2;0;6;62;72;72;61;73;71;73;55;69;70;56;67;70;69;34;0;0;0;0;0;0;0;5001
521;郭丰玮;Guo Fengwei;5;0;6;62;72;72;61;73;71;73;55;69;70;56;67;70;69;19;0;0;0;0;0;0;0;5001
521;张佳程;Zhang Jiacheng;1;2;6;62;72;72;61;73;71;73;55;69;70;56;67;70;69;20;0;0;0;0;0;0;0;5001
521;李亚轩;Li Yaxuan;3;4;6;62;72;72;61;73;71;73;55;69;70;56;67;70;69;20;0;0;0;0;0;0;0;5001
521;庄战;Zhuang Zhan;4;3;6;62;72;72;61;73;71;73;55;69;70;56;67;70;69;26;0;0;0;0;0;0;0;5001
521;塔瓦里奥·米勒;Tavario Miller;5;0;6;62;72;72;61;73;71;73;55;69;70;56;67;70;69;31;0;0;0;0;0;0;0;5001
521;谢玛尔·塞默尔·威尔逊;Shemar Wilson;3;4;6;62;72;72;61;73;71;73;55;69;70;56;67;70;69;24;0;0;0;0;0;0;0;5001
521;贾文·韦恩·奎纳利;Jahvon Quinerly;1;2;6;62;72;72;61;73;71;73;55;69;70;56;67;70;69;27;0;0;0;0;0;0;0;5001
521;沙莫里·庞兹;SHAMORIE S PONDS;1;2;8;75;70;68;72;73;60;71;78;70;72;68;67;70;69;27;0;四川;13;0;0;0;0;5001
521;戈尔乔克·加克;Gorjok Gak;1;2;8;70;75;60;62;77;78;76;65;78;60;62;67;70;69;29;0;四川;13;0;0;0;0;5001