No;name;nameBirth;positionFirst;positionSecond;potential;skillPass;skillShotInterior;skillShotExterior;skillShotFree;skillPhysique;skillBlock;skillRebound;skillSteal;tendencyIn;tendencyEx;tendencyFr;ATT;DEF;Ranks;age;yearsLeague;team;teamID;yearsContract;salary;stateInjury;draft;image;info
1;胡金秋;Hu JinQiu;4;0;10;61;96;76;76;93;86;90;76;89;76;73;82;94;88;26;9;中国;1;0;0;0;201500;228;胡金秋（1997年9月24日—），出生于中国新疆尉犁县，现役中国职业篮球运动员，现效力于CBA联盟的浙江广厦，场上位置为大前锋。2012年7月，初三刚毕业的他被浙江广厦俱乐部招募，来到杭州。
2;杨瀚森;Yang Hansen;5;0;10;71;86;69;67;84;88;89;64;82;68;66;77;89;83;19;0;0;0;0;0;0;202400;730;杨瀚森（2005年6月26日—），中国男子篮球运动员，司职中锋。2023年至2025年效力于中国男子篮球职业联赛青岛雄鹰，2025年NBA选秀中由孟菲斯灰熊于首轮16顺位选中，中选后被交易至波特兰开拓者。
3;高诗岩;Gao ShiYan;1;0;8;87;80;76;77;80;60;76;92;76;72;70;82;84;83;28;9;中国;1;0;0;0;201500;2905;高诗岩（1996年1月22日—），辽宁丹东人，中国男子篮球运动员。曾联同队友颜鹏、李浩南和胡金秋代表中国参加2020年夏季奥林匹克运动会男子三对三篮球比赛。
4;曾凡博;Zeng Fanbo;3;0;10;72;83;80;76;82;82;78;75;82;75;80;81;83;83;21;2;0;0;0;0;0;202200;421;曾凡博（2003年1月11日—），出生于黑龙江哈尔滨，中华人民共和国旅美职业篮球运动员，现效力于中国男子篮球职业联赛，司职前锋。高中时期效力于佛罗里达州温德米尔预科学校，曾被ESPN授予四星高中生。曾与贡扎加大学达成口头协议加盟，但由于球队教练的离职改变选择加盟NBA发展联盟点燃队，赛季结束后在NBA2021年选秀大会上落选，后回到CBA母队北京首钢发展。
5;张宁;Ning Zhang;3;0;8;71;84;86;79;82;70;78;78;82;85;81;84;80;83;27;4;0;0;0;0;0;202000;743;张宁（1997年2月19日—），河北省承德市人，中国篮球运动员，现效力于山西汾酒职业篮球俱乐部，司职小前锋。代表中国3x3男子篮球队参加2024年夏季奥林匹克运动会。
6;廖三宁;Liao Sanning;2;0;10;82;87;76;84;80;64;68;86;85;72;80;84;78;82;23;3;中国;1;0;0;0;202100;3136;廖三宁，2001年1月29日生于广西壮族自治区南宁市，中国篮球运动员，场上司职后卫，效力中国男子篮球职业联赛（CBA）的北京紫禁勇士俱乐部。
7;胡明轩;Hu Mingxuan;2;0;9;76;83;88;83;80;66;71;77;80;85;79;85;76;81;26;7;中国;1;0;0;0;201700;1527;胡明轩（1998年3月10日—），新疆乌鲁木齐人，中国大陆男子职业篮球运动员，司职双能卫，目前效力于CBA联盟的广东华南虎队，同时是中国国家男子篮球队队员。
8;王岚嵚;WangLanQin;1;0;7;80;77;77;82;80;63;75;78;77;82;77;84;78;81;26;2;0;0;0;0;0;202200;704;王岚嵚，1998年3月23日出生于山东省潍坊市，中国职业男子篮球运动员，司职后卫，毕业于清华大学，现效力于CBA辽宁沈阳三生飞豹篮球俱乐部。
9;余嘉豪;Yu Jiahao;5;0;9;67;91;60;64;86;82;87;61;88;59;55;74;86;80;21;3;中国;1;0;0;0;202100;735;余嘉豪（Yu Jiahao），2003年3月18日出生于浙江省杭州市，中国篮球运动员，场上司职中锋，效力于中国男子篮球职业联赛（CBA）的浙江稠州银行金牛俱乐部。
10;程帅澎;Cheng Shuaipeng;2;0;8;67;77;96;85;82;67;61;78;76;92;73;84;75;80;24;7;中国;1;0;0;0;201700;686;程帅澎，1999年6月3日生于江苏连云港，中国职业篮球运动员，司职得分后卫，效力于CBA浙江稠州金牛俱乐部。
11;付豪;Fu Hao;4;0;8;64;87;64;65;83;71;80;71;84;70;68;74;79;77;26;9;0;0;0;0;0;201500;2890;付豪，男，1997年8月24日出生于辽宁省沈阳市，中国职业篮球运动员，司职中锋/大前锋，曾效力于CBA八一南昌火箭篮球队，现效力于CBA辽宁沈阳三生飞豹篮球俱乐部。
463;朱俊龙;Zhu Junlong;3;0;8;75;76;75;78;82;78;80;83;69;73;69;74;84;80;24;5;中国;1;3;0;0;201900;2860;朱俊龙，1999年7月13日出生于吉林省长春市，中国篮球运动员，场上司职小前锋，效力于CBA浙江广厦猛狮俱乐部。
13;河村勇辉;Yuki Kawamura;1;0;9;82;85;92;84;80;45;74;74;75;95;83;92;72;83;23;1;日本;2;0;0;0;0;3233;河村勇辉（日语：河村 勇輝／かわむら ゆうき Kawamura Yuki，2001年5月2日—），为日本男子篮球运动员之一，18岁时以特别指定球员与B联赛球队三远新凤凰签约。目前效力于NBA孟菲斯灰熊队，主打控球后卫。
14;约什-霍金森;Josh Hawkinson;4;5;8;62;73;85;72;83;72;82;70;74;74;74;75;80;78;29;1;日本;2;0;0;0;0;5001;约书亚-哈肯-霍金森（Joshua Haakon Hawkinson，1995 年 6 月 23 日出生）是一名出生于美国的日本职业篮球运动员，现效力于 B 联赛涩谷太阳岩石队。他曾效力于华盛顿州立美洲狮队（Washington State Cougars），并在职业生涯结束时成为该校历史上篮板和两双次数最多的球员。他于 2023 年成为日本公民。
15;比江岛慎;Makoto Hiejima;2;0;7;74;78;83;66;80;65;65;79;75;79;72;77;75;76;33;1;日本;2;0;0;0;0;5001;比江島慎（日语：Makoto Hiejima，1990 年 8 月 11 日出生），日本职业篮球运动员，现效力于日本乙级联赛宇都宫布雷克斯队。
16;八村塁;Rui Hachimura;4;3;8;58;82;82;83;83;67;68;62;78;75;80;79;72;75;26;4;日本;2;0;0;0;201909;180;八村塁（日语：八村塁，合音：Hachimura Rui，出生于 1998 年 2 月 8 日），日本职业篮球运动员，现效力于美国国家篮球协会（NBA）洛杉矶湖人队。他曾在大学篮球队贡萨加牛头犬队效力，并曾代表日本国家队出战。他司职小前锋和大前锋两个位置。在 2019 年 NBA 选秀大会上，他在第九顺位被华盛顿奇才队选中，并于 2020 年入选 NBA 全明星阵容第二队。
17;富㭴勇树;Yuki Togashi;1;0;8;75;74;77;71;63;60;61;68;72;77;73;77;62;70;30;1;日本;2;0;0;0;0;5001;富㭴勇树（Yuki Togashi，1993 年 7 月 30 日出生），日本职业篮球运动员，现效力于日本乙级联赛千叶喷气机船桥队。
18;渡边雄太;Yuta Watanabe;4;3;9;60;73;75;65;73;67;73;65;65;69;63;67;70;69;29;5;日本;2;0;0;0;201800;449;渡边雄太（ Watanabe Yūta，生于 1994 年 10 月 13 日），日本职业篮球运动员，曾效力于美国国家篮球协会（NBA）孟菲斯灰熊队。他曾在美国乔治-华盛顿殖民队（现为革命队）打大学篮球，是第一位获得 NCAA 一级篮球联赛奖学金的日本出生的学生运动员。他在 2018 年被评为大西洋 10 区年度最佳防守球员。他还曾代表日本国家队出战，帮助日本队在 2013 年东亚篮球锦标赛上夺得铜牌。
19;吉井裕鹰;Hirotaka Yoshii;3;0;7;67;70;67;65;62;73;65;75;67;67;66;66;68;68;26;1;日本;2;0;0;0;0;5001;吉井裕鹰是一名出生于1998年6月4日的篮球运动员。他的身高为六英尺五英寸（1米96 / 6-5）。他是一名小前锋，最近效力于日本 B1 联赛的丰田阿尔瓦克队。
20;渡边飞勇;Hugh Watanabe;2;0;7;73;67;72;65;65;55;63;70;65;76;68;70;62;66;25;1;日本;2;0;0;0;0;5001;渡邉飛勇（ワタナべ-ヒュー，Watanabe Hyū，生于 1998 年 12 月 23 日），又名休-霍格兰（Hugh Hogland），日裔美国人，职业篮球运动员，效力于 B 联盟的琉球黄金王队。他曾在大学篮球队波特兰飞行员队和加州大学戴维斯分校Aggies队效力。渡边曾是日本国家篮球队成员。
21;提布斯-海;Kai Toews;1;0;8;62;72;72;61;73;71;73;55;69;70;56;65;66;65;25;0;日本;2;0;0;0;0;5001;凯-托伊斯（テーブス海，生于 1998 年 9 月 17 日），日本职业篮球运动员，现效力于 B 级联赛的东京阿尔瓦克队。他的表弟乔纳森-托伊斯曾在 2007 年至 2023 年期间效力于美国国家冰球联盟的芝加哥黑鹰队。
22;雅各布斯-晶;Akira Jacobs;2;0;8;62;72;72;61;73;71;73;55;69;70;56;64;67;65;20;0;日本;2;0;0;0;0;5001;Akira Jacobs（ジェイコブス 晶）是一名篮球运动员，出生于 2004 年 4 月 13 日。他的身高为六英尺七英寸（2米00 / 6-7）。他是一名投篮后卫，最近效力于 NCAA 的夏威夷勇士队。
23;马场雄大;Yudai Baba;2;0;8;62;72;72;61;73;71;73;55;69;70;56;64;67;65;28;1;日本;2;0;0;0;0;5001;马场雄大（Yudai Baba，1995 年 11 月 7 日出生）是日本职业篮球运动员，效力于 B 联赛长崎维尔卡队。他曾在筑波大学打大学篮球。Baba 曾是日本男子篮球国家队成员。
24;富永启生;Keisei Tominaga;2;0;7;73;71;69;61;59;53;55;67;66;67;63;67;56;62;23;1;日本;2;0;0;0;0;5001;富永啓世（Keisei Tominaga，生于 2001 年 2 月 1 日），日本职业篮球运动员，现效力于美国国家篮球协会（NBA）印第安纳步行者队。他在大学期间曾效力于十大联盟的内布拉斯加玉米队，此前曾效力于兰格学院。富永曾入选日本男子篮球国家队和国家 3x3 篮球队。他是一名控球后卫。
25;杰珀斯-阿吉拉尔;Japeth Aguilar;5;4;7;80;88;81;72;72;86;86;67;83;80;76;87;83;85;37;1;菲律宾;3;0;0;0;0;5001;贾佩思-保罗-卡布雷拉-阿吉拉尔（Japeth Paul Cabrera Aguilar，1987 年 1 月 25 日出生）是菲律宾职业篮球运动员，现效力于菲律宾篮球协会（PBA）的巴兰盖-金布拉-圣米格尔队（Barangay Ginebra San Miguel）。他最初在菲律宾大学体育协会（UAAP）的雅典耀蓝鹰队（Ateneo Blue Eagles）打大学篮球，但两个赛季后，他转到了美国国家大学体育协会一级联赛的西肯塔基大学山顶洞人队（Western Kentucky University Hilltoppers）。
26;琼-玛尔-法哈多;June Mar Fajardo;5;0;7;69;80;69;73;82;84;75;68;81;68;72;77;82;79;34;1;菲律宾;3;0;0;0;0;5001;June Mar Sotto Fajardo（他加禄语：[pɐˈhaɾdo],生于 1989 年 11 月 17 日），菲律宾职业篮球运动员，现效力于菲律宾篮球协会（PBA）的圣米格尔海妖队。他的绰号是 海怪，因为他拥有非凡的体型和精湛的技巧，能与对方的大个子球员对抗。
27;凯-索托;Kai Sotto;5;0;10;62;82;72;61;83;71;75;65;79;70;56;72;77;74;22;1;菲律宾;3;0;0;0;0;1643;Kai Zachary Perlado Sotto（英语：/ˈkaɪ/，他加禄语：[ˈkaɪ ˈsɔtɔ],生于 2002 年 5 月 11 日），菲律宾职业篮球运动员。他身高 7 英尺 3 英寸（2.21 米），司职中锋，效力于日本乙级联赛越谷字母队。他与劳尔-迪洛（Raul Dillo）并列成为史上最高的菲律宾职业篮球运动员。索托和迪洛也是菲律宾第二高的男子球员，仅次于身高 7 英尺 4 英寸（2.24 米）的威廉-比斯科乔（William Biscocho）。
28;CJ-培瑞兹;CJ Perez;2;3;7;71;63;71;78;69;71;61;76;64;76;74;71;70;71;30;1;菲律宾;3;0;0;0;0;5001;杰马尔·培瑞兹（英语：Jaymar Perez，1993年11月17日—）为菲律宾男子篮球运动员，培瑞兹的父亲为尼日利亚人，母亲为菲律宾海外移工，培瑞兹出生于英属香港九龙，成长于菲律宾邦阿西楠省包蒂斯塔，由于出生于海外被PBA视为海外菲律宾球员。培瑞兹在2018年PBA选秀上被哥伦比亚Dyip以状元签选进球队，2021年2月被球队交易至生力啤酒人。
29;德怀特-拉莫斯;Dwight Ramos;2;1;7;79;65;76;64;70;65;63;75;64;76;63;71;69;70;25;0;菲律宾;3;0;0;0;0;5001;德怀特-拉莫斯（Dwight Ramos，出生于 1998 年 9 月 2 日）是一名菲律宾裔美国职业篮球运动员，效力于日本乙级联赛北海道莱万加队。他在大学期间曾效力于菲律宾大学体育协会（UAAP）的雅典耀蓝鹰队（Ateneo Blue Eagles）。他还曾为菲律宾国家篮球队效力。
30;梅森-弗朗西斯-阿莫斯;Mason Francis Amos;5;0;8;62;72;72;61;73;71;73;55;69;70;56;67;70;69;19;0;菲律宾;3;0;0;0;0;5001;0
31;凯文-奎安鲍;Kevin Quiambao;4;0;8;62;72;72;61;73;71;73;55;69;70;56;66;69;68;23;0;菲律宾;3;0;0;0;0;5001;卡尔-凯文-阿加尼亚-基安博（Karl Kevin Argana Quiambao）（2001 年 4 月 22 日出生）是菲律宾大学篮球运动员，效力于菲律宾大学体育协会（UAAP）的德拉萨尔绿箭队。他曾获得 UAAP 青少年组和老年组的冠军，并多次代表菲律宾国家队出战。
32;卡尔-塔马约;Carl Tamayo;4;0;8;62;72;72;61;73;71;73;55;69;70;56;66;69;68;23;0;菲律宾;3;0;0;0;0;5001;卡尔-文森特-卡贝隆-塔马约（Carl Vincent Cabellon Tamayo）（2001 年 2 月 13 日出生），菲律宾职业篮球运动员，现效力于韩国篮球联赛（KBL）昌原 LG Sakers 队。他曾在菲律宾大学体育协会（UAAP）UP Fighting Maroons 队打大学篮球。他曾获得 UAAP 青少年组和老年组的冠军，并多次为菲律宾国家队效力。他的身高为 6 英尺 8 英寸（2.02 米）。
33;卡尔文-奥夫塔纳;Calvin Oftana;3;4;8;62;72;72;61;73;71;73;55;69;70;56;64;68;67;28;0;菲律宾;3;0;0;0;0;5001;卡尔文-约翰-奥夫塔纳（Calvin John Oftana，1996 年 1 月 3 日出生）是菲律宾职业篮球运动员，现效力于菲律宾篮球协会（PBA）的 TNT Tropang Giga 篮球队。他曾在大学篮球联赛中效力于圣贝达红狮队（San Beda Red Lions）。他司职小前锋和大前锋两个位置。在大学期间，他还担任过投篮后卫。
34;贾斯廷-布朗利;Justin Brownlee;3;4;8;62;72;72;61;73;71;73;55;69;70;56;64;68;67;36;0;菲律宾;3;0;0;0;0;5001;贾斯廷·布朗利（英语：Justin Brownlee，1988年4月23日—），生于美国蒂夫顿，美国篮球运动员，司职小前锋，他在2018年1月加盟ABL球队菲律宾火焰，并协助菲律宾火焰在总决赛以场数3–2击败莫诺吸血鬼，首夺ABL总冠军。
35;克里斯-纽森;Chris Newsome;2;3;8;62;72;72;61;73;71;73;55;69;70;56;64;67;65;33;0;菲律宾;3;0;0;0;0;5001;克里斯托弗-伊利亚-杜克-纽瑟姆（Christopher Elijah Duque Newsome，生于 1990 年 7 月 25 日）是一名菲律宾裔美国职业篮球运动员，现效力于菲律宾篮球协会（PBA）的 Meralco Bolts 篮球队。
36;约什-吉迪;Josh Giddey;2;3;8;85;80;77;79;82;55;77;76;82;70;76;82;75;79;21;2;澳大利亚;4;0;0;0;202106;233;约书亚·詹姆斯·“约什”·吉迪（Joshua James Josh Giddey，2002年10月10日—）为澳大利亚职业篮球运动员，场上主打控球后卫位置，现效力于NBA芝加哥公牛。在2021年NBA选秀中以首轮第6顺位被俄克拉何马城雷霆选中。
37;戴森-丹尼尔斯;Dyson Daniels;1;2;8;72;75;71;74;79;70;75;87;70;71;69;74;83;78;20;1;澳大利亚;4;0;0;0;202208;921;戴森·丹尼尔斯（Dyson Daniels），全名戴森·詹姆斯·丹尼尔斯（Dyson James Daniels），2003年3月17日出生于澳大利亚本迪戈，毕业于澳大利亚体育学院NBA全球学院，澳大利亚篮球运动员，司职后卫，效力于NBA亚特兰大老鹰队。
38;尼克-凯;Nicholas Kay;4;5;7;69;74;71;75;81;78;73;65;73;70;76;74;77;76;31;0;澳大利亚;4;0;0;0;0;5001;尼古拉斯-科林-凯（Nicholas Colin Kay，1992 年 8 月 3 日出生），澳大利亚职业篮球运动员，曾效力于日本乙级联赛岛根县须佐之男魔术队。他曾在大学篮球队 Metro State Roadrunners 打球，之后在国家篮球联赛（NBL）开始职业生涯。他曾在 2019 年和 2020 年随珀斯野猫队两次夺得 NBL 总冠军。2019 年，他还在惠灵顿圣徒队赢得了新西兰 NBL 总冠军和联赛 MVP 荣誉。2021 年，他随澳大利亚国家队获得东京奥运会铜牌。
39;约什-格林;Josh Green;3;2;7;63;73;80;74;83;70;64;81;65;80;68;72;77;75;22;3;澳大利亚;4;0;0;0;202018;479;乔舒亚·本杰明·格林（英语：Joshua Benjamin Green，2000年11月16日—），出生于澳大利亚，为澳洲职业篮球运动员，现效力于NBA夏洛特黄蜂，场上位置为得分后卫。
40;丹特-埃克萨姆;Dante Exum;3;2;7;73;78;71;75;80;58;65;76;75;65;77;75;71;74;28;9;澳大利亚;4;0;0;0;201405;776;丹特·李曼·埃克萨姆（英语：Dante Liman Exum，1995年7月13日—）为澳洲男子篮球运动员，场上位置为控球后卫，现时效力NBA达拉斯独行侠。他曾代表澳洲参加2020年夏季奥林匹克运动会，获得铜牌。
41;乔-英格尔斯;Joe Ingles;3;2;8;80;76;84;79;82;50;60;75;70;75;65;79;67;74;36;9;澳大利亚;4;0;0;0;200900;333;乔·英格尔斯（英语：Joe Ingles，1987年10月2日—），澳大利亚篮球运动员。毕业于澳洲体育学院，司职小前锋。他也代表澳大利亚国家篮球队参赛。
42;乔克-兰代尔;Jock Landale;5;4;7;54;78;70;75;78;72;75;60;75;70;64;71;74;73;27;2;澳大利亚;4;0;0;0;201800;1192;乔克·兰代尔（英语：Jock Landale，1995年10月25日—），澳大利亚男子篮球运动员。他曾代表澳大利亚国家队参加2020年夏季奥林匹克运动会篮球比赛，获得一枚铜牌。他也曾参加2019年国际篮联篮球世界杯。现效力于NBA休斯敦火箭。
43;帕蒂-米尔斯;Patty Mills;1;2;9;72;74;84;82;80;45;60;60;69;87;74;81;61;72;35;14;澳大利亚;4;0;0;0;200955;619;帕特里克·萨米·米尔斯（英语：Patrick Sammie Mills，1988年8月11日—），澳大利亚职业篮球运动员，目前效力NBA洛杉矶快船。他在2009年NBA选秀中第2轮第25顺位被波特兰开拓者选中，是NBA有史以来第二位澳洲原住民球员。
44;杜普-里斯;Duop Reath;5;0;7;60;85;60;70;75;70;75;53;85;65;65;73;71;72;27;0;澳大利亚;4;0;0;0;201800;5001;杜普-托马斯-雷斯（/ˈduːɒp ˈriːθ/ DOO-op REETH,1996 年 6 月 26 日出生），澳大利亚职业篮球运动员，现效力于美国国家篮球协会（NBA）波特兰开拓者队。他在大学期间曾效力于 Lee College Runnin' Rebels 篮球队和路易斯安那州立大学老虎队，是澳大利亚篮球队的一员，并在 2020 年东京奥运会上获得铜牌。
45;杰克-麦克维;Jack McVeigh;3;0;8;62;72;72;61;73;71;73;55;69;70;56;64;68;67;28;0;澳大利亚;4;0;0;0;0;5001;杰克-爱德华-麦克维（Jack Edward McVeigh，1996 年 6 月 27 日出生），澳大利亚职业篮球运动员，现效力于美国国家篮球协会（NBA）休斯敦火箭队，与 NBA G 联盟里奥格兰德河谷毒蛇队（Rio Grande Valley Vipers）签有双向合同。他曾在 2015 年至 2018 年期间为内布拉斯加州 Cornhuskers 篮球队打大学篮球。2018 年，麦克维在美国国家篮球联赛（NBL）阿德莱德 36 人队开始职业生涯，并在该队效力了三个赛季。2021 年，他加盟塔斯马尼亚杰克跳投队（Tasmania JackJumpers），参加了该队的首个赛季，并在 2024 年率队夺得 NBL 总冠军，获得 NBL 总决赛最有价值球员奖。麦克维代表澳大利亚国家队参加了 2024 年夏季奥运会。
46;马修-德拉维多瓦;Matthew Dellavedova;1;2;6;69;70;73;78;70;51;63;61;63;75;66;72;60;67;33;10;澳大利亚;4;0;0;0;201300;434;马修·德拉维多瓦（英语：Matthew Dellavedova，1990年9月8日—），澳大利亚职业篮球运动员，司职控球后卫和得分后卫。
47;内森-索比;Nathan Sobey;1;2;8;62;72;72;61;73;71;73;55;69;70;56;65;66;65;21;0;澳大利亚;4;0;0;0;0;5001;内森-亚当-索比（Nathan Adam Sobey，1990 年 7 月 14 日出生）是澳大利亚职业篮球运动员，现效力于澳大利亚国家篮球联赛（NBL）东南墨尔本凤凰队。他曾在怀俄明牛仔队（Wyoming Cowboys）打大学篮球，2014 年代表凯恩斯大班队（Cairns Taipans）首次参加 NBL 联赛。他是在 2020 年东京奥运会上获得铜牌的澳大利亚 Boomers 队成员之一。
48;威尔-马格奈;Will Magnay;5;0;6;52;62;57;66;64;62;68;53;61;50;43;53;61;57;25;5;澳大利亚;4;0;0;0;201800;1998;威尔-斯科特-马格奈（Will Scott Magnay，出生于 1998 年 6 月 10 日）是澳大利亚职业篮球运动员，现效力于全国篮球联赛（NBL）塔斯马尼亚 JackJumpers 队。他还与 NBL1 北区的黄金海岸滚球队（Gold Coast Rollers）签有合同。他曾为塔尔萨金飓风队打了一个赛季的大学篮球。
49;雅尼-魏泽尔;Yanni Wetzell;5;4;7;72;79;66;70;79;81;81;59;80;68;70;76;80;78;27;1;新西兰;5;0;0;0;0;5001;扬尼克-克莱门斯-托马斯-韦策尔（Yannick Clemens Thomas Wetzell，1996 年 7 月 8 日出生） 是一名新西兰职业篮球运动员，效力于德国篮球甲级联赛（BBL）和欧洲联赛的柏林阿尔巴队。他曾效力于圣玛丽响尾蛇队（St. Mary's Rattlers）、范德堡准将队（Vanderbilt Commodores）和圣地亚哥州立阿兹台克队（San Diego State Aztecs）。
50;谢伊-伊利;Shea Ili;1;0;7;75;75;71;77;66;67;73;80;72;73;72;76;74;75;31;1;新西兰;5;0;0;0;0;5001;谢伊利（Shea Ili）（1992 年 10 月 6 日出生）是一名新西兰职业篮球运动员，效力于澳大利亚全国篮球联赛（NBL）墨尔本联队。他还与 NBL1 南区的桑德灵厄姆军刀队（Sandringham Sabres）签有合同。他于 2014 年在新西兰 Breakers 队首次参加澳大利亚 NBL 联赛。他是 2015 年 Breakers 夺冠球队的成员之一，并在 2018 年被评为 NBL 最有进步球员。他于 2019 年加盟曼联队，并在 2021 年赢得了个人第二个 NBL 总冠军。他在 2022 年被评为 NBL 最佳第六人，在 2024 年被评为 NBL 最佳防守球员。
51;芬恩-德拉尼;Finn Delany;3;4;7;80;64;76;76;73;62;70;71;70;78;76;76;69;74;28;0;新西兰;5;0;0;0;0;5001;芬恩·德拉尼（英语：Finn Delany，1995年8月12日—），新西兰男子篮球运动员，场上位置是前锋。他曾代表新西兰国家队参加2018年英联邦运动会篮球比赛，获得一枚铜牌。
52;乔丹-恩加泰;Jordan Ngatai;3;0;7;81;67;73;81;67;65;71;71;71;73;75;77;68;74;31;1;新西兰;5;0;0;0;0;5001;乔丹-恩加泰（Jordan Ngatai，1993 年 3 月 7 日出生）是一名新西兰职业篮球运动员，效力于芬兰 Korisliiga 联赛的 Pyrintö。他还与新西兰全国篮球联赛（NZNBL）的霍克湾鹰队（Hawke's Bay Hawks）签有合同。他曾在澳大利亚 NBL 的新西兰 Breakers 队效力过六个赛季，是新西兰高大黑人队的常客。在新西兰 NBL 联赛中，他曾四次获得冠军。
53;鲁本-特-蓝吉;Reuben Te Rangi;2;3;7;82;68;73;70;67;62;69;72;70;75;66;74;68;71;29;1;新西兰;5;0;0;0;0;5001;鲁本-特-兰吉（Reuben Te Rangi，1994 年 10 月 14 日出生）是一名新西兰职业篮球运动员，效力于新西兰全国篮球联赛（NZNBL）奥克兰图阿拉队（Auckland Tuatara）。他是新西兰高大黑人队的常客。
54;伊扎亚-勒阿法;Izayah Le'afa;1;0;7;78;65;68;62;65;55;69;78;68;75;62;70;69;70;27;1;新西兰;5;0;0;0;0;5001;Izayah Mauriohooho-Le'afa （1996 年 11 月 7 日出生）是新西兰职业篮球运动员，效力于新西兰全国篮球联赛（NZNBL）惠灵顿圣徒队。他还与澳大利亚全国篮球联赛（NBL）的悉尼国王队签有合同。他的职业生涯始于新西兰全国篮球联赛（NZNBL），为惠灵顿圣徒队效力了三个赛季，之后于 2016 年前往美国，为萨克拉门托州立大学黄蜂队打大学篮球。2020 年毕业后，他为奥克兰哈士奇队效力了一个赛季，并获得了 NZNBL 年度最佳防守球员和 NZNBL 全明星五佳球。随后，他加盟澳大利亚NBL东南墨尔本凤凰队，打了两个赛季后，于2022年加盟新西兰Breakers队。
55;科里-韦伯斯特;Corey Webster;5;0;8;62;72;72;61;73;71;73;55;69;70;56;67;70;69;21;0;新西兰;5;0;0;0;0;5001;科里-韦伯斯特（Corey Webster）（1988 年 11 月 29 日出生），新西兰职业篮球运动员，现效力于新西兰全国篮球联赛（NZNBL）奥克兰图塔拉队（Auckland Tuatara）。他在美国兰布斯大学打了一个赛季的大学篮球后，于 2008 年首次加盟澳大利亚全国篮球联赛（NBL）的新西兰闯入者队，并在 2011 年、2013 年和 2015 年随俱乐部夺得冠军。
56;泰瑞尔-哈里森;Tyrell Harrison;5;0;8;62;72;72;61;73;71;73;55;69;70;56;67;70;69;24;0;新西兰;5;0;0;0;0;5001;泰瑞尔-哈里森（Tyrell Harrison）是一名篮球运动员，出生于 1999 年 7 月 6 日。他身高七英尺（2米13/7-0）。他是一名中锋，最近效力于新西兰 NBL 的 Manawatu Jets 队。
57;汤姆-沃达诺维奇;Tom Vodanovich;4;0;8;62;72;72;61;73;71;73;55;69;70;56;66;69;68;29;0;新西兰;5;0;0;0;0;5001;托马斯-詹姆斯-沃达诺维奇（Thomas James Vodanovich）（1994 年 7 月 28 日出生）是一名新西兰职业篮球运动员，现效力于新西兰全国篮球联赛（NZNBL）奥克兰图塔拉队。他还与澳大利亚全国篮球联赛（NBL）东南墨尔本凤凰队（South East Melbourne Phoenix）签有合同。他曾于 2013 年至 2017 年在美国为詹姆斯-麦迪逊公爵队（James Madison Dukes）打过大学篮球，之后在澳大利亚 NBL 的新西兰闯入者队效力过两年。他于 2021 年加入悉尼国王队，并在 2022 年赢得了 NBL 总冠军。2024 年，他在塔斯马尼亚 JackJumpers 夺得第二个 NBL 总冠军。2020 年，他在马纳瓦图喷气机队效力时被评为新西兰 NBL MVP。
58;山姆-门嫩加;Sam Mennenga;3;0;8;62;72;72;61;73;71;73;55;69;70;56;64;68;67;22;0;新西兰;5;0;0;0;0;5001;塞缪尔-门能加（Samuel Mennenga）是一名篮球运动员，出生于 2001 年 12 月 12 日。他的身高为六英尺八英寸（2米04/6-8）。他是一名小前锋，最近效力于希腊的 AS Karditsas - Heba A1。
59;伊桑-鲁斯巴奇;Ethan Rusbatch;2;3;8;62;72;72;61;73;71;73;55;69;70;56;64;67;65;23;0;新西兰;5;0;0;0;0;5001;伊桑-罗斯巴奇（Ethan Rusbatch，1992 年 5 月 24 日出生）是一名新西兰篮球运动员，现效力于新西兰全国篮球联赛（NZNBL）富兰克林公牛队。他曾在美国的林肯小径学院打了一个赛季的大学篮球，之后于 2012 年在索斯兰鲨鱼队开始了他的新西兰 NBL 职业生涯。2013 年为塔拉纳基山人队效力后，他在坎特伯雷公羊队度过了随后的四个赛季。他于 2018 年加盟霍克湾鹰队，并在 2019 年获得 NZNBL 最有进步球员奖。他还曾在澳大利亚 NBL 的新西兰 Breakers 队效力过两个赛季。
60;弗林-卡梅隆;Flynn Cameron;1;0;7;55;71;55;59;76;68;72;55;73;57;59;57;66;61;24;1;新西兰;5;0;0;0;0;5001;弗林-卡梅隆是一名篮球运动员，出生于 2000 年 6 月 30 日。他的身高为六英尺三英寸（1米90/6-3）。他是一名控球后卫，最近效力于新西兰 NBL 的 Taranaki Mountainairs 队。
61;杜达-萨纳泽;Duda Sanadze;2;0;7;83;80;73;78;75;71;70;77;75;74;77;80;75;78;31;1;格鲁吉亚;6;0;0;0;0;5001;杜达-萨纳泽（格鲁吉亚语：დუდა სანაძე）（1992 年 7 月 25 日出生）是格鲁吉亚职业篮球运动员，效力于匈牙利篮球联赛的 Atomerőmű SE。
62;戈加-比塔泽;Goga Bitadze;5;0;9;67;89;77;83;80;75;75;55;70;70;70;80;75;77;24;4;格鲁吉亚;6;0;0;0;201918;856;0
63;托尔尼克-申格利亚;强ike Shengelia;4;0;9;68;75;66;73;81;78;73;66;77;68;75;73;78;75;32;1;格鲁吉亚;6;0;0;0;201254;2123;托尔尼克-托科-申格利亚（格鲁吉亚语： თორინკე შეგლია,生于 1991 年 10 月 5 日），又名 Shelengija，是格鲁吉亚职业篮球运动员，效力于甲级联赛（LBA）和欧洲联赛的博洛尼亚 Virtus 篮球俱乐部。谢尔盖利亚还代表格鲁吉亚国家队出战。他在 2018 年入选了全欧洲联赛第一阵容。
64;桑德罗-马穆凯拉什维利;Sandro Mamukelashvili;5;4;9;68;77;68;76;75;68;76;60;68;71;70;74;72;73;22;2;格鲁吉亚;6;0;0;0;202154;1262;0
65;卡哈贝尔-金特查拉泽;Kakhaber Jintcharadze;3;0;7;75;78;72;70;75;63;71;64;76;74;68;75;68;73;30;1;格鲁吉亚;6;0;0;0;0;5001;Kakhaber Jintcharadze 是一名篮球运动员，1993 年 7 月 16 日出生于波季。他身高六英尺六（1米97/6-6）。他是一名小前锋，最近效力于格鲁吉亚超级联赛第比利斯 TSU 队。
66;伊利亚-朗达里泽;Ilia Londaridze;5;0;8;62;72;72;61;73;71;73;55;69;70;56;67;70;69;21;0;格鲁吉亚;6;0;0;0;0;5001;Ilia londaridze（格鲁吉亚语：ილია ლონდარიძე,1989 年 9 月 15 日出生），格鲁吉亚职业篮球运动员，现效力于格鲁吉亚超级联赛第比利斯 BC Kavkasia 队。
67;亚历山大-佩瓦泽;Aleksandre Phevadze;4;0;8;62;72;72;61;73;71;73;55;69;70;56;66;69;68;26;0;格鲁吉亚;6;0;0;0;0;5001;Aleksandre Phevadze 是一名篮球运动员，出生于 1998 年 4 月 15 日。他身高六英尺九英寸（2米06/6-9）。他是一名大前锋，最近效力于格鲁吉亚超级联赛第比利斯 TSU 队。
68;乔治-科桑提亚;GIORGI KORSANTIA;4;0;8;62;72;72;61;73;71;73;55;69;70;56;66;69;68;26;0;格鲁吉亚;6;0;0;0;0;5001;乔治-科桑蒂亚（George Korsantia）是一名篮球运动员，出生于 1998 年 1 月 11 日。他身高六英尺八（2 米03/6-8）。他是一名大前锋，最近效力于格鲁吉亚超级联赛的库塔伊西队。
69;拉蒂-安德罗尼卡什维利;Rati Andronikashvili;1;2;8;62;72;72;61;73;71;73;55;69;70;56;65;66;65;23;1;格鲁吉亚;6;0;0;0;0;5001;拉蒂-安德罗尼卡什维利（格鲁吉亚语：რატი ანდრონიკაშვილი 2001 年 3 月 19 日出生）是一名格鲁吉亚球员，现效力于西甲萨拉戈萨卡萨德蒙特队。他身高 6 英尺 4 英寸（1.93 米），体重 186 磅（84 公斤），司职控球后卫和投篮后卫。
70;卢卡-马齐亚什维利;Luka Maziashvili;1;0;8;62;72;72;61;73;71;73;55;69;70;56;65;66;65;23;0;格鲁吉亚;6;0;0;0;0;5001;卢卡-马齐亚什维利是一名篮球运动员，出生于 2000 年 10 月 27 日。他身高六英尺二（1米87/6-2）。他是一名控球后卫，最近效力于格鲁吉亚超级联赛的卡夫卡西亚队。
71;乔-汤姆森;Joe Thomasson;2;1;8;62;72;72;61;73;71;73;55;69;70;56;64;67;65;30;0;格鲁吉亚;6;0;0;0;0;5001;乔-托马森（生于 1993 年 8 月 16 日）是一名美籍格鲁吉亚职业篮球运动员，现效力于以色列超级篮球联赛和欧洲联赛的特拉维夫马卡比普莱迪卡队。他司职控球后卫和投篮后卫。
72;乔治-奥赫基基泽;GIORGI OCHKHIKIDZE;1;0;8;62;72;72;61;73;71;73;55;69;70;56;65;66;65;20;0;格鲁吉亚;6;0;0;0;0;5001;乔治-奥赫基泽（Giorgi Ochkhikidze）是一名篮球运动员，出生于 2004 年 6 月 5 日。身高六英尺四英寸（1米92/6-4）。他是一名控球后卫，最近效力于格鲁吉亚超级联赛的库塔伊西队。
73;卢卡-东契奇;Luka Dončić;1;2;10;90;91;92;90;91;64;82;70;92;94;89;100;81;91;24;5;斯洛文尼亚;7;0;0;0;201803;28;卢卡·东契奇（斯洛文尼亚语：Luka Dončić，1999年2月28日—）是斯洛文尼亚职业篮球运动员，场上位置为控球后卫，现效力于NBA洛杉矶湖人。2017年9月18日，东契奇随斯洛文尼亚国家队赢得队史首座欧洲篮球锦标赛冠军，同时入选欧洲杯最佳阵容。2019年6月25日，东契奇获得NBA年度最佳新秀，至今东契奇已入选了5次NBA年度最佳阵容第一队。
74;日加-迪梅茨;Ziga Dimec;5;0;7;63;76;62;61;75;71;78;64;81;63;65;69;74;72;31;1;斯洛文尼亚;7;0;0;0;0;5001;日加-迪梅克（Žiga Dimec，1993 年 2 月 20 日出生），斯洛文尼亚职业篮球运动员，现效力于波兰篮球联赛的安维尔瓦切克队。他还代表斯洛文尼亚国家篮球队出战。
75;阿列克谢-尼科利奇;Aleksej Nikolić;1;0;7;86;62;80;77;60;61;58;72;62;80;70;80;62;72;28;1;斯洛文尼亚;7;0;0;0;0;5001;亚历克塞伊-尼科利奇（Aleksej Nikolić，出生于 1995 年 2 月 21 日）是斯洛文尼亚职业篮球运动员，现效力于斯洛文尼亚篮球联赛和 ABA 联赛的 Cedevita Olimpija 队。他身高 1.91 米，是一名得分后卫。
76;克莱曼-普莱佩里奇;Klemen Prepelič;2;0;7;73;70;85;67;68;61;69;69;68;86;69;76;67;72;30;1;斯洛文尼亚;7;0;0;0;0;5001;克莱门-普雷佩利奇（Klemen Prepelič）（1992 年 10 月 20 日出生）是斯洛文尼亚职业篮球运动员，曾效力于土耳其苏超联赛（BSL）的加拉塔萨雷-埃克马斯队。他还代表斯洛文尼亚国家篮球队参加国际比赛。他身高 1.91 米（6 英尺 3 英寸），司职投篮后卫。
77;约什-内博;Josh Nebo;5;0;8;62;72;72;61;73;71;73;55;69;70;56;67;70;69;26;0;斯洛文尼亚;7;0;0;0;0;5001;约书亚-奥克丘克沃-内博（Joshua Okechukwu Nebo，出生于 1997 年 7 月 17 日）是一名美国出生的归化斯洛文尼亚籍职业篮球运动员，现效力于意大利甲级联赛和欧洲联赛的米兰奥林匹亚队。他曾效力于圣弗朗西斯红闪电队和德克萨斯农工大学。2020-21 年，他的场均篮板数在以色列篮球超级联赛（Israel Basketball Premier League）中遥遥领先。
78;弗拉特科-钱查尔;Vlatko Čančar;3;2;9;67;76;74;77;67;61;66;61;66;74;69;73;62;68;27;4;斯洛文尼亚;7;0;0;0;201749;653;Vlatko Čančar（/ˈtʃɑːntʃɑːr/ CHAHN-char,1997 年 4 月 10 日出生），斯洛文尼亚职业篮球运动员，现效力于美国国家篮球协会（NBA）丹佛掘金队。身高 6 英尺 8 英寸（2.03 米），司职小前锋。
79;卢卡-什丘卡;Luka Scuka;3;4;8;62;72;72;61;73;71;73;55;69;70;56;64;68;67;22;0;斯洛文尼亚;7;0;0;0;0;5001;卢卡-什丘卡（Luka Ščuka，2002 年 5 月 23 日出生），斯洛文尼亚职业篮球运动员，现效力于 ABA 联赛和斯洛文尼亚篮球联赛的 Cedevita Olimpija 队。他身高 2.08 米，是一名前锋。
80;埃多-穆里奇;Edo Muric;3;0;8;62;72;72;61;73;71;73;55;69;70;56;64;68;67;32;0;斯洛文尼亚;7;0;0;0;0;5001;埃多-穆里奇（Edo Murić，出生于 1991 年 11 月 27 日）是斯洛文尼亚职业篮球运动员，现效力于斯洛文尼亚联赛和 ABA 联赛的 Cedevita Olimpija 篮球队。他还代表斯洛文尼亚国家队出战。他身高 2.02 米（6 英尺 8 英寸），司职小前锋。
81;米哈-切克韦尼克;Miha Cerkvenik;2;0;8;62;72;72;61;73;71;73;55;69;70;56;64;67;65;22;0;斯洛文尼亚;7;0;0;0;0;5001;米哈-切克韦尼克（Miha Cerkvenik）是一名篮球运动员，出生于 2001 年 11 月 09 日。他的身高为 6 英尺 2（1 米87 / 6-2）。他是一名投篮后卫，最近效力于斯洛文尼亚新KBM联赛的Krka Novo Mesto队。
82;佐兰-德拉季奇;Zoran Dragic;2;3;8;62;72;72;61;73;71;73;55;69;70;56;64;67;65;35;1;斯洛文尼亚;7;0;0;0;0;5001;佐兰-德拉季奇（Zoran Dragić，1989 年 6 月 22 日出生）是斯洛文尼亚职业篮球运动员，现效力于斯洛文尼亚联赛和 ABA 联赛的 Cedevita Olimpija 队。他还代表斯洛文尼亚国家篮球队参加国际比赛。他身高 1.96 米（6 英尺 5 英寸），司职投篮后卫和小前锋。他是戈兰-德拉季奇（Goran Dragić）的弟弟。
83;利昂-斯特加;Leon Stergar;2;0;8;62;72;72;61;73;71;73;55;69;70;56;64;67;65;24;0;斯洛文尼亚;7;0;0;0;0;5001;莱昂-斯特加（Leon Stergar，2000 年 3 月 17 日出生于斯洛文尼亚布雷日采）是斯洛文尼亚职业篮球运动员，效力于斯洛文尼亚联赛克尔卡队。他是一名身高 1.93 米的投篮后卫。
84;格雷戈尔-赫罗瓦特;Gregor Hrovat;2;3;7;64;67;58;55;69;63;64;59;67;60;56;58;62;60;29;1;斯洛文尼亚;7;0;0;0;0;5001;格雷戈尔-赫罗瓦特（Gregor Hrovat）（1994 年 8 月 18 日出生）是斯洛文尼亚职业篮球运动员，曾效力于 LNB Pro A 的第戎 JDA 队。他还代表斯洛文尼亚国家队出战。
85;尼古拉-约基奇;Nikola Jokic;5;0;11;94;94;80;87;94;65;91;88;93;78;80;97;89;93;28;8;塞尔维亚;8;0;0;0;201441;82;尼古拉·约基奇（塞尔维亚语：Никола Јокић，罗马化：Nikola Jokić，1995年2月19日—）为塞尔维亚男子篮球运动员，因名字相似及变幻莫测的传球技巧及组织能力而绰号“小丑”（Joker） 。目前效力于NBA丹佛掘金，场上位置为中锋。他在2014年NBA选秀大会中于第二轮第四十一顺位为丹佛掘金选中。2020-21赛季赢得生涯首座常规赛MVP，成为联盟史上第一位拿MVP的二轮选秀球员，同时也是联盟史上最低顺位的年度MVP,隔年赛季再收下生涯第二座常规赛MVP奖项，完成MVP二连霸。
86;瓦西里耶-米西奇;Vasilije Micic;1;2;9;80;79;79;79;74;61;64;75;78;75;78;83;70;77;30;9;塞尔维亚;8;0;0;0;201452;1320;瓦西里耶·米齐奇 （塞尔维亚语：Василије Мицић，罗马化：Vasilije Micić，1994年1月13日—），是一名塞尔维亚篮球运动员，司职后卫，目前效力于NBA的菲尼克斯太阳，并为塞尔维亚国家男子篮球队出战国际赛事。他在2014年NBA选秀中以52顺位被费城76人选中，但直到九年后才与俄克拉荷马城雷霆签约登陆NBA。他在欧洲效力期间曾三度入选全欧第一阵容，并带领安纳托利亚艾菲斯在2021和2022年两度问鼎欧洲篮球联赛，米齐奇本人也因此两度荣膺欧洲冠军联赛最终四强MVP，他还在2021年被评为欧洲篮球联赛MVP。
87;博格丹-博格达诺维奇;Bogdan Bogdanovic;2;3;8;77;78;87;84;81;55;70;63;73;84;77;84;68;76;31;6;塞尔维亚;8;0;0;0;201427;403;波格丹·博格达诺维奇（塞尔维亚语：Богдан Богдановић，1992年8月18日—），生于塞尔维亚，塞尔维亚职业篮球运动员，现效力于NBA洛杉矶快船，场上位置为得分后卫。他代表塞尔维亚国家篮球队参赛，参加了2014年篮球世界杯的比赛。
88;尼古拉-约维奇;Nikola Jovic;4;3;9;69;76;83;75;79;69;73;69;72;75;69;77;74;75;21;2;塞尔维亚;8;0;0;0;202227;1622;尼古拉-约维奇（塞尔维亚西里尔文： 尼古拉-约维奇（Nikola Jović，塞尔维亚西里尔文：Никола Јовић，发音为[nǐkola jǒːʋitɕ], 出生于 2003 年 6 月 9 日），塞尔维亚职业篮球运动员，现效力于美国国家篮球协会（NBA）迈阿密热火队。在 2022 年 NBA 选秀大会上，他在总第 27 位被热火队选中。
89;阿列克萨-阿夫拉莫维奇;Aleksa Avramović;1;2;9;75;65;80;74;71;57;63;81;69;77;72;76;71;74;29;1;塞尔维亚;8;0;0;0;0;5001;亚历克萨-阿夫拉莫维奇（塞尔维亚西里尔文：Алекса Аврамовић,1994 年 10 月 25 日出生）是塞尔维亚职业篮球运动员，效力于塞尔维亚 KLS、亚得里亚海联赛和欧洲联赛的帕尔蒂赞队。他还代表塞尔维亚国家男子篮球队参加国际比赛。
90;德扬-达维多瓦茨;Dejan Davidovac;3;0;8;74;70;78;64;79;69;71;62;75;76;69;74;71;73;29;1;塞尔维亚;8;0;0;0;0;5001;德扬-达维多瓦茨（塞尔维亚西里尔文：Дејан Давидовац,1995 年 1 月 17 日出生）是一名塞尔维亚职业篮球运动员，效力于塞尔维亚 KLS、亚得里亚海联赛和欧洲联赛的 Crvena zvezda。他身高 2.03 米（6 英尺 8 英寸），主要司职小前锋位置。
91;尼古拉-米卢蒂诺夫;Nikola Milutinov;5;0;8;69;70;75;70;68;70;77;52;78;68;72;74;69;71;29;1;塞尔维亚;8;0;0;0;0;5001;尼古拉-米卢蒂诺夫（塞尔维亚西里尔文：Никола Милутинов,生于 1994 年 12 月 30 日）是塞尔维亚职业篮球运动员，效力于希腊篮球联赛和欧洲联赛的奥林匹亚科斯队。他还代表塞尔维亚国家队参加国际比赛。米卢蒂诺夫身高 2.13 米（7 英尺 0 英寸），司职中锋。
92;马尔科-古杜里奇;Marko Guduric;2;3;8;68;66;79;69;72;60;70;76;68;78;68;71;71;71;29;6;塞尔维亚;8;0;0;0;201700;1821;马尔科-古杜里奇（塞尔维亚西里尔文：Марко Гудурић，1995 年 3 月 8 日出生）是一名塞尔维亚职业篮球运动员，效力于土耳其乙级联赛和欧洲联赛的费内巴切贝科队。他还代表塞尔维亚国家篮球队参加国际比赛。他身高 6 英尺 6 英寸（1.98 米），司职投篮后卫和小前锋。
93;奧格涅-多布里奇;Ognjen Dobrić;3;2;8;69;73;67;64;73;68;74;62;72;72;65;68;69;70;29;1;塞尔维亚;8;0;0;0;0;5001;奥格尼恩-多布里奇（塞尔维亚西里尔文：Огњен Добрић,1994 年 10 月 27 日出生）是塞尔维亚职业篮球运动员，效力于塞尔维亚篮球联赛（KLS）、亚得里亚海联赛和欧洲联赛的 Crvena zvezda 队。
94;乌罗什-普拉夫希奇;Uroš Plavšić;5;0;8;62;72;72;61;73;71;73;55;69;70;56;67;70;69;21;0;塞尔维亚;8;0;0;0;0;5001;Uroš Plavšić（塞尔维亚斯拉夫语：Урош Плавшић,1998 年 12 月 22 日出生）是塞尔维亚职业篮球运动员，效力于塞尔维亚 KLS、亚得里亚海联赛和欧洲联赛的 Crvena zvezda。他曾在田纳西志愿者队打大学篮球。
95;菲利普-彼得鲁塞夫;Filip Petrusev;5;4;8;67;80;66;64;66;65;75;49;79;69;63;72;65;68;24;3;塞尔维亚;8;0;0;0;202150;1716;菲利普-佩特鲁舍夫（塞尔维亚斯拉夫语：Филип Петрушев，马其顿语：Филип Петрушев,生于 2000 年 4 月 15 日）是塞尔维亚职业篮球运动员，效力于希腊篮球联赛和欧洲联赛的奥林匹亚科斯队。他曾在大学篮球队贡萨加牛头犬队效力。
96;瓦尼亚-马林科维奇;Vanja Marinković;2;0;7;67;76;81;76;61;61;61;63;71;82;74;76;59;68;27;1;塞尔维亚;8;0;0;0;0;5001;瓦尼娅-马林科维奇（Vanja Marinković，塞尔维亚语：Вања Маринковић，1997 年 1 月 9 日出生）是塞尔维亚职业篮球运动员，现效力于塞尔维亚篮球联赛（BLS）、ABA 联赛和欧洲联赛的 Partizan Mozzart Bet。他身高 1.98 米（6 英尺 6 英寸），主要司职投篮后卫。
97;尼古拉-武切维奇;Nikola Vucevic;5;0;10;70;87;72;78;82;65;87;58;84;78;79;83;77;80;33;12;黑山;9;0;0;0;201116;322;0
98;肯德里克-佩里;Kendrick Perry;1;0;7;89;71;70;77;62;58;60;83;71;72;75;80;68;75;31;1;黑山;9;0;0;0;0;5001;肯德里克-佩里（Kendrick Perry，1992 年 12 月 23 日出生）是一名美国出生的归化黑山籍职业篮球运动员，效力于西班牙 ACB 联赛和篮球冠军联赛的 Unicaja 队。他曾在扬斯敦州立大学打大学篮球。
99;阿列克萨-伊利奇;Aleksa Ilić;4;5;7;67;82;64;65;79;65;72;56;76;68;69;71;69;70;27;1;黑山;9;0;0;0;0;5001;亚历克萨-伊利奇（Aleksa Ilić，出生于 1996 年 9 月 17 日），黑山职业篮球运动员，效力于 ABA 联赛和黑山联赛的布杜奇诺斯特沃利队。
100;佩塔尔-波波维奇;Petar Popović;1;2;7;71;65;82;70;72;63;66;69;66;76;64;72;68;70;27;1;黑山;9;0;0;0;0;5001;佩塔尔-波波维奇（Petar Popović，1996 年 9 月 13 日出生），黑山职业篮球运动员，效力于 ABA 联赛和黑山联赛的布杜奇诺斯特沃利队。
101;瓦西里耶-巴科维奇;Vasilije Baćović;5;4;8;62;72;72;61;73;71;73;55;69;70;56;67;70;69;28;0;黑山;9;0;0;0;0;5001;瓦西里耶-巴乔维奇（Vasilije Baćović，1996 年 5 月 11 日出生）是一名黑山职业篮球运动员，现效力于黑山联赛和 ABA 联赛的 Studentski centar 队，司职中锋和大前锋。
102;伊戈尔-德罗布尼亚克;Igor Drobnjak;1;0;7;84;63;65;62;67;62;70;75;61;65;60;69;70;69;24;1;黑山;9;0;0;0;0;5001;伊戈尔-德罗布尼亚克是一名篮球运动员，2000 年 4 月 21 日出生于波德戈里察。他身高六英尺四英寸（1米93/6-4）。他是一名控球后卫，最近效力于亚得里亚海甲级联赛季后赛的 SC 德比队。
103;迪诺-拉东季奇;Dino Radončić;3;4;7;70;74;73;65;67;66;62;63;71;67;70;70;63;68;25;1;黑山;9;0;0;0;0;5001;迪诺-拉东契奇（Dino Radončić，斯拉夫语：Дино Радончић,1999 年 1 月 8 日出生），黑山籍职业篮球运动员，效力于德甲联赛和欧洲联赛球队拜仁慕尼黑。
104;埃米尔-哈齐贝戈维奇;Emir Hadzibegovic;3;0;8;62;72;72;61;73;71;73;55;69;70;56;64;68;67;27;0;黑山;9;0;0;0;0;5001;Emir Hadzibegovic 是一名篮球运动员，1996 年 8 月 24 日出生于比耶洛波列（黑山）。身高六英尺九英寸（2米06/6-9）。他是一名小前锋，最近效力于亚得里亚海甲级联赛季后赛的 SC 德比队。
105;马尔科-西蒙诺维奇;Marko Simonovic;4;5;9;59;68;59;64;80;66;71;59;73;61;62;62;70;67;24;3;黑山;9;0;0;0;202044;1566;马尔科-西蒙诺维奇（塞尔维亚西里尔文：Марко Симоновић,1999 年 10 月 15 日出生）是一名黑山职业篮球运动员，效力于 Basketbol Süper Ligi（BSL）和 EuroCup 的 Bahçeşehir Koleji 队。
106;卢卡-博加瓦茨;Luka Bogavac;2;1;8;62;72;72;61;73;71;73;55;69;70;56;64;67;65;20;0;黑山;9;0;0;0;0;5001;卢卡-博加瓦茨（Luka Bogavac，2003 年 9 月 20 日出生）是一名黑山职业篮球运动员，现效力于 ABA 联赛和 Prva A 联赛的 SC 德比队。他身高 6 英尺 5 英寸（1.96 米），体重 201 磅（91 公斤），司职投篮后卫和控球后卫。
107;乔治-约万诺维奇;Đorđije Jovanović;2;0;8;62;72;72;61;73;71;73;55;69;70;56;64;67;65;21;0;黑山;9;0;0;0;0;5001;乔尔迪耶-约万诺维奇是一名篮球运动员，出生于 2003 年 5 月 15 日。他的身高为六英尺六（1米97/6-6）。他是一名投篮后卫，最近效力于 G 联盟的安大略快船队。
108;安德里亚-斯拉夫科维奇;Andrija Slavkovic;2;0;8;62;72;72;61;73;71;73;55;69;70;56;64;67;65;25;1;黑山;9;0;0;0;0;5001;安德烈亚-斯拉夫科维奇是一名篮球运动员，1999 年 2 月 15 日出生于贝拉内。身高六英尺八（2米02/6-8）。他是一名投篮后卫，最近效力于亚得里亚海甲级联赛季后赛的布杜克诺斯特沃利队。
109;海克-吉克钦;Hayk Gyokchyan;4;0;7;77;72;71;67;86;73;71;74;73;72;69;74;79;76;34;1;黎巴嫩;10;0;0;0;0;5001;Hayk Gyokchyan（1989 年 12 月 11 日出生于埃里温）是一名黎巴嫩职业篮球运动员。他目前效力于黎巴嫩篮球联赛的贝鲁特 Al Riyadi 俱乐部。他在富兰克林与马歇尔学院完成了大学赛季。
110;阿里-梅泽;Ali Mezher;1;0;7;82;72;83;71;63;58;70;75;73;81;69;81;68;75;30;1;黎巴嫩;10;0;0;0;0;5001;阿里-梅泽尔（Ali Mezher），1994 年 3 月 22 日出生于贝鲁特，黎巴嫩职业篮球运动员，现效力于黎巴嫩篮球联赛贝鲁特俱乐部（篮球队）。
111;阿米尔-萨乌德;Amir Saoud;2;0;7;71;79;78;79;67;71;61;79;73;78;76;78;71;74;33;1;黎巴嫩;10;0;0;0;0;5001;阿米尔-萨乌德（Amir Saoud，1991 年 1 月 18 日出生），黎巴嫩职业篮球运动员，现效力于黎巴嫩篮球联赛贝鲁特里亚迪体育队和黎巴嫩国家队。他的职业球员生涯开始于 2010 年，曾为 Hoops Club 效力过一个赛季。阿米尔经常担任得分后卫和投篮后卫的位置。
112;塞尔吉奧-艾尔-达尔维奇;Sergio El Darwich;2;0;7;81;68;85;75;71;71;62;70;66;79;74;79;69;74;27;1;黎巴嫩;10;0;0;0;0;5001;塞尔吉奥-埃尔-达里奇（Sergio El Darwich）是一名篮球运动员，出生于 1996 年 7 月 25 日。身高六英尺四英寸（1米94/6-4）。他是一名投篮后卫，最近代表黎巴嫩队参加了世界杯亚洲区预选赛。
113;卡里姆-伊兹丁;Karim Raphael Ezzedine;4;0;7;73;67;70;66;76;71;76;67;68;68;63;69;74;72;26;1;黎巴嫩;10;0;0;0;0;5001;卡里姆-埃泽丁（Karim Ezzedine）是一名篮球运动员，出生于 1997 年 8 月 8 日。身高六英尺九英寸（2米06/6-9）。他是一名大前锋，最近代表黎巴嫩队参加了世界杯。
114;奥马里-斯佩尔曼;Omari Spellman;4;0;9;70;74;71;69;70;75;75;60;70;65;60;70;71;71;26;5;黎巴嫩;10;0;0;0;201830;2145;奥马里-斯佩尔曼（Omari Spellman），出生于 1997 年 7 月 21 日，美国-黎巴嫩籍职业篮球运动员，曾效力于韩国篮球联赛（KBL）安阳正官庄红色助威团。他曾在大学篮球队维拉诺瓦野猫队效力，并在 2018 年赢得全国冠军。在 2018 年 NBA 选秀大会上，斯佩尔曼在总第 30 位被亚特兰大老鹰队选中。
115;杰拉德-哈迪迪安;Gerard Hadidian;5;0;8;62;72;72;61;73;71;73;55;69;70;56;67;70;69;29;0;黎巴嫩;10;0;0;0;0;5001;杰拉德-哈迪迪安是一名篮球运动员，出生于 1995 年 4 月 21 日。身高六英尺八（2 米02/6-8）。他是一名中锋，最近代表黎巴嫩队参加了亚洲杯预选赛。
116;卡里姆-泽诺恩;Karim Zeinoun;2;0;7;75;72;77;60;63;60;64;74;71;73;64;71;65;68;25;1;黎巴嫩;10;0;0;0;0;5001;Karim Zeinoun 是一名篮球运动员，出生于 1999 年 6 月 16 日。他身高六英尺二（1米88/6-2）。他是一名投篮后卫，最近代表黎巴嫩队参加了世界杯。
117;贾德-卡里尔;Jad Khalil;1;0;7;80;63;80;61;69;66;58;66;62;74;60;72;64;68;27;1;黎巴嫩;10;0;0;0;0;5001;贾德-哈利勒是一名篮球运动员，出生于 1996 年 11 月 20 日。他身高六英尺一（1米85/6-1）。他是一名控球后卫，最近代表黎巴嫩队参加了世界杯。
118;阿里-海达尔;Ali Haidar;4;0;8;62;72;72;61;73;71;73;55;69;70;56;66;69;68;33;0;黎巴嫩;10;0;0;0;0;5001;穆罕默德-阿里-海达尔（Mohamed Ali Haidar，1990 年 7 月 20 日出生于黎巴嫩）是一名黎巴嫩裔加拿大篮球运动员，效力于黎巴嫩篮球联赛（LBL）贝鲁特俱乐部。
119;优素福-哈亚特;Youssef Khayat;3;0;8;62;72;72;61;73;71;73;55;69;70;56;64;68;67;21;0;黎巴嫩;10;0;0;0;0;5001;优素福-卡亚特（Youssef Khayat）是一名篮球运动员，出生于 2003 年 3 月 11 日。身高六英尺八（2米03/6-8）。他是一名小前锋，最近效力于美国大学生篮球联赛（NCAA）的密歇根貂熊队。
120;阿里-曼苏尔;Ali Mansour;1;0;8;62;72;72;61;73;71;73;55;69;70;56;65;66;65;26;1;黎巴嫩;10;0;0;0;0;5001;阿里-曼苏尔（阿拉伯语：1998 年 1 月 1 日），黎巴嫩职业篮球运动员，效力于黎巴嫩篮球联赛贝鲁特 Al Riyadi 俱乐部和黎巴嫩国家队。曼苏尔被评为 2016 年 18 岁以下阿拉伯篮球锦标赛 MVP，以及 2021 年欧亚联盟篮球锦标赛最佳控球后卫。他被公认为黎巴嫩联赛中最好的控球后卫之一。
121;赛义德-阿巴斯;Zaid Abbas;3;4;7;81;76;77;82;85;84;84;84;82;82;80;84;90;88;39;0;约旦;11;0;0;0;0;5001;扎伊德-阿巴斯（1983 年 11 月 21 日出生于纳布卢斯），约旦退役职业篮球运动员。他曾效力于约旦超级篮球联赛的阿尔阿赫利队。他还曾是约旦国家男子篮球队的成员。
122;朗戴-霍利斯-杰弗森;Rondae Hollis Jefferson;3;2;9;73;81;80;85;86;74;79;72;77;80;76;82;81;83;29;8;约旦;11;0;0;0;201523;518;2023 年 7 月 24 日，约旦篮协宣布霍利斯-杰弗森以归化球员的身份签约为球队效力,2023 年 8 月 16 日，他入选约旦参加 2023 年国际篮联篮球世界杯的 17 人名单。
123;阿哈默德-阿哈马什;Ahmad Hamarsheh;3;0;7;74;81;84;75;81;68;71;80;76;85;78;82;77;81;36;0;约旦;11;0;0;0;0;5001;2023年国际篮联篮球世界杯亚洲区预选赛出战11场，场均4分3.8板1.5助攻
124;艾哈迈德-阿尔-德瓦伊里;Ahmad  Dwairi;5;0;7;63;81;71;67;72;71;83;60;80;66;67;74;74;74;30;0;约旦;11;0;0;0;0;5001;艾哈迈德-杜维奥卢（Ahmet Düverioğlu）（1993 年 3 月 4 日出生），在约旦名为艾哈迈德-希克马特-阿尔-德瓦伊里（Ahmad Hekmat Al-Dwairi），是一名土耳其-约旦国际职业篮球运动员，曾效力于土耳其超级篮球联赛（BSL）的 Frutti Extra Bursaspor 队。他使用土耳其护照参加欧洲联赛。他身高 2.13 米（7 英尺 0 英寸），司职中锋。
125;穆罕默德-侯赛因;Mohammad Hussein;5;0;7;67;80;69;64;75;74;70;71;83;74;66;75;74;74;33;0;约旦;11;0;0;0;0;5001;穆罕默德-沙赫-侯赛因（Mohammad Shaher Hussein）（1990 年 3 月 3 日出生于鲁塞法）是一名约旦职业篮球运动员，目前效力于约旦超级篮球联赛的阿尔阿赫利队。他还是约旦国家篮球队成员。
126;萨米-布扎伊;Sami Bzai;1;0;7;82;66;71;75;76;65;67;70;70;75;73;77;71;74;29;0;约旦;11;0;0;0;0;5001;萨米-布扎伊是一名篮球运动员，1994 年 1 月 26 日出生于吉尔伯特。他的身高为六英尺三英寸（1米91/6-3）。他是一名控球后卫，最近效力于约旦国家队。
127;马利克-卡南;Malek Kanaan;1;0;7;77;77;83;70;62;66;64;68;75;83;69;80;64;73;30;0;约旦;11;0;0;0;0;5001;马利克-卡南（Malek Kanaan）是一名篮球运动员，出生于 1993 年 2 月 7 日。他身高六英尺一（1米85/6-1）。他是一名控球后卫，最近效力于约旦国家队。
128;哈希姆-阿巴斯;Hashem Abbas;3;0;7;74;70;64;67;73;65;74;70;68;66;71;69;71;71;24;0;约旦;11;0;0;0;0;5001;2022年国际篮联亚洲杯场均5.6分2.4板0.8助攻
129;法迪-穆斯塔法;Freddy Ibrahim;1;0;7;86;63;82;65;62;64;64;66;68;79;66;78;63;71;26;0;约旦;11;0;0;0;0;5001;弗雷迪-法迪-易卜拉欣（Freddy Fadi Ibrahim）（1996 年 10 月 14 日出生），约旦裔加拿大篮球运动员，现效力于约旦超级联赛（JPL）阿赫利俱乐部和约旦国家队。他被认为是联赛中最好的控球后卫之一。
130;阿明-阿布-阿瓦希;Amin Abu Hawwas;2;1;7;69;68;82;65;77;66;61;67;72;80;71;73;68;71;29;0;约旦;11;0;0;0;0;5001;阿明-伊斯梅尔-阿布-霍瓦斯（Amin Ismail Abu Hawwas，1994 年 4 月 26 日出生）是一名美籍约旦篮球运动员，现效力于东正教俱乐部和约旦国家队。他身高 6 英尺 4 英寸，司职投篮后卫和控球后卫。2021/2022 连续两个赛季获得得分王。2022 赛季获得 MVP。
131;赞恩-阿尔纳杰达维;Zane Alnajdawi;3;0;7;77;70;66;70;67;71;64;61;72;69;72;71;64;69;26;0;约旦;11;0;0;0;0;5001;赞恩-丘德里-纳杰达维是一名篮球运动员，1996 年 9 月 26 日出生于里士满。他的身高为六英尺七英寸（2米01/6-7）。他是一名小前锋，最近效力于新西兰 NBL 的马纳瓦图喷气机队。
132;艾哈迈德-穆阿里;Ahmad Hammouri;1;2;7;77;56;71;70;69;48;52;60;55;70;70;69;55;63;20;0;约旦;11;0;0;0;0;5001;0
133;阿姆尔-根迪;Amr Gendy;4;0;7;76;76;71;68;82;80;69;71;74;73;70;75;79;77;33;1;埃及;12;0;0;0;0;5001;Amr El Gendy Abdelhalim（生于 1991 年 6 月 14 日）是埃及篮球运动员，曾效力于阿赫利队和埃及队。他曾随阿赫利队夺得 2023 年巴联赛冠军。
134;奥马尔-希沙姆;Omar Hesham;2;0;7;76;73;85;76;65;65;72;67;74;82;72;79;67;74;29;1;埃及;12;0;0;0;0;5001;奥马尔-赫沙姆-侯赛因（阿拉伯语：عمر هشام,生于 1995 年 3 月 29 日），埃及篮球运动员，效力于扎马莱克队。他身高 1.87 米（6 英尺 1+1⁄2 英寸），司职投篮后卫。他还是埃及国家篮球队的成员。
135;哈立德-阿布达尔加瓦德;KHALED ABDELGAWAD;4;0;7;64;76;64;65;74;75;73;56;71;63;66;68;71;70;25;1;埃及;12;0;0;0;0;5001;Khaled Abdelgawad 是一名篮球运动员，出生于 1999 年 2 月 15 日。身高六英尺八（2 米04/6-8）。他是一名大前锋，最近代表埃及参加了非洲篮球预选赛。
136;奥马尔-阿拉比;Omar Oraby;5;0;8;62;72;72;61;73;71;73;55;69;70;56;67;70;69;32;0;埃及;12;0;0;0;0;5001;奥马尔-塔里克-赛义德-奥拉比（Omar Tarek Saiid Oraby，1991 年 9 月 8 日出生）是一名埃及篮球运动员，现效力于阿赫利队和埃及国家队。身高 2.18 米（7 英尺 2 英寸），司职中锋。
137;海赛姆-卡迈勒;Haytham KHALIFA;5;0;8;62;72;72;61;73;71;73;55;69;70;56;67;70;69;36;0;埃及;12;0;0;0;0;5001;Haytham Kamal Khalifa（1987 年 11 月 17 日出生）是一名埃及篮球运动员，曾效力于 Al Ittihad 和埃及国家队，并参加了 2014 年国际篮联篮球世界杯。
138;阿纳斯-马哈茂德;Anas Mahmoud;5;0;7;65;73;63;61;72;68;74;60;78;68;61;69;70;69;29;0;埃及;12;0;0;0;0;5001;阿纳斯-奥萨马-马哈茂德（阿拉伯语：أنس أسامة محمود,生于 1995 年 5 月 9 日）是一名埃及职业篮球运动员，现效力于埃及篮球超级联赛的亚历山大阿尔伊蒂哈德队。他曾在路易斯维尔大学打大学篮球。他代表埃及国家篮球队出战。
139;奥马尔-谢赫;Omar Hany Hamza M. ELSHEIKH;4;0;8;62;72;72;61;73;71;73;55;69;70;56;66;69;68;26;0;埃及;12;0;0;0;0;5001;0
140;帕特里克-加德纳;Patrick Gardner;5;0;7;62;82;66;57;63;79;63;61;78;68;61;70;67;68;25;1;埃及;12;0;0;0;0;5001;帕特里克-优素福-加德纳（Patrick Yousef Gardner，1999 年 6 月 16 日出生）是一名美籍埃及裔职业篮球运动员，现效力于埃及篮球超级联赛和非洲篮球联赛（BAL）的阿赫利队。他曾在拿骚社区学院、圣迈克尔学院和马里斯特学院打过大学篮球。
141;优素福-穆罕默德-赫尔米;Youssef Mohamed HELMY;1;0;8;62;72;72;61;73;71;73;55;69;70;56;65;66;65;23;0;埃及;12;0;0;0;0;5001;优素福-赫尔米（Youssef Helmy）是一名篮球运动员，出生于 2001 年 6 月 20 日。他身高六英尺一（1米85/6-1）。他是一名控球后卫，最近代表埃及参加了非洲篮球预选赛。
142;艾哈迈德-梅特瓦利;Ahmed Metwaly;1;0;8;62;72;72;61;73;71;73;55;69;70;56;65;66;65;27;0;埃及;12;0;0;0;0;5001;Ahmed Metwaly 是一名篮球运动员，出生于 1997 年 2 月 15 日。身高五英尺十英寸（1米77/5-10）。他是一名控球后卫，最近代表埃及参加了非洲篮球预选赛。
143;优素福-谢哈塔;Yusuf Shehata;1;0;8;62;72;72;61;73;71;73;55;69;70;56;65;66;65;28;0;埃及;12;0;0;0;0;5001;优素福-谢哈达（Yusuf Shehata）（1996 年 1 月 16 日出生）是一名埃及裔美国篮球运动员，现效力于埃及篮球超级联赛的亚历山大阿尔伊蒂哈德队。他还效力于埃及国家篮球队，并随队参加了 2021 年非洲篮球锦标赛。
144;卡里姆-埃勒吉扎维;KARIM ELGIZAWY;1;0;7;80;54;65;58;59;55;52;65;55;70;59;65;55;61;19;1;埃及;12;0;0;0;0;5001;Karim Elgizawy 是一名篮球运动员，出生于 2005 年 1 月 13 日。身高六英尺三英寸（1米91/6-3）。他是一名控球后卫，最近代表埃及参加了非洲篮球预选赛。
145;努尼-奥莫特;ANUNWA OMOT;3;0;8;69;81;92;68;87;69;73;68;75;76;73;78;77;79;29;0;南苏丹;13;0;0;0;202400;5001;安努瓦-"努尼"-奥莫特（Anunwa "Nuni" Omot，1994 年 10 月 3 日出生），南苏丹裔美国职业篮球运动员，现效力于中国篮球协会（CBA）北京鸭队。在康考迪亚大学和印第安山社区学院学习两年后，他在贝勒熊队打了两年大学篮球。
146;桑迪-德赫;Sunday Dech;1;0;8;75;69;83;63;61;61;68;78;72;80;70;76;68;73;30;1;南苏丹;13;0;0;0;0;5001;Sunday Dech（1994 年 1 月 1 日出生）是南苏丹裔澳大利亚职业篮球运动员，现效力于 NBL1 西部的东珀斯老鹰队。他还与澳大利亚全国篮球联赛（NBL）的阿德莱德 36 人队签有合同。他是珀斯野猫队的两届 NBL 总冠军得主，曾在 2014 年和 2019 年夺冠。德奇曾在 NCAA 二级大学篮球联赛中效力于 Metro State Roadrunners 和 Barry Buccaneers。
147;马里亚尔-沙约克;Marial Shayok;2;3;9;70;75;75;75;70;60;60;80;80;80;74;77;69;73;28;4;南苏丹;13;0;0;0;201954;2120;马里亚尔·沙约克（英语：Marial Shayok，1995年7月26日—）为加拿大、南苏丹男子篮球运动员，生于渥太华，七岁开始打篮球，2023年夏天代表南苏丹征战世界杯篮球赛，2023年10月加盟中国男子篮球职业联赛山东高速麒麟。
148;马佐科-邓;Majok Deng;4;0;7;76;71;70;63;70;71;72;64;76;68;64;72;70;71;31;8;南苏丹;13;0;0;0;0;5001;马约克-马查尔-登（Majok Machar Deng，1993 年 3 月 1 日出生）是一名南苏丹裔澳大利亚职业篮球运动员，现效力于澳大利亚全国篮球联赛（NBL）塔斯马尼亚 JackJumpers 队。他曾在美国印第安山社区学院（Indian Hills Community College）和路易斯安那州门罗大学（Louisiana-Monroe）打过大学篮球。2016 年，他代表阿德莱德 36 人队首次参加 NBL 联赛。在为 36 人队效力三个赛季后，他于 2019 年加盟凯恩斯大班队（Cairns Taipans），并在那里度过了四个赛季。
149;卡曼-马卢阿奇;Khaman Maluach;5;0;9;64;73;80;77;73;63;66;64;67;80;66;74;66;70;19;0;南苏丹;13;0;0;0;202500;5001;卡曼-马迪特-马卢阿奇（Khaman Madit Maluach，出生于 2006 年 9 月 14 日）是一名南苏丹篮球运动员，目前效力于非洲篮球联赛（BAL）的城市油人队（City Oilers）。他身高 7 英尺 2 英寸（2.18 米），司职中锋。他还是南苏丹国家队的现役成员，16 岁时加入国家队。
150;卡利克-琼斯;Carlik Jones;1;0;9;78;63;72;69;68;60;64;69;61;74;60;71;65;68;26;2;南苏丹;13;0;0;0;202200;1833;卡里克·琼斯（英语：Carlik Jones，1997年12月23日—）为美国男子篮球运动员，出生于俄亥俄州辛辛那提，2021年离开刘易斯维尔大学，2023年4月效力风城公牛的琼斯获选NBA G联盟MVP，2023年夏天代表南苏丹征战世界杯篮球赛。2023年11月1日，琼斯与中国男子篮球职业联赛浙江金牛完成签约。
151;夸尼-夸尼;Kuany Kuany;4;0;7;72;68;69;60;71;66;68;68;72;69;58;68;68;68;30;1;南苏丹;13;0;0;0;0;5001;Kuany Ngor Kuany（1994 年 7 月 8 日出生）是一名南苏丹-澳大利亚篮球运动员，曾效力于芬兰联赛和国际篮联欧洲杯的考哈霍恩-卡尔胡队。
152;布尔-库尔;Bul Kuol;2;3;7;67;74;69;65;74;67;57;66;74;70;69;69;66;67;27;1;南苏丹;13;0;0;0;0;5001;布尔-库尔（Bul Kuol，1997 年 1 月 10 日出生）是南苏丹裔澳大利亚职业篮球运动员，现效力于澳大利亚全国篮球联赛（NBL）悉尼国王队。他出生于苏丹，九岁时移居澳大利亚，在堪培拉长大。他在美国打了五年大学篮球，其中四年在加州浸信会大学，一年在底特律梅西大学。2021 年，他加入凯恩斯大班队，并为该俱乐部效力了三个赛季。2023 年，他曾在法国职业甲级联赛勒芒队效力。
153;JT-索尔;JT Thor;4;5;9;52;70;60;73;76;71;74;60;64;58;63;61;72;67;20;2;南苏丹;13;0;0;0;202137;1501;JT·索尔（英语：JT Thor，2002年8月26日—）是一位南苏丹职业篮球运动员，现效力NBA球队克利夫兰骑士，南苏丹国家男子篮球队成员。
154;彼得-乔克;Peter Jok;2;3;8;62;72;72;61;73;71;73;55;69;70;56;64;67;65;30;0;南苏丹;13;0;0;0;0;5001;卡库尔-杜特-彼得-乔克（Kacoul Dut Peter Jok，1994 年 3 月 30 日出生）是一名南苏丹职业篮球运动员，效力于加拿大精英篮球联赛（CEBL）的渥太华黑鹰队。他曾在大学期间效力于十大联盟的爱荷华大学。乔克身高 6 英尺 6 英寸（1.98 米），是一名摇摆人，原籍伦拜克。乔克代表南苏丹国家队参加了 2023 年国际篮联世界杯，并获得了 2024 年奥运会的参赛资格。
155;阿尼亚巴尼-马科伊;Jackson Makoi;1;0;8;62;72;72;61;73;71;73;55;69;70;56;65;66;65;24;0;南苏丹;13;0;0;0;0;5001;Anyiarbany Jackson Makoi（生于 2000 年 7 月 3 日）是一名南苏丹裔澳大利亚职业篮球运动员，现效力于澳大利亚全国篮球联赛（NBL）凯恩斯大班队。他曾代表南苏丹国家篮球队参加国际比赛。
156;韦尼恩-加布里埃尔;Wenyen Gabriel;4;3;9;51;76;57;71;74;74;76;46;65;52;62;60;70;65;26;4;南苏丹;13;0;0;0;201800;1079;加布里埃尔（Wenyen Gabriel，出生于 1997 年 3 月 26 日），南苏丹裔美国职业篮球运动员，现效力于以色列篮球超级联赛和欧洲联赛的特拉维夫马卡比队。他曾效力于肯塔基野猫大学篮球队，2016 年曾是一名五星级探花秀，在 ESPN 百强榜上排名第 14 位。加布里埃尔还曾效力于 NBA 萨克拉门托国王队、波特兰开拓者队、新奥尔良鹈鹕队、布鲁克林篮网队、洛杉矶快船队和洛杉矶湖人队。
157;若昂-费尔南德斯;João Fernandes;5;0;7;69;82;74;60;80;82;77;57;80;75;67;76;79;78;31;1;安哥拉;14;0;0;0;0;5001;若昂-保罗-达科斯塔-费尔南德斯（João Paulo da Costa Fernandes）（1992 年 12 月 1 日出生）是安哥拉职业篮球运动员，现效力于安哥拉体育 CP。
158;葛森-贡萨尔维斯;Gerson Gonçalves;2;0;7;74;74;73;69;69;62;64;67;75;77;72;74;65;70;28;1;安哥拉;14;0;0;0;0;5001;Gerson Henriques Gonçalves（生于1996年3月29日），又名Lukeny，安哥拉篮球运动员。他自2015年起效力于安哥拉篮球联赛的罗安达石油队，曾两度获得联赛MVP。
159;奇尔德-邓多;CHILDE DUNDAO;1;0;7;81;66;69;71;72;58;59;72;67;71;71;74;66;70;26;1;安哥拉;14;0;0;0;0;5001;Childe Madaleno Fortuna Dundão（生于 1998 年 5 月 17 日）是一名安哥拉篮球运动员，现效力于安哥拉篮球联赛和非洲篮球联赛（BAL）的罗安达石油队。他身高 1.67 米（5 英尺 5+1⁄2 英寸），司职控球后卫。
160;布拉兹-马卡奇;Braz Macachi;5;0;8;62;72;72;61;73;71;73;55;69;70;56;67;70;69;22;0;安哥拉;14;0;0;0;0;5001;0
161;爱德华多-弗朗西斯科;Eduardo Francisco;5;4;8;62;72;72;61;73;71;73;55;69;70;56;67;70;69;20;1;安哥拉;14;0;0;0;0;5001;爱德华多-明加斯-弗朗西斯科是一名篮球运动员，出生于 2003 年 11 月 05 日。
162;阿布巴卡尔-加库;Aboubakar Gakou;4;0;8;62;72;72;61;73;71;73;55;69;70;56;66;69;68;27;0;安哥拉;14;0;0;0;0;5001;阿布巴卡尔-佩德罗-加库（Aboubakar Pedro Gakou）（生于1997年5月27日），安哥拉篮球运动员，现效力于罗安达石油队和安哥拉国家队。他身高 2.01 米（6 英尺 7 英寸），司职大前锋。
163;布鲁诺-费尔南多;Bruno Fernando;5;0;10;50;72;60;74;74;68;71;59;64;58;63;62;69;66;25;4;安哥拉;14;0;0;0;201934;965;0
164;吉尔森-班戈;Jilson Bango;5;0;7;71;72;68;57;63;73;63;55;73;69;61;69;63;66;25;1;安哥拉;14;0;0;0;0;5001;Jilson Bango（1999 年 1 月 6 日出生）是一名安哥拉篮球运动员，现效力于安哥拉甲级联赛萨拉戈萨篮球队和安哥拉国家队。他身高 2.08 米（6 英尺 10 英寸），司职中锋。
165;西尔维奧-代-索萨;Silvio De Sousa;5;4;7;57;78;60;70;65;67;66;55;79;65;68;69;63;66;25;1;安哥拉;14;0;0;0;0;5001;西尔维奥-德索萨（Silvio De Sousa）（1998 年 10 月 7 日出生），安哥拉职业篮球运动员，曾效力于希腊篮球联赛和欧洲杯的阿里斯队。
166;路易斯-佩雷拉;Luis Pereira;1;0;8;62;72;72;61;73;71;73;55;69;70;56;65;66;65;23;0;安哥拉;14;0;0;0;0;5001;路易斯-佩雷拉是一名篮球运动员，出生于 2000 年 9 月 8 日。他的身高为 6 英尺 2（1 米87 / 6-2）。
167;谢尔顿-米格尔;Selton Miguel;1;2;8;62;72;72;61;73;71;73;55;69;70;56;65;66;65;23;0;安哥拉;14;0;0;0;0;5001;0
168;阿吉纳尔多-内图;Aginaldo NETO;1;0;8;62;72;72;61;73;71;73;55;69;70;56;65;66;65;18;0;安哥拉;14;0;0;0;0;5001;0
169;贝托-戈梅斯;João Gomes;3;0;7;84;75;82;72;79;77;77;79;79;79;79;82;81;83;38;0;佛得角;15;0;0;0;0;5001;若昂-戈麦斯（João Gomes，1985 年 5 月 2 日出生），俗称贝蒂尼奥（Betinho），葡萄牙职业篮球运动员，效力于葡萄牙篮球联赛本菲卡队。
170;菲德尔-梅东萨;Fidel Mendonça;1;0;7;93;70;81;71;75;67;82;76;70;82;74;85;78;82;39;0;佛得角;15;0;0;0;0;5001;菲德尔-门东萨（Fidel Mendonça，1984 年 7 月 7 日出生）是一名佛得角篮球运动员，现效力于 Prédio 公司和佛得角国家篮球队。身高 1.87 米（6 英尺 1+1⁄2 英寸），司职投篮后卫。
171;沃尔特-塔瓦雷斯;Walter Tavares;5;0;9;65;87;65;60;85;84;85;69;88;54;64;73;87;80;31;0;佛得角;15;0;0;0;201443;1480;沃尔特-塞缪尔-埃迪-塔瓦雷斯-达维加（Walter Samuel Edy Tavares da Veiga，1992 年 3 月 22 日出生），佛得角籍职业篮球运动员，效力于西班牙 ACB 联赛皇家马德里队和欧洲联赛。他在 2014 年 NBA 选秀大会总第 43 顺位被亚特兰大老鹰队选中，曾代表佛得角国家篮球队出战国际比赛。塔瓦雷斯身高 7 英尺 3 英寸（约合 2.21 米），翼展 7 英尺 9 英寸（约合 2.36 米），是一名身体素质出众的球员，因此备受赞誉。
172;肯尼斯-门德斯;Kenneti Mendes;4;0;7;81;74;77;76;86;85;68;60;76;74;73;79;79;79;33;0;佛得角;15;0;0;0;0;5001;肯尼蒂-门德斯（Kenneti Mendes）是一名篮球运动员，出生于 1990 年 8 月 17 日。身高六英尺八（2 米03/6-8）。他是一名大前锋，最近代表佛得角参加了世界杯非洲区预选赛。
173;伊万-阿尔梅达;Ivan Almeida;2;3;7;74;76;88;82;77;67;64;82;75;83;77;83;75;79;34;0;佛得角;15;0;0;0;0;5001;伊万-阿尔梅达（Ivan Almeida，生于 1989 年 5 月 10 日），佛得角职业篮球运动员，现效力于葡萄牙甲级联赛本菲卡队。他身高 6 英尺 6 英寸（1.98 米），通常司职小前锋。
174;乔尔-阿尔梅达;Joel Almeida;2;3;7;75;78;80;71;72;68;68;85;76;85;77;80;76;78;37;0;佛得角;15;0;0;0;0;5001;乔尔-弗雷塔斯-阿尔梅达（Joel Freitas Almeida，1985 年 10 月 11 日出生）是佛得角篮球运动员，目前正代表佛得角国家队参加非洲篮球联赛资格赛。
175;沙恩-达罗沙;Shane Da Rosa;1;0;7;90;75;86;69;72;58;64;72;76;80;71;85;68;77;35;0;佛得角;15;0;0;0;0;5001;沙恩-达罗沙是一名篮球运动员，出生于 1988 年 4 月 23 日。他的身高为 6 英尺（1 米83 / 6-0）。
176;凯文-科罗内尔;Kevin Coronel;3;0;7;82;77;70;73;68;78;69;74;73;72;77;77;73;76;31;0;佛得角;15;0;0;0;0;5001;凯文-奥利维拉-科罗内尔（Kevin Oliveira Coronel）是一名篮球运动员，出生于 1991 年 9 月 3 日。身高六英尺五英寸（1米96/6-5）。他是一名小前锋，最近代表佛得角参加了世界杯非洲区预选赛。
177;帕特里克-利马;Patrick Lima;3;0;7;75;73;79;72;76;74;62;67;75;74;72;76;70;74;28;0;佛得角;15;0;0;0;0;5001;帕特里克-利马是一名篮球运动员，出生于 1995 年 5 月 02 日。身高六英尺四英寸（1米93/6-4）。他是一名小前锋，最近代表佛得角参加了世界杯非洲区预选赛。
178;凯文-戈麦斯;Keven Gomes;5;0;7;64;83;66;71;70;72;69;62;82;68;67;75;69;72;27;0;佛得角;15;0;0;0;0;5001;凯文-戈麦斯是一名篮球运动员，出生于 1995 年 10 月 29 日。身高六英尺十一英寸（2米11/6-11）。他是一名中锋，最近效力于葡萄牙职业联赛波尔图俱乐部。
179;威尔-塔瓦雷斯;Will Tavares;2;0;7;70;71;85;65;67;58;64;64;74;79;65;74;62;69;28;0;佛得角;15;0;0;0;0;5001;威廉姆斯-弗朗西斯-蒙泰罗-塔瓦雷斯是一名篮球运动员，1995 年 7 月 18 日出生于普罗维登斯。身高六英尺五英寸（1米95/6-5）。他是一名投篮后卫，最近代表佛得角参加了世界杯非洲区预选赛。
180;安德森-科雷亚;Anderson Correia;2;0;7;66;69;79;75;63;57;70;62;71;77;75;73;61;68;25;0;佛得角;15;0;0;0;0;5001;安德森-阿尔梅尼奥-戈麦斯-科雷亚（Anderson Arménio Gomes Correia，1997 年 10 月 31 日出生）是一名佛得角篮球运动员，现效力于罗安达石油队和佛得角国家队。他身高 1.95 米（6 英尺 5 英寸），司职投篮后卫。
181;扬尼斯-阿德托昆博;Giannis Antetokounmpo;4;5;11;84;96;70;75;93;82;91;77;96;71;75;88;93;91;29;10;希腊;16;0;0;0;201315;13;扬尼斯·西纳·欧格科·安特托昆博（希腊语：Γιάννης Αντετοκούνμπο，希腊语发音：[ˈʝanis a(n)detoˈku(m)bo]，英语：Giannis Sina Ougko Antetokounmpo、人名希腊化前姓氏为Adetokunbo，1994年12月6日—），外号“希腊怪物”（Greek Freak），希腊男子篮球运动员，场上位置为大前锋，现效力于NBA密尔沃基雄鹿队。是NBA历史上第二位姓氏达到十三个字母的球员。由于拥有当前NBA最多字母的姓氏
182;尼克-卡拉希斯;Nick Calathes;2;1;9;82;77;79;74;70;71;66;73;75;77;69;80;71;76;20;0;希腊;16;0;0;0;200945;1905;尼古拉斯-威廉-卡拉切斯（希腊语：Νικόλαος Γουίλιαμ Νικ Καλάθης，1989 年 2 月 7 日出生）是一名美籍希腊裔职业篮球运动员，效力于法国 LNB 职业甲级联赛和欧洲联赛的 AS 摩纳哥队。他曾在佛罗里达鳄鱼队（Florida Gators）打过大学篮球。卡拉特斯曾入选 2018 年和 2019 年欧洲联赛最佳阵容第一队，还曾在 NBA、希腊篮球联赛和 VTB 联合联赛打过球。他代表希腊国家篮球队参加国际比赛。
183;科斯塔斯-帕帕尼古拉乌;Kostas Papanikolaou;3;0;9;70;75;80;80;75;65;65;68;68;80;70;77;68;74;33;1;希腊;16;0;0;0;201248;2068;Konstantinos Kostas Papanikolaou（希腊语：Κωνσταντίνος Κώστας Παπανικολάου,1990 年 7 月 31 日出生），绰号 空中帕普，希腊职业篮球运动员，希腊篮球联赛（GBL）和欧洲联赛奥林匹亚科斯队队长。他身高 2.04 米（6'8 1⁄2），司职小前锋。他曾在 NBA 休斯敦火箭队和丹佛掘金队以及欧洲联赛劲旅巴塞罗那足球俱乐部效力。帕帕尼古拉乌还是希腊国家队的常客。他被广泛认为是欧洲篮球界最好的防守球员之一。
184;汤玛斯-沃克普;Thomas Walkup;1;0;7;77;74;73;71;72;61;72;72;69;77;68;75;71;73;31;1;希腊;16;0;0;0;0;5001;托马斯-莱恩-沃卡普（Thomas Ryan Walkup，生于 1992 年 12 月 30 日）是一名美国出生的归化希腊籍职业篮球运动员，效力于希腊篮球联赛（GBL）和欧洲联赛的奥林匹亚科斯队。他还代表希腊国家队参加国际比赛。他曾在斯蒂芬-F-奥斯汀州立大学打大学篮球，之后连续两个赛季（2015 年和 2016 年）被评为南区联盟年度最佳球员。沃克普是德克萨斯州人。
185;乔治斯-帕帕扬尼斯;Georgios Papagiannis;5;0;8;60;80;55;60;75;80;80;65;70;60;60;65;79;72;26;1;希腊;16;0;0;0;201613;1377;Georgios Papagiannis（希腊语：Γιώργος Παπαγιάννης,生于 1997 年 7 月 3 日）是一名希腊职业篮球运动员，现效力于土耳其篮球超级联赛（BSL）和欧洲联赛的费内巴切队。他出生于希腊阿提卡的马鲁西，身高 7 英尺 2 3⁄4 英寸（2.20 米），翼展 7 英尺 6 英寸（2.29 米）。他的绰号是 PeeG、Big Papa 和 Big Doofus。他还是希腊国家队的成员。在 2016 年 NBA 选秀大会上，他在总第 13 位被菲尼克斯太阳队选中，之后他的选秀权被交易到萨克拉门托国王队。
186;康斯坦丁诺斯-米托格鲁;Konstantinos Mitoglou;4;5;7;77;83;65;75;71;69;67;62;82;63;67;77;67;72;27;1;希腊;16;0;0;0;0;5001;Konstantinos Dinos Mitoglou（希腊语：Κωνσταντίνος Ντίνος Μήτογλου,出生于 1996 年 6 月 11 日），希腊职业篮球运动员，希腊篮球联赛和欧洲联赛帕纳辛纳科斯队副队长。他曾在维克森林大学打大学篮球。他身高 2.10 米（6' 103⁄4），司职大前锋，偶尔也能打中锋。
187;扬努里斯-拉伦扎基斯;Giannoulis Larentzakis;2;0;7;80;66;77;66;63;63;61;68;65;77;70;74;62;69;30;1;希腊;16;0;0;0;0;5001;Giannoulis Larentzakis（希腊语：Γιαννούλης Λαρεντζάκης，1993 年 9 月 22 日出生）是一名希腊职业篮球运动员，效力于希腊篮球联赛（GBL）和欧洲联赛的奥林匹亚科斯队。他身高 1.96 米（6'5），司职投篮后卫。
188;瓦西利斯-哈拉兰波普洛斯;Vasilis Charalampopoulos;3;0;8;62;72;72;61;73;71;73;55;69;70;56;64;68;67;27;0;希腊;16;0;0;0;0;5001;Vassilis Charalampopoulos（另一种拼写：Vasileios、Vasilis、Basilis、Charalabopoulos）（希腊语：Βασίλης Χαραλαμπόπουλος,1997 年 1 月 6 日出生）是希腊职业篮球运动员，效力于 Basketbol Süper Ligi（BSL）的 Türk Telekom。
189;帕纳吉奥蒂斯-卡莱茨基斯;Panagiotis Kalaitzakis;3;0;8;62;72;72;61;73;71;73;55;69;70;56;64;68;67;25;0;希腊;16;0;0;0;0;5001;Panagiotis Panos Kalaitzakis（希腊语：Παναγιώτης Πάνος Καλαϊτζάκης,出生于 1999 年 1 月 2 日）是一名希腊职业篮球运动员，曾效力于希腊篮球联赛和欧洲联赛的帕纳辛纳科斯队。他是一名身高 2.00 米（6'6 3⁄4）的小前锋。
190;季米特里斯-莫赖蒂斯;Dimitris Moraitis;1;2;7;72;66;79;61;63;51;64;69;69;80;67;72;61;67;25;1;希腊;16;0;0;0;0;5001;Dimitrios Rafail Moraitis（另一种拼写：Dimitris Rafail Moraitis）（希腊语：Δημήτρης Ραφαήλ Μωραΐτης,1999 年 2 月 3 日出生）是一名希腊职业篮球运动员，效力于希腊篮球联赛和欧洲联赛的帕纳辛奈科斯队。他是一名身高 1.94 米（6 英尺 41⁄2 英寸）的组合型后卫。
191;瓦西里欧斯-托利普洛斯;Vasileios Toliopoulos;2;1;8;62;72;72;61;73;71;73;55;69;70;56;64;67;65;28;0;希腊;16;0;0;0;0;5001;Vassilis Billy Toliopoulos（其他拼写：Vasilis、Vasileios）（希腊语：Βασίλης Μπίλλυ Τολιόπουλος, 出生于 1996 年 6 月 15 日）是一名希腊职业篮球运动员，也是希腊篮球联赛和欧洲杯赛阿里斯队的队长。他是一名身高 1.88 米（6 英尺 2 英寸）的组合型后卫。
192;科斯塔斯-阿德托昆博;Kostas Antetokounmpo;3;4;6;60;71;61;66;68;61;63;65;65;64;63;62;63;63;26;5;希腊;16;0;0;0;201860;750;康斯坦丁诺斯-恩杜布西-“科斯塔斯”-安特托孔波（Konstantinos Ndubuisi “Kostas” Antetokounmpo）（1997 年 11 月 20 日）是一名尼日利亚-希腊职业篮球运动员，效力于希腊篮球联赛和欧洲联赛的奥林匹亚科斯队。
193;詹保罗-里奇;Giampaolo Ricci;4;3;7;66;81;69;76;72;78;76;74;81;70;74;76;77;77;32;1;意大利;17;0;0;0;0;5001;詹保罗-里奇（Giampaolo Ricci）（生于 1991 年 9 月 27 日）是一名意大利职业篮球运动员，现效力于意大利篮球甲级联赛（LBA）和欧洲联赛的米兰奥林匹亚队。他司职大前锋。里奇还曾代表意大利国家队参加国际比赛。
194;斯特凡诺-托努特;Stefano Tonut;2;1;7;69;77;80;69;75;71;62;79;77;81;73;76;74;75;30;1;意大利;17;0;0;0;0;5001;斯特凡诺-托努特（Stefano Tonut，1993 年 11 月 7 日出生）是一名意大利职业篮球运动员，现效力于意大利甲级联赛（LBA）和欧洲联赛的米兰奥林匹亚队。他身高 1.94 米（6 英尺 4 英寸），司职投篮后卫和控球后卫。
195;达尼罗-加里纳利;Danilo Gallinari;5;4;8;50;77;78;80;75;60;71;60;77;80;69;74;67;70;35;15;意大利;17;0;0;0;200806;235;0
196;阿切列-波罗纳拉;Achille Polonara;4;0;8;62;72;72;61;73;71;73;55;69;70;56;66;69;68;32;1;意大利;17;0;0;0;0;5001;阿奇尔-波罗纳拉（Achille Polonara，出生于 1991 年 11 月 23 日）是一名意大利职业篮球运动员，现效力于意大利甲级联赛（LBA）和欧洲联赛的博洛尼亚队。他主要司职大前锋位置。
197;古列尔莫-卡鲁索;Guglielmo Caruso;4;0;8;62;72;72;61;73;71;73;55;69;70;56;66;69;68;24;0;意大利;17;0;0;0;0;5001;古列尔莫-卡鲁索是一名篮球运动员，1999 年 7 月 3 日出生于那不勒斯。身高六英尺十英寸（2米09/6-10）。他是一名大前锋，最近效力于意大利 EA7 Emporio Armani 米兰队 - LBA 意甲季后赛。
198;阿乌杜-阿巴斯;Awudu Abass;3;0;8;62;72;72;61;73;71;73;55;69;70;56;64;68;67;31;0;意大利;17;0;0;0;0;5001;阿乌杜-阿巴斯-阿巴斯（Awudu Abass Abass，1993 年 1 月 27 日出生），意大利职业篮球运动员，曾效力于意大利篮球甲级联赛（LBA）和欧洲联赛的博洛尼亚队。路易斯-佩雷拉（Luis Pereira）出生于 2000 年 9 月 8 日，是一名篮球运动员。他的身高为 6 英尺 2（1 米87 / 6-2）。
199;马尔科-斯皮苏;Marco Spissu;2;0;7;77;67;76;65;65;67;60;64;65;73;71;72;62;67;29;1;意大利;17;0;0;0;0;5001;马尔科-斯皮苏（生于 1995 年 2 月 5 日）是意大利职业篮球运动员，现效力于 ACB 联盟的萨拉戈萨卡萨德蒙特队。斯皮苏通常担任控球后卫。
200;亚历山德罗-帕约拉;Alessandro Pajola;1;0;7;72;61;75;72;60;62;62;66;63;76;64;70;61;66;24;1;意大利;17;0;0;0;0;5001;亚历山德罗-帕约拉（Alessandro Pajola）（1999 年 11 月 9 日出生），意大利职业篮球运动员，效力于意大利甲级联赛（LBA）和欧洲联赛的博洛尼亚维尔特斯队。他还是意大利国家队的成员。他身高 1.94 米（6 英尺 4+1⁄2 英寸），司职控球后卫。帕约拉的防守能力广为人知。
201;约翰-佩特鲁切利;John Petrucelli;2;0;8;62;72;72;61;73;71;73;55;69;70;56;64;67;65;31;0;意大利;17;0;0;0;0;5001;约翰-佩特鲁切利（1992 年 10 月 27 日出生），美国职业篮球运动员，现效力于意大利甲级联赛布雷西亚莱昂内萨队。他曾在莫罗伊学院（Molloy College）打过大学篮球，之后在斯洛伐克、NBA G 联盟和以色列打过职业比赛。
202;焦尔达诺-博尔托拉尼;Giordano Bortolani;1;2;8;62;72;72;61;73;71;73;55;69;70;56;65;66;65;23;0;意大利;17;0;0;0;0;5001;Giordano Bortolani（生于 2000 年 12 月 2 日），意大利职业篮球运动员，现效力于意大利篮球甲级联赛（LBA）和欧洲联赛的米兰奥林匹亚队。
203;尼科勒-梅利;Nicolo Melli;4;3;6;59;61;63;60;65;65;67;59;61;61;35;55;63;59;33;10;意大利;17;0;0;0;201300;1301;0
204;尼克-曼尼恩;Nico Mannion;1;0;6;63;69;64;68;62;51;56;61;61;66;45;61;55;58;23;3;意大利;17;0;0;0;202048;2025;0
205;劳里-马尔卡宁;Lauri Markkanen;4;3;10;75;88;88;88;88;68;85;78;88;88;88;93;84;88;26;6;芬兰;18;0;0;0;201707;269;0
206;伊拉里-斯帕拉;Ilari Seppala;1;0;7;89;74;77;79;63;69;66;83;72;79;74;84;72;79;30;0;芬兰;18;0;0;0;0;5001;伊拉里-塞帕拉（Ilari Seppala）是一名篮球运动员，出生于 1993 年 3 月 27 日。他身高六英尺二（1米88/6-2）。他是一名控球后卫，最近效力于法国职业乙级联赛圣克芒队。
207;亚历克斯-墨菲;Alex Murphy;3;4;7;81;76;69;72;81;74;73;76;73;70;71;75;79;78;30;0;芬兰;18;0;0;0;0;5001;亚历克斯-詹姆斯-墨菲（Alex James Murphy，1993 年 6 月 3 日出生）是一名美籍芬兰裔职业篮球运动员，现效力于西班牙俱乐部 CB Estudiantes。他曾在杜克大学、佛罗里达大学和东北大学打过大学篮球。他是前美国国家篮球协会（NBA）球员杰伊-墨菲（Jay Murphy）的儿子，也是前 NBA 前锋埃里克-墨菲（Erik Murphy）的弟弟。他目前效力于芬兰国家队。
208;亚历山大-马德森;Alexander Madsen;5;0;7;63;82;69;64;80;79;74;60;79;65;68;72;77;75;28;0;芬兰;18;0;0;0;0;5001;亚历山大-马德森（Alexander Madsen，生于 1995 年 1 月 26 日），芬兰职业篮球运动员，曾效力于希腊篮球联赛和篮球冠军联赛的雅典 AEK 队。
209;萨苏-萨林;Sasu Salin;2;1;7;71;65;81;71;65;68;75;72;67;81;73;74;70;72;32;0;芬兰;18;0;0;0;0;5001;萨苏-安特雷斯-萨林（Sasu Antreas Salin，出生于 1991 年 6 月 11 日）是一名芬兰职业篮球运动员，现效力于 ACB 联赛和篮球冠军联赛（BCL）的联想特内里费岛队。他身高 1.91 米（6 英尺 3 英寸），司职控球后卫和投篮后卫。
210;奥利维尔-恩卡姆乌阿;Olivier Nkamhoua;4;0;7;72;68;71;64;78;70;64;68;66;72;60;68;71;70;23;0;芬兰;18;0;0;0;0;5001;奥利维尔-恩卡姆胡亚（Olivier Nkamhoua）是一名来自芬兰赫尔辛基的大前锋，身高 6-8，体重 200 磅，移居美国后在马里兰州坎伯兰的沃尔什主教学校（Bishop Walsh School）完成了高中学业。
211;米卡埃尔-扬图宁;Mikael Jantunen;4;0;7;68;74;60;72;78;64;76;57;71;65;71;69;70;70;23;0;芬兰;18;0;0;0;0;5001;米卡埃尔-扬图宁（Mikael Jantunen，2000 年 4 月 20 日出生）是芬兰职业篮球运动员，现效力于 LNB Pro A 和欧洲杯的巴黎篮球队。他曾效力于犹他犹他大学篮球队。
212;亨利-坎托宁;Henri Kantonen;2;3;7;71;71;73;74;64;61;64;76;73;72;73;72;66;70;26;0;芬兰;18;0;0;0;0;5001;亨利-坎托宁是一名篮球运动员，出生于 1997 年 8 月 20 日。他的身高为六英尺六（1米98/6-6）。他是一名投篮后卫/小前锋，最近曾代表芬兰队参加备战赛。
213;雅各布-格兰迪森;Jacob Grandison;2;3;7;77;75;68;62;60;69;64;73;70;72;67;71;66;69;25;0;芬兰;18;0;0;0;0;5001;雅各布-亚历山大-格兰迪森（Jacob Alexander Grandison，出生于 1998 年 4 月 2 日）是一名芬兰裔美国篮球运动员。他曾效力于圣十字十字军队、伊利诺伊州战斗伊利诺伊队和杜克大学蓝魔队。
214;埃东-马克舒尼;Edon Maxhuni;1;0;7;78;60;68;62;63;59;62;73;61;72;65;68;64;67;25;0;芬兰;18;0;0;0;0;5001;埃顿-马克斯胡尼（Edon Maxhuni）是一名篮球运动员，1998 年 3 月 21 日出生于希文凯（Hyvinkää）。身高六英尺二（1米88/6-2）。他是一名控球后卫，最近效力于德国 HAKRO Merlins Crailsheim - easyCredit BB。
215;伊莱亚斯-瓦尔托宁;Elias Valtonen;2;3;7;70;71;78;64;68;55;63;63;70;73;62;70;61;66;24;0;芬兰;18;0;0;0;0;5001;埃利亚斯-瓦尔托宁（Elias Valtonen，出生于 1999 年 6 月 11 日）是芬兰职业篮球运动员，现效力于 ACB 联盟的巴克斯-曼雷萨队。他曾在亚利桑那州立太阳魔鬼队（Arizona State Sun Devils）打过大学篮球。瓦托宁身高 2.01 米（6 英尺 7 英寸），司职投篮后卫。
216;米罗-利特尔;Miro Little;1;0;7;78;69;71;59;64;61;52;64;65;73;60;70;58;65;19;0;芬兰;18;0;0;0;0;5001;0米罗-利特尔是一名篮球运动员，出生于 2004 年 5 月 30 日。身高六英尺四英寸（1米92/6-4）。他是一名控球后卫，最近曾代表芬兰队参加备战赛。
217;克拉夫斯-卡瓦尔斯;Klavs Cavars;5;0;7;63;80;67;61;69;72;79;52;81;66;66;72;71;71;28;1;拉脱维亚;19;0;0;0;0;5001;克拉夫斯-查瓦尔斯（Klāvs Čavars，1996 年 2 月 11 日出生）是拉脱维亚职业篮球运动员，现效力于乙级联赛横滨卓越队。这位身高 2.08 米（6 英尺 10 英寸）的中锋曾为 VEF Rīga 效力过六个赛季。
218;罗季翁斯-库鲁茨;Rodions Kurucs;3;4;9;64;75;66;70;73;69;67;67;65;66;62;66;69;69;26;5;拉脱维亚;19;0;0;0;201840;559;Rodions Kurucs（生于 1998 年 2 月 5 日）是一名拉脱维亚职业篮球运动员，现效力于西班牙 ACB 联盟的 UCAM Murcia 队。他身高 6 英尺 9 英寸（2.06 米），司职小前锋。
219;达里斯-贝尔坦斯;Dairis Bertāns;5;0;8;62;72;72;61;73;71;73;55;69;70;56;67;70;69;21;1;拉脱维亚;19;0;0;0;0;5001;戴里斯-贝尔坦斯（Dairis Bertāns，1989 年 9 月 9 日出生）是拉脱维亚职业篮球运动员，效力于拉脱维亚-爱沙尼亚篮球联赛的 VEF Rīga。贝尔坦斯还效力于拉脱维亚国家篮球队。他是 Dāvis Bertāns 的哥哥。他是一名身高 6 英尺 4 英寸（1.93 米）、体重 200 磅（91 公斤）的投篮后卫。
220;罗兰茨-施密茨;Rolands Šmits;4;0;7;64;74;62;65;68;80;67;61;71;65;67;67;70;68;29;1;拉脱维亚;19;0;0;0;0;5001;罗兰德斯-什米茨（Rolands Šmits，出生于 1995 年 6 月 25 日）是一名拉脱维亚职业篮球运动员，现效力于土耳其 Süper Ligi 篮球联赛和欧洲联赛的 Anadolu Efes 队。他身高 2.08 米（6 英尺 10 英寸），体重 107 公斤（235 磅），主要司职大前锋位置，但也可以担任小球中锋。
221;戴维斯-贝尔坦斯;Davis Bertans;4;5;9;60;73;86;83;76;61;60;52;66;76;71;76;61;68;31;9;拉脱维亚;19;0;0;0;201142;381;达维斯-贝尔坦斯（Dāvis Bertāns，1992 年 11 月 12 日出生），拉脱维亚职业篮球运动员，现效力于 ABA 联盟迪拜 BC 篮球队。绰号 “拉脱维亚激光 ”的他还代表拉脱维亚国家队出战。他是印第安纳步行者队在 2011 年 NBA 选秀大会上第 42 顺位选中的球员。
222;亚尼斯-季马;Jānis Timma;3;0;9;62;72;72;61;73;71;73;55;69;70;56;64;68;67;31;0;拉脱维亚;19;0;0;0;0;934;亚尼斯-蒂马（Jānis Timma）（1992 年 7 月 2 日出生）是拉脱维亚职业篮球运动员，效力于 ACB 联盟的 Monbus Obradoiro 队。他还代表拉脱维亚国家队出战。他身高 2.01 米（6 英尺 7 英寸），主要司职小前锋位置。
223;马雷克斯-梅耶里斯;Mareks Mejeris;3;4;8;62;72;72;61;73;71;73;55;69;70;56;64;68;67;32;0;拉脱维亚;19;0;0;0;0;5001;马雷克斯-梅杰里斯（Mareks Mejeris）（1991 年 9 月 2 日出生），拉脱维亚职业篮球运动员，现效力于西甲克卢日-纳波卡 U-BT，司职小前锋和大前锋。
224;克里斯特斯-佐里克斯;Kristers Zoriks;1;2;7;82;58;71;66;67;61;65;64;62;69;64;71;63;67;26;1;拉脱维亚;19;0;0;0;0;5001;克里斯特斯-佐里克斯（Kristers Zoriks）（1998 年 5 月 25 日出生）是一名拉脱维亚职业篮球运动员，司职控球后卫和投篮后卫。他目前效力于 Basketbol Süper Ligi（BSL）的 Petkim Spor 公司，同时也是拉脱维亚国家队的代表。
225;阿尔图尔斯-斯特劳廷斯;Artūrs Strautiņš;2;3;7;70;70;78;65;68;58;63;61;65;73;67;70;61;66;25;1;拉脱维亚;19;0;0;0;0;5001;阿图尔斯-斯特劳津斯（Artūrs Strautiņš，1998 年 10 月 23 日出生）是一名拉脱维亚职业篮球运动员，现效力于意大利 LBA 篮球俱乐部德尔索纳篮网队。
226;里哈兹-洛马兹;Rihards Lomažs;2;0;8;62;72;72;61;73;71;73;55;69;70;56;64;67;65;28;0;拉脱维亚;19;0;0;0;0;5001;里哈兹-洛马兹（Rihards Lomažs，1996 年 4 月 13 日出生）是一名拉脱维亚职业篮球运动员，现效力于意大利甲级联赛（LBA）和欧洲联赛的博洛尼亚队。
227;扬尼斯-斯特雷尔涅克斯;Jānis Strēlnieks;2;1;8;62;72;72;61;73;71;73;55;69;70;56;64;67;65;34;0;拉脱维亚;19;0;0;0;0;5001;亚尼斯-斯特尔涅克斯（Jānis Strēlnieks，1989 年 9 月 1 日出生）是一名拉脱维亚职业篮球运动员，曾效力于意甲篮球联赛（LBA）的斯卡法提篮球队。他也是拉脱维亚国家队的代表。他身高 1.91 米（6 英尺 3 英寸），主要司职投篮后卫。
228;阿图尔斯-查加尔斯;Artūrs Žagars;1;2;7;70;70;72;62;67;62;56;64;69;76;60;69;60;65;24;1;拉脱维亚;19;0;0;0;0;5001;Artūrs Mārtiņš Žagars（生于 2000 年 4 月 21 日）是拉脱维亚职业篮球运动员，现效力于立陶宛篮球联赛（LKL）的 BC Wolves 队，从费内巴切贝科租借而来。他身高 1.90 米（6 英尺 3 英寸），主要司职控球后卫。
229;多曼塔斯-萨博尼斯;Domantas Sabonis;5;0;10;86;90;73;82;87;77;94;71;89;60;75;87;89;88;27;7;立陶宛;20;0;0;0;201611;141;多曼塔斯·萨博尼斯（立陶宛语：Domantas Sabonis,1996年5月3日—），出生于美国俄勒冈州的波特兰市，为现役立陶宛裔职业篮球运动员。目前效力于国家篮球协会（NBA联盟）的萨克拉门托国王，场上主要位置为大前锋或中锋。此外，萨博尼斯亦是奈史密斯篮球名人纪念堂成员阿维达斯·萨博尼斯的三子。
230;明道加斯-库兹明斯卡斯;Mindaugas Kuzminskas;3;4;7;75;79;78;76;75;65;67;65;79;73;79;80;68;75;34;1;立陶宛;20;0;0;0;0;3341;明杜加斯-库兹明斯卡斯（Mindaugas Kuzminskas）（1989 年 10 月 19 日出生）是立陶宛职业篮球运动员，曾效力于希腊篮球联赛雅典 AEK 队。他还代表立陶宛国家队出战。他身高 2.05 米（6'8 3⁄4），可以打小前锋和大前锋两个位置。
231;汤姆-迪沙;Tomas Dimsa;2;0;7;74;74;82;74;66;66;62;70;76;82;76;79;65;73;30;1;立陶宛;20;0;0;0;0;5001;托马斯-迪姆沙（Tomas Dimša，1994 年 1 月 2 日出生）是立陶宛职业篮球运动员，现效力于立陶宛职业篮球联赛（LKL）和欧洲联赛（EuroLeague）的Žalgiris Kaunas 队。他主要司职投篮后卫。
232;多纳塔斯-莫泰尤纳斯;Donatas Motiejūnas;4;5;9;59;78;62;71;77;71;74;58;71;63;64;67;72;70;33;0;立陶宛;20;0;0;0;201120;627;Donatas Motiejūnas（立陶宛语发音： 多纳塔斯-莫泰尤纳斯（立陶宛语发音：[dɔˈnaːtɐs moːtʲiəˈjûːnɐs],生于 1990 年 9 月 20 日），立陶宛职业篮球运动员，现效力于法国甲级联赛和欧洲联赛的摩纳哥篮网。他在 2011 年 NBA 选秀大会上以总第 20 顺位被明尼苏达森林狼队选中，随后随 Asseco Prokom Gdynia 夺得 2012 年波兰篮球联赛冠军。2012 年至 2016 年，莫泰尤纳斯在休斯敦火箭队效力了四个赛季，之后于 2017 年 1 月加盟新奥尔良鹈鹕队。
233;塔达斯-塞德克斯基斯;Tadas Sedekerskis;3;4;7;70;68;76;65;64;64;72;65;73;70;64;70;65;68;26;1;立陶宛;20;0;0;0;0;5001;塔达斯-塞德克尔斯基斯（Tadas Sedekerskis，出生于 1998 年 1 月 17 日）是立陶宛职业篮球运动员，也是西班牙 ACB 联赛和欧洲联赛萨斯基-巴斯克尼亚队的队长。
234;阿尔纳斯-布特凯维休斯;Arnas Butkevicius;3;0;8;62;72;72;61;73;71;73;55;69;70;56;64;68;67;31;0;立陶宛;20;0;0;0;0;5001;阿纳斯-布特克维丘斯（Arnas Butkevičius，1992 年 10 月 22 日出生）是立陶宛职业篮球运动员，现效力于立陶宛篮球联赛（LKL）和欧洲联赛的Žalgiris Kaunas 队。
235;埃达加拉斯-乌拉诺瓦斯;Edgaras Ulanovas;3;4;8;62;72;72;61;73;71;73;55;69;70;56;64;68;67;32;0;立陶宛;20;0;0;0;0;5001;埃德加拉斯-乌拉诺瓦斯（Edgaras Ulanovas，1992 年 1 月 7 日出生），立陶宛职业篮球运动员，立陶宛篮球联赛（LKL）和欧洲联赛Žalgiris Kaunas 队队长。他主要司职小前锋位置。
236;阿苏拉斯-图贝利斯;Azuolas Tubelis;4;0;8;66;75;68;60;66;72;64;57;74;68;58;68;64;66;22;0;立陶宛;20;0;0;0;202300;3006;Ąžuolas Tubelis（2002 年 3 月 22 日出生）是立陶宛职业篮球运动员，从维尔纽斯雷塔斯队租借效力于立陶宛篮球联赛（LKL）维尔纽斯雷塔斯队。他曾在大学篮球队亚利桑那野猫队效力。作为一名大前锋，他在野猫队两次入选太平洋十二联盟第一阵容。
237;马吕斯-格里戈尼斯;Marius Grigonis;2;3;8;62;72;72;61;73;71;73;55;69;70;56;64;67;65;30;0;立陶宛;20;0;0;0;0;5001;马里乌斯-格里戈尼斯（生于 1994 年 4 月 26 日）是立陶宛职业篮球运动员，现效力于希腊篮球联赛和欧洲联赛的帕纳辛奈科斯队。他身高 6 英尺 6 英寸（1.98 米），司职投篮后卫和小前锋。
238;鲁卡斯-莱卡维丘斯;Lukas Lekavicius;1;0;8;62;72;72;61;73;71;73;55;69;70;56;65;66;65;30;0;立陶宛;20;0;0;0;0;5001;卢卡斯-莱卡维丘斯（Lukas Lekavičius，出生于 1994 年 3 月 30 日）是立陶宛职业篮球运动员，现效力于立陶宛篮球联赛（LKL）和欧洲联赛的Žalgiris Kaunas。他身高 1.80 米（5 英尺 11 英寸），司职控球后卫。他在 2017 年入选 LKL 全明星阵容。
239;罗卡斯-约库拜蒂斯;Rokas Jokubaitis;1;0;8;72;70;70;72;65;50;45;66;62;73;62;70;54;63;23;1;立陶宛;20;0;0;0;202134;2266;罗卡斯-约库巴蒂斯（Rokas Jokubaitis，2000 年 11 月 19 日出生）是立陶宛职业篮球运动员，现效力于西班牙 ACB 联赛和欧洲联赛的巴塞罗那篮球俱乐部。
240;戴维达斯-西尔维迪斯;Deividas Sirvydis;3;2;8;61;62;64;63;65;55;63;60;61;64;39;56;58;58;24;4;立陶宛;20;0;0;0;201937;2227;德维达斯-西尔维迪斯（Deividas Sirvydis，2000 年 6 月 10 日出生），立陶宛职业篮球运动员，效力于立陶宛篮球联赛（LKL）和欧洲联赛的Žalgiris Kaunas。在 2019 年 NBA 选秀大会上，西尔维迪斯在总第 37 位被达拉斯小牛队选中，随后被交易到底特律活塞队。
241;弗朗茨-瓦格纳;Franz Wagner;3;4;9;79;88;74;82;85;72;80;81;87;80;80;85;84;86;22;2;德国;21;0;0;0;202108;1508;弗朗茨·雅各布·瓦格纳（英语：Franz Jacob Wagner，2001年8月27日—）是一名德国职业篮球运动员，效力于美国国家篮球协会（NBA）的奥兰多魔术。他在大学时为密歇根大学的密歇根狼獾队打球。登录体测数据为6英尺10英寸（2.08米）和220英磅（100千克），主要打小前锋位置。
242;丹尼斯-施罗德;Dennis Schröder;1;0;11;82;77;83;82;81;45;63;74;77;77;80;85;68;78;30;10;德国;21;0;0;0;201317;667;丹尼斯·施罗德（德语：Dennis Schröder，1993年9月15日—），绰号“恐怖丹尼斯”（英语：Dennis the Menace[1]），德国男子篮球运动员，场上主要位置为控球后卫，目前效力于NBA萨克拉门托国王。他代表德国参加国际比赛，在2023年国际篮联篮球世界杯上率领德国男篮赢得史上第一座世界冠军，个人当选赛事最有价值球员。
243;莫里茨-瓦格纳;Moritz Wagner;5;4;8;69;85;70;65;82;72;79;67;82;60;62;75;78;77;26;5;德国;21;0;0;0;201825;2176;维克托-莫里茨-莫-瓦格纳（Victor Moritz Mo Wagner，1997 年 4 月 26 日出生），德国职业篮球运动员，现效力于美国国家篮球协会（NBA）奥兰多魔术队。他曾效力于柏林阿尔巴队，后前往美国为密歇根狼獾队打大学篮球，从 2015 年到 2017-18 狼獾队的大三赛季。瓦格纳在没有聘请经纪人的情况下报名参加了 2017 年 NBA 选秀，但退出后又回到了密歇根。在 2018 年 NBA 选秀大会上，他在总第 25 顺位被洛杉矶湖人队选中。
244;马多-洛;Maodo Lo;1;2;7;75;78;80;80;66;68;61;75;73;82;75;81;68;75;31;1;德国;21;0;0;0;0;5001;莫多-洛（Maodo Lô，1992 年 12 月 31 日出生）是一名德国职业篮球运动员，现效力于意大利甲级联赛（LBA）和欧洲联赛的米兰奥林匹亚队。他曾效力于纽约哥伦比亚大学。他被哥伦比亚大学的球迷昵称为 主席（The Chairman），是德国篮球界最有天赋的球员之一。
245;约翰内斯-沃格特曼;Johannes Voigtmann;4;5;7;65;77;77;62;74;77;81;59;76;76;66;73;76;74;31;1;德国;21;0;0;0;0;5001;约翰内斯-乔-沃伊格特曼（Johannes Jo Voigtmann，1992 年 9 月 30 日出生）是一名德国职业篮球运动员，曾效力于意大利篮球甲级联赛（LBA）和欧洲联赛的米兰奥林匹亚队。他也是德国国家队的一员。他身高 2.11 米，司职大前锋和中锋两个位置。
246;约翰尼斯-蒂曼;Johannes Thiemann;4;5;7;63;81;69;73;83;69;70;68;76;68;74;74;75;74;30;1;德国;21;0;0;0;0;5001;约翰内斯-蒂曼（Johannes Thiemann，生于 1994 年 2 月 9 日）是一名德国职业篮球运动员，曾效力于德国篮球甲级联赛（BBL）和欧洲联赛的柏林阿尔巴队。
247;尼尔斯-吉费;Niels Giffey;3;2;7;80;72;81;70;75;63;65;71;76;77;70;78;69;74;33;1;德国;21;0;0;0;0;5001;尼尔斯-吉菲（Niels Giffey，1991 年 6 月 8 日出生）是一名德国职业篮球运动员，现效力于德国篮球甲级联赛（BBL）和欧洲联赛拜仁慕尼黑队。他身高 6 英尺 7 英寸（2.01 米），司职小前锋和投篮后卫。他还代表德国国家队出战。
248;丹尼尔-泰斯;Daniel Theis;5;0;9;57;82;69;81;74;67;76;56;69;68;73;73;70;71;31;9;德国;21;0;0;0;201300;691;丹尼尔·泰斯（德语：Daniel Theis，1992年4月3日—），德国职业篮球运动员，场上位置为中锋，现效力于法国篮球甲级联赛摩纳哥。他也代表德国国家篮球队参赛。
249;安德烈亚斯-奥布斯特;Andreas Obst;2;0;7;77;74;82;63;63;69;64;65;72;77;68;76;64;70;28;1;德国;21;0;0;0;0;5001;安德烈亚斯-奥布斯特（生于 1996 年 7 月 13 日）是德国职业篮球运动员，现效力于德国篮球甲级联赛（BBL）和欧洲联赛拜仁慕尼黑队。
250;奥斯卡-达-席尔瓦;Oscar da Silva;4;5;8;62;72;72;61;73;71;73;55;69;70;56;66;69;68;25;0;德国;21;0;0;0;0;5001;奥斯卡-莱昂-达席尔瓦（Oscar Leon da Silva，出生于 1998 年 9 月 21 日）是一名德国-巴西籍职业篮球运动员，现效力于德国篮球甲级联赛（BBL）和欧洲联赛拜仁慕尼黑队。他曾效力于斯坦福红衣主教大学篮球队。
251;尼克·魏勒-巴布;Nick Weiler-Babb;2;3;8;62;72;72;61;73;71;73;55;69;70;56;64;67;65;21;0;德国;21;0;0;0;0;5001;尼克-魏勒-巴博（Nick Weiler-Babb，生于 1995 年 12 月 12 日）是一名美国出生的归化德国籍职业篮球运动员，现效力于德国篮球甲级联赛（BBL）和欧洲联赛的拜仁慕尼黑队。他曾在爱荷华州立大学打篮球。
252;伊萨克-邦加;Issac Bonga;1;2;8;60;72;70;70;79;54;62;60;68;73;50;66;63;64;24;5;德国;21;0;0;0;201839;373;艾萨克-埃沃鲁-博芬达-邦加（Isaac Evolue Etue Bofenda Bonga，1999 年 11 月 8 日出生）是一名德国职业篮球运动员，曾效力于德甲联赛拜仁慕尼黑俱乐部和欧洲联赛。邦加身高 6 英尺 8 英寸（2.03 米），他的职业生涯始于德甲法兰克福天际队。在 2018 年 NBA 选秀大会上，他被费城 76 人队选中（第二轮，总第 39 位），随即被交易到洛杉矶湖人队。
253;维克托-文班亚马;Victor Wembanyama;5;4;11;70;83;74;71;85;94;84;75;83;77;71;80;92;87;20;0;法国;22;0;0;0;202301;153;维克托·文班亚马（法语：Victor Wembanyama，2004年1月4日—）是法国职业篮球运动员，身高达7尺4吋(224公分)，臂展8尺(245公分)，被视为是这时代最具天赋的年轻球员之一，现效力于NBA圣安东尼奥马刺。在2023年NBA选秀中被圣安东尼奥马刺以第一轮第一顺位选中，成为NBA选秀状元。
254;鲁迪-戈贝尔;Rudy Gobert;5;0;11;60;88;50;65;88;91;94;77;82;37;55;65;96;82;31;10;法国;22;0;0;0;201327;217;鲁迪·戈贝尔-布加雷尔（法语：Rudy Gobert-Bourgarel，1992年6月26日—）是法国男子篮球运动员，司职中锋，现效力于NBA明尼苏达森林狼。鲁迪·戈贝尔曾获选代表法国国家男子篮球队出战。
255;尼古拉斯-巴图姆;Nicolas Batum;4;5;9;65;72;80;79;78;69;70;80;74;76;81;77;75;76;35;15;法国;22;0;0;0;200825;188;尼古拉·巴图姆（法语：Nicolas Batum，1988年11月14日—），生于法国利雪，法国职业篮球运动员，目前效力于NBA洛杉矶快船。在2008年NBA选秀中第一轮第25顺位被波特兰开拓者选中，在参加NBA选秀前，巴图姆已经是欧洲赛场上最富天分的年轻球员之一。 他曾荣获2006年安纳海姆阿尔伯特史怀哲U-18锦标赛（Albert Schweitzer Tournament ）最有价值球员。
257;埃文-富尼耶;Evan Fournier;3;2;8;63;76;77;78;83;45;66;66;70;80;75;74;65;71;31;11;法国;22;0;0;0;201220;470;埃万·马蒂·富尼耶（法语：Evan Mehdi Fournier，1992年10月29日—），法国职业篮球运动员，目前效力于奥林匹亚科斯篮球俱乐部，他在2012年NBA选秀中被丹佛掘金以首轮第20顺位选中。他在2014年世界杯篮球赛为法国国家队出战，并夺得一枚铜牌。
258;马蒂亚斯-莱索尔;Mathias Lessort;5;0;8;62;72;72;61;73;71;73;55;69;70;56;67;70;69;28;1;法国;22;0;0;0;0;2953;马蒂亚斯-米歇尔-莱索特（Mathias Michel Lessort，1995 年 9 月 29 日出生）是一名法国职业篮球运动员，现效力于希腊篮球联赛和欧洲联赛的帕纳辛纳科斯队。他身高 206 厘米（6'9''），司职中锋。莱索特在 2023 年和 2024 年两度入选欧洲联赛第一阵容，并在 2024 年随帕纳辛奈科斯队夺得欧洲联赛冠军。
259;马修-斯特拉泽尔;Matthew Strazel;1;0;8;62;72;82;61;73;71;73;55;69;80;56;69;66;68;21;0;法国;22;0;0;0;0;5001;马修-尼尔森-斯特拉泽尔（Matthew Nelson Strazel，2002 年 8 月 5 日出生）是一名法国职业篮球运动员，现效力于 LNB Pro A 和欧洲联赛的 AS 摩纳哥队。
260;以赛亚-科尔迪尼耶;Isaïa Cordinier;3;2;8;62;72;72;61;73;71;73;55;69;70;56;64;68;67;27;0;法国;22;0;0;0;0;1919;伊萨亚-科迪尼耶（Isaïa Cordinier，1996 年 11 月 28 日出生），法国职业篮球运动员，效力于意大利甲级联赛（LBA）和欧洲联赛的博洛尼亚维尔特斯队。在 2016 年 NBA 选秀大会上，他在总第 44 顺位被亚特兰大老鹰队选中。他身高 1.96 米（6 英尺 5 英寸），司职投篮后卫和小前锋位置。
261;弗朗克-尼利基纳;Frank Ntilikina;1;0;7;78;58;78;68;61;62;61;66;63;73;64;72;61;67;25;6;法国;22;0;0;0;201708;1360;弗朗克·尼利基纳（法语：Frank Ntilikina，1998年7月28日—），出生于比利时弗拉芒大区伊克塞尔，法国职业篮球运动员，目前为自由球员，场上位置为控球后卫、得分后卫。
262;盖尔雄-亚布塞莱;Guerschon Yabusele;4;0;9;57;75;61;68;75;70;71;58;68;62;60;64;70;67;21;0;法国;22;0;0;0;201616;1584;Guerschon Yabusele（法语发音： [ɡɛʁʃɔn jabuzele]；GAIR-shun YAH-boo-ZELL-ay；生于 1995 年 12 月 17 日），法国职业篮球运动员，现效力于美国国家篮球协会（NBA）纽约尼克斯队。他主要司职大前锋位置。亚布塞莱曾代表法国国家队参加国际比赛，并在 2020 年和 2024 年奥运会上获得银牌。
263;安德鲁-阿尔比西;Andrew Albicy;1;0;8;62;72;72;61;73;71;73;55;69;70;56;65;66;65;34;0;法国;22;0;0;0;0;5001;安德鲁-阿尔比西（Andrew Albicy，1990 年 3 月 21 日出生）是一名法国职业篮球运动员，效力于西班牙 ACB 联盟的大加那利岛队。他还代表法国国家队参加国际比赛。
264;南多-德-科洛;Nando De Colo;2;1;9;59;68;75;74;71;59;57;66;63;76;62;67;62;65;37;1;法国;22;0;0;0;200953;929;南多-布鲁诺-阿尔弗雷德-安德烈-德-科洛（Nando Bruno Alfred Andre de Colo，1987 年 6 月 23 日出生），法国职业篮球运动员，法国 LNB 职业甲级联赛和欧洲联赛 LDLC ASVEL 队队长。他身高 6 英尺 5 英寸（1.96 米），司职控球后卫和投篮后卫。德科洛六次入选欧洲联赛，曾在 2016 年和 2019 年随莫斯科中央陆军队赢得欧洲联赛冠军，并在此过程中获得欧洲联赛 MVP 和四强赛 MVP 奖项。
265;鲁迪-费尔南德斯;Rudy Fernandez;2;3;10;70;82;83;84;81;69;64;76;74;84;73;81;75;78;22;1;西班牙;23;0;0;0;200724;458;鲁道夫-鲁迪-费尔南德斯-法雷斯（西班牙语发音：[ˈruði feɾˈnandeθ],生于 1985 年 4 月 4 日）是西班牙职业篮球运动员，效力于 ACB 联盟皇家马德里队。他身高 6 英尺 5 英寸（1.96 米），司职投篮后卫和小前锋。他曾三次入选欧洲联赛最佳阵容，并在 2015 年、2018 年和 2023 年赢得欧洲联赛冠军。在美国国家篮球协会（NBA）效力期间，他曾入选 NBA 全明星阵容二队。
266;吉列尔莫-埃尔南戈麦斯;Willy Hernangómez;5;4;9;70;80;75;80;80;65;77;67;66;70;69;77;74;75;29;7;西班牙;23;0;0;0;201535;774;吉列尔莫-古斯塔沃-威利-埃尔南戈麦斯-格奥尔（Guillermo Gustavo Willy Hernangómez Geuer，1994 年 5 月 27 日出生）是一名西班牙职业篮球运动员，现效力于西班牙 ACB 联赛和欧洲联赛的巴塞罗那足球俱乐部。他身高 7 英尺 0 英寸（2.13 米），司职中锋。
267;塞尔吉奥-鲁尔;Sergio Llull;1;2;8;75;73;82;80;72;63;63;67;74;84;70;81;66;74;35;0;西班牙;23;0;0;0;200934;1228;Sergio Llull Melià（西班牙语发音：[ˈseɾxjo ʎˈuʎ],生于 1987 年 11 月 15 日）是一名西班牙职业篮球运动员，也是西班牙 ACB 联赛和欧洲联赛皇家马德里队的队长。他身高 6 英尺 3 英寸（1.91 米），是一名组合型后卫。
268;乌斯曼-加鲁巴;Usman Garuba;4;5;8;70;74;68;70;75;70;76;70;67;68;65;71;74;73;22;2;西班牙;23;0;0;0;202123;1083;Destiny Usman Garuba Alari（生于 2002 年 3 月 9 日）是一名西班牙职业篮球运动员，效力于西班牙 ACB 联盟皇家马德里队和欧洲联赛。他身高 2.03 米（6 英尺 8 英寸），司职大前锋和中锋两个位置。
269;胡安-埃尔南戈麦斯;Juan Hernangómez;4;3;9;72;75;80;74;78;60;75;65;70;74;70;76;70;73;28;7;西班牙;23;0;0;0;201615;773;胡安-阿尔贝托-胡安乔-埃尔南戈麦斯-格奥尔（Juan Alberto Juancho Hernangómez Geuer，1995 年 9 月 28 日出生）是一名西班牙职业篮球运动员，效力于希腊篮球联赛和欧洲联赛的帕纳辛纳科斯队。他还代表西班牙国家队参加国际比赛。他在 2016 年 NBA 选秀大会上以总第 15 顺位被丹佛掘金队选中，并在 NBA 效力 7 个赛季，先后效力于掘金队、明尼苏达森林狼队、波士顿凯尔特人队、圣安东尼奥马刺队、犹他爵士队和多伦多猛龙队等俱乐部。
270;桑蒂-阿尔达马;Santi Aldama;4;3;9;56;79;79;78;78;74;78;50;66;69;69;72;73;72;22;2;西班牙;23;0;0;0;202130;752;圣地亚哥-阿尔达马-托莱多（Santiago Aldama Toledo，2001 年 1 月 10 日出生），西班牙职业篮球运动员，现效力于美国国家篮球协会（NBA）孟菲斯灰熊队。他曾在洛约拉灰狗队（Loyola Greyhounds）打过大学篮球。他被评为 2019 年国际篮联 U18 欧洲锦标赛最有价值球员（MVP）。
271;阿尔贝托-迪亚兹;Alberto Diaz;1;2;7;75;69;77;69;61;61;59;78;70;77;67;75;65;71;30;1;西班牙;23;0;0;0;0;5001;阿尔贝托-迪亚斯-奥尔蒂斯（Alberto Díaz Ortiz，生于 1994 年 4 月 23 日）是西班牙职业篮球运动员，现效力于西班牙篮球甲级联赛 Unicaja 队。身高 1.91 米（6'3），体重 86 公斤（190 磅），司职控球后卫。
272;海梅-普拉迪利亚;Jaime Pradilla;4;5;8;62;72;72;61;73;71;73;55;69;70;56;66;69;68;23;0;西班牙;23;0;0;0;0;5001;海梅-普拉迪拉-加扬（Jaime Pradilla Gayán）（2001 年 1 月 3 日出生）是西班牙职业篮球运动员，效力于西班牙 ACB 联盟瓦伦西亚队和欧洲联赛。他还代表西班牙国家队参加国际比赛。
273;达里奥-布里苏埃拉;Dario Brizuela;2;0;7;79;64;85;65;68;58;58;64;68;78;67;75;60;68;29;1;西班牙;23;0;0;0;0;5001;达里奥-布里苏埃拉-阿列塔（Dario Brizuela Arrieta，1994 年 11 月 8 日出生）是一名西班牙职业篮球运动员，效力于西班牙 ACB 联盟和欧洲联赛的巴塞罗那足球俱乐部。他还代表西班牙国家队出战。
274;哈维耶尔-洛佩斯-阿罗斯特吉;Xabi Lopez-Arostegui;3;0;8;62;72;72;61;73;71;73;55;69;70;56;64;68;67;27;0;西班牙;23;0;0;0;0;5001;Xabier López-Arostegui Eskauriaza（生于 1997 年 5 月 19 日）是西班牙职业篮球运动员，效力于西班牙 ACB 联盟和欧洲联赛的瓦伦西亚队。
275;洛伦佐-布朗;Lorenzo Brown;1;0;9;72;61;69;70;70;60;60;71;63;72;59;68;66;67;33;0;西班牙;23;0;0;0;0;886;洛伦佐-唐泰斯-布朗（Lorenzo Dontez Brown，出生于 1990 年 8 月 26 日）是一名美国出生的归化西班牙籍职业篮球运动员，效力于希腊篮球联赛和欧洲联赛的帕纳辛纳科斯队。布朗曾在北卡罗来纳州狼群队（NC State Wolfpack）打过大学篮球，并在美国国家篮球协会（NBA）效力过几个赛季。他曾在 2022 年帮助西班牙国家队夺得欧洲篮球联赛冠军。
276;阿莱克斯-阿布里恩斯;Alex Abrines;2;3;8;57;68;76;77;72;59;57;66;63;77;64;67;63;65;30;1;西班牙;23;0;0;0;201332;749;亚历杭德罗-阿莱克斯-阿布里内斯-雷东多（Alejandro Álex Abrines Redondo，1993 年 8 月 1 日出生）是一名西班牙职业篮球运动员，也是西班牙 ACB 联盟和欧洲联赛 FC 巴塞罗那队的队长。他身高 6 英尺 6 英寸（1.98 米），司职投篮后卫和小前锋。阿布里内斯曾在 2014 年和 2021 年随巴塞罗那队两次夺得西班牙联赛冠军。他在 2016 年入选欧洲联赛新星奖。
277;劳尔-内托;Raul Neto;1;0;9;80;83;89;89;87;55;75;77;75;90;78;90;78;84;32;8;巴西;24;0;0;0;201347;1356;劳尔-劳尔津霍-托尼-内托（巴西葡萄牙语：[haˈuw toɲɲi ˈnɛtu],生于 1992 年 5 月 19 日）是一名巴西职业篮球运动员，效力于 Basketbol Süper Ligi（BSL）和欧洲联赛的费内巴切队。他还是巴西国家男子篮球队的成员。内托还持有意大利护照。
278;维托-班尼特;Vítor Benite;2;0;7;77;77;79;81;78;66;77;80;79;80;79;81;79;80;32;1;巴西;24;0;0;0;0;5001;维托尔-阿尔维斯-贝尼特（Vítor Alves Benite，生于 1990 年 2 月 20 日），通常被称为维托尔-贝尼特，或简称为贝尼特，是一名巴西-意大利职业篮球运动员，效力于西班牙 ACB 联赛和欧洲杯的大加那利岛队。他身高 1.94 米（6'4 1⁄2），司职投篮后卫。他还代表巴西国家篮球队出战。
279;卢卡斯-迪亚斯;Lucas Dias;4;0;7;73;83;65;72;77;68;67;61;83;71;72;78;69;73;28;0;巴西;24;0;0;0;0;5001;卢卡斯-迪亚斯-席尔瓦（Lucas Dias Silva），俗称卢卡斯-迪亚斯，或简称卢卡斯（生于 1995 年 7 月 6 日），巴西职业篮球运动员，现效力于巴西新篮球俱乐部（NBB）的弗兰卡队。
280;亚戈-多斯-桑托斯;Yago Santos;1;0;7;77;72;76;74;62;60;69;74;71;71;69;76;67;72;25;1;巴西;24;0;0;0;0;5001;亚戈-马特乌斯-多斯桑托斯（Yago Mateus dos Santos，出生于 1999 年 3 月 9 日），简称亚戈，巴西职业篮球运动员，效力于塞尔维亚 KLS、亚得里亚海联赛和欧洲联赛的 Crvena zvezda。多斯桑托斯被帕尔梅拉斯发掘，2016 年至 2020 年效力于保利斯坦诺队，2020 年至 2022 年效力于弗拉门戈队，之后转会至德国俱乐部乌尔姆拉托法姆队。他还曾代表芝加哥公牛队参加 2023 年 NBA 夏季联赛。亚戈随乌尔姆队赢得了 2023 年德国 BBL 总冠军，并被评为总决赛 MVP。
281;克里斯蒂亚诺-费利西奥;Cristiano Felicio;5;4;8;59;71;60;74;88;73;82;63;65;38;47;60;82;71;31;8;巴西;24;0;0;0;201500;461;克里斯蒂亚诺-席尔瓦-费利西奥（Cristiano Silva Felício，出生于 1992 年 7 月 7 日）是一名巴西职业篮球运动员，现效力于西班牙 ACB 联盟的科维兰格拉纳达队。他曾在巴西米纳斯蒂尼斯俱乐部（Minas Tênis Clube）和弗拉门戈队（Flamengo）效力，在美国国家篮球协会（NBA）芝加哥公牛队（Chicago Bulls）效力，在德国乌尔姆药厂（ratiopharm Ulm）效力。
282;乔治-德-保拉;Georginho De Paula;1;2;7;73;72;71;74;64;67;61;72;68;77;73;74;66;71;28;1;巴西;24;0;0;0;0;5001;乔治-乔治尼奥-卢卡斯-阿尔维斯-德-保拉（George Georginho Lucas Alves de Paula，出生于 1996 年 5 月 24 日），俗称乔治尼奥，巴西职业篮球运动员，曾效力于乌尔姆拉托法姆公司。他在巴西和国际赛场上都取得过成功，曾赢得美洲篮球联赛（BCL Americas）和 2023 年国际篮联洲际杯（FIBA Intercontinental Cup）。乔治尼奥还赢得过两次国家篮球联赛冠军，并在弗兰卡队 2022 年夺冠时被评为总决赛 MVP。
283;布鲁诺-卡博克洛;Bruno Caboclo;3;4;10;67;68;79;70;77;55;70;67;74;78;57;70;67;70;28;9;巴西;24;0;0;0;201420;1901;布鲁诺-科雷亚-费尔南德斯-卡博克洛（Bruno Correa Fernandes Caboclo，出生于 1995 年 9 月 21 日）是一名巴西职业篮球运动员，现效力于塞尔维亚联赛、亚得里亚海联赛和欧洲联赛的帕尔蒂赞队。他司职大前锋和中锋。
284;若昂-马塞洛-卡多索-佩雷拉;Joao Cardoso;3;0;8;62;72;72;61;73;71;73;55;69;70;56;64;68;67;23;0;巴西;24;0;0;0;0;5001;若昂-马塞洛-卡多索-佩雷拉（João Marcello Cardoso Pereira，2000 年 8 月 28 日出生），俗名 Mãozinha Pereira，简称 Mãozinha，巴西职业篮球运动员，曾效力于美国国家篮球协会（NBA）孟菲斯灰熊队。
285;莱昂纳多-孟德尔;Leo Meindl;3;0;8;62;72;72;61;73;71;73;55;69;70;56;64;68;67;31;1;巴西;24;0;0;0;0;5001;莱昂纳多-莱奥-迈德尔（Leonardo Léo Meindl，1993 年 3 月 20 日出生）是一名巴西职业篮球运动员，现效力于日本乙级联赛的东京阿尔瓦克队。他曾效力于巴西 Novo Basquete Brasil 的 Paulistano 队。
286;马塞洛-韦尔塔斯;Marcelinho Huertas;1;2;9;62;72;72;61;73;71;73;55;69;70;56;65;66;65;41;0;巴西;24;0;0;0;0;5001;马塞洛-马塞利尼奥-铁波-韦尔塔斯（Marcelo Marcelinho Tieppo Huertas，1983 年 5 月 25 日出生），巴西职业篮球运动员，西班牙 ACB 联盟联想特内里费岛队队长。他还是巴西国家男子篮球队的成员，拥有意大利国籍。32 岁的他是 NBA 中年龄仅次于巴勃罗-普里吉奥尼（Pablo Prigioni）和安德烈-英格拉姆（Andre Ingram）的新秀。2015 年签约湖人队后，他在湖人队打了 1+1⁄2 个赛季，2017 年返回西班牙。
287;桂-桑托斯;Gui Santos;3;4;9;68;63;66;66;67;63;62;70;66;63;67;64;64;65;22;1;巴西;24;0;0;0;202255;2117;吉列尔梅-卡瓦略-多斯桑托斯（2002 年 6 月 22 日出生），巴西职业篮球运动员，现效力于美国国家篮球协会（NBA）金州勇士队。
288;马科斯-洛扎达-席尔瓦;Didi Louzada;2;3;9;65;70;65;70;75;65;60;50;64;66;55;64;60;62;24;3;巴西;24;0;0;0;201935;1992;马科斯-恩里克-卢萨达-席尔瓦（Marcos Henrique Louzada Silva）（出生于 1999 年 7 月 2 日），俗名迪迪-卢萨达（Didi Louzada），巴西职业篮球运动员，效力于巴西新篮球联赛（NBB）弗拉门戈队。在 2019 年 NBA 选秀大会上，他被亚特兰大老鹰队选中，后被交易到新奥尔良鹈鹕队。
289;大卫-库比兰;David Cubillán;1;0;7;84;81;82;82;77;69;70;86;75;80;79;86;80;84;36;0;委内瑞拉;25;0;0;0;0;5001;大卫-亚历杭德罗-库比扬-莱昂（David Alejandro Cubillán León，1987 年 7 月 27 日出生）是委内瑞拉职业篮球运动员。他曾在大学篮球队马奎特金鹰队效力，是马奎特队替补席上的重要一员。
290;内斯托​​-科尔米纳雷斯;Néstor Colmenares;4;0;7;75;78;81;75;86;72;85;74;77;82;77;81;84;83;35;0;委内瑞拉;25;0;0;0;0;5001;内斯托-恩里克-科尔梅纳雷斯-乌兹卡特吉（Néstor Enrique Colmenares Uzcategui，1987 年 9 月 5 日出生），委内瑞拉职业篮球运动员，曾效力于委内瑞拉职业篮球联赛克卢日-纳波卡 U-BT。他还是委内瑞拉国家队的成员。他是一名大前锋，绰号 La Bestia（野兽）。
291;格雷戈里-巴尔加斯;Gregory Vargas;1;0;7;84;81;75;83;82;61;67;82;74;77;77;84;77;81;37;0;委内瑞拉;25;0;0;0;0;5001;格雷戈里-马克斯迪尔-巴尔加斯-迪亚斯（Gregory Maxdier Vargas Díaz，1986 年 2 月 18 日出生），委内瑞拉职业篮球运动员，曾效力于以色列篮球超级联赛海法队（Hapoel Haifa）。他是 2016 年和 2017 年以色列篮球超级联赛年度最佳防守球员，2017 年和 2020 年以色列篮球超级联赛助攻王。
292;温迪-格拉特洛尔;Windi Graterol;4;5;7;68;85;79;80;76;81;72;76;82;81;74;82;79;80;36;0;委内瑞拉;25;0;0;0;0;5001;温迪-曼努埃尔-格拉特罗尔-克莱门特（生于 1986 年 9 月 10 日）是委内瑞拉职业篮球运动员，现效力于委内瑞拉超级联赛斯巴达人首都队。
293;海斯勒-吉伦特;Heissler Guillent;1;0;7;78;68;89;79;68;70;75;77;69;83;74;82;75;79;36;0;委内瑞拉;25;0;0;0;0;5001;海斯勒-拉斐尔-吉伦特-埃克（Heissler Rafael Guillent Ecker，1986 年 12 月 17 日出生）是委内瑞拉职业篮球运动员，效力于瓜伊奎雷斯-德玛格丽塔队和委内瑞拉队。
294;佩德罗-库里奧;Pedro Chourio;1;0;7;90;78;78;68;69;67;62;82;78;79;68;83;72;79;33;0;委内瑞拉;25;0;0;0;0;5001;佩德罗-丘里奥（Pedro Chourio）（1990 年 3 月 13 日出生）是委内瑞拉职业篮球运动员，现效力于委内瑞拉超级联赛斯巴达人队（Spartans Distrito Capital）。他曾效力于 LNB 的 Estudiantes Concordia。
295;侯南-萨莫拉;Jhornan Zamora;2;0;7;74;74;75;68;71;73;72;78;71;80;69;74;76;75;34;0;委内瑞拉;25;0;0;0;0;5001;乔南-何塞-萨莫拉-莫塔（Jhornan José Zamora Mota）（1989 年 1 月 30 日出生）是委内瑞拉-西班牙籍篮球运动员，司职投篮后卫，现效力于巴兰基亚泰坦队。他还拥有西班牙国籍，曾效力于 CB Valladolid、CB Axarquía、Clinicas Rincon、Palencia 和 Club Ourense Baloncesto 等多家西班牙俱乐部。在 2019 年国际篮联篮球世界杯期间，乔尔南曾是委内瑞拉队的一员，该队最终排名第 14 位。
296;荷西-马特兰;Jose Materan;3;0;7;79;76;71;79;67;73;63;65;71;73;73;77;66;73;27;0;委内瑞拉;25;0;0;0;0;5001;何塞-马泰兰是一名篮球运动员，出生于 1996 年 8 月 17 日。身高六英尺五英寸（1米96/6-5）。他是一名小前锋，最近曾代表委内瑞拉队参加预备队比赛。
297;迈克尔-卡雷拉;Michael Carrera;4;0;7;76;79;64;62;70;80;72;58;74;68;62;72;72;72;30;0;委内瑞拉;25;0;0;0;0;5001;迈克尔-阿尔贝托-卡雷拉-甘博亚（Michael Alberto Carrera Gamboa）（1993 年 1 月 7 日出生），委内瑞拉职业篮球运动员，现效力于西班牙 ACB 联赛大加那利岛队和委内瑞拉国家队。
298;约翰纳-西万特斯;Yohanner Sifontes;1;0;7;86;75;76;62;68;67;61;66;68;74;63;77;64;71;28;0;委内瑞拉;25;0;0;0;0;5001;尤汉纳-西丰特斯是一名篮球运动员，出生于 1995 年 8 月 19 日。身高六英尺四英寸（1米92/6-4）。他是一名控球后卫，最近曾代表委内瑞拉队参加备战赛。
299;加利-索沃;Garly Sojo;1;0;7;81;70;72;69;63;59;62;78;67;76;64;75;67;71;23;0;委内瑞拉;25;0;0;0;0;5001;加里-索霍（Garly Sojo，1999 年 9 月 23 日出生），委内瑞拉篮球运动员，现效力于委内瑞拉职业篮球超级联赛（SPB）加拉加斯野马队。他身高 6 英尺 5 英寸（1.96 米），司职控球后卫。
300;米格尔-鲁伊斯;Miguel Ruiz;5;0;7;63;79;61;61;63;75;67;50;79;63;62;69;65;67;21;0;委内瑞拉;25;0;0;0;0;5001;米格尔-鲁伊斯（1990 年 12 月 20 日出生）是委内瑞拉职业篮球运动员。
301;谢伊-吉尔杰斯-亚历山大;Shai Gilgeous-Alexander;1;0;10;84;92;81;94;92;68;72;90;91;82;91;94;88;91;25;5;加拿大;26;0;0;0;201811;112;谢伊文特·艾希安·吉尔杰斯-亚历山大（英语：Shaivonte Aician Gilgeous-Alexander（1998年7月12日—）绰号“SGA”，是加拿大职业篮球运动员，现效力于NBA俄克拉荷马城雷霆。
302;贾马尔-穆雷;Jamal Murray;1;2;9;79;85;85;87;84;61;70;78;85;85;85;90;77;84;26;7;加拿大;26;0;0;0;201607;282;贾马尔·穆雷（英语：Jamal Murray，1997年2月23日—），加拿大职业篮球运动员，目前效力于NBA的丹佛掘金，绰号“蓝箭”。他在加入NBA前，曾于肯塔基大学效力一年，之后投入了2016年NBA选秀，并于首轮第七顺位被丹佛掘金选中。
303;吕冈茨-多尔特;Luguentz Dort;3;4;8;64;77;82;79;86;73;73;86;70;80;70;76;84;81;24;4;加拿大;26;0;0;0;201900;450;卢根茨·多尔特（英语：Luguentz Dort，1994年4月19日—）为加拿大职业篮球运动员，场上主打得分后卫与小前锋位置，现效力于NBA俄克拉何马城雷霆。大学就读亚利桑那州立大学效力于亚利桑那州大太阳魔鬼男子篮球队，参加2019年NBA选秀落选。
304;RJ-巴雷特;RJ Barrett;3;2;8;73;85;80;76;86;65;70;70;85;78;77;82;75;79;23;4;加拿大;26;0;0;0;201903;184;小罗温·亚历山大·巴雷特（英语：Rowan Alexander Barrett Jr.，2000年6月14日—），通称R·J·巴雷特（R. J. Barrett），生于安大略省多伦多，加拿大男子篮球运动员，现时效力NBA多伦多猛龙。曾是美国杜克大学蓝魔鬼队队员。场上主要位置为得分后卫或小前锋，2019年NBA选秀的探花。
305;狄龙-布鲁克斯;Dillon Brooks;3;4;8;60;77;80;77;82;72;68;85;75;80;77;76;80;79;28;6;加拿大;26;0;0;0;201745;418;狄龙·布鲁克斯（英语：Dillon Brooks，1996年1月22日—），出生于安大略省密西沙加，是一名加拿大职业篮球运动员，目前效力于NBA休斯敦火箭。
306;凯利-奥利尼克;Kelly Olynyk;5;4;8;78;83;80;80;79;63;79;65;77;75;78;84;73;79;32;10;加拿大;26;0;0;0;201313;815;凯利·泰勒·奥利尼克（英语：Kelly Tyler Olynyk，1991年4月19日—）。出生于加拿大安大略省多伦多，加拿大职业篮球运动员。目前效力于NBA联盟新奥尔良鹈鹕，场上位置为中锋或大前锋。大学时期效力于贡扎加大学斗牛犬队，并于2013年获得NCAA全美冠军。2013年NBA选秀大会上，他被达拉斯小牛以第一轮第13顺位选中，随后交易到了波士顿塞尔提克。曾因撞倒华盛顿巫师球员小凯利·欧布瑞导致对方生气将其推倒，扯伤克里夫兰骑士球员凯文·洛夫的左肩而闻名。此外奥利尼克也是加拿大国家男子篮球队的成员。
307;梅尔文-艾希姆;Melvin Ejim;3;4;7;74;81;82;82;73;65;73;65;78;78;80;82;69;77;32;1;加拿大;26;0;0;0;0;5001;梅尔文-奥宾纳-埃吉姆（Melvin Obinna Ejim）（1991 年 3 月 4 日出生）是一名尼日利亚裔加拿大职业篮球运动员，现效力于 ACB 联盟的 Unicaja 队。他曾在爱荷华州立大学打过大学篮球，之后在意大利、俄罗斯和西班牙以及 NBA G 联盟打过职业比赛。
308;特雷-莱尔斯;Trey Lyles;4;5;8;62;76;78;76;80;77;76;61;72;75;79;75;77;76;28;8;加拿大;26;0;0;0;201512;1183;特雷·安东尼·莱尔斯（英语：Trey Anthony Lyles,1995年11月5日—），出生于加拿大萨斯喀彻温省萨斯卡通，是美国NBA职业篮球运动员，目前效力于萨克拉门托国王队，2015年选秀会上第一轮第十二顺位被犹他爵士队选中，场上位置是大前锋。
309;安德鲁-内姆布哈德;Andrew Nembhard;2;1;7;76;78;77;83;81;56;63;77;70;75;75;78;71;75;23;1;加拿大;26;0;0;0;202231;1350;安德鲁·威廉·内姆布哈德（Andrew William Nembhard，2000年1月16日—），加拿大男子篮球运动员，现效力于印第安纳步行者。
310;肯-伯奇;Khem Birch;5;4;6;56;79;56;76;82;76;83;66;67;49;69;65;81;74;31;9;加拿大;26;0;0;0;201400;865;肯·泽维尔·伯奇（英语：Khem Xavier Birch，1992年9月28日—），出生于加拿大魁北克省，为现役加拿大职业篮球运动员，目前为自由球员。场上主要位置为中锋。
311;尼基尔-亚历山大-沃克;Nickeil Alexander-Walker;1;2;7;70;76;76;72;84;55;63;72;67;81;71;75;71;73;25;4;加拿大;26;0;0;0;201917;727;尼克尔·亚历山大-沃克（英语：Nickeil Alexander-Walker，1998年9月2日—），加拿大职业篮球运动员，现效力于NBA明尼苏达灰狼。
312;德怀特-鲍威尔;Dwight Powell;5;4;7;53;77;65;76;77;61;79;66;69;62;68;67;72;70;32;9;加拿大;26;0;0;0;201445;843;德怀特·鲍威尔（英语：Dwight Powell，1991年7月20日—），加拿大职业篮球球员，司职大前锋和中锋。目前效力于达拉斯独行侠队。
313;凯文-杜兰特;Kevin Durant;4;5;11;76;91;95;98;89;77;79;83;91;94;96;99;87;93;35;16;美国;27;0;0;0;200702;29;凯文·韦恩·杜兰特（英语：Kevin Wayne Durant，1988年9月29日—），出生于美国华盛顿特区，现役美国职业篮球运动员，现效力于NBA球队菲尼克斯太阳，场上位置为小前锋。
314;勒布朗-詹姆斯;LeBron James;4;5;11;86;95;90;86;89;73;80;85;90;88;85;97;86;91;39;20;美国;27;0;0;0;200301;2;勒布朗·雷蒙·詹姆斯（英语：LeBron Raymone James Sr.，1984年12月30日—）是美国职业篮球运动员，目前效力于NBA洛杉矶湖人。
315;斯蒂芬-库里;Stephen Curry;1;2;11;83;89;95;92;86;66;74;78;87;99;86;98;80;90;35;14;美国;27;0;0;0;200907;11;沃德尔·斯蒂芬·库里二世（英语：Wardell Stephen Curry II，1988年3月14日—）是美国职业篮球运动员，场上位置为控球后卫，现效力于NBA金州勇士。
316;安东尼-戴维斯;Anthony Davis;5;4;10;60;91;72;78;93;92;93;76;90;65;81;82;98;90;30;11;美国;27;0;0;0;201201;25;小安东尼·马尚·戴维斯（英语：Anthony Marshon Davis Jr.，1993年3月11日—）为美国男子篮球运动员，场上位置为大前锋和中锋，现效力于NBA达拉斯独行侠。戴维斯于2012年以选秀状元被新奥尔良黄蜂选中。生涯八次入选全明星阵容、四次入选NBA年度第一队和NBA最佳防守阵容，2012年因候补入选美国国家男子篮球队征战伦敦奥运并获得金牌。
317;乔尔-恩比德;Joel Embiid;5;0;10;77;83;82;87;90;87;82;70;85;79;88;89;89;89;29;9;美国;27;0;0;0;201403;100;乔尔·汉斯·恩比德（英语：Joel Hans Embiid，joh-EL-' EM-beed， 1994年3月16日—）是出生于喀麦隆雅温德的职业篮球员，大学时期曾效力于堪萨斯大学捷老鹰，现效力于NBA费城76人，场上位置为中锋。恩比德是在2014年NBA选秀中以首轮第三顺位被费城76人选中，这也使他成为继鲁本·邦特杰-邦特杰和卢克·巴莫特后第三位进入NBA的喀麦隆球员，也是首位在首轮被选中的喀麦隆球员。2021/22年球季，以场均30.6分成为NBA年度得分王。
318;杰森-塔图姆;Jayson Tatum;4;3;10;74;92;87;90;91;71;80;86;86;91;85;93;86;89;25;6;美国;27;0;0;0;201703;146;杰森·克里斯多福·塔图姆（英语：Jayson Christopher Tatum，1998年3月3日—），出生于美国密苏里州东部城市圣路易斯，为现役美国职业篮球运动员，目前效力于NBA联盟的波士顿凯尔特人。大学时期曾代表杜克大学蓝魔鬼队参加比赛。赛季结束后参加2017年NBA选秀，于首轮第三顺位为波士顿凯尔特人选中，场上位置为小前锋。
319;德文-布克;Devin Booker;1;2;10;78;90;90;93;87;71;70;79;88;90;92;95;81;89;27;8;美国;27;0;0;0;201513;94;德文·亚曼尼·布克（英语：Devin Armani Booker，1996年10月30日—），出生于美国密西根州大急流城，为现役美国职业篮球运动员，曾在2017年3月25日对上凯尔特人时个人轰下70分，成为史上最年轻的70分先生，目前效力于NBA菲尼克斯太阳，场上主要位置为得分后卫。
320;朱-霍乐迪;Jrue Holiday;1;2;9;84;82;93;78;84;76;70;89;80;83;75;89;86;88;33;14;美国;27;0;0;0;200917;111;朱·兰德尔·霍勒迪（英语：Jrue Randall Holiday，1990年6月12日—），出生于美国加利福尼亚州查兹沃斯，为现役美国职业篮球运动员。目前效力于NBA波士顿凯尔特人，场上主打双能卫。
321;安东尼-爱德华兹;Anthony Edwards;2;1;10;85;90;90;85;88;60;75;80;95;90;85;95;80;88;22;3;美国;27;0;0;0;202001;85;安东尼·德万特·爱德华兹（英语：Anthony DeVante Edwards，2001年8月5日—），绰号“蚁人”(Ant-Man)，生于佐治亚州亚特兰大，美国男子职业篮球运动员，目前效力于NBA联盟的明尼苏达森林狼，场上位置为得分后卫。于2020年NBA选秀以首轮第一顺位被明尼苏达森林狼选中。
322;埃德里斯-阿德巴约;Edrice Adebayo;5;0;10;72;91;60;81;89;86;90;73;88;62;80;81;92;87;26;6;美国;27;0;0;0;201714;167;埃德莱斯·费米·阿德巴约（英语：Edrice Femi Adebayo，1997年7月18日—），通称巴姆·阿德巴约（Bam Adebayo），生于新泽西州纽华克，美国男子职业篮球运动员，现效力于NBA迈阿密热火。
323;泰雷斯-哈利伯顿;Tyrese Haliburton;1;0;10;97;81;87;87;80;55;73;80;85;82;74;94;76;86;23;3;美国;27;0;0;0;202012;226;泰雷塞·约翰·哈里伯顿（英语：Tyrese John Haliburton，2000年2月29日—)，出生于威斯康星州奥什科什，是一名美国男子职业篮球运动员。目前效力于NBA联盟的印第安纳步行者，场上位置为控球后卫。
324;德里克-怀特;Derrick White;2;1;9;81;84;88;81;86;72;65;83;80;83;75;86;81;84;29;6;美国;27;0;0;0;201729;507;德里克·怀特（英语：Derrick White，1994年7月2日—）。出生于美国科罗拉多州帕克，为现役NBA联盟的职业篮球运动员。目前效力于波士顿凯尔特人，场上位置为控球后卫。大学时期效力于科罗拉多大学波德分校。在2017年NBA选秀大会上，他被圣安东尼奥马刺以首轮第二十九顺位选中，但因轮替阵容已满而暂时下放至马刺于发展联盟的附属球队－奥斯汀马刺。
325;保罗-施托尔;Paul Stoll;1;0;7;91;70;75;81;72;73;77;82;76;77;82;85;80;82;38;1;墨西哥;28;0;0;0;0;5001;保罗-迈克尔-斯托尔（Paul Michael Stoll，1985 年 12 月 14 日出生）是一名美国出生的墨西哥职业篮球运动员，效力于墨西哥职业联赛（LNBP）克雷塔罗解放者队。他曾在兰辛社区学院（Lansing Community College）和德克萨斯大学泛美分校（University of Texas-Pan American）打过大学篮球。
326;法比安-哈梅斯;Fabian Jaimes;4;0;7;79;80;74;72;83;69;81;70;81;69;72;80;79;79;31;1;墨西哥;28;0;0;0;0;5001;Fabián Misael Jaimes Nava 是一名篮球运动员，1992 年 9 月 21 日出生于墨西哥普埃布拉。他身高六英尺六（1米98/6-6）。他是一名大前锋，最近代表墨西哥队参加了国际篮联美洲杯预选赛。
327;加夫列尔-希龙;Gabriel Giron;2;3;7;90;72;86;83;67;65;65;75;70;81;78;86;68;78;36;1;墨西哥;28;0;0;0;0;5001;加布里埃尔-奥斯卡-西隆-比利亚雷亚尔（Gabriel Oscar Girón Villarreal，1988 年 2 月 27 日出生）是一名墨西哥-巴拿马籍职业篮球运动员，现效力于墨西哥职业篮球联赛（LNBP）克雷塔罗解放者队。他是 2017 年墨西哥冠军队 Fuerza Regia 的一员，也是 2016 年意大利都灵国际篮联世界奥林匹克预选赛墨西哥国家篮球队的成员。
328;伊斯雷尔-古铁雷斯;Israel Gutierrez;5;0;7;62;76;65;73;71;76;78;54;81;63;70;72;73;73;31;1;墨西哥;28;0;0;0;0;5001;何塞-伊斯雷尔-古铁雷斯-泽尔梅尼奥（José Israel Gutiérrez Zermeño，1993 年 1 月 15 日出生）是一名墨西哥篮球运动员，曾效力于奇瓦瓦州多拉多斯队和墨西哥国家队，并参加了 2014 年国际篮联篮球世界杯。
329;约什-伊巴拉;Joshua Ibarra;5;0;7;60;79;60;63;66;73;77;63;81;65;68;70;71;71;29;1;墨西哥;28;0;0;0;0;5001;约书亚-伊巴拉（Joshua Ibarra）是一名篮球运动员，出生于 1995 年 1 月 26 日。身高六英尺十一英寸（2米10/6-11）。他是一名中锋，最近效力于墨西哥 SISNova LNBP 联赛的 Plateros de Fresnillo 队。
330;卡里姆-洛佩斯;Karim Lopez;5;0;9;62;72;72;61;73;71;73;55;69;70;56;67;70;69;17;0;墨西哥;28;0;0;0;0;5001;卡里姆是一名身高臂长、移动灵活的侧翼球员，篮球直觉非常敏锐。他在球场上操作流畅，让比赛看起来轻而易举。他的身材、身高和直觉在防守端非常突出。他能在上下两线防守，在防守中能真正影响比赛。进攻流畅，手感出色。令人印象深刻的外线射手，能够发起进攻并投篮命中。
331;阿德里安-伊萨克-波拉斯;Adrien Isaac Porras;4;0;8;62;72;72;61;73;71;73;55;69;70;56;66;69;68;16;0;墨西哥;28;0;0;0;0;5001;0
332;欧文-阿瓦洛斯;Irwin Avalos;4;0;8;62;72;72;61;73;71;73;55;69;70;56;66;69;68;33;0;墨西哥;28;0;0;0;0;5001;Irwin Ávalos Bonilla（生于 1991 年 6 月 13 日），墨西哥篮球运动员，现效力于 Plateros de Fresnillo 和墨西哥国家队。
333;伊万-蒙塔诺;Ivan Montano;3;4;8;62;72;72;61;73;71;73;55;69;70;56;64;68;67;26;0;墨西哥;28;0;0;0;0;5001;伊万-蒙塔诺是一名篮球运动员。他身高五英尺十一英寸（1米80/5-11）。他是一名控球后卫，最近代表墨西哥队参加了国际篮联美洲杯预选赛。
334;伊萨尔-席尔瓦;Isael Silva;2;0;8;62;72;72;61;73;71;73;55;69;70;56;64;67;65;21;0;墨西哥;28;0;0;0;0;5001;伊萨尔-席尔瓦是一名篮球运动员，出生于 2002 年 7 月 20 日。身高六英尺四英寸（1米93/6-4）。他是一名投篮后卫，最近效力于 NCAA 的长滩州立大学 49 人队。
335;卡里姆-罗德里格斯;Karim Rodriguez;2;0;8;62;72;72;61;73;71;73;55;69;70;56;64;67;65;36;0;墨西哥;28;0;0;0;0;5001;卡里姆-斯科特-罗德里格斯-卡雷斯科（Karim Scott RODRIGUEZ CARRAZCO）是一名篮球运动员，出生于 1988 年 1 月 17 日。他的身高为六英尺三英寸（1米90/6-3）。他是一名投篮后卫，最近代表墨西哥队参加了国际篮联美洲杯预选赛。
336;莫伊塞斯-安德里亚西;Moises Andriassi;5;0;7;57;77;61;58;64;72;66;59;75;66;59;65;65;65;24;1;墨西哥;28;0;0;0;0;5001;莫伊塞斯-埃米利奥-安德里亚西-金塔纳（Moisés Emilio Andriassi Quintana）（2000 年 3 月 1 日出生）是墨西哥职业篮球运动员，现效力于墨西哥职业篮球联赛（LNBP）哈利斯科阿斯特罗斯队（Astros de Jalisco）和墨西哥国家队。他曾在大学篮球队 Aztecas UDLAP 打球，被认为是墨西哥篮球界最有前途的青年才俊之一。
337;埃洛伊-巴尔加斯;Eloy Vargas;5;0;7;78;85;80;76;78;85;78;63;87;78;72;86;81;83;35;1;多米尼加;29;0;0;0;0;5001;埃洛伊-巴尔加斯（Eloy Vargas，1988年12月30日出生）是一名多米尼加职业篮球运动员，效力于乌拉圭巴斯克博尔联赛（LUB）的阿瓜达竞技俱乐部。他在佛罗里达州开始了他的大学篮球生涯，并在肯塔基州结束了他的大学篮球生涯，并代表多米尼加国家队参加了国际比赛。
338;安东尼奥-佩尼亚;Antonio Peña;4;0;7;84;86;78;73;83;79;77;71;82;76;72;85;81;83;37;1;多米尼加;29;0;0;0;0;5001;安东尼奥-佩纳是一名篮球运动员，1986 年 7 月 20 日出生于纽约布鲁克林。他身高六英尺九英寸（2米05/6-9）。他是一名大前锋，最近效力于美洲篮球冠军联赛的安索阿特吉角斗士队。
339;维克托-利兹;Victor Liz;1;2;7;82;79;87;75;79;70;71;79;77;82;71;85;78;82;38;1;多米尼加;29;0;0;0;0;5001;维克托-利兹（Víctor Liz，1986 年 5 月 12 日出生），多米尼加职业篮球运动员，现效力于国家高级篮球联赛（BSN）的阿雷西博卡皮坦队（Capitanes de Arecibo）。在国际赛场上，利兹代表多米尼加国家队出战，并参加了 2014 年国际篮联篮球世界杯。
340;克里斯-杜阿尔特;Chris Duarte;3;2;9;68;84;83;78;70;60;64;78;68;80;70;78;68;74;27;2;多米尼加;29;0;0;0;202113;942;克里斯托弗-西奥雷特-杜阿尔特（/ˈdwɑːrteɪ/ DWAR-tay,生于 1997 年 6 月 13 日），多米尼加籍加拿大职业篮球运动员，现效力于美国国家篮球协会（NBA）萨克拉门托国王队。他曾在西北佛罗里达州立突击队和俄勒冈鸭子队打大学篮球。在西北佛罗里达州立大学，他被评为 2019 年 NABC NJCAA 年度最佳球员。在俄勒冈大学，他获得了 2021 年杰里-韦斯特奖（Jerry West Award），被评为全美最佳大学投篮后卫。在 2021 年 NBA 选秀大会上，他在总第 13 位被印第安纳步行者队选中。杜阿尔特入选 NBA 全明星队第二阵容。
341;安德烈斯-费利兹;Andres Feliz;2;0;7;71;70;84;67;70;56;72;67;68;82;65;74;66;70;26;1;多米尼加;29;0;0;0;0;5001;安德烈斯-拉斐尔-费利兹-萨里塔（Andrés Rafael Feliz Sarita，生于 1997 年 7 月 7 日）是一名多米尼加篮球运动员，现效力于西班牙 ACB 联盟的 Joventut Badalona 俱乐部。他曾效力于佛罗里达州西北突袭者队和伊利诺伊州战斗伊利诺伊队。他曾代表多米尼加共和国参加国际篮联认可的国际青年和高级比赛，并在 2015 年国际篮联 19 岁以下世界锦标赛中获得最佳射手。
342;阿多尼斯-亨瑞硅兹;Adonys Henriquez;5;0;8;62;72;72;61;73;71;73;55;69;70;56;67;70;69;29;0;多米尼加;29;0;0;0;0;5001;阿多尼斯-恩里克斯-科内利奥是一名篮球运动员，出生于 1994 年 11 月 13 日。身高六英尺七英寸（2米01/6-7）。他是一名投篮后卫，最近效力于美洲篮球冠军联赛的 Real EstelI 队。
343;路易斯-桑托斯;Luis Santos;5;0;8;62;72;72;61;73;71;73;55;69;70;56;67;70;69;29;0;多米尼加;29;0;0;0;0;5001;路易斯-桑托斯是一名篮球运动员，出生于 1994 年 12 月 06 日。身高六英尺八（2 米03/6-8）。他是一名中锋，最近效力于乌拉圭甲级联赛的阿瓜达队。
344;米格尔-安赫尔-西蒙-加西亚;Miguel Angel Simon Garcia;4;0;8;62;72;72;61;73;71;73;55;69;70;56;66;69;68;30;0;多米尼加;29;0;0;0;0;5001;0
345;安杰尔-努涅斯;Angel Nunez;3;4;8;62;72;72;61;73;71;73;55;69;70;56;64;68;67;32;0;多米尼加;29;0;0;0;0;5001;安吉尔-托马斯-努涅斯-卡斯蒂略（Angel Thomas Nuñez Castillo）是一名篮球运动员，1991 年 12 月 29 日出生于纽约州华盛顿高地。身高六英尺八（2 米03/6-8）。他是一名小前锋/大前锋，最近效力于波兰的 WKS Slask Wroclaw - PLK。
346;吉恩-蒙特罗;Jean Montero;1;0;7;75;65;74;62;62;54;61;72;67;70;62;70;62;66;20;1;多米尼加;29;0;0;0;0;5001;让-克劳迪奥-蒙特罗-贝罗亚（Jean Claudio Montero Berroa）（2003 年 7 月 3 日出生）是一名多米尼加职业篮球运动员，现效力于 ACB 联盟安道尔莫拉班克队。此前，他曾效力于 CB Gran Canaria。
347;阿德里斯-德莱昂;Adris De Leon;1;0;8;62;72;72;61;73;71;73;55;69;70;56;65;66;65;39;0;多米尼加;29;0;0;0;0;5001;阿德里斯-杰拉尔多-德莱昂-希门尼斯（Adris Geraldo De León Jiménez，1984 年 7 月 10 日出生）是一名多米尼加职业篮球运动员，现效力于圣地亚哥梅特罗斯队（Metros de Santiago）。他曾在加拿大、西班牙、波多黎各和波兰打球，在澳大利亚很有名气，曾效力于黄金海岸烈焰队（Gold Coast Blaze）、卧龙岗老鹰队（Wollongong Hawks）和阿德莱德 36 人队（Adelaide 36ers），并在 2013 年获得 NBL 最佳第六人奖。
348;埃迪-波兰柯;Eddy Polanco;2;0;8;62;72;72;61;73;71;73;55;69;70;56;64;67;65;29;0;多米尼加;29;0;0;0;0;5001;埃迪-波兰科（Eddy Polanco，生于 1994 年 8 月 5 日）是一名多米尼加裔美国职业篮球运动员，现效力于波兰篮球联赛（PLK）的阿斯托里亚-比得哥什队。
349;伊斯梅尔-罗梅罗;Ismael Romero;4;5;7;71;85;77;77;83;84;81;68;83;71;75;81;84;83;33;1;波多黎各;30;0;0;0;0;5001;伊斯梅尔-罗梅罗-费尔南德斯（Ismael Romero Fernández，1991 年 6 月 23 日出生）是一名古巴出生的波多黎各职业篮球运动员，现效力于波多黎各国家高级联赛（BSN）巴亚蒙队（Vaqueros de Bayamón）和波多黎各国家队。罗梅罗曾代表古巴国家队出战。他曾在波多黎各图拉波大学（Universidad del Turabo）打过大学篮球。
350;特里蒙特-沃特斯;Tremont Waters;1;2;9;80;85;80;75;80;55;55;80;75;75;65;82;70;77;26;4;波多黎各;30;0;0;0;201951;2221;特里蒙特-沃特斯（生于 1998 年 1 月 10 日）是一名美籍波多黎各职业篮球运动员。他效力于波多黎各国家高级篮球联赛（BSN）的卡罗莱纳巨人队。他在大学期间曾效力于路易斯安那州立大学老虎队（LSU Tigers）。
351;约瑟-阿尔瓦拉多;Jose Alvarado;1;0;9;76;76;74;76;80;60;60;82;70;76;67;76;74;75;26;3;波多黎各;30;0;0;0;202100;755;何塞-阿尔瓦拉多（生于 1998 年 4 月 12 日），波多黎各人，美国职业篮球运动员，现效力于美国国家篮球协会（NBA）新奥尔良鹈鹕队。他的绰号是 侠盗阿尔瓦拉多，因为他善于创造抢断。自 2022 年以来，阿尔瓦拉多一直代表波多黎各参加国际比赛。他曾在佐治亚理工学院黄夹克队打大学篮球。
352;阿纳尔多-托罗;Arnaldo Toro;4;5;7;71;85;68;67;81;68;68;63;83;69;70;76;71;74;26;1;波多黎各;30;0;0;0;0;5001;阿纳尔多-托罗-巴雷亚（Arnaldo Toro Barea，生于 1997 年 10 月 28 日）是波多黎各职业篮球运动员，现效力于拉脱维亚-爱沙尼亚篮球联赛 VEF Rīga队和波多黎各国家队。他身高 6 英尺 8 英寸（2.03 米），司职大前锋和中锋。
353;克里斯托弗-奥尔蒂斯;Chris Ortiz;4;0;7;67;77;74;65;80;69;75;64;79;74;71;74;74;74;31;1;波多黎各;30;0;0;0;0;5001;克里斯托弗-奥尔蒂斯（Christopher Ortiz，生于 1993 年 4 月 2 日）是一名美籍波多黎各职业篮球运动员，现效力于波多黎各国家高级联赛 Osos de Manatí队和波多黎各国家队。身高 6 英尺 8 英寸（2.03 米），司职大前锋。
354;以赛亚-皮内罗;Isaiah Piñeiro;3;4;7;69;64;79;75;70;74;71;67;68;76;70;72;71;72;29;1;波多黎各;30;0;0;0;0;5001;以赛亚-皮涅罗（Isaiah Piñeiro，生于 1995 年 2 月 2 日）是波多黎各职业篮球运动员，现效力于波多黎各 ACB 联盟的 Zunder Palencia 队和波多黎各国家队。他身高 6 英尺 7 英寸（2.01 米），司职小前锋和大前锋。
355;小斯蒂芬-汤普森;Stephen Thompson;2;1;7;82;62;79;65;76;65;61;67;68;78;67;74;67;71;27;1;波多黎各;30;0;0;0;0;5001;小斯蒂芬-马克-汤普森（Stephen Mark Thompson Jr.，出生于 1997 年 3 月 23 日），绰号 Stevie，是一名美籍波多黎各职业篮球运动员，效力于国家高级篮球联赛（NBA）巴亚蒙队。他曾在俄勒冈州立海狸队打大学篮球。
356;乔丹-霍华德;Jordan Howard;1;0;7;85;66;80;68;63;52;61;73;68;78;66;78;62;71;28;1;波多黎各;30;0;0;0;0;5001;乔丹-以赛亚-霍华德（Jordan Isaiah Howard，1996 年 1 月 6 日出生）是波多黎各职业篮球运动员，现效力于波多黎各国家高级篮球联赛（BSN）的奥索斯-德马纳蒂队（Osos de Manatí）。他曾在中央阿肯色大学打篮球。他曾代表波多黎各参加男子国家篮球队。
357;达文-里德;Davon Reed;2;1;8;63;74;78;76;74;60;67;70;65;78;65;71;68;70;29;6;波多黎各;30;0;0;0;201732;1962;达文·麦尔坎·里德（英语：Davon Malcolm Reed，1995年6月11日—）是美国男子篮球运动员，场上主打得分后卫位置。他在2017年NBA选秀中以第2轮第32顺位被菲尼克斯太阳选中。
358;阿利姆-福特;Aleem Ford;3;0;7;66;62;71;70;65;67;62;72;63;73;74;67;65;67;26;1;波多黎各;30;0;0;0;0;5001;阿利姆-福特（Aleem Ford，生于 1997 年 12 月 22 日）是一名美国波多黎各职业篮球运动员，现效力于波多黎各国家高级篮球联赛（BSN）庞塞莱昂斯队（Leones de Ponce）。他曾在大学篮球队威斯康星獾队效力。
359;吉安-克拉维尔;Gian Clavell;2;1;8;62;72;72;61;73;71;73;55;69;70;56;64;67;65;30;0;波多黎各;30;0;0;0;0;5001;吉安-路易斯-克拉维尔-洛佩斯（Gian Louis Clavell López，生于 1993 年 11 月 26 日）是波多黎各职业篮球运动员，现效力于奎布拉迪拉斯海盗队。他还代表波多黎各国家队出战。
360;乔治-康迪特四世;George Conditt IV;5;4;8;71;70;62;61;66;73;63;52;72;66;62;67;64;65;23;1;波多黎各;30;0;0;0;0;5001;乔治-康迪特四世（George Conditt IV，生于 2000 年 8 月 22 日）是一名职业篮球运动员，现效力于波多黎各国家篮球联盟（BSN）的卡罗莱纳巨人队（Gigantes de Carolina）。他代表波多黎各国家篮球队参加国际篮球比赛。康迪特曾在爱荷华州立独行侠队（Iowa State Cyclones）打过大学篮球。
361;科怀-伦纳德;Kawhi Leonard;3;4;11;73;89;85;95;87;81;79;90;86;81;86;89;90;91;32;12;0;0;0;0;0;201115;47;科怀·安东尼·伦纳德（英语：Kawhi Anthony Leonard，1991年6月29日—）出生于美国加利福尼亚州洛杉矶，为美国职业篮球员。主要担任小前锋的位置。现效力NBA洛杉矶快船。
362;卡尔-安东尼-唐斯;Karl Anthony Towns;4;5;10;80;90;90;90;85;80;90;70;90;90;80;95;87;91;28;8;0;0;0;0;0;201501;86;小卡尔-安东尼·唐斯（英语：Karl-Anthony Towns Jr.，1995年11月15日—），美国职业篮球运动员，效力于明尼苏达森林狼队。16岁时入选多米尼加男子国家篮球队，大学效力于肯塔基大学男子篮球队，而后参加2015年NBA选秀，以第一顺位之姿加盟明尼苏达森林狼。
363;赵继伟;Zhao Jiwei;1;0;11;92;83;86;78;84;64;70;93;81;87;72;91;85;88;28;11;0;0;0;0;0;201300;2589;赵继伟（1995年8月25日—），生于辽宁省海城市，中国篮球运动员，司职控球后卫。现效力于CBA辽宁衡业篮球俱乐部。
364;阿不都沙拉木-阿不都热西提;Abudushalamu Abudurexiti;4;0;10;75;96;77;80;84;78;89;80;83;90;77;88;88;88;28;9;0;0;0;0;0;201500;165;阿不都沙拉木·阿不都热西提，1996年5月20日出生于新疆阿勒泰，中国职业篮球运动员，司职前锋，效力于CBA新疆广汇飞虎俱乐部。
365;小贾伦-杰克逊;Jaren Jackson Jr.;4;5;9;60;90;78;73;90;95;90;80;79;71;66;77;97;87;24;5;0;0;0;0;0;201804;242;0
366;乔丹-克拉克森;Jordan Clarkson;1;2;9;85;70;90;85;90;75;75;75;75;85;75;88;83;86;31;0;0;0;0;0;0;201446;549;0
367;米卡尔-布里奇斯;Mikal Bridges;3;2;8;65;83;87;89;88;73;74;85;83;85;87;86;84;86;27;5;0;0;0;0;0;201810;415;0
368;布兰登-英格拉姆;Brandon Ingram;3;2;10;79;83;87;90;83;70;75;71;85;84;87;90;77;85;26;7;0;0;0;0;0;201602;162;布兰登·泽维尔·英格拉罕（英语：Brandon Ingram，1997年9月2日—），美国职业篮球员，现效力于NBA球队多伦多猛龙。在2016年NBA选秀以第二顺位被洛杉矶湖人选中，并入选NBA最佳新秀阵容的第二队。
369;杰伦-布伦森;Jalen Brunson;1;2;9;84;84;88;87;81;64;69;80;86;87;84;92;77;85;27;5;0;0;0;0;0;201833;419;0
370;林庭谦;Benson Lin;2;0;8;81;85;94;86;79;73;73;78;75;82;85;89;79;85;24;4;0;0;0;0;0;202003;5001;林庭谦（1999年10月31日—）为台湾男子篮球运动员，现效力于中国男子篮球职业联赛（CBA）天津荣钢先行者，场上位置为得分后卫。
371;王睿泽;Wang Ruize;3;0;8;72;85;89;83;82;67;78;77;83;86;78;86;79;84;28;5;0;0;0;0;0;201900;2475;王睿泽，1995年6月27日出生，中国职业男子篮球运动员，场上司职前锋，效力青岛国信海天篮球俱乐部。
372;杰伦-萨格斯;Jalen Suggs;2;1;9;80;82;85;77;88;71;68;86;80;82;72;84;83;84;22;2;0;0;0;0;0;202105;658;杰伦·拉申·萨格斯（英语：Jalen Suggs，2001年6月3日—）为美国职业篮球运动员，场上主打后卫位置，现效力于NBA奥兰多魔术。大学就读冈萨加大学效力于冈萨加斗牛犬队，在2021年NBA选秀中以首轮第5顺位被奥兰多魔术选中。
373;邹雨宸;Zou Yuchen;5;0;9;66;88;65;76;87;88;85;64;87;72;74;80;89;84;27;10;0;0;0;0;0;201400;5001;邹雨宸（1996年7月5日—），中国职业篮球运动员，身高2.07米，司职中锋，现效力于CBA球队北京紫禁勇士。
374;乔基-辛察泽;Giorgi Tsintsadze;1;0;7;85;82;83;84;76;62;71;79;81;83;82;89;75;83;37;0;0;0;0;0;0;0;5001;0
375;莱昂内尔-保罗;Leonel Paulo;4;0;7;80;86;74;76;78;81;80;74;85;77;78;85;82;83;37;0;0;0;0;0;0;0;5001;0
376;奥斯汀-里夫斯;Austin Reaves;2;1;9;80;80;85;85;85;65;70;80;80;85;85;87;79;83;25;2;0;0;0;0;0;202100;581;0
377;刘铮;Cheng Liu;3;0;7;74;82;87;75;82;69;70;92;73;77;75;81;82;83;33;8;0;0;0;0;0;201600;5001;刘铮（1990年11月24日—）为台湾男子篮球运动员，主打小前锋位置，现效力于中国男子篮球职业联赛（CBA）上海大鲨鱼。
378;乔吉-谢尔马迪尼;Giorgi Shermadini;5;0;7;66;90;68;64;86;88;77;64;88;73;65;78;85;82;34;0;0;0;0;0;0;0;5001;0
379;萨德-麦克法登;Thaddus McFadden;1;2;7;84;68;83;70;80;70;70;87;75;85;69;81;82;82;36;0;0;0;0;0;0;0;5001;0
380;约纳斯-瓦兰丘纳斯;Jonas Valančiūnas;5;0;10;69;89;75;80;85;69;89;66;80;70;78;83;82;82;31;10;0;0;0;0;0;201105;702;约纳斯·瓦兰丘纳斯（立陶宛语：Jonas Valančiūnas；1992年5月6日—），出生于立陶宛乌田纳，为现役立陶宛职业篮球运动员。目前效力于NBA萨克拉门托国王，场上主要位置为中锋。
381;路易吉-达托梅;Luigi Datome;3;4;7;84;85;79;77;70;76;80;72;84;76;77;85;76;82;35;0;0;0;0;0;0;0;5001;路易吉-达托梅（Luigi Gigi Datome，1987 年 11 月 27 日出生），意大利前职业篮球运动员。他身高 2.03 米（6 英尺 8 英寸），司职小前锋和大前锋。达托梅曾在 2016 年入选欧洲联赛二队。
382;帕布罗-班切罗;Paolo Banchero;5;4;10;68;85;74;77;85;74;82;71;85;75;75;82;82;82;20;1;0;0;0;0;0;202201;190;0
383;马提恩-莫;Mathiang Muo;2;3;7;77;82;87;70;79;70;66;85;83;86;71;83;79;81;36;0;0;0;0;0;0;0;5001;Mathiang Mauot Muo（生于 1987 年 3 月 4 日）是一名澳大利亚-南苏丹籍职业篮球运动员，现效力于 NBL1 西部的 South West Slammers 篮球队。他曾在 2009 年至 2013 年期间在美国打了四个赛季的大学篮球，之后加入了美国国家篮球联赛（NBL）的珀斯野猫队。他是野猫队 2014 年冠军队的一员，但因伤在两个赛季中只打了 15 场比赛。与野猫队分道扬镳后，穆奥在州联赛中取得了成功，先后参加了SBL、SEABL、NBL1和昆士兰州联赛（QSL）。他曾在 2014 年随东珀斯老鹰队（East Perth Eagles）夺得 SBL 总冠军，2018 年随霍巴特充电器队（Hobart Chargers）夺得 SEABL 总冠军。
384;克里斯-古尔丁;Christopher Goulding;2;0;7;77;80;87;82;74;64;78;76;79;88;81;86;75;81;34;0;0;0;0;0;0;0;5001;克里斯托弗-詹姆斯-古尔丁（Christopher James Goulding）（1988 年 10 月 24 日出生）是澳大利亚职业篮球运动员，效力于全国篮球联赛（NBL）墨尔本联合队。他于 2006 年首次参加 NBL，当时是布里斯班子弹队（Brisbane Bullets）的发展球员，随后效力于珀斯野猫队（Perth Wildcats）和黄金海岸烈焰队（Gold Coast Blaze），之后定居墨尔本。在 NBL，古尔丁三次获得总冠军，两次入选全 NBL 一队。他还曾在 2014 年获得联盟得分王，并在 2018 年获得总决赛 MVP 荣誉。古尔丁是澳大利亚Boomers队的常客，但由于父亲的关系，他还持有英国护照，这让他在2014年至2016年期间能够以当地球员的身份在西班牙和意大利打球。
385;亚卡-布拉日奇;Jaka Blažič;2;3;7;84;78;89;66;74;69;73;83;78;86;66;83;78;81;33;0;0;0;0;0;0;0;5001;0
386;赫拉多-苏埃罗;Angel Suero;2;0;7;77;80;88;68;82;76;66;81;79;85;71;81;80;81;34;0;0;0;0;0;0;0;5001;0
387;邹阳;Yang Zou;4;0;8;64;85;74;75;80;75;87;80;81;72;74;78;84;81;24;1;0;0;0;0;0;202305;714;邹阳（2000年5月7日—），重庆人，中国男子篮球运动员，司职大前锋或小前锋，现效力于中国男子篮球职业联赛（CBA）的福建鲟浔兴篮球俱乐部，前中国大学生篮球联赛（CUBA）清华大学队成员，曾三次取得CUBA冠军。
388;贺希宁;He XiNing;2;0;9;78;71;85;82;75;80;70;76;87;86;75;84;78;81;27;9;0;0;0;0;0;201500;5001;贺希宁（He Xining），1997年1月22日出生于山东省济南市，中国篮球运动员，场上司职后卫，效力于深圳新世纪烈豹俱乐部。
389;崔永熙;Cui Yongxi;4;0;10;72;86;82;77;81;68;71;84;84;77;73;84;78;80;21;2;0;0;0;0;0;202200;427;崔永熙，2003年5月28日出生于广西壮族自治区南宁市，祖籍广东省茂名市，中国职业篮球运动员，司职小前锋，效力于广州龙狮队。
390;徐杰;Xu Jie;1;0;8;81;80;88;83;76;63;66;74;77;88;75;87;72;80;24;3;0;0;0;0;0;202100;2883;徐杰（2000年1月16日—），中国大陆职业男子篮球运动员，司职控球后卫，目前效力于CBA联盟的广东华南虎队，同时是中国国家男子篮球队集训队员。其亦是惠州市第一位参加中国男子篮球职业联赛的运动员，以及是首位在上述赛事的总决赛中上场比赛的00后篮球员。
391;阿里-海达尔;Ali Haidar;4;0;7;81;78;80;64;80;82;74;72;77;81;72;80;81;80;33;0;0;0;0;0;0;0;5001;穆罕默德-阿里-海达尔（1990 年 7 月 20 日出生于黎巴嫩）是一名黎巴嫩裔加拿大篮球运动员，效力于黎巴嫩篮球联赛贝鲁特俱乐部。
392;李凯尔;Kyle Anderson;3;2;10;75;80;85;80;85;65;70;75;75;80;70;82;76;80;30;9;0;0;0;0;0;201430;794;李凯尔（英语：Kyle Forman Anderson，直译：凯尔·福曼·安德森，1993年9月20日—），出生于美国纽约州纽约市，职业篮球运动员，目前效力于NBA联盟的迈阿密热火。毕业于加州大学洛杉矶分校，于2013–14赛季获得Pac−12最佳阵容第一队的荣誉后，他宣布参加2014年NBA选秀大会，于首轮第三十顺位被马刺选中。
393;杰伦-杜伦;Jalen Duren;5;0;9;67;86;55;68;86;81;89;67;86;45;60;71;87;80;20;1;0;0;0;0;0;202213;448;贾伦-蒙特兹-杜伦（/ˈdʌrən/ DURR-ən,出生于 2003 年 11 月 18 日），美国职业篮球运动员，现效力于美国国家篮球协会（NBA）底特律活塞队。他曾在大学篮球队孟菲斯老虎队效力。他是一名中锋，身高 6 英尺 10 英寸（2.08 米），体重 250 磅（113 公斤）。他是公认的五星新秀，也是 2021 届最优秀的球员之一。杜伦在重新分类前曾被列为 2022 届的最佳球员。
394;布兰登-米勒;Brandon Miller;4;3;9;71;80;84;86;84;67;68;75;80;84;82;85;75;80;20;0;0;0;0;0;0;202302;1257;布兰登·乔丹·米勒（英语：Brandon Jordan Miller，2002年11月22日—）美国职业篮球运动员，大学效力于阿拉巴马大学篮球队。他是五星高中生和2022年级的最佳球员之一。2023年NBA选秀中被夏洛特黄蜂以第一轮第二顺位选中。
395;陈盈骏;Ying-Chun Chen;1;0;9;81;73;78;83;80;68;69;80;70;78;75;81;78;80;30;7;0;0;0;0;0;201702;5001；陈盈骏（1993年6月9日—）为台湾男子篮球运动员，场上位置为控球后卫，现效力于中国男子篮球职业联赛北京首钢。;
396;艾曼塔斯-本齐乌斯;Eimantas Bendzius;3;4;7;75;82;82;74;74;64;75;74;83;81;78;82;73;79;33;0;0;0;0;0;0;0;5001;0
397;罗杰-波戈伊;Roger Ray Pagoy;2;3;7;80;75;80;74;74;74;74;79;75;80;71;80;78;79;31;0;0;0;0;0;0;0;5001;0
398;阿瑟姆-马雷;Assem Marei;5;0;7;70;83;78;68;75;83;78;58;81;73;69;79;78;79;31;0;0;0;0;0;0;0;5001;0
399;安东尼奥-蒙泰罗;Antonio Monteiro;4;0;7;82;80;76;78;76;71;78;62;80;79;77;84;74;79;34;0;0;0;0;0;0;0;5001;0
400;鲍比-波蒂斯;Bobby Portis;5;4;9;60;80;81;80;82;68;85;68;76;78;73;78;79;79;29;8;0;0;0;0;0;201522;390;0
401;约什-哈特;Josh Hart;3;2;8;73;81;79;76;80;63;81;79;70;74;74;78;79;79;28;6;0;0;0;0;0;201730;493;0
402;陈国豪;Guo Hao Chen;4;0;8;67;86;65;67;85;80;76;71;85;72;66;75;82;79;24;1;0;0;0;0;0;202301;2687;陈国豪，1999年8月12日出生于广东省揭阳市，中国职业男子篮球运动员，司职大前锋，毕业于广东工业大学，效力于CBA北京紫禁勇士篮球俱乐部。
403;崔晓龙;Cui Xiaolong;1;0;7;80;78;72;75;81;64;68;84;71;75;70;79;79;79;25;3;0;0;0;0;0;202104;5001;崔晓龙，生于1999年2月19日，河南周口人，中国篮球运动员，司职后卫，效力于CBA江苏男篮。
404;小海梅-哈克斯;Jaime Jaquez Jr.;3;2;8;70;82;73;81;84;67;70;77;80;75;75;78;77;79;23;0;0;0;0;0;0;202318;2915;小哈梅·哈克兹（英语：Jaime Jaquez Jr.，2001年2月18日—）为美国职业篮球运动员，场上位置为得分后卫，现效力于NBA迈阿密热火。
405;基根-穆雷;Keegan Murray;4;3;9;63;83;87;80;83;69;68;74;78;83;75;82;75;79;22;1;0;0;0;0;0;202204;631;基根-默里（Keegan Murray，2000 年 8 月 19 日出生），美国职业篮球运动员，现效力于美国国家篮球协会（NBA）萨克拉门托国王队。在 2022 年 NBA 选秀大会上，他被萨克拉门托国王队以第四顺位选中。他是克里斯-穆雷（Kris Murray）的孪生兄弟。
406;贾巴里-史密斯;Jabari Smith Jr.;4;5;9;63;83;79;78;81;70;80;70;79;75;80;79;78;79;20;1;0;0;0;0;0;202203;297;小贾巴里·史密斯（英语：Jabari Smith Jr.，2003年5月13日—），美国篮球运动员。现效力于NBA联盟休斯敦火箭，场上位置为大前锋。
407;戈兰-德拉季奇;Goran Dragic;1;2;10;84;71;86;76;69;67;69;74;72;88;73;84;71;78;36;14;0;0;0;0;0;200845;205;0
408;内马尼亚-拉多维奇;Nemanja Radovic;3;4;7;82;67;80;77;82;67;75;71;69;78;77;79;76;78;31;0;0;0;0;0;0;0;5001;0
409;特里-特拉佩;Terry Tarpey;3;0;7;78;79;77;77;79;75;65;72;78;72;73;79;74;78;29;0;0;0;0;0;0;0;5001;0
410;科里-约瑟夫;Cory Joseph;1;2;8;71;83;76;78;83;83;81;64;78;71;72;78;79;78;30;10;0;0;0;0;0;201129;1620;科里·艾佛林·约瑟夫（英语：Cory Ephram Joseph，1991年8月20日—），加拿大篮球运动员，现效力于NBA奥兰多魔术。司职控球后卫。
411;乔治-古铁雷斯;Jorge Gutiérrez;1;2;7;81;78;82;68;80;61;70;74;75;85;69;81;74;78;34;0;0;0;0;0;0;0;5001;0
412;周琦;Zhou Qi;4;5;9;60;80;70;66;79;85;85;70;75;70;70;71;85;78;26;7;0;0;0;0;0;201643;338;周琦（1996年1月16日—），中国篮球运动员，主要担任中锋。
413;王哲林;Wang Zhelin;5;4;7;69;80;61;66;83;84;78;68;78;63;62;71;84;78;29;9;0;0;0;0;0;201657;309;王哲林（1994年1月20日—），出生于中国福建省福州市，现役中国篮球运动员，现效力于CBA联盟的上海大鲨鱼队。2016年NBA选秀中被孟菲斯灰熊队选中，和周琦一起成为成为继宋涛、王治郅、姚明、巴特尔、薛玉洋、易建联、孙悦之后第八位被NBA选中的中国籍篮球运动员。
414;布兰丁-波杰姆斯基;Brandin Podziemski;2;3;8;77;77;79;77;80;70;77;75;70;73;68;77;78;78;21;0;0;0;0;0;0;202319;2916;布兰丁·波齐姆斯基（英语：Brandin Podziemski，2003年2月25日—）是一名波兰裔美国职业篮球运动员，目前效力NBA金州勇士，场上位置为得分后卫。在2023年美国国家篮球协会（NBA）选秀会上被金州勇士以首轮第19顺位选中。他大学时先后在伊利诺伊大学和圣克拉拉大学打球。
415;米哈伊尔-贝里什维利;Mikheil Berishvili;3;4;7;75;76;76;73;73;69;71;80;78;78;76;78;75;77;36;0;0;0;0;0;0;0;5001;0
416;尼古拉-伊万诺维奇;Nikola Ivanovic;1;0;7;78;73;81;78;73;58;62;82;74;77;76;81;72;77;29;0;0;0;0;0;0;0;5001;0
417;盖尔维斯-索拉诺;Gelvis Solano;1;0;7;85;67;84;78;67;67;68;73;66;80;74;82;70;77;29;0;0;0;0;0;0;0;5001;0
418;林葳;Lin Wei;2;3;10;73;80;84;76;76;61;67;80;82;81;71;80;73;77;20;2;0;0;0;0;0;202200;585;林葳，2003年12月25日出生于福建厦门，中国职业男子篮球运动员，司职控球后卫/得分后卫，效力于CBA南京同曦篮球俱乐部。
419;特雷斯-杰克逊-戴维斯;Trayce Jackson-Davis;5;4;7;51;85;65;67;85;80;80;68;85;60;63;70;83;77;24;0;0;0;0;0;0;202357;2913;特雷斯·杰克逊-戴维斯（英语：Trayce Jackson-Davis，2000年2月22日—），美国职业篮球运动员，司职大前锋或中锋。在2023年NBA选秀中，被金州勇士用从华盛顿奇才获得的第二轮总第57签位选中。
420;阿门-汤普森;Amen Thompson;3;2;9;77;83;64;68;85;64;73;77;81;65;66;74;77;77;19;0;0;0;0;0;0;202304;693;阿梅兹·XLNC·“阿门”·汤普森（英语：Ameiz XLNC Amen Thompson，2003年1月30日—），美国职业篮球运动员，司职控球后卫，在2023年NBA选秀中被休斯敦火箭以第1轮第4顺位选中。他是另一名NBA球员奥萨尔·汤普森的同卵双胞胎哥哥。
421;罗伯特-科温顿;Robert Covington;3;4;8;60;79;75;76;80;71;76;82;70;70;70;71;80;77;34;11;0;0;0;0;0;201300;548;罗伯特-考文顿（Robert Covington，出生于 1990 年 12 月 14 日），美国职业篮球运动员，曾效力于美国国家篮球协会（NBA）费城 76 人队。他曾在田纳西州立老虎队打大学篮球，2018 年入选 NBA 全明星防守第一阵容。
422;巴尔文;Ondrej Balvin;5;0;8;67;91;69;57;85;74;79;66;75;64;68;74;80;77;31;0;0;0;0;0;0;0;5001;奥德日-巴尔维（Ondřej Balvín，1992 年 9 月 20 日出生），捷克职业篮球运动员，曾效力于中国篮协山西龙队。身高 7 英尺 1.5 英寸（2.17 米），司职中锋。除拉脱维亚外，巴尔文还在捷克、西班牙、德国和日本打过俱乐部篮球。
423;斯特凡-约维奇;Stefan Jovic;1;0;7;86;78;77;67;65;66;70;74;71;79;70;80;70;76;32;0;0;0;0;0;0;0;5001;斯特凡-约维奇（塞尔维亚斯拉夫语：Стефан Јовић，1990 年 11 月 3 日出生）是塞尔维亚职业篮球运动员，效力于 ACB 联盟的萨拉戈萨篮网。他代表塞尔维亚国家篮球队参加国际比赛。他身高 1.98 米（6 英尺 6 英寸），司职控球后卫。
424;雅各布-切巴舍克;Jakob Čebašek;3;4;7;72;78;75;70;69;72;71;80;78;73;69;75;74;76;32;0;0;0;0;0;0;0;5001;0
425;拉夫特里斯-博霍里迪斯;Lefteris Bochoridis;2;1;7;81;72;80;71;78;68;70;76;73;79;67;77;75;76;29;0;0;0;0;0;0;0;5001;0
426;加布里埃留斯-马尔杜纳斯;Gabrielius Maldunas;5;4;7;62;82;77;67;78;83;68;60;77;75;66;75;76;76;30;0;0;0;0;0;0;0;5001;0
427;泰奥-马勒东;Théo Maledon;1;2;8;83;68;86;65;66;63;67;81;69;80;72;80;72;76;21;2;0;0;0;0;0;202034;1272;Théo Louis Maledon（法语：[teo malɛdɔ̃]；生于 2001 年 6 月 12 日）是一名法国职业篮球运动员，效力于法国 LNB Élite 和欧洲联赛的 LDLC ASVEL。
428;乔治-卡马乔;Jorge Camacho;4;0;7;70;83;68;68;74;84;73;64;79;73;72;76;77;76;34;0;0;0;0;0;0;0;5001;0
429;弗朗西斯科-克鲁兹;Francisco Cruz;2;0;7;84;77;79;66;80;66;70;68;74;78;73;79;72;76;33;0;0;0;0;0;0;0;5001;0
430;张镇麟;Kevin Zhang;3;4;7;66;78;79;70;85;65;78;65;78;80;63;74;75;76;24;1;0;0;0;0;0;202200;744;张镇麟（1999年1月28日—），辽宁沈阳人，中国男子篮球运动员，现效力于中国男子篮球职业联赛（CBA）辽宁飞豹队。CBA20-21赛季最佳星锐球员。CBA20-21赛季最佳阵容二阵 。
431;焦泊乔;JiaoBoQiao;5;0;8;62;87;68;61;83;79;72;64;82;65;65;73;78;76;22;2;0;0;0;0;0;202200;490;焦泊乔，2001年9月2日出生，中国职业男子篮球运动员，司职大前锋，效力于CBA龙狮篮球俱乐部。
432;李弘权;LiHongQuan;4;0;9;65;86;85;71;80;67;76;65;76;77;63;78;74;76;22;2;0;0;0;0;0;202200;5001;李弘权，2001年9月29日出生于加拿大多伦多市，中国篮球运动员，司职大前锋，效力于上海久事大鲨鱼俱乐部。
433;特雷-墨菲;Trey Murphy III;3;4;8;55;79;84;80;82;68;62;76;75;85;70;76;73;76;23;2;0;0;0;0;0;202117;1337;肯尼斯·“特雷”·墨菲三世（英语：Kenneth Trey Murphy III，2000年6月18日—），是美国职业篮球运动员，目前效力于国家篮球协会（NBA） 的新奥尔良鹈鹕队。他在大学时期为莱斯大学和弗吉尼亚大学打过大学篮球。
434;佩顿-普理查德;Payton Pritchard;1;0;8;79;81;80;76;79;60;71;65;70;76;70;80;70;76;25;3;0;0;0;0;0;202026;1400;佩顿·迈克尔·普里查（英语：Payton Michael Pritchard，1998年1月28日—），美国职业篮球运动员，现效力于NBA联盟波士顿凯尔特人，场上位置为控球后卫。
435;约安尼斯-帕帕佩特鲁;Ioannis Papapetrou;3;4;7;78;70;80;79;67;73;66;69;74;77;76;79;68;75;29;0;0;0;0;0;0;0;5001;0
436;樊尚-普瓦里耶;Vincent Poirier;4;5;8;72;72;65;66;84;73;80;65;77;68;67;71;79;75;29;3;0;0;0;0;0;201900;2093;文森特-扬-波瓦里耶（Vincent Yann Poirier）（1993 年 10 月 17 日出生）是一名法国职业篮球运动员，现效力于土耳其 Süper Ligi 篮球联盟和欧洲联赛的阿纳多卢埃菲斯队。他还代表法国国家队参加国际比赛。
437;丹尼尔-阿米戈;Daniel Amigo;5;0;7;70;77;66;73;73;71;81;62;80;70;70;75;74;75;27;0;0;0;0;0;0;0;5001;0
438;优素福-阿布舒瓦;Youssef  Aboushousha;2;0;7;79;68;84;71;73;67;72;76;67;78;70;77;74;75;30;0;0;0;0;0;0;0;5001;0
439;卡梅伦-约翰逊;Cameron Johnson;4;3;8;55;72;86;74;76;74;74;65;85;77;68;75;74;75;27;4;0;0;0;0;0;201911;737;0
440;祝铭震;Zhu Ming Zhen;3;0;7;68;80;87;74;80;64;65;66;76;74;77;78;69;75;27;4;0;0;0;0;0;202000;746;祝铭震（1996年10月8日—），中乌混血儿，仫佬族人，中国大陆职业男子篮球运动员，司职小前锋，现效力于CBA联盟的南京头牌苏酒。
441;张本天杰;Tenketsu Harimoto;3;0;7;76;71;65;74;77;70;77;65;71;68;70;72;74;74;29;0;0;0;0;0;0;0;5001;名古屋钻石海豚
442;金丸晃辅;Kosuke Kanamaru;2;0;7;79;68;82;76;65;67;76;70;67;81;72;78;70;74;32;0;0;0;0;0;0;0;5001;岛根魔术
443;米哈利斯-隆齐斯;Michalis Lountzis;1;2;7;84;73;81;74;64;61;62;75;69;74;70;80;66;74;25;0;0;0;0;0;0;0;5001;0
444;穆斯塔法-法尔;Moustapha Fall;5;0;7;75;73;75;76;69;77;72;55;80;73;73;78;71;74;31;0;0;0;0;0;0;0;5001;0
445;凯文-潘戈斯;Kevin Pangos;1;2;8;85;76;74;75;70;58;61;72;75;79;68;81;66;74;31;1;0;0;0;0;0;202100;2071;凯文-约瑟夫-潘戈斯（Kevin Joseph Pangos，1993 年 1 月 26 日出生）是一名加拿大-斯洛文尼亚职业篮球运动员，曾效力于西班牙 ACB 联赛瓦伦西亚队和欧洲联赛。他的大学篮球生涯效力于西海岸联盟的贡萨加牛头犬队。他被《体育新闻》评为 2015 年西海岸联盟年度最佳球员，并入选全美第三阵容。潘戈斯还曾代表加拿大队在国际舞台上亮相。
446;菲利普-斯克鲁布;Philip Scrubb;1;2;7;78;71;76;68;71;66;69;74;72;80;66;76;72;74;31;0;0;0;0;0;0;0;5001;菲利普-亚历山大-斯克鲁布（Philip Alexander Scrubb，1992 年 11 月 27 日出生）是一名加拿大职业篮球运动员。他最近效力的球队是 Basketbol Süper Ligi（BSL）的 Bahçeşehir Koleji。
447;艾萨克-福图;Isaac Fotu;4;0;7;75;71;63;75;81;67;74;66;76;70;70;73;74;74;29;0;0;0;0;0;0;0;5001;0
448;沃克-凯斯勒;Walker Kessler;5;0;8;61;83;60;65;83;84;81;67;65;56;34;62;85;74;21;1;0;0;0;0;0;202222;1119;0
449;陆文博;Lu Wenbo;3;0;7;72;67;79;79;78;63;67;76;67;76;73;75;72;74;26;8;0;0;0;0;0;201600;1771;陆文博，男，1997年8月4日出生于黑龙江省绥化市，中国职业篮球运动员，司职小前锋，效力于CBA浙江稠州金牛俱乐部。
450;杜润旺;Du Runwang;4;0;7;67;73;70;69;82;69;79;56;72;70;68;71;74;73;24;6;0;0;0;0;0;201800;3135;杜润旺（1999年8月20日—），中国职业男子篮球运动员，司职锋线摇摆人，目前效力于CBA联盟的广东华南虎队，同时是中国国家男子篮球队集训队员。
451;贾斯汀-雷耶斯;Justin Reyes;3;0;7;69;75;66;75;79;63;64;73;75;72;74;73;70;73;28;0;0;0;0;0;0;0;5001;贾斯汀-雷耶斯是一名篮球运动员，1995 年 3 月 16 日出生于哈弗希尔。他身高六英尺四英寸（1米93/6-4）。他是一名小前锋，最近效力于意大利甲 2 联赛的里雅斯特帕拉卡内斯特罗队。
452;原修太;HARA Shuta;3;0;7;67;71;73;77;77;64;74;72;68;71;73;72;73;73;29;0;0;0;0;0;0;0;5001;千叶喷气机队
453;田中大贵;Daiki Tanaka;2;0;7;71;77;77;71;72;72;62;77;75;76;67;74;72;73;29;0;0;0;0;0;0;0;5001;东京电击
454;泽维尔-库克斯;Xavier Cooks;3;0;8;68;67;69;75;75;69;73;75;68;68;71;69;75;73;29;1;0;0;0;0;0;202200;2114;泽维尔-库克斯（Xavier Cooks，1995 年 8 月 19 日出生），澳大利亚职业篮球运动员，现效力于澳大利亚国家篮球联赛（NBL）悉尼国王队。他曾在温斯罗普老鹰队（Winthrop Eagles）打过大学篮球，并被评为 2018 年大南部联盟年度最佳球员。2022 年，他帮助悉尼国王队赢得 NBL 总冠军，同时获得总决赛 MVP 的荣誉。2023 年，他被评为 NBL MVP，并连续第二次获得 NBL 总冠军。
455;马蒂斯-塞布尔;Matisse Thybulle;2;3;8;59;68;70;70;85;78;60;88;67;64;68;64;82;73;26;4;0;0;0;0;0;201920;661;马蒂斯·文森特·塞布尔（英语：Matisse Vincent Thybulle，1997年3月4日—），美国及澳大利亚职业篮球运动员，现效力于NBA联盟波特兰拓荒者。他在2019年NBA选秀大会第一轮第20顺位被选中。
456;瓦埃尔-阿拉基;Wael Arakji;1;0;9;82;72;72;71;73;71;73;55;79;80;66;78;66;73;28;0;0;0;0;0;0;0;5001;瓦埃勒-阿拉克吉（阿拉伯语：وائل عرقجي,生于 1994 年 9 月 4 日），黎巴嫩篮球运动员，效力于黎巴嫩篮球联赛俱乐部 Al Riyadi Club Beirut 和黎巴嫩国家队。他的绰号是 可怕的人（阿拉伯语：الرهيب，罗马音：al-rahib）。
457;瓦伊达斯-卡里尼奥斯卡斯;Vaidas Kariniauskas;1;0;7;81;75;77;68;61;62;68;75;71;81;66;78;67;73;29;0;0;0;0;0;0;0;5001;0
458;亚库巴-瓦塔拉;Yakuba Ouattara;2;0;7;75;65;76;69;66;60;74;82;71;79;71;73;72;73;31;0;0;0;0;0;0;0;5001;0
459;莱斯特-基诺内斯;Lester Quinones;2;3;8;70;65;80;80;70;75;70;70;65;80;70;75;72;73;22;1;0;0;0;0;0;202200;2109;0
460;杰米-马隆佐;Jamie Malonzo;3;4;7;81;67;79;70;65;69;74;69;66;75;70;75;69;73;27;0;0;0;0;0;0;0;5001;0
461;基弗-拉韦纳;Kiefer Ravena;1;0;7;78;61;77;78;70;56;74;69;66;77;77;77;68;73;29;0;0;0;0;0;0;0;5001;0
462;法昆多-坎帕佐;Facundo Campazzo;1;2;8;82;67;71;71;73;56;71;75;65;75;68;75;71;73;31;2;0;0;0;0;0;202000;1123;法昆多-“法库” 坎帕佐（生于 1991 年 3 月 23 日），阿根廷职业篮球运动员，现效力于西班牙 ACB 联赛和欧洲联赛皇家马德里队。他身高 5 英尺 10 英寸（1.78 米），司职控球后卫。他还是阿根廷国家篮球队的成员。
463;伊森-汤普森;Ethan Thompson;2;0;7;80;74;73;70;64;68;63;75;70;74;70;75;68;72;24;0;0;0;0;0;0;0;5001;伊桑-伊万-汤普森（Ethan Ivan Thompson，1999 年 5 月 4 日出生）是波多黎各裔美国职业篮球运动员，效力于波多黎各国家高级篮球联赛（BSN）的奥索斯-德马纳蒂队。他曾在俄勒冈州立海狸队（Oregon State Beavers）打过大学篮球，并代表波多黎各国家队出战。
464;迈克-托比;Mike Tobey;5;0;9;63;78;66;72;68;77;69;55;81;71;72;74;69;72;28;0;0;0;0;0;0;0;5001;0
465;马吉里斯-诺尔曼塔斯;Margiris Normantas;2;1;7;80;67;70;62;76;68;66;78;67;70;65;70;74;72;26;0;0;0;0;0;0;0;5001;0
466;里戈韦托-门多萨;Rigoberto Mendoza;1;2;7;76;76;74;74;64;68;62;69;71;77;72;77;65;72;31;0;0;0;0;0;0;0;5001;0
467;斯科蒂-汤普森;Scottie Thompson;2;1;7;83;73;79;65;68;64;70;67;71;77;64;76;67;72;30;0;0;0;0;0;0;0;5001;0
468;卢卡-塞韦里;Luca Severini;5;0;7;73;80;64;73;76;74;66;52;79;64;72;76;69;72;27;0;0;0;0;0;0;0;5001;卢卡-塞维里尼（Luca Severini），1996年6月20日出生于洛雷托，是一名篮球运动员。他的身高为 6 英尺 8 英寸 (2m04 / 6-8)。他是一名中锋，最近为意大利队效力。
469;希鲁姆-哈里斯;Hyrum Harris;3;0;7;69;73;76;76;76;60;71;65;74;74;71;74;68;72;27;0;0;0;0;0;0;0;5001;0
470;博里沙-西马尼奇;Borisa Simanic;4;0;7;75;80;62;61;68;70;74;68;78;63;66;72;70;71;25;0;0;0;0;0;0;0;5001;博里沙-西马尼奇（塞尔维亚西里尔文：Бориша Симанић，1998 年 3 月 20 日出生）是一名塞尔维亚职业篮球运动员，曾效力于西班牙 ACB 甲级联赛萨拉戈萨队。他还代表塞尔维亚国家队参加国际比赛。
471;邓-阿库斯;Deng Acuoth;5;0;7;66;75;69;61;65;80;77;54;73;71;66;70;72;71;26;0;0;0;0;0;0;0;5001;2023 年 1 月，阿库斯加盟非洲篮球联赛（BAL）卫冕冠军 US Monastir，征战 2023 赛季。2023 年 8 月，他帮助诺克斯突击队赢得了 NBL1 南部赛区的冠军。
472;科赫-巴尔;Kor Bar;5;0;7;66;78;66;57;74;76;74;57;79;65;60;69;73;71;26;0;0;0;0;0;0;0;5001;2021-22 赛季，巴尔与丹麦球队霍森斯 IC 签约。
473;帕迪特-王;Padiet Wang;1;2;7;85;58;72;71;69;61;56;75;66;71;72;75;66;71;25;0;0;0;0;0;0;0;5001;2022 年 8 月 11 日，帕迪特-王与英国篮球联赛（BBL）的萨里灼热者队签订了一份为期一年的合同。
474;杰克-怀特;Jack White;3;4;7;75;76;63;67;78;59;74;68;74;63;69;70;71;71;26;1;0;0;0;0;0;202200;1057;杰克逊-托马斯-怀特（Jackson Thomas White，1997 年 8 月 5 日出生）是澳大利亚职业篮球运动员，现效力于澳大利亚国家篮球联赛（NBL）墨尔本联队。他曾在杜克大学蓝魔队（Duke Blue Devils）打过大学篮球。
475;乔吉-图尔齐拉泽;Giorgi Turdziladze;5;0;7;69;74;61;65;67;81;70;61;75;66;65;70;72;71;25;0;0;0;0;0;0;0;5001;0
476;尼科斯-罗格卡沃普洛斯;Nikos Rogkavopoulos;3;0;7;77;67;75;70;75;65;61;68;65;75;70;73;67;71;22;0;0;0;0;0;0;0;5001;0
477;埃加尔斯-什克萊;Aigars Šķēle;2;1;7;74;74;76;65;64;71;60;72;69;81;70;74;66;71;30;0;0;0;0;0;0;0;5001;0
478;戴维-克拉默;David Krämer;1;0;7;83;59;80;70;69;55;61;72;60;76;70;76;65;71;26;0;0;0;0;0;0;0;5001;大卫-克雷默（David Krämer，生于 1997 年 1 月 14 日）是一名斯洛伐克籍德国职业篮球运动员，现效力于西班牙 ACB 联赛拉古纳特内里费队。
479;菲利佩-德-安杰斯;Felipe dos Anjos de Paula Gama;5;0;7;67;77;60;61;76;68;76;64;73;66;65;68;73;71;25;0;0;0;0;0;0;0;5001;0
480;奧兰多-门德斯-瓦尔德斯;Orlando Méndez Valdez;5;0;7;61;77;61;67;75;75;75;53;79;63;62;68;73;71;21;0;0;0;0;0;0;0;5001;0
481;泰勒-布里特;Gerson Domingos;1;0;7;78;60;71;76;71;66;72;66;62;73;70;72;69;71;26;0;0;0;0;0;0;0;5001;0
482;赵嘉义;Zhao Jiayi;4;0;8;69;69;66;73;75;76;70;57;69;71;68;70;71;71;25;5;中国;1;0;0;0;201900;3334;赵嘉义（Zhao Jiayi），1999年1月6日出生于黑龙江哈尔滨，中国篮球运动员，场上司职前锋，效力于CBA联赛的青岛国信海天篮球俱乐部。
483;葛森-多明戈斯;Gerson Domingos;1;0;7;73;64;77;69;70;58;62;79;66;79;67;73;69;71;27;0;0;0;0;0;0;0;5001;0
484;朱尼奧尔-马杜特;Junior Madut;2;0;7;76;61;78;61;73;67;69;70;63;78;67;70;70;70;26;0;0;0;0;0;0;0;5001;2023 年 5 月 2 日，马杜特与塔斯马尼亚 跳蚁队签订了一份为期两年的合同。
485;胡安-努涅斯;Juan Nunez;1;0;9;64;73;80;77;73;63;66;64;67;80;66;74;66;70;19;1;0;0;0;0;0;0;3165;胡安-努涅斯-加西亚（Juan Núñez García，出生于 2004 年 6 月 4 日）是一名西班牙职业篮球运动员，现效力于美国国家篮球协会（NBA）圣安东尼奥马刺队。他司职控球后卫。
486;安东尼-本内特;Anthony Bennett;3;4;7;66;72;72;61;75;65;67;73;72;67;62;67;71;70;20;0;0;0;0;0;0;201301;852;安东尼·哈里斯·本内特（英语：Anthony Harris Bennett，1993年3月14日—）为加拿大男子篮球运动员，场上位置为大前锋。他之前为内华达大学拉斯维加斯分校篮球队效力。他在2013年NBA选秀中以第一轮第1顺位被克利夫兰骑士选中，成为首位加拿大籍状元。
487;托希-史密斯-米尔纳;Tohi Smith-Milner;4;0;7;65;78;75;63;68;78;64;59;75;74;64;72;68;70;27;0;0;0;0;0;0;0;5001;0
488;弗兰克-卡明斯基;Frank Kaminsky;5;0;7;60;74;69;76;79;63;74;61;68;66;70;70;71;70;31;9;0;0;0;0;0;201509;534;弗朗西斯-斯坦利-卡明斯基三世（Francis Stanley Kaminsky III，1993 年 4 月 4 日出生）是一名美国职业篮球运动员，曾效力于塞尔维亚篮球联赛（KLS）、ABA 联盟和欧洲联赛的 Partizan Mozzart Bet。他曾在大学篮球队威斯康星州獾队效力。
489;杜桑-里斯蒂奇;Dušan Ristić;5;0;7;66;71;61;64;76;75;67;53;72;62;67;67;70;69;27;0;0;0;0;0;0;0;5001;杜尚-里斯蒂奇（塞尔维亚西里尔文：Душан Ристић,1995 年 11 月 27 日出生）是塞尔维亚职业篮球运动员，效力于 ACB 联赛的联想特内里费岛队。他曾在亚利桑那野猫队打大学篮球。
490;井上宗一郎;Soichiro Inoue;4;0;7;65;70;71;63;76;69;67;65;68;67;65;67;70;69;24;0;0;0;0;0;0;0;5001;井上宗一郎是日本篮球运动员，出生于 1999 年 5 月 7 日。他身高 6'7''，司职大前锋，最近效力于日本 B1 联赛的越谷字母队。井上由舍弗体育经纪公司代理。
491;西田优大;Yudai Nishida;2;0;7;71;73;75;73;65;68;57;73;74;72;72;73;65;69;24;0;0;0;0;0;0;0;5001;西田优大是一名出生于1999年3月13日的篮球运动员。他的身高是六英尺八英寸（2米03/6-8）。他是一名小前锋，最近效力于日本B1联赛的爱信海马队。
492;安德烈斯-格拉祖利斯;Andrejs Gražulis;5;0;7;63;79;63;67;72;77;61;55;79;67;65;71;68;69;21;0;0;0;0;0;0;0;5001;0
493;蒂莫泰-卢瓦乌-卡巴罗;Timothe Luwawu Cabarrot;2;3;8;68;68;71;65;74;63;73;68;66;72;71;68;70;69;27;6;0;0;0;0;0;201624;1227;蒂莫西-卢瓦乌-卡巴罗（法语发音：[timɔte luwawu kabaʁo]；出生于 1995 年 5 月 9 日）是一名法国职业篮球运动员，效力于 ACB 联赛和欧洲联赛的萨斯基-巴斯克尼亚队。在 2016 年 NBA 选秀大会上，他在总第 24 顺位被费城 76 人队选中。
494;西尔万-弗朗西斯科;Sylvain Francisco;1;0;7;70;70;71;68;60;61;65;78;70;69;68;71;67;69;25;0;0;0;0;0;0;0;5001;西尔万·弗朗西斯科（Sylvain Francisco，1997年10月10日出生）是一名法国职业篮球运动员，效力于立陶宛篮球联赛（LKL）和欧洲篮球联赛的扎尔基里斯考纳斯队。他还代表法国国家队参加国际比赛。弗朗西斯科拥有法国和美国双重国籍。
495;乔尔-帕拉;Joel Parra;4;0;7;60;69;62;61;77;78;73;59;70;65;65;63;74;69;23;0;0;0;0;0;0;0;5001;乔尔-帕拉-洛佩斯（Joel Parra López，2000 年 4 月 4 日出生）是一名西班牙职业篮球运动员，现效力于西班牙 ACB 联赛和欧洲联赛的巴塞罗那足球俱乐部。他还曾代表西班牙国家队出战。帕拉身高 6 英尺 8 英寸（2.02 米），既可以打小前锋，也可以打大前锋。
496;扎克-伊迪;Zach Edey;5;0;9;62;72;72;61;73;71;73;55;69;70;56;67;70;69;22;0;0;0;0;0;0;0;1717;周志豪（英语：Zach Edey，直译：扎克·伊迪，/ˈiːdi/，2002年5月14日—），加拿大篮球运动员，司职中锋，母亲为出生于加拿大的华裔。大学时效力于普渡大学锅炉工队，身高2.24 米，为十大联盟迄今身高最高的球员。2023-24连续两年，周志豪凭借在NCAA的表现，横扫包括奈史密斯学院年度最佳球员、约翰·R·伍登年度最佳男子球员在内的全部6项大学篮球年度最佳球员奖。在2024年NBA选秀中，他被孟菲斯灰熊以首轮第9顺位选中。
497;安赫尔-德尔加多;Ángel Delgado;5;0;8;62;72;72;61;73;71;73;55;69;70;56;67;70;69;28;0;0;0;0;0;0;0;2988;安赫尔-路易斯-德尔加多-阿斯塔西奥（Ángel Luis Delgado Astacio）（1994 年 11 月 20 日出生）是一名多米尼加职业篮球运动员，现效力于 Basketbol Süper Ligi（BSL）的贝西克塔斯队。他曾在大学篮球队塞顿霍尔海盗队效力。德尔加多还参加过多米尼加国家队。
498;AJ-埃杜;AJ Edu;4;5;7;63;77;59;57;80;75;65;65;72;59;58;64;73;69;23;0;0;0;0;0;0;0;5001;0
499;伦茲-阿班多;Rhenz Abando;2;3;7;78;63;70;74;68;66;62;68;63;70;72;71;65;69;25;0;0;0;0;0;0;0;5001;0
500;埃哈布-阿明;Ehab Amin;1;2;7;75;63;68;68;69;64;58;74;63;76;65;70;67;69;28;0;0;0;0;0;0;0;5001;0
501;西蒙尼-冯泰奇奥;Simone Fontecchio;3;0;9;68;69;73;75;73;58;69;67;63;73;67;70;66;69;27;1;0;0;0;0;0;202200;971;0
210;赵睿;Zhao Rui;1;2;9;85;77;89;68;75;67;72;76;72;89;72;86;75;81;28;8;中国;1;3;0;0;201600;2627;赵睿（1996年1月14日—），黑龙江大庆市人，中国大陆男子职业篮球运动员，司职双能卫，目前效力于CBA联盟的新疆飞虎队。
503;周鹏;Zhou Peng;4;3;7;60;73;75;65;73;67;73;65;65;69;63;67;70;69;33;17;0;0;0;0;0;0;337;0
504;莱安德罗-博尔马罗;Leandro Bolmaro;3;2;7;67;62;74;74;70;70;71;62;65;73;70;69;68;69;21;2;0;0;0;0;0;202023;866;0
505;郇斯楠;Sinan Huan;5;0;9;62;72;72;61;73;71;73;55;69;70;56;67;70;69;18;0;0;0;0;0;0;0;5001;郇斯楠（Huan Sinan），男，2007年5月8日出生，中国篮球运动员，司职中锋。
506;王洪泽;Hongze Wang;5;0;8;62;72;72;61;73;71;73;55;69;70;56;67;70;69;18;0;0;0;0;0;0;0;5001;王洪泽（Wang Hongze），男，2007年6月7日出生，中国篮球运动员，司职中锋，效力于广东宏远篮球俱乐部。
507;刘李;Li Liu;5;0;8;62;72;72;61;73;71;73;55;69;70;56;67;70;69;18;0;0;0;0;0;0;0;5001;刘李出生于2007年，身高210cm，体重122kg，2020年进入龙岩体育运动学校，师从林新晖教练，2023年入选国青队，中锋。他曾入选国家U16男篮集训队，并获得训练营男子组MVP。在2023年第九届中俄青少年运动会篮球比赛上，刘李面对俄罗斯男篮两战分别得到16分、13分,同年，刘李入选U16男篮亚青赛中国队最终名单。刘李身强体壮，篮下强攻能力出众，有不错的篮板和护框能力，在内线展现出了出色的攻击能力，无论是在低位还是高位，他都能够凭借自己的身高和力量优势得分。
508;罗科-齐卡尔斯基;Rocco Zikarsky;5;0;9;62;72;72;61;73;71;73;55;69;70;56;67;70;69;18;0;0;0;0;0;0;0;3303;罗科·齐卡斯基（Rocco Zikarsky，2006年7月11日出生）是澳大利亚国家篮球协会（NBA）明尼苏达森林狼队的职业篮球运动员。他曾效力于国家篮球联赛（NBL）的布里斯班子弹队。他在2025年NBA选秀第二轮被芝加哥公牛队选中。
509;山姆-弗罗林;Sam Froling;5;4;8;62;72;72;61;73;71;73;55;69;70;56;67;70;69;24;0;0;0;0;0;0;0;5001;萨姆森-詹姆斯-弗罗林（Samson James Froling，2000 年 2 月 10 日出生）是澳大利亚职业篮球运动员，现效力于澳大利亚国家篮球联赛（NBL）伊拉瓦拉鹰队（Illawarra Hawks）。他曾在大学篮球队 Creighton Bluejays 打过一个赛季，之后前往澳大利亚打职业篮球。
510;威廉-希基;William Hickey;5;0;8;62;72;72;61;73;71;73;55;69;70;56;67;70;69;25;0;0;0;0;0;0;0;5001;威廉-希基是一名篮球运动员，出生于 1999 年 1 月 18 日。他的身高为六英尺四英寸（1米94 / 6-4）。他是一名投篮后卫，最近效力于澳大利亚 NBL 联赛的伊拉瓦拉老鹰队。
511;乔丹-亨特;Jordan Hunter;5;0;8;62;72;72;61;73;71;73;55;69;70;56;67;70;69;27;0;0;0;0;0;0;0;5001;乔丹-迈尔斯-亨特（1997 年 1 月 30 日出生）是澳大利亚职业篮球运动员，现效力于澳大利亚国家篮球联赛（NBL）东南墨尔本凤凰队。他曾在圣玛丽大学（Saint Mary's Gaels）打过大学篮球。
512;山姆-瓦登伯格;Sam Waardenburg;5;0;8;62;72;72;61;73;71;73;55;69;70;56;67;70;69;21;0;0;0;0;0;0;0;5001;塞缪尔-瓦登伯格是一名篮球运动员，出生于 1999 年 2 月 21 日。他的身高为六英尺十英寸（2米08 / 6-10）。他是一名中锋，最近效力于澳大利亚 NBL 凯恩斯大班队。
513;布莱斯-德塞特;Brice Dessert;5;0;8;62;72;72;61;73;71;73;55;69;70;56;67;70;69;21;0;0;0;0;0;0;0;5001;布莱斯-德塞特是一名篮球运动员，出生于 2003 年 3 月 25 日。他的身高为六英尺十英寸（2米07/6-10）。他是一名中锋，最近效力于法国斯特拉斯堡队 - Betclic Elite。
514;吉恩-马克·潘萨;Jean-Marc Pansa;5;0;8;62;72;72;61;73;71;73;55;69;70;56;67;70;69;27;0;0;0;0;0;0;0;5001;让-马克-潘萨（Jean-Marc Pansa，生于 1997 年 8 月 20 日）是法国职业篮球运动员，现效力于 LNB Pro A 的 JL Bourg 篮球队。
515;中村拓人;Takuto Nakamura;5;0;8;62;72;72;61;73;71;73;55;69;70;56;67;70;69;23;0;0;0;0;0;0;0;5001;中村拓人是一名篮球运动员，出生于 2001 年 3 月 3 日。身高一米六一。他是一名控球后卫，最近效力于日本 B1 联赛的广岛蜻蜓队。
516;亚历克斯-柯克;Alex Kirk;5;0;8;62;72;72;61;73;71;73;55;69;70;56;67;70;69;33;0;0;0;0;0;0;0;5001;亚历克斯-莱恩-柯克（Alex Ryan Kirk，生于 1991 年 11 月 14 日）是一名美国职业篮球运动员，效力于日本乙级联赛的琉球金王队。他曾在新墨西哥大学打大学篮球。
517;马尔西奥-桑托斯;Marcio Santos;5;0;8;62;72;72;61;73;71;73;55;69;70;56;67;70;69;22;0;0;0;0;0;0;0;5001;马尔西奥-恩里克-达科斯塔-桑托斯（Márcio Henrique da Costa Santos，生于 2002 年 11 月 2 日），又名马尔西奥（Márcio），巴西职业篮球运动员，效力于德国篮球甲级联赛（BBL）乌尔姆拉托法姆队。马尔西奥是一名身高 2.04 米（6 英尺 8 英寸）的中锋。他与弗兰卡队一起赢得了 2023 年国际篮联洲际杯，并成为他们在决赛中的最佳射手。马尔西奥曾三次入选 NBB 全明星。
518;法多斯-艾马克;Fardaws Aimaq;5;0;8;62;72;72;61;73;71;73;55;69;70;56;67;70;69;25;0;0;0;0;0;0;0;5001;Fardaws Aimaq（1999 年 1 月 6 日出生）是一名加拿大篮球运动员，现效力于 Nemzeti Bajnokság I/A 的 Szolnoki Olajbányász。他曾效力于默瑟熊队、犹他谷狼獾队、德克萨斯理工学院红色突击队和加利福尼亚金熊队。
519;路易斯-桑托斯;Luis Santos;5;0;8;62;72;72;61;73;71;73;55;69;70;56;67;70;69;29;0;0;0;0;0;0;0;5001;0
520;阿方索-普拉默;Alfonso Plummer;5;0;8;62;72;72;61;73;71;73;55;69;70;56;67;70;69;21;0;0;0;0;0;0;0;5001;阿方索-普拉默-托雷斯（Alfonso Plummer Torres，生于 1997 年 9 月 4 日）是波多黎各职业篮球运动员，现效力于波甲乌尔姆队和波多黎各国家队。他曾效力于亚利桑那西部斗牛士队（Arizona Western Matadors）、犹他犹他队（Utah Utes）和伊利诺伊战斗伊利诺伊队（Illinois Fighting Illini）。
521;大-奥迪亚斯;Tai Odiase;5;0;8;62;72;72;61;73;71;73;55;69;70;56;67;70;69;21;0;0;0;0;0;0;0;5001;Tai Osazeeonamen Odiase（生于 1995 年 9 月 21 日）是一名美国职业篮球运动员，现效力于 Basketbol Süper Ligi（BSL）和 EuroCup 的 Bahçeşehir Koleji 篮球俱乐部。他身高 2.06 米（6 英尺 9 英寸），司职中锋。在 UIC 打了四年大学篮球后，奥迪亚斯参加了 2018 年 NBA 选秀，但他在选秀两轮中均未被选中。
522;林秉圣;Bing Sheng Lin;1;2;8;69;66;61;75;73;67;65;74;68;66;70;68;71;69;28;0;0;0;0;0;0;202404;5001;林秉圣（1996年12月26日—）为台湾男子篮球运动员，场上位置为得分后卫，现效力于中国男子篮球职业联赛浙江广厦。
523;曾祥钧;Hsiang-Chun Tseng;5;0;8;62;72;72;61;73;71;73;55;69;70;56;67;70;69;26;0;0;0;0;0;0;0;5001;曾祥钧（1998年8月8日—）是台湾男子篮球运动员，场上主打中锋位置，现效力于B1联赛名古屋战鹰。
524;高柏铠;Brandon Gilbeck;5;0;8;62;72;72;61;73;71;73;55;69;70;56;67;70;69;21;0;0;0;0;0;0;0;5001;高柏铠（英语：Brandon Scott Gilbeck，直译：布兰登·史考特·吉尔贝克，1996年12月9日—）为台湾男子篮球运动员，场上位置为中锋，现效力于台湾职业篮球大联盟福尔摩沙梦想家。
525;陈冠全;Kuan-Chuan Chen;5;0;8;62;72;72;61;73;71;73;55;69;70;56;67;70;69;30;0;0;0;0;0;0;0;5001;陈冠全（1993年12月30日—）为台湾男子篮球运动员，场上位置为中锋，现效力于台湾职业篮球大联盟台北台新战神。
526;渡边伶音;Leon Watanabe;5;4;8;62;72;72;61;73;71;73;55;69;70;56;67;70;69;18;0;0;0;0;0;0;0;5001;Leon Watanabe 是一名篮球运动员，出生于 2006 年 4 月 2 日。他的身高为 6 英尺 8（2 米04/6-8）。他是一名中锋/大前锋，最近效力于日本 B2 联赛的福冈日兴队。
527;马伦-加特伦斯;Mareng Gatkuoth;1;0;7;78;63;75;65;60;53;65;75;61;70;61;71;64;68;23;0;0;0;0;0;0;0;5001;马伦-加特库斯（Mareng Gatkuoth）是一名篮球运动员，出生于 1999 年 9 月 10 日。他的身高为六英尺六（1米98/6-6）。他是一名控球后卫，最近曾代表南苏丹队参加筹备工作。
528;川真田纮也;Koya Kawamata;5;0;7;73;71;61;59;69;78;69;50;73;66;63;68;69;68;25;0;0;0;0;0;0;0;5001;川真田纮也（Koya Kawamata）是一名出生于1998年6月16日的篮球运动员。他的身高是六英尺八英寸（2米02 / 6-8）。他是一名中锋，最近效力于日本 B1 联赛的志贺湖星队。
529;齐加-萨马尔;Žiga Samar;1;0;7;83;59;73;59;63;61;66;69;57;73;63;70;64;68;22;0;0;0;0;0;0;0;5001;0
530;阿特尔斯-库鲁茨;Artūrs Kurucs;1;2;7;79;64;68;63;64;52;67;75;63;70;67;70;66;68;23;0;0;0;0;0;0;0;5001;0
531;L-J-菲格罗亚;L. J. Figueroa;3;0;7;64;64;71;62;73;67;71;68;68;71;62;64;70;68;25;0;0;0;0;0;0;0;5001;小莱昂内尔-L.J. 菲格罗亚-梅尔卡多（Figueroa Mercado，出生于 1998 年 3 月 28 日），多米尼加籍美国职业篮球运动员，现效力于德国篮球甲级联赛（BBL）和欧洲杯的乌尔姆拉托法姆队。他曾效力于敖德萨流浪者队（Odessa Wranglers）、圣约翰红色风暴队（St. John's Red Storm）和俄勒冈鸭子队（Oregon Ducks）。
532;何塞-迪米特里-马孔达;Jose Dimitri Maconda;1;2;7;75;60;69;65;69;61;67;73;58;68;64;67;69;68;21;0;0;0;0;0;0;0;5001;0
533;陈潇毅;Xiaoyi Chen;4;3;8;62;72;72;61;73;71;73;55;69;70;56;66;69;68;18;0;0;0;0;0;0;0;5001;0
534;傅文昊;Wenhao Fu;4;3;8;62;72;72;61;73;71;73;55;69;70;56;66;69;68;18;0;0;0;0;0;0;0;5001;傅文昊（Fu Wenhao），男，2007年3月1日出生，中国篮球运动员，司职前锋。
535;库珀-弗拉格;Cooper Flagg;4;3;10;62;72;72;61;73;71;73;55;69;70;56;66;69;68;18;0;0;0;0;0;0;0;3212;库珀·弗拉格（英语：Cooper Flagg，2006年12月21日—），美国缅因州纽波特人，美国职业篮球运动员，现效力于NBA达拉斯独行侠，原为2025届五星高中生，后跳级成为2024届球员，依旧表现出色，在2024赛季成功入选麦当劳高中全明星赛、Nike篮球峰会、乔丹经典赛等比赛，并在该季获得美国篮球先生、佳得乐高中篮球年度最佳球员、奈史密斯高中篮球年度最佳球员等奖项。
536;拉克兰-欧尔布里希;Lachlan Olbrich;4;5;9;62;72;72;61;73;71;73;55;69;70;56;66;69;68;20;0;0;0;0;0;0;0;3313;Lachlan Olbrich（生于2003年12月30日）是澳大利亚国家篮球协会（NBA）芝加哥公牛队的职业篮球运动员。2022年，他入选NBL1中央全明星五人组，效力于南方虎队。在为加州大学河滨分校在美国打了一个赛季的大学篮球后，他于2023年回到NBL1 Central，帮助西阿德莱德熊队赢得了冠军，同时获得了总决赛MVP和全明星五等荣誉。他加入伊拉瓦拉老鹰队参加2023-24赛季的NBL，然后在2024年新西兰NBL赛季与坎特伯雷公羊队一起赢得了冠军。在公羊队，他被评为总决赛MVP、联盟MVP和全明星五号。
537;马克斯-达令;Max Darling;4;3;8;62;72;72;61;73;71;73;55;69;70;56;66;69;68;24;0;0;0;0;0;0;0;5001;麦克斯韦-罗纳尔多-麦肯齐-达林（Maxwell Ronaldo McKenzie Darling）（2000 年 9 月 30 日出生）是一名文森特-新西兰职业篮球运动员，现效力于澳大利亚全国篮球联赛（NBL）新西兰闯入者队。
538;诺亚-埃森格;Noa Essengue;4;0;8;62;72;72;61;73;71;73;55;69;70;56;66;69;68;17;0;0;0;0;0;0;0;3265;诺亚·埃森格（Noa Essengue，2006年12月18日－）是美国国家篮球协会（NBA）芝加哥公牛队的法国职业篮球运动员。
539;尤安-马昆杜;Yoan Makoundou;4;0;8;62;72;72;61;73;71;73;55;69;70;56;66;69;68;24;0;0;0;0;0;0;0;5001;尤安-莫里斯-朱尼尔-马昆杜（Yoan Maurice Junior Makoundou，2000 年 8 月 9 日出生）是一名法国职业篮球运动员，现效力于苏超联赛（BSL）图尔克电信队。
540;阿米内-努阿;Amine Noua;4;0;8;62;72;72;61;73;71;73;55;69;70;56;66;69;68;27;0;0;0;0;0;0;0;5001;阿明-努阿（Amine Noua，出生于 1997 年 2 月 7 日）是一名法国职业篮球运动员，曾效力于土耳其 Basketbol Süper Ligi（BSL）和欧洲联赛的费内巴切贝科队。他身高 2.02 米（6 英尺 8 英寸），司职大前锋。
541;内森-费尔南德斯;Nathan Fernandes;4;0;8;62;72;72;61;73;71;73;55;69;70;56;66;69;68;21;0;0;0;0;0;0;0;5001;0
542;约瑟普-弗兰基奇;Josip Vrankic;4;0;8;62;72;72;61;73;71;73;55;69;70;56;66;69;68;26;0;0;0;0;0;0;0;5001;约西普-弗兰基奇是一名篮球运动员，1998 年 10 月 24 日出生于怡陶碧谷。身高六英尺九英寸（2米05/6-9）。他是一名大前锋，最近效力于西班牙 Guuk Gipuzkoa 篮球队 - LEB Gold。
543;托马斯-肯尼迪;Thomas Kennedy;4;0;8;62;72;72;61;73;71;73;55;69;70;56;66;69;68;37;0;0;0;0;0;0;0;5001;托马斯-肯尼迪是一名篮球运动员，出生于 2000 年 9 月 1 日。他身高六英尺九英寸。他是一名大前锋，最近效力于波恩电信篮球冠军联赛。
544;乔治-代-拉-塞尔纳;Jorge De La Serna;4;0;8;62;72;72;61;73;71;73;55;69;70;56;66;69;68;25;0;0;0;0;0;0;0;5001;0
545;亚历山大-卡波斯;Alexander Kappos;4;0;8;62;72;72;61;73;71;73;55;69;70;56;66;69;68;27;0;0;0;0;0;0;0;5001;0
546;克里斯蒂安-尼格隆;Christian Negron;4;3;8;62;72;72;61;73;71;73;55;69;70;56;66;69;68;25;0;0;0;0;0;0;0;5001;0
547;朱利安-罗伯特-托雷斯;Julian Robert Torres;4;0;8;62;72;72;61;73;71;73;55;69;70;56;66;69;68;27;0;0;0;0;0;0;0;5001;0
548;约翰-霍兰;John Holland;3;0;8;62;72;72;61;73;71;73;55;69;70;56;64;68;67;34;0;0;0;0;0;0;0;2955;约翰-迈克尔-约瑟夫-霍兰（John Michael Joseph Holland，1988 年 11 月 6 日出生）是一名美籍波多黎各职业篮球运动员，现效力于以色列篮球超级联赛特拉维夫哈波尔队。作为一名小前锋，他曾在波士顿泰瑞尔队打大学篮球，并代表波多黎各国家队出战。
549;比内-普雷佩利奇;Bine Prepelič;4;0;7;60;71;63;70;68;73;71;53;72;68;66;67;67;67;23;0;0;0;0;0;0;0;5001;0
550;维克多-克拉夫;Victor Claver;3;4;8;67;73;69;73;70;60;68;61;66;70;65;69;63;67;34;0;0;0;0;0;0;200922;1140;0
551;特雷-贝尔-海恩斯;Trae Bell-Haynes;1;0;7;73;60;68;62;67;52;68;75;64;73;63;67;67;67;28;0;0;0;0;0;0;0;5001;特雷-贝尔-海恩斯（Trae Bell-Haynes，出生于 1995 年 9 月 5 日），加拿大篮球运动员，效力于 ACB 联盟的卡萨德蒙特萨拉戈萨队。他曾效力于佛蒙特猫头鹰队（Vermont Catamounts）。
552;沈无敌;Wudi Shen;3;2;8;62;72;72;61;73;71;73;55;69;70;56;64;68;67;18;0;0;0;0;0;0;0;5001;沈无敌（Shen Wudi），男，2007年1月29日出生，中国篮球运动员，司职前锋，效力于浙江稠州职业篮球俱乐部。
553;冯俞博;Yubo Feng;3;0;8;62;72;72;61;73;71;73;55;69;70;56;64;68;67;18;0;0;0;0;0;0;0;5001;0
554;张博源;Boyuan Zhang;3;4;9;62;72;72;61;73;71;73;55;69;70;56;64;68;67;18;0;0;0;0;0;0;0;5001;张博源（Zhang Boyuan），2007年1月22日出生于吉林省长春市，中国篮球运动员，司职前锋。
555;海耶斯-戴维斯;Nigel Hayes-Davis;3;4;8;62;72;72;61;73;71;73;55;69;70;56;64;68;67;29;0;0;0;0;0;0;0;5001;奈杰尔-海耶斯-戴维斯（Nigel Hayes-Davis，1994 年 12 月 16 日出生）是一名美国职业篮球运动员，现效力于土耳其苏超联赛和欧洲联赛的费内巴切队。他曾在大学篮球队威斯康星州獾队效力。海耶斯曾就读于俄亥俄州托莱多市的惠特莫尔高中。
556;米卡-波特;Micah Potter;5;4;6;50;75;69;50;75;79;76;59;65;66;30;58;76;67;21;2;0;0;0;0;0;202100;861;米卡-波特（Micah Potter，出生于 1998 年 4 月 6 日），美国职业篮球运动员，现效力于美国国家篮球协会（NBA）犹他爵士队，与 NBA G 联盟盐湖城明星队签有双向合同。他曾在俄亥俄州立大学和威斯康星獾队打过大学篮球。
557;奥斯卡-古德曼;Oscar Goodman;3;4;8;62;72;72;61;73;71;73;55;69;70;56;64;68;67;17;0;0;0;0;0;0;0;5001;奥斯卡-古德曼（Oscar Goodman，出生于 2005 年 2 月 7 日）是一名新西兰篮球运动员。他曾多次代表新西兰参加国际青少年篮球比赛，并在 2022 年、2023 年和 2024 年获得新西兰 17 岁以下国家男子篮球队的全场第一名，以及 2023 年国际篮联 16 岁以下亚洲锦标赛的 MVP。他已承诺为密歇根森林狼队 2025 届新生打大学篮球。
558;阿克塞尔-布特耶;Axel Bouteille;3;0;8;62;72;72;61;73;71;73;55;69;70;56;64;68;67;29;0;0;0;0;0;0;0;5001;阿克塞尔-布特耶（Axel Bouteille，生于 1995 年 4 月 14 日）是一名法国职业篮球运动员，现效力于 Basketbol Süper Ligi（BSL）和 EuroCup 的 Bahçeşehir Koleji 队。他是一名身高 2.01 米（6 英尺 7 英寸）的小前锋。
559;山口颯斗;Hayato Yamaguchi;3;0;8;62;72;72;61;73;71;73;55;69;70;56;64;68;67;26;0;0;0;0;0;0;0;5001;山口隼人现年 26 岁（1998 年 10 月 1 日），身高 195 厘米，效力于茨城机器人队。
560;阮-米兰达;Ruan Miranda;3;0;8;62;72;72;61;73;71;73;55;69;70;56;64;68;67;23;0;0;0;0;0;0;0;5001;阮-米兰达（Ruan Miranda）是一名篮球运动员，出生于 2001 年 7 月 7 日。他的身高为 6 英尺 8（2 米03/6-8）。他是一名小前锋，最近效力于巴西国家篮球联赛的弗拉门戈队。
561;马蒂亚斯-巴斯克斯;Mathias Vazquez;3;4;9;62;72;72;61;73;71;73;55;69;70;56;64;68;67;16;0;0;0;0;0;0;0;5001;马蒂亚斯-巴斯克斯（Mathias Vazquez）是一名篮球运动员，出生于 2008 年 3 月 26 日。他的身高为六英尺五英寸（1米96/6-5）。他是一名小前锋，最近曾代表 U18 巴西队参加 U18 美洲杯。
562;昆西-盖里尔;Quincy Guerrier;3;4;8;62;72;72;61;73;71;73;55;69;70;56;64;68;67;25;0;0;0;0;0;0;0;5001;昆西-格里耶尔（Quincy Guerrier，出生于 1999 年 5 月 13 日），加拿大职业篮球运动员，效力于 NBA G 联盟猛龙 905 队。格里耶尔在大学期间曾效力于十大联盟的伊利诺伊州战斗伊利诺伊队。在此之前，他曾效力于俄勒冈鸭队和锡拉丘兹橙队。
563;杰克逊-罗;Jackson Rowe;3;0;8;62;72;72;61;73;71;73;55;69;70;56;64;68;67;27;0;0;0;0;0;0;0;3251;杰克逊-罗（1997 年 7 月 1 日出生）是加拿大职业篮球运动员，现效力于美国国家篮球协会（NBA）金州勇士队，与 NBA G 联盟圣克鲁斯勇士队签有双向合同。他曾效力于加州州立大学富勒顿分校泰坦队（Cal State Fullerton Titans）。
564;贾塞尔-佩雷斯;Jassel Perez;3;0;8;62;72;72;61;73;71;73;55;69;70;56;64;68;67;23;0;0;0;0;0;0;0;5001;0
565;乔丹-辛特朗;Jordan Cintron;3;0;8;62;72;72;61;73;71;73;55;69;70;56;64;68;67;26;0;0;0;0;0;0;0;5001;0
566;菲利普-惠勒;Phillip Wheeler;3;4;8;62;72;72;61;73;71;73;55;69;70;56;64;68;67;22;0;0;0;0;0;0;0;5001;0
567;马建豪;Chien-Hao Ma;4;0;7;66;71;71;69;71;67;62;62;73;67;66;69;65;67;23;2;0;0;0;0;0;202202;5001:马建豪（2001年4月29日—）为台湾男子篮球运动员，场上位置为小前锋，现效力于台湾职业篮球大联盟福尔摩沙梦想家。;
568;胡珑贸;Long-Mao Hu;3;4;8;62;72;72;61;73;71;73;55;69;70;56;64;68;67;31;0;0;0;0;0;0;0;5001;胡珑贸（1992年12月22日—）为台湾男子篮球运动员，场上主打小前锋和大前锋位置，现效力于台湾职业篮球大联盟高雄全家海神。
569;苏士轩;Shih Hsuan Su;3;4;8;62;72;72;61;73;71;73;55;69;70;56;64;68;67;28;0;0;0;0;0;0;0;5001;苏士轩（1996年4月9日—）是台湾男子篮球运动员，场上主打前锋位置，现效力于台湾职业篮球大联盟新北国王。
570;高布-加布里埃尔;Gob Gabriel;3;0;7;63;61;67;70;71;72;59;65;63;67;67;63;66;66;23;0;0;0;0;0;0;0;5001;戈布-加布里埃尔是一名篮球运动员，出生于曼彻斯特（新罕布什尔州）。他的身高为六英尺七英寸（2米00 / 6-7）。他是一名小前锋，最近曾代表南苏丹队参加预备队比赛。
571;博扬-杜布列维奇;Bojan Dubljevic;5;4;8;58;75;53;60;72;75;73;58;67;54;55;60;72;66;31;0;0;0;0;0;0;201359;944;0
572;蒂姆-苏雷斯;Timothy Soares;5;0;7;63;69;60;63;65;67;74;63;70;60;60;64;67;66;26;0;0;0;0;0;0;0;5001;蒂莫西-路易斯-苏亚雷斯（Timothy Luiz Soares）（生于 1997 年 2 月 4 日）是一名美籍巴西篮球运动员，现效力于巴西乙级联赛名古屋钻石海豚队。他曾在 Master's Mustangs 篮球队打大学篮球，之后在土耳其和以色列打职业篮球。
573;段昂君;Duan Angjun;2;0;8;78;60;70;74;63;68;58;62;62;70;69;70;60;66;21;0;0;0;0;0;0;202400;5001;段昂君，男，山东济南人，中国篮球运动员，司职得分后卫。 出生日期 2003年2月28日 身 高 197 cm 体 重 91 kg 毕业院校 湖北工业大学 运动项目 篮球 所属运动队 青岛
574;凯塔-贝茨-迪奥普;Keita Bates-Diop;3;4;6;55;70;69;79;70;60;69;60;63;70;67;66;63;66;29;6;0;0;0;0;0;201848;847;凯塔-贝兹-迪奥普（/ˈkeɪtə ˈbeɪts ˈdiːɒp/ KAY-tə BAYTS DEE-op；1996 年 1 月 23 日出生），美国职业篮球运动员，曾效力于美国国家篮球协会（NBA）布鲁克林篮网队。他在大学期间曾效力于俄亥俄州立大学。
575;格雷戈-格拉斯;Gregor Glas;2;0;7;65;61;78;64;68;58;61;70;61;75;63;66;64;65;22;0;0;0;0;0;0;0;5001;0
576;弗拉基米尔-米哈伊洛维奇;Vladimir Mihailović;1;0;8;62;72;72;61;73;71;73;55;69;70;56;65;66;65;33;0;0;0;0;0;0;0;5001;0
577;乔治斯-卡莱察基斯;Georgios Kalaitzakis;2;3;7;66;65;73;62;60;62;65;70;69;74;66;66;63;65;23;1;0;0;0;0;0;202160;1907;0
578;凯文-科基拉;Kevin Kokila;5;0;7;60;80;69;61;63;66;63;52;80;70;58;71;60;65;21;0;0;0;0;0;0;0;5001;0
579;加布里埃莱-普罗奇达;Gabriele Procida;2;0;9;59;71;73;71;70;59;63;67;66;74;57;66;64;65;21;1;0;0;0;0;0;202236;2092;加布里埃尔-普罗奇达（2002 年 6 月 1 日出生），意大利职业篮球运动员，现效力于德国篮球甲级联赛（BBL）和欧洲联赛的阿尔巴柏林队。
580;何文炜;Wenwei He;1;0;9;62;72;72;61;73;71;73;55;69;70;56;65;66;65;18;0;0;0;0;0;0;0;5001;何文炜，身高1米78，场上司职控卫，目前是宏远青训俱乐部的一员。
581;刘源;Yang Liu;1;2;8;62;72;72;61;73;71;73;55;69;70;56;65;66;65;18;0;0;0;0;0;0;0;5001;0
582;李悦洲;Yuezhou Li;1;2;8;62;72;72;61;73;71;73;55;69;70;56;65;66;65;18;0;0;0;0;0;0;0;5001;李悦洲，来自杭州第四中学的李悦洲生于2007年，双能卫，目前效力于浙江稠州青训队。身高183公分。
583;位靖博;Jingbo Fu;2;1;8;62;72;72;61;73;71;73;55;69;70;56;64;67;65;18;0;0;0;0;0;0;0;5001;0
584;赵维伦;WeiLun Zhao;1;0;9;62;72;72;61;73;71;73;55;69;70;56;65;66;65;21;0;0;0;0;0;0;0;335;赵维伦（Weilun Zhao），男，2005年9月8日出生于意大利，中国篮球运动员，司职控球后卫，效力于美国OTE联赛冰冷之心队。
585;兰斯顿-加洛韦;Langston Galloway;1;2;7;71;68;77;71;73;45;59;59;65;79;61;72;57;65;32;9;0;0;0;0;0;201400;525;兰斯顿·加洛韦（Langston Galloway，1991年12月9日—），美国篮球运动员，现效力NBA G联盟科利奇帕克天鹰。2014年参加NBA选秀会落选后，在夏季联赛中为纽约尼克斯出战、并在新赛季加入纽约尼克斯的发展联盟球队威斯特彻斯特尼克。
586;达斯蒂-汉纳斯;Dusty Hannahs;2;0;8;62;72;72;61;73;71;73;55;69;70;56;64;67;65;31;0;0;0;0;0;0;0;5001;杰拉尔德-埃利斯-达斯蒂-汉纳斯三世（Gerald Ellis Dusty Hannahs III，1993 年 9 月 2 日出生）是一名美国职业篮球运动员，效力于以色列篮球超级联赛特拉维夫哈波尔队。他曾效力于德克萨斯理工大学和阿肯色大学，在大四赛季，他以 90.8% 的罚球命中率领跑东南联盟。2018-20 年，他曾在 NBA 孟菲斯灰熊队效力。
587;诺兰-特劳尔;Nolan Traore;1;0;10;62;72;72;61;73;71;73;55;69;70;56;65;66;65;18;0;0;0;0;0;0;0;3279;诺兰·特拉奥雷（Nolan Traoré，2006年5月28日－）是法国国家篮球协会（NBA）布鲁克林篮网队的一名职业篮球运动员。他在2025年NBA选秀中以第19顺位被网队选中。
588;米奇-诺顿;Mitch Norton;1;0;8;62;72;72;61;73;71;73;55;69;70;56;65;66;65;31;0;0;0;0;0;0;0;5001;米切尔-罗伯特-诺顿（Mitchell Robert Norton）（1993 年 4 月 1 日出生）是澳大利亚职业篮球运动员，现效力于全国篮球联赛（NBL）布里斯班子弹队。他还与 NBL1 北区的南区斯巴达队（Southern Districts Spartans）签有合同。他于 2011 年在汤斯维尔鳄鱼队（Townsville Crocodiles）开始职业生涯，2016 年在家乡球队倒闭后加盟伊拉瓦拉老鹰队（Illawarra Hawks）。在老鹰队效力两个赛季后，他加盟了珀斯野猫队，并在五个赛季中赢得了两次 NBL 总冠军。他还曾效力于昆士兰篮球联赛（Queensland Basketball League）的汤斯维尔热队（Townsville Heat）和新西兰NBL联赛（New Zealand NBL）的南兰鲨鱼队（Southland Sharks）。
589;本-亨歇尔;Ben Henshall;2;3;8;62;72;72;61;73;71;73;55;69;70;56;64;67;65;20;0;0;0;0;0;0;0;5001;本-亨肖尔（Ben Henshall，出生于 2004 年 6 月 22 日），澳大利亚职业篮球运动员，效力于澳大利亚国家篮球联赛（NBL）珀斯野猫队。他曾于 2022 年和 2023 年效力于 NBL1 的 BA 英才中心，随后于 2024 年加盟新西兰全国篮球联赛（NZNBL）的奥塔哥掘金队。
590;德扬-瓦西里耶维奇;Dejan Vasiljevic;2;0;8;62;72;72;61;73;71;73;55;69;70;56;64;67;65;27;0;0;0;0;0;0;0;5001;德扬-瓦西耶维奇（Dejan "DJ" Vasiljevic，生于 1997 年 4 月 26 日）是澳大利亚职业篮球运动员，现效力于澳大利亚国家篮球联赛（NBL）阿德莱德 36 人队。瓦西耶维奇曾在迈阿密飓风队打大学篮球。
591;雨果-贝尼特;Hugo Benitez;1;0;8;62;72;72;61;73;71;73;55;69;70;56;65;66;65;23;0;0;0;0;0;0;0;5001;雨果-贝尼特斯是一名篮球运动员，2001 年 1 月 20 日出生于图卢兹。他身高六英尺四英寸（1米92/6-4）。他是一名控球后卫，最近效力于布尔格-昂-布雷斯队（Bourg-en-Bresse），参加过欧洲杯赛（Eurocup）。
592;保罗-拉科姆;Paul Lacombe;2;3;8;62;72;72;61;73;71;73;55;69;70;56;64;67;65;34;0;0;0;0;0;0;0;5001;保罗-拉孔贝（1990 年 6 月 12 日出生），法国职业篮球运动员，现效力于 LNB 职业甲级联赛的楠泰尔 92 队。
593;尼古拉斯-朗;Nicolas Lang;2;3;8;62;72;72;61;73;71;73;55;69;70;56;64;67;65;34;0;0;0;0;0;0;0;5001;尼古拉斯-朗（Nicolas Lang，1990 年 5 月 1 日出生）是法国职业篮球运动员，现效力于 LNB 职业甲级联赛的 CSP Limoges 队。
594;大浦飒太;Sota Oura;2;0;8;62;72;72;61;73;71;73;55;69;70;56;64;67;65;26;0;0;0;0;0;0;0;5001;大浦飒太（日语：おおうら　そうた，1997年12月23日—），生于日本广岛县，篮球运动员。身长182cm、体重67kg。
595;山崎亮;Ryo Yamazaki;1;0;8;62;72;72;61;73;71;73;55;69;70;56;65;66;65;32;0;0;0;0;0;0;0;5001;山崎亮是一名篮球运动员，出生于 1992 年 11 月 20 日。身高六英尺八英寸。他是一名投篮后卫，最近效力于日本 B1 联赛的千叶喷气机队。
596;佐佐木隆成;Ryusei Sasaki;1;0;8;62;72;72;61;73;71;73;55;69;70;56;65;66;65;28;0;0;0;0;0;0;0;5001;佐々木隆成（Ryusei Sasaki）是一名篮球运动员，出生于 1996 年 5 月 02 日。身高五英尺十英寸（1 米80 / 5-10）。他是一名控球后卫，最近效力于日本 B1 联赛的 San-en NeoPhoenix 队。
597;凯文-克雷申齐;Kevin Crescenzi;2;3;8;62;72;72;61;73;71;73;55;69;70;56;64;67;65;31;0;0;0;0;0;0;0;5001;凯文-弗雷塔斯-克雷斯琴兹是一名篮球运动员，1993 年 1 月 2 日出生于北棕榈滩。他的身高为六英尺三英寸（1米91/6-3）。他是一名投篮后卫，最近效力于巴西国家篮球联赛的保利斯坦诺队。
598;阿迪尔-博尔热斯;Adyel Borges;1;0;8;62;72;72;61;73;71;73;55;69;70;56;65;66;65;22;0;0;0;0;0;0;0;5001;Adyel Felipe Pereira Borges 是一名篮球运动员，出生于 2002 年 3 月 17 日。他身高六英尺一（1米86/6-1）。他是一名控球后卫，最近效力于巴西圣若泽篮球队（NBB）。
599;埃利奥-科拉扎;Elio Corazza;1;0;8;62;72;72;61;73;71;73;55;69;70;56;65;66;65;21;0;0;0;0;0;0;0;5001;埃利奥-科拉扎-内托（Elio Corazza Neto）是一名篮球运动员，出生于 1989 年 12 月 27 日。身高六英尺三英寸（1米90/6-3）。他是一名控球后卫，最近效力于巴西国家篮球联赛的科林蒂安队。
600;卢卡斯-维埃拉;Lucas Vieira;2;1;8;62;72;72;61;73;71;73;55;69;70;56;64;67;65;20;0;0;0;0;0;0;0;5001;卢卡斯-维埃拉-洛佩斯-阿陶里（Lucas Vieira Lopez Atauri）是一名篮球运动员，出生于 2004 年 5 月 5 日。身高六英尺四英寸（1米92/6-4）。他是一名投篮后卫，最近效力于巴西国家篮球联赛的保利斯坦诺队。
601;雷南-桑托斯;Reynan Santos;2;3;8;62;72;72;61;73;71;73;55;69;70;56;64;67;65;20;0;0;0;0;0;0;0;5001;雷南-多斯桑托斯是一名篮球运动员，出生于 2004 年 2 月 13 日。身高六英尺四英寸（1米92/6-4）。他是一名投篮后卫/小前锋，最近效力于巴西 NBB 的 Pinheiros 队。
602;乔治尼奥-代-保拉;Georginho De Paula;1;2;8;62;72;72;61;73;71;73;55;69;70;56;65;66;65;28;0;0;0;0;0;0;0;5001;乔治-"乔治尼奥"-卢卡斯-阿尔维斯-德-保拉（George "Georginho" Lucas Alves de Paula，出生于 1996 年 5 月 24 日），俗称乔治尼奥，巴西职业篮球运动员，曾效力于乌尔姆拉托法姆公司。他在巴西和国际赛场上都取得过成功，曾赢得美洲篮球联赛（BCL Americas）和 2023 年国际篮联洲际杯（FIBA Intercontinental Cup）。乔治尼奥还赢得过两次国家篮球联赛冠军，并在弗兰卡队 2022 年夺冠时被评为总决赛 MVP。
603;贾夫恩-布莱尔;Jahvon Henry-Blair;1;2;8;62;72;72;61;73;71;73;55;69;70;56;65;66;65;21;0;0;0;0;0;0;0;5001;贾冯-迈克尔-亨利-布莱尔（Jahvon Michael Henry-Blair，出生于 1998 年 3 月 27 日）是加拿大职业篮球运动员，现效力于 LNB Pro B 的普瓦捷篮网 86 队。
604;艾伦-贝斯特;Aaron Best;2;0;8;62;72;72;61;73;71;73;55;69;70;56;64;67;65;32;0;0;0;0;0;0;0;5001;亚伦-贝斯特（Aaron Best，1992 年 9 月 1 日出生）是加拿大职业篮球运动员，效力于波兰篮球联赛（PLK）的特雷弗尔-索波特队。他曾在瑞尔森大学打篮球。
605;马库斯-卡尔;Marcus Carr;1;2;8;62;72;72;61;73;71;73;55;69;70;56;65;66;65;21;0;0;0;0;0;0;0;5001;马库斯-约书亚-卡尔（Marcus Joshua Carr，出生于 1999 年 6 月 6 日）是加拿大职业篮球运动员，现效力于 Ligat Winner Sal 的 Hapoel Nofar Energy Galil Elion 球队。此前，他曾在大学篮球联赛中效力于 12 大联盟的德克萨斯长角队、匹兹堡黑豹队和明尼苏达金色地鼠队。
606;劳埃德-潘迪;Lloyd Pandi;2;1;8;62;72;72;61;73;71;73;55;69;70;56;64;67;65;24;0;0;0;0;0;0;0;5001;劳埃德-坎达-潘迪（Lloyd Kanda Pandi，1999 年 12 月 10 日出生）是加拿大职业篮球运动员，现效力于加拿大篮球甲级联赛（BBL）拉斯塔-维赫塔队。他曾在卡尔顿大学打篮球。
607;小史蒂文-维普兰肯;Steven Verplancken;1;0;8;62;72;72;61;73;71;73;55;69;70;56;65;66;65;24;0;0;0;0;0;0;0;5001;Steven Verplancken 是多米尼加共和国篮球运动员，2000 年 7 月 16 日出生于圣佩德罗。他身高 6'4''，司职后卫，最近效力于多米尼加共和国 TBS 的 Los Prados de Santo Domingo。Verplancken 于 2024 年毕业于韦伯州立大学。
608;理查德-包蒂斯塔;Richard Bautista;1;0;8;62;72;72;61;73;71;73;55;69;70;56;65;66;65;27;0;0;0;0;0;0;0;5001;理查德-包蒂斯塔现年 27 岁（1997 年 2 月 9 日），身高 183 厘米，效力于马拉开波队。
609;丹尼-卡布奇亚;Danny Carbuccia;1;0;8;62;72;72;61;73;71;73;55;69;70;56;65;66;65;18;0;0;0;0;0;0;0;5001;0
610;安尤里-卡斯蒂略;Anyeuri Castillo;2;0;8;62;72;72;61;73;71;73;55;69;70;56;64;67;65;27;0;0;0;0;0;0;0;5001;卡斯蒂略（Anyeuri Castillo，1997 年 11 月 15 日出生于佐治亚州诺克罗斯）是一名多米尼加篮球运动员，现效力于阿根廷国家篮球联赛里亚切洛队。
611;奥马尔-西尔维奥;Omar Silverio;2;1;8;62;72;72;61;73;71;73;55;69;70;56;64;67;65;26;0;0;0;0;0;0;0;5001;奥马尔-西尔维奥是一名篮球运动员，1998 年 11 月 05 日出生于纽约州布朗克斯区。他身高六英尺二（1米90/6-2）。他是一名控球后卫，最近效力于多米尼加共和国 LNB 的 Metros de Santiago 队。
612;何塞-埃斯特拉达;Jose Estrada;2;0;8;62;72;72;61;73;71;73;55;69;70;56;64;67;65;30;0;0;0;0;0;0;0;5001;何塞-大卫-埃斯特拉达-斯通是一名篮球运动员，1994 年 2 月 15 日出生于墨西哥库利亚坎。他身高六英尺三（1 米93/6-3）。他是一名投篮后卫，最近代表墨西哥队参加了国际篮联美洲杯预选赛。
613;特亚德-费尔南德斯;Tjader Fernandez;1;0;8;62;72;72;61;73;71;73;55;69;70;56;65;66;65;30;0;0;0;0;0;0;0;5001;特亚德-费尔南德斯现年 30 岁（1994 年 1 月 28 日），身高 178 厘米，效力于圣日耳曼竞技队。
614;豪尔赫-帕切科;Jorge Pacheco;1;0;8;62;72;72;61;73;71;73;55;69;70;56;65;66;65;26;0;0;0;0;0;0;0;5001;0
615;赫苏斯-科鲁兹;Jesus Cruz;2;0;8;62;72;72;61;73;71;73;55;69;70;56;64;67;65;26;0;0;0;0;0;0;0;5001;0
616;伊万-甘迪亚;Ivan Gandia;1;2;8;62;72;72;61;73;71;73;55;69;70;56;65;66;65;27;0;0;0;0;0;0;0;5001;0
617;亚历山大-达坎-莫拉莱斯;Alexander Morales;2;0;8;62;72;72;61;73;71;73;55;69;70;56;64;67;65;27;0;0;0;0;0;0;0;5001;小亚历山大-莫拉莱斯（Alexander Morales Jr.，生于 1997 年 11 月 21 日）是波多黎各职业篮球运动员，效力于 NBA G 联盟的奥西奥拉魔术队。他曾在乔治王子 CC 猫头鹰队和瓦格纳海鹰队打过大学篮球。
618;伊斯梅尔-克鲁斯;Ismael Cruz;2;0;8;62;72;72;61;73;71;73;55;69;70;56;64;67;65;24;0;0;0;0;0;0;0;5001;0
619;安吉尔-马蒂亚斯;Angel Matias;2;3;8;62;72;72;61;73;71;73;55;69;70;56;64;67;65;32;0;0;0;0;0;0;0;5001;0
620;杰森-佩奇;Jaysean Paige;1;0;8;62;72;72;61;73;71;73;55;69;70;56;65;66;65;30;0;0;0;0;0;0;0;5001;杰森-佩奇（Jaysean Paige，1994 年 7 月 30 日出生）是波多黎各职业篮球运动员，现效力于波多黎各国家高级篮球联赛（BSN）的瓜伊纳博大都会队（Mets de Guaynabo）。他曾在西弗吉尼亚登山者队打大学篮球，之前曾在南爱达荷学院和莫伯利地区社区学院打球。
621;威尔弗雷多-罗德里格斯;Wilfredo Rodriguez;2;3;8;62;72;72;61;73;71;73;55;69;70;56;64;67;65;29;0;0;0;0;0;0;0;5001;0
622;高锦玮;Jin Wei Gao;1;0;8;62;72;72;61;73;71;73;55;69;70;56;65;66;65;24;0;0;0;0;0;0;0;5001;高锦玮（2000年10月23日—）为台湾男子篮球运动员，场上位置为控球后卫，现效力于台湾职业篮球大联盟桃园台啤永丰云豹。
623;林俊吉;Chun Chi Lin;1;2;8;62;72;72;61;73;71;73;55;69;70;56;65;66;65;26;0;0;0;0;0;0;0;5001;林俊吉（1998年1月29日—）为台湾男子篮球运动员，场上位置为后卫，现效力于台湾职业篮球大联盟福尔摩沙梦想家。
624;游艾哲;Ai-Che Yu;1;0;8;62;72;72;61;73;71;73;55;69;70;56;65;66;65;22;0;0;0;0;0;0;0;5001;游艾喆（2002年2月14日—），泰雅族人，台湾男子篮球运动员，场上主打控球后卫位置，现效力于B1联赛滋贺湖泊。
625;阿巴西;Mohammad Al Bachir Gadiaga;2;3;8;62;72;72;61;73;71;73;55;69;70;56;64;67;65;26;0;0;0;0;0;0;0;5001;阿巴西（英语：Mohammad Al Bachir Gadiaga，直译：穆罕默德·贝希尔·加迪亚加，1998年4月27日—）为塞内加尔裔台湾男子篮球运动员，场上位置为得分后卫或小前锋，现效力于B1联赛秋田北部喜悦。
626;周桂羽;Kuei-Yu Chou;1;2;8;62;72;72;61;73;71;73;55;69;70;56;65;66;65;26;0;0;0;0;0;0;0;5001;周桂羽（1998年7月19日—）为台湾男子篮球运动员，场上位置为双能卫，现效力于P. LEAGUE+台北富邦勇士。
627;内马尼亚-内多维奇;Nemanja Nedovic;1;2;7;72;66;71;61;60;57;58;68;61;71;59;67;59;64;22;0;0;0;0;0;0;201330;1348;0
628;马克-库埃里;Marc Khoueiry;2;0;7;64;65;75;70;64;56;64;64;63;78;64;68;60;64;22;0;0;0;0;0;0;0;5001;马克-胡埃里（Marc Khoueiry）是一名篮球运动员，出生于 2001 年 8 月 21 日。他身高一米八五（1 米85/6-1）。他是一名投篮后卫，最近代表黎巴嫩队参加了世界杯亚洲区预选赛。
629;尤斯图斯-霍拉兹;Justus Hollatz;1;0;7;75;62;65;65;65;49;58;72;60;69;62;67;61;64;22;0;0;0;0;0;0;0;5001;贾斯图斯-霍拉茨（Justus Hollatz）（2001 年 4 月 21 日出生）是一名德国职业篮球运动员，现效力于土耳其篮球超级联赛和欧洲联赛的阿纳多卢埃菲斯队，是从塞代维塔奥林匹亚队租借而来。他司职控球后卫。
630;马泰奥-斯帕尼奥洛;Matteo Spagnolo;1;0;9;73;70;66;66;69;56;60;65;63;69;45;66;62;64;20;1;0;0;0;0;0;202250;2144;Matteo Spagnolo（2003 年 1 月 10 日出生）是一名意大利职业篮球运动员，现效力于德国篮球甲级联赛（BBL）和欧洲联赛的柏林阿尔巴队。
631;马利克-威廉姆斯;Malik Williams;4;5;6;60;74;63;60;75;61;67;53;69;66;61;64;64;64;26;1;0;0;0;0;0;202200;5001;马利克-威廉姆斯（生于 1998 年 8 月 26 日），美国职业篮球运动员，现效力于 NBA G 联盟苏福尔斯天空力量队。他曾在路易斯维尔红雀队打大学篮球。
632;菲翁杜-卡本盖莱;Mfiondu Kabengele;4;5;6;53;71;75;62;70;68;72;48;69;73;40;63;65;64;27;5;0;0;0;0;0;201927;1104;Mfiondu Tshimanga Kabengele（生于 1997 年 8 月 14 日）是一名刚果裔加拿大职业篮球运动员，现效力于意大利甲级篮球联赛（LBA）威尼斯队。他曾效力于佛罗里达州立大学塞米诺尔队（Florida State Seminoles）。;
633;马诺斯-哈吉达基斯;Manos Chatzidakis;5;0;7;60;67;64;67;66;66;64;56;74;60;62;65;62;63;23;0;0;0;0;0;0;0;5001;0
634;亚当-穆萨;ADAM MOUSSA;1;2;7;70;70;66;63;63;47;58;67;66;69;67;68;58;63;21;0;0;0;0;0;0;0;5001;0
635;贾文特-斯玛特;Javonte Smart;1;0;6;69;63;71;68;62;46;61;66;66;67;65;67;58;63;25;1;0;0;0;0;0;202100;3087;贾文特-德德里克-斯马特（Javonte Dedrick Smart，出生于 1999 年 6 月 3 日）是一名美国职业篮球运动员，现效力于 NBA G 联盟的奥西奥拉魔术队。他曾在大学期间效力于路易斯安那州立大学老虎队。
636;卢卡-利卡卡泽;Luka Liklikadze;1;0;7;68;68;62;62;57;49;63;72;66;67;60;64;60;62;20;0;0;0;0;0;0;0;5001;0
637;伊格纳斯-布拉兹代基斯;Ignas Brazdeikis;3;2;8;56;70;64;69;71;56;60;67;63;64;52;60;62;62;24;3;0;0;0;0;0;201947;1734;0
638;盖尔-博尼利亚;Gael Bonilla;2;0;7;62;62;66;65;61;53;64;69;67;72;65;63;60;62;20;0;0;0;0;0;0;0;5001;0
639;沃尔特-布朗;Walter Brown;1;0;7;80;66;77;56;54;52;52;62;65;75;58;71;51;62;20;0;0;0;0;0;0;0;5001;0
640;阿姆尔-扎赫兰;Amr Zahran;2;0;7;77;59;65;60;66;56;61;59;65;71;60;65;58;62;21;0;0;0;0;0;0;0;5001;0
641;莫哈梅特-迪乌夫;Mouhamet Diouf;4;5;7;60;68;60;60;68;72;61;51;66;65;62;62;62;62;21;0;0;0;0;0;0;0;5001;穆哈迈特-拉苏尔-迪乌夫（Mouhamet Rassoul Diouf）是一名篮球运动员，出生于 2001 年 9 月 10 日。身高六英尺九英寸（2米06/6-9）。他是一名大前锋，最近曾为意大利队效力。
642;刘礼嘉;LiuLiJia;4;3;6;56;66;60;58;71;60;64;65;68;63;60;59;64;61;19;2;0;0;0;0;0;202200;5001;刘礼嘉，2004年8月17日出生，中国职业男子篮球运动员，司职大前锋，效力上海久事大鲨鱼俱乐部。
643;亨利-埃伦森;Henry Ellenson;4;0;6;64;68;65;66;73;60;64;47;63;64;51;63;60;61;27;7;0;0;0;0;0;201618;1652;亨利-约翰-埃伦森（Henry John Ellenson），出生于 1997 年 1 月 13 日，美国职业篮球运动员，效力于 NBA G 联盟威斯康辛赫德队。他曾在马奎特大学打了一个赛季的篮球，后在 2016 年 NBA 选秀大会上以总第 18 顺位被底特律活塞队选中。
644;热迈厄斯-拉姆齐;Jahmi'us Ramsey;2;1;7;60;71;67;68;68;48;62;65;65;69;49;62;59;61;22;4;0;0;0;0;0;202043;1942;贾米-拉姆齐（Jahmi'us Ramsey，2001 年 6 月 9 日出生），美国职业篮球运动员，现效力于 NBA G 联盟俄克拉荷马城蓝队。他曾效力于德克萨斯理工大学红色突击队（Texas Tech Red Raiders）。
645;大卫-斯托克顿;David Stockton;1;0;6;73;58;68;59;55;62;55;61;63;69;65;66;54;61;33;2;0;0;0;0;0;0;5001;大卫-詹姆斯-斯托克顿（David James Stockton，1991 年 6 月 24 日出生），美国职业篮球运动员，效力于 NBA G 联盟的山谷太阳队。他曾在贡萨加牛头犬队打大学篮球，是名人堂控球后卫约翰-斯托克顿的儿子。
646;内特-辛顿;Nate Hinton;2;3;6;68;70;59;69;69;50;51;70;63;60;54;62;59;60;25;4;0;0;0;0;0;202000;2238;纳撒尼尔-罗伯特-辛顿（Nathaniel Robert Hinton，出生于 1999 年 6 月 8 日），美国职业篮球运动员，现效力于 NBA G 联盟里奥格兰德河谷毒蛇队。他曾在休斯顿美洲狮队打大学篮球。
647;查森-兰德尔;Chasson Randle;1;2;6;64;63;63;63;64;59;63;66;61;66;36;59;62;60;32;9;0;0;0;0;0;201500;1952;查森-兰德尔（生于 1993 年 2 月 5 日），美国职业篮球运动员，现效力于 NBA G 联盟爱荷华森林狼队。他曾效力于斯坦福大学红衣主教队。作为 2014-15 学年的大四学生，他被认为是全美最出色的控球后卫之一。兰德尔出生于伊利诺伊州的岩石岛，曾在岩石岛高中打篮球。
648;保罗-沃特森;Paul Watson;2;1;6;61;65;64;71;64;60;59;63;61;65;54;60;59;60;30;0;0;0;0;0;0;201700;2219;小保罗-沃特森（生于 1994 年 12 月 30 日）是一名美国职业篮球运动员，效力于 NBA G 联盟的山谷太阳队。他曾在弗雷斯诺州立大学牛头犬队打大学篮球。
649;亚当-莫科卡;Adam Mokoka;2;1;8;66;72;60;68;68;57;60;59;63;61;51;61;59;60;26;5;0;0;0;0;0;201900;2043;亚当-莫科卡（Adam Mokoka）（1998 年 7 月 18 日出生）是一名法国职业篮球运动员。他目前效力于罗马尼亚甲级联赛 U-BT Cluj-Napoca 队和欧洲杯。他主要司职投篮后卫。
650;安热伊斯-帕塞奇尼克斯;Anzejs Pasecniks;5;4;8;52;72;62;64;68;57;67;51;63;60;44;59;59;59;28;6;0;0;0;0;0;201725;2069;0
651;内特-达林;Nate Darling;1;2;6;62;58;65;65;64;53;54;63;60;68;37;58;56;57;26;4;0;0;0;0;0;202000;1754;内森-约瑟夫-达林（Nathan Joseph Darling，出生于 1998 年 8 月 30 日），加拿大职业篮球运动员，现效力于 NBA G 联盟圣迭戈快船队。他曾在大学篮球队 UAB Blazers 和特拉华州 Fightin' Blue Hens 打球。他是 NBA 历史上第一位也是唯一一位蓝鹰队球员。;
652;埃利-奥科博;Elie Okobo;2;3;8;62;60;61;59;69;60;60;59;61;62;32;54;60;56;25;4;0;0;0;0;0;201831;1683;埃利-弗兰克-奥科博（Élie-Franck Okobo，1997 年 10 月 23 日出生）是一名法国职业篮球运动员，现效力于 LNB Pro A 和欧洲联赛的 AS Monaco Basket 篮球俱乐部。作为一名身高 6 英尺 3 英寸（1.91 米）的组合型后卫，这位波尔多人在 16 岁时开始了他的俱乐部生涯。随后，Okobo 效力于 Élan Béarnais Pau-Lacq-Orthez 青年队，并在 2016 年打入 LNB Espoirs 冠军赛。2016-17 赛季，他在成年队中担任了更重要的角色，并在第二年成为常规首发球员。
653;凯尔-亚历山大;Kyle Alexander;3;4;8;61;65;60;61;61;59;59;55;61;60;37;55;55;56;27;4;0;0;0;0;0;201900;2249;凯尔-约翰-所罗门-亚历山大（Kyle John Solomon Alexander，1996 年 10 月 21 日出生）是一名加拿大职业篮球运动员，曾效力于以色列篮球超级联赛的特拉维夫哈波尔队。他曾在田纳西志愿者队打过大学篮球。
654;诺里斯-科尔;Norris Cole;1;0;8;76;68;71;73;71;64;71;72;70;67;68;70;71;72;36;0;0;0;0;0;0;0;1131;诺里斯-吉恩-科尔二世（Norris Gene Cole II，1988 年 10 月 13 日出生）是一名美国职业篮球运动员，现效力于美国国家高级篮球联赛（BSN）的奥索斯-德马纳蒂队。他身高 6 英尺 2 英寸（1.88 米），是两届 NBA 总冠军得主，在进入 NBA 的第一年和第二年，即 2012 年和 2013 年在迈阿密热火队连续夺冠。在他的 7 个 NBA 赛季中，科尔除一次（2016 年）外都打进了季后赛。
655;杰伦-克鲁切尔;Jalen Crutcher;1;0;7;66;68;72;57;80;73;73;66;68;68;58;75;65;71;25;0;0;0;0;0;0;0;5001;杰伦-克鲁彻（Jalen Crutcher，出生于 1999 年 7 月 18 日），美国职业篮球运动员，现效力于 NBA G 联盟伯明翰中队。他曾在大学篮球队代顿飞人队效力。
656;约翰-詹金斯;John Jenkins;2;0;8;66;76;67;73;71;72;69;69;73;65;68;71;69;71;33;0;0;0;0;0;0;0;1627;约翰-洛根-詹金斯三世（John Logan Jenkins III，出生于 1991 年 3 月 6 日）是一名美国职业篮球运动员，曾效力于国家高级篮球联赛（BSN）的 Criollos de Caguas 队。詹金斯是一名投篮后卫，曾两度入选 TSSAA AA 级篮球先生，并在 2008-09 年度当选佳得乐田纳西州年度最佳高中球员。他曾在范德比尔特大学打篮球。在 2012 年 NBA 选秀大会上，他在第 23 顺位被亚特兰大老鹰队选中。
657;米勒-科普;Miller Kopp;3;0;8;63;68;68;72;74;78;67;68;68;64;67;73;67;70;26;0;0;0;0;0;0;0;5001;米勒-杜德利-科普（Miller Dudley Kopp，出生于 1998 年 11 月 24 日），美国职业篮球运动员，现效力于 NBA G 联盟俄克拉荷马城蓝队。他曾在西北野猫队和印第安纳胡斯队打大学篮球。
541;纳西尔-利特尔;Nassir Little;3;4;8;70;76;68;76;75;68;72;69;70;74;69;73;72;73;25;5;0;0;0;0;0;201925;1223;纳西尔-沙迈-利特尔（/nəˈsɪər/ nə-SEER；生于 2000 年 2 月 11 日），美国职业篮球运动员，现效力于 NBA G 联盟苏福尔斯天空力量队。利特尔高中毕业时是班上排名最靠前的球员之一，曾带领奥兰多基督教预科学校连续获得佛罗里达州冠军。这位小前锋曾在北卡罗莱纳州柏油脚跟队打大学篮球，并在 2019 年 NBA 选秀大会首轮被波特兰开拓者队选中。
866;RJ-内姆布哈德;RJ Nembhard Jr.;2;1;6;66;65;70;69;70;59;63;68;62;72;33;61;64;63;25;3;0;0;0;0;0;202100;1349;小鲁本-R-“RJ”-内姆布哈德（Ruben R. “RJ” Nembhard Jr.，1999 年 3 月 22 日出生）是一名美国职业篮球运动员，效力于 NBA G 联盟的 Capital City Go-Go。他在大学期间曾效力于 TCU Horned Frogs 篮球队。
989;雷吉-佩里;Reggie Perry;5;4;7;59;74;55;59;68;62;65;50;66;47;38;57;60;59;24;4;0;0;0;0;0;202057;1386;雷金纳德-乔丹-佩里（Reginald Jordan Perry，2000 年 3 月 21 日出生）是一名美国职业篮球运动员，现效力于 NBA G 联盟的格林斯博罗蜂群队。他曾在密西西比州斗牛犬队打大学篮球。
658;卢峻翔;Chun Hsiang Lu;2;0;7;73;67;73;73;61;69;71;68;67;67;72;66;71;70;27;0;0;0;0;0;0;0;5001;卢峻翔（1997年7月15日—）为台湾男子篮球运动员，场上位置为后卫，现效力于P. LEAGUE+桃园璞园领航猿。2020年于第十八季超级篮球联赛新人选秀会首轮第4顺位被桃园璞园建筑选中。
659;林信宽;Sin-Kuan LIN;3;0;7;76;70;74;70;73;57;66;60;73;74;66;63;73;69;22;0;0;0;0;0;0;0;5001;林信宽（2002年5月9日—）为台湾男子篮球运动员，场上位置为小前锋，现效力于台湾职业篮球大联盟桃园台啤永丰云豹。林信宽国二时转学进入崇伦国中才开始接受正规篮球训练，国中毕业后原先打算升学至台中高工，后在教练劝说下进入东山高中，高一即被登录在高中篮球联赛12人名单当中，共出赛17场，场均上场近17分钟，缴出5.5分、5.6篮板、0.6助攻与0.7抄截的表现，球队有打进四强但该届新人王从缺。大学进入国立台湾师范大学就读，2020年夏天入选中华男篮U18培训队。2022年2月代表中华台北征战2023年世界杯亚洲区资格赛第一轮第一、二阶段。2022年夏天入选中华培训队参加BE HEROES篮球经典赛与跨联盟篮球邀请赛。2023年7月14日，林信宽在T1联盟新人选秀会被台啤云豹以状元签选中。7月20日，林信宽与台啤云豹完成签约。10月1日，林信宽代表中华台北在亚运三对三篮球赛夺下金牌。
660;雷蒙恩;Sam Manu;3;2;7;81;64;80;68;64;49;65;67;60;78;63;61;75;69;24;0;0;0;0;0;0;0;5001;雷蒙恩（英语：Samuel Manu，直译：塞缪尔·马努，2000年9月24日—）为台湾男子篮球运动员，场上位置为后卫，现效力于台湾职业篮球大联盟台北台新战神。
661;蓝少甫;Shao Fu Lan;4;5;8;84;63;77;62;63;52;64;76;60;72;64;65;73;69;27;0;0;0;0;0;0;0;5001;蓝少甫（1997年3月21日—）为台湾男子篮球运动员，场上位置为中锋，现效力于超级篮球联赛裕隆集团。
662;林正;Cheng Lin;5;0;7;75;61;60;69;69;63;68;71;66;61;69;67;66;68;24;0;0;0;0;0;0;0;5001;林正（2000年7月25日—）是台湾男子篮球运动员，主打中锋位置，现效力于P. LEAGUE+桃园璞园领航猿。
663;埃米特-阿代尔;Emmett Adair;3;0;8;78;66;72;69;66;53;59;72;64;72;68;63;73;68;19;8;0;0;0;0;0;0;5001;0
664;卢克-芬内尔;Luke Fennell;1;2;8;63;67;57;66;72;76;72;57;69;63;64;72;64;68;18;0;0;0;0;0;0;0;5001;0
665;雅各布-弗菲;Jacob Furphy;2;0;8;63;79;65;60;68;73;75;52;72;64;57;69;67;68;18;0;0;0;0;0;0;0;5001;0
666;本-格里斯蒂;Ben Griscti;5;0;8;74;59;78;68;71;53;69;69;61;79;64;65;70;68;22;0;0;0;0;0;0;0;5001;0
667;法比安-克尔斯洛维奇;Fabijan Krslovic;4;0;8;63;73;62;73;74;61;60;72;69;67;68;66;67;68;29;0;0;0;0;0;0;0;5001;法比扬-克尔斯洛维奇（Fabijan Krslovic，生于 1995 年 6 月 23 日），澳大利亚职业篮球运动员，现效力于澳大利亚国家篮球联赛（NBL）塔斯马尼亚跳投队。他曾在蒙大拿大学打大学篮球。
668;尼克-马歇尔;Nick Marshall;2;3;8;78;69;73;65;68;65;59;64;71;71;68;63;72;68;25;0;0;0;0;0;0;0;5001;0
669;尼克-凯;Nick Kay;4;5;9;66;79;60;67;64;75;64;56;77;61;67;65;70;68;32;0;0;0;0;0;0;0;5001;尼古拉斯-科林-凯（Nicholas Colin Kay，1992 年 8 月 3 日出生），澳大利亚职业篮球运动员，现效力于日本乙级联赛岛根县须佐之男魔术队。他曾在大学篮球队 Metro State Roadrunners 打球，之后开始了他在国家篮球联赛（NBL）的职业生涯。他曾在 2019 年和 2020 年随珀斯野猫队两次夺得 NBL 总冠军。2019 年，他还在惠灵顿圣徒队赢得了新西兰 NBL 总冠军和联赛 MVP 荣誉。2021 年，他随澳大利亚国家队获得东京奥运会铜牌。
670;米奇-麦卡伦;Mitch McCarron;2;0;9;67;67;69;53;72;74;67;58;66;69;55;69;64;67;32;0;0;0;0;0;0;0;5001;米切尔-詹姆斯-罗伯特-麦卡伦（Mitchell James Robert McCarron）（1992 年 6 月 30 日出生）是澳大利亚职业篮球运动员，现效力于澳大利亚全国篮球联赛（NBL）新西兰闯入者队。
671;米奇-诺顿;Mitch Norton;1;0;8;69;69;65;60;72;67;71;59;68;63;64;68;65;67;31;0;0;0;0;0;0;0;5001;米切尔-罗伯特-诺顿（Mitchell Robert Norton）（1993 年 4 月 1 日出生），澳大利亚职业篮球运动员，现效力于澳大利亚全国篮球联赛（NBL）布里斯班子弹队。他的 NBL 职业生涯始于 2011 年的汤斯维尔鳄鱼队（Townsville Crocodiles），后因家乡球队倒闭而于 2016 年加盟伊拉瓦拉老鹰队（Illawarra Hawks）。在老鹰队效力两个赛季后，他加入了珀斯野猫队，并在五个赛季中赢得了两次 NBL 总冠军。他还曾效力于昆士兰篮球联赛（Queensland Basketball League）的汤斯维尔热队（Townsville Heat）和新西兰NBL联赛（New Zealand NBL）的南兰鲨鱼队（Southland Sharks）。
672;大卫-奥奎拉;David Okwera;4;0;8;60;70;71;63;69;70;72;52;72;71;64;67;68;67;22;0;0;0;0;0;0;0;5001;维纳-大卫-奥克拉（Wena David Okwera）（2002 年 7 月 31 日出生），澳大利亚职业篮球运动员，现效力于澳大利亚国家篮球联赛（NBL）珀斯野猫队。2021 年，他首次代表墨尔本联队参加 NBL 联赛，并首次代表澳大利亚 Boomers 队参加国际比赛。
673;以利亚-佩珀;Elijah Pepper;2;0;8;70;62;64;67;67;72;71;60;67;63;69;67;65;67;23;0;0;0;0;0;0;0;5001;伊利亚-佩珀（Elijah Pepper）（2001 年 5 月 8 日出生）是一名澳裔美国篮球运动员，效力于澳大利亚全国篮球联赛（NBL）的珀斯野猫队。他曾效力于加州大学戴维斯分校，并在 2024 年获得大西部年度最佳球员。
674;艾萨克-怀特;Isaac White;1;0;8;80;71;76;70;56;49;55;72;69;70;67;57;76;67;26;0;0;0;0;0;0;0;5001;艾萨克-刘易斯-怀特（Isaac Lewis White，出生于 1998 年 6 月 22 日）是澳大利亚职业篮球运动员，现效力于澳大利亚国家篮球联赛（NBL）布里斯班子弹队。他还与 NBL1 西部的罗金汉姆火焰队（Rockingham Flames）签有合同。他曾在斯坦福大学红衣主教队打了三个赛季的大学篮球，毕业后签约到澳大利亚打职业篮球。
675;津屋一球;Kazuma Tsuya;2;0;8;80;69;70;65;69;53;58;68;68;74;69;61;72;67;23;0;0;0;0;0;0;0;5001;津谷和马是一名篮球运动员，出生于 1998 年 6 月 7 日。身高六英尺八英寸。他是一名小前锋，最近效力于日本 B1 联赛的 San-en NeoPhoenix 队。
676;金近廉;Ren Kanechika;3;0;8;70;74;63;59;64;63;76;55;75;63;59;65;68;66;21;0;0;0;0;0;0;0;5001;Ren Kanechika 今年 21 岁（2003 年 3 月 11 日），身高 196 厘米，效力于千叶喷气机船桥队。
677;细川一辉;Kazuki Hosokawa;2;1;8;71;68;65;57;77;64;68;57;71;62;60;67;65;66;27;0;0;0;0;0;0;0;5001;0
678;赤穂雷太;Raita Akaho;2;0;8;78;57;77;63;72;62;53;70;64;76;60;64;69;66;26;0;0;0;0;0;0;0;5001;0
679;尼古拉斯-布鲁西诺;Nicolas Brussino;3;0;8;76;55;77;63;63;62;61;69;61;75;61;63;69;66;31;0;0;0;0;0;0;0;2963;尼古拉斯-“尼科”-布鲁西诺（Nicolás “Nico” Brussino，1993 年 3 月 2 日出生）是一名阿根廷籍意大利职业篮球运动员，效力于西班牙 ACB 联盟大加那利岛队。他还代表阿根廷国家队参加国际比赛。他身高 2.01 米（6 英尺 7 英寸），司职小前锋。
910;大卫-琼斯;David Jones;1;0;6;69;59;65;55;63;48;63;74;59;64;58;61;63;62;22;0;0;0;0;0;0;202400;3239;大卫-阿波利纳尔-琼斯-加西亚（David Apolinar Jones García，出生于 2001 年 11 月 24 日）是一名多米尼加职业篮球运动员，现效力于 NBA G 联盟墨西哥城凯帕坦队。他曾在德保罗蓝魔队、圣约翰红色风暴队和孟菲斯老虎队打过大学篮球。他代表多米尼加共和国参加国际篮联赛事。
680;彼得-科尔纳利;Petr Cornelie;4;5;8;68;72;73;72;65;63;53;70;68;74;67;61;71;66;29;0;0;0;0;0;0;0;1920;彼得-威廉-科内利（Petr William Cornelie，1995 年 7 月 26 日出生）是一名法国职业篮球运动员，现效力于法国 LNB 职业甲级联赛和欧洲联赛的 AS 摩纳哥队。他身高 210 厘米（6'11''），司职大前锋和中锋。科内利在 2016 年 NBA 选秀大会第 53 顺位被丹佛掘金队选中。
681;纳兹-米特鲁-朗;Nazareth Mitrou-Long;1;2;7;74;68;77;68;63;54;64;65;63;75;68;60;72;66;31;0;0;0;0;0;0;0;2038;纳萨雷斯-泽西-米特罗-龙（Nazareth Jersey Mitrou-Long，1993 年 8 月 3 日出生）是一名加拿大籍希腊职业篮球运动员，效力于希腊篮球联赛和欧洲联赛的奥林匹亚科斯队。他曾在爱荷华州立独行侠队打大学篮球。他出生于安大略省密西沙加市，在家乡的迈克尔-戈兹神父中学打篮球。2012 年，他开始为爱荷华州立大学打大学篮球。他曾代表萨克拉门托国王队参加 2017 年 NBA 夏季联赛。之后，他在犹他爵士队和印第安纳步行者队一共打了 20 场常规赛。
682;达梅-萨尔;Elhadji Dame Sarr;2;3;9;71;62;75;65;65;62;60;64;63;75;67;61;68;65;18;0;0;0;0;0;0;0;5001;Elhadji Dame Sarr（生于 2006 年 6 月 4 日）是一名意大利职业篮球运动员，效力于西班牙 ACB 联赛和欧洲联赛的巴塞罗那足球俱乐部。他还曾代表意大利国家队出战。萨尔身高 6 英尺 6 英寸（1.98 米），司职投篮后卫。
683;伊赞-阿尔曼萨;Izan Almansa;4;5;8;78;60;71;66;69;57;56;71;63;69;63;63;68;65;19;0;0;0;0;0;0;0;5001;伊赞-阿尔曼萨-佩雷斯（Izan Almansa Pérez，生于 2005 年 6 月 7 日）是一名西班牙职业篮球运动员，现效力于澳大利亚全国篮球联赛（NBL）珀斯野猫队。
684;阿特-马朱克;Ater Majok;4;5;8;62;75;63;58;66;69;62;62;76;65;65;64;66;65;37;0;0;0;0;0;0;0;1271;Ater James “AJ” Majok（生于 1987 年 7 月 4 日）是一名职业篮球运动员，效力于 KBF 超级联赛的内罗毕雷霆队。马约克出生于苏丹，在澳大利亚长大，代表黎巴嫩参加国际比赛。在 2011 年 NBA 选秀大会上，他在总第 58 顺位被洛杉矶湖人队选中。马约克身高 6 英尺 11 英寸（2.11 米），主要以运动和防守能力见长。他是 2022 年巴勒莫年度最佳防守球员。
685;泰-温亚德;Tai Wynyard;4;5;8;71;68;78;71;65;50;61;60;63;78;70;56;72;65;27;0;0;0;0;0;0;0;5001;Tai Hikuroa Wynyard（出生于 1998 年 2 月 5 日）是一名新西兰职业篮球运动员，效力于澳大利亚全国篮球联赛（NBL）的新西兰闯入者队。他的职业生涯开始于自己的祖国，曾效力于澳大利亚 NBL 的 Breakers 队和新西兰 NBL 的 Super City Rangers 队。在美国肯塔基大学打了两年大学篮球后，温亚德重返澳大利亚和新西兰 NBL。
421;林逸锋;Lin Yifeng;3;4;8;62;72;72;61;73;71;73;55;69;70;56;64;68;67;18;0;0;0;1;0;0;0;5001;今天，CBA官方更新了新赛季浙江男篮注册信息。其中，李洪波和林逸锋上调A队，分别签下3年和4年的A1类合同。
471;侯孟泽;Hou Mengze;1;2;8;62;72;72;61;73;71;73;55;69;70;56;65;66;65;21;0;0;0;1;0;0;0;5001;侯孟泽，生于2006年，担任组织后卫，于2022年由大球中心教练员王鹏从沧州市体育局选招进入省队，作为重点队员进行培养。2023年，大球中心与浙江广厦篮球俱乐部签订战略合作协议，侯孟泽随之进入浙江广厦篮球俱乐部青训体系。其凭借出色的球商和持续不懈的努力，迅速成长，成功晋升至浙江广厦一线队。代表河北队获得中华人民共和国第一届青少年三大球运动会男子篮球18岁以下组第四名。取得了近几年河北男篮最好成绩。
686;崔新泉;Cui Xinquan;3;4;9;57;74;68;57;74;64;65;62;72;69;58;66;64;65;19;0;0;0;0;0;0;0;5001;崔新泉，男，2006年2月7日出生，中国篮球运动员，司职前锋。
687;周可梵;Zhou Kefan;4;5;8;60;65;62;67;74;66;67;65;66;66;62;68;63;65;19;0;0;0;0;0;0;0;5001;0
511;彰华非;Changhua Fei;2;3;9;62;72;72;61;73;71;73;55;69;70;56;64;67;65;19;0;0;0;1;0;0;0;5001;彰华非，男，2006年2月24日出生，中国篮球运动员，司职前锋。
688;冯小宇;Feng Xiaoyu;3;4;8;62;67;65;57;71;67;68;57;69;65;60;66;63;65;19;0;0;0;0;0;0;0;5001;0
689;郭丰玮;Guo Fengwei;5;0;8;64;70;55;68;63;71;69;61;71;57;68;66;65;65;19;0;0;0;0;0;0;0;5001;近日上海队宣布将会参加2023年的全国U19联赛，这一次他们的球队阵容中多了一名身高2米25的超级内线球员郭丰玮，据悉双方已经完成了签约，郭丰玮这名球员一直名声在外，他的身高来到了2米25，臂展数据为2米23，虽然他的身体天赋和周琦的差距比较大，但郭丰玮也算是一名值得培养的内线球员，现在上海队中并不存在一名身高超过2米20的内线球员。
690;朱正;Jacob Zhu;1;2;9;66;68;55;65;67;74;63;53;67;56;63;65;63;64;18;0;0;0;0;0;0;0;5001;朱正，出生于2007年7月，身高183cm，司职后卫，目前就读于Next Level Academy 高三。PrepHoops网站2026届佐治亚州第一控卫。朱正的父亲是福建人，母亲是牙买加人。据此前消息，朱正在上海男篮的协助下已完成归国华侨落户工作，目前已经在中国篮协注册，国籍为中国，今年将代表上海出战全运会。
691;冯傲;Feng Ao;2;1;9;75;59;61;74;64;55;59;69;65;60;68;59;66;64;19;0;0;0;0;0;0;0;5001;冯傲，2006年4月23日出生于吉林省长春市，中非混血，中国男子篮球运动员，效力于新疆广汇青年队，曾在2021-2022赛季凯迪拉克中国初中篮球联赛吉林省基层赛单场砍下51分。
692;冯熙瑞;Feng Xirui;4;5;8;70;70;58;58;64;65;73;53;69;63;62;64;65;64;19;0;0;0;0;0;0;0;5001;冯熙瑞U16世青赛出场时间全队第11、效率值第7、得分第9，场均4.2分1.8篮板1.3助攻。接着入选了今年U18男篮亚青赛第二期集训名单。
693;李新航;Li Xinhang;4;0;8;59;70;66;60;62;65;75;55;69;67;64;64;65;64;19;0;0;0;0;0;0;0;5001;李新航，2006年2月出生，小学就读于南阳市三十中学校小学部，初中就读于南阳市实验中学。自幼在南阳市体校训练，目前身高203厘米，司职四号位，内线技术扎实细腻，身体素质出众，篮板封盖尤为出色。2024年7月，入选U18国家男篮集训队；2024年11月，获得全国第一届青少年三大球运动会男子篮球冠军；2024年，参加第三十二届中日韩青少年运动会；2024年，获得U17传统校决赛男子组第五名；2024年，获得全国U19预赛男子组第六名；2023年，获得全国U17传统校决赛男子组第五名；2023年，获得全国U17篮校杯决赛男子组第五名。
694;陈潇毅;Chen Xiaoyi;3;4;8;67;73;58;59;73;58;62;63;68;62;64;63;63;64;18;0;0;0;0;0;0;0;5001;陈潇毅（Chen Xiaoyi），男，2007年3月19日出生，中国篮球运动员，司职前锋，效力于深圳新世纪烈豹俱乐部。
695;代彦龙;Dai Yanlong;5;0;8;59;78;59;54;62;70;69;54;79;63;55;64;65;64;18;0;0;0;0;0;0;0;5001;代彦龙是07年生球员，身高达到210公分，体重113公斤，场上司职中锋，有投篮能力，防守覆盖面大。代彦龙在青年队的比赛中展现潜力，曾被球队送去美国培养，于去年夏天回国。回来后，代彦龙随队打了不少比赛，由于表现不错入选了国青U19大名单，目前一直随队训练。
696;吴嘉浩;Wu Jiahao;5;0;8;56;71;58;68;74;62;67;61;67;59;66;66;62;64;32;0;0;0;0;0;0;0;5001;0
512;徐昕;Xu Xin;5;0;7;65;89;44;69;58;90;85;73;86;62;70;60;66;63;20;3;0;0;2;0;0;202100;5001;徐昕（Xu Xin），2003年12月23日出生于北京市，中国篮球运动员，场上司职中锋，现效力于广东宏远华南虎俱乐部。
108;雷蒙;Lei Meng;3;0;7;68;63;80;85;78;67;66;71;66;73;71;79;75;78;28;9;中国;1;4;0;0;201500;3335;雷蒙，1995年8月4日出生于辽宁省大连市，中国职业篮球运动员，司职得分后卫，效力于CBA北京首钢篮球俱乐部。
525;王浩然;WangHaoRan;4;0;7;70;84;73;69;78;71;68;71;75;73;70;75;74;75;19;2;0;0;3;0;0;202200;2943;王浩然，2004年11月2日出生于广东中山市小榄镇，中国篮球运动员，司职大前锋，现效力于CBA深圳马可波罗队。
490;刘金雨;Jin Yu Liu;3;2;7;66;70;73;60;64;66;65;71;66;70;66;64;64;65;19;0;0;0;4;0;0;202400;5001;刘金雨，男，2005年2月10日出生于辽宁省铁岭市，中国篮球运动员，司职锋位，现效力于福建鲟浔兴俱乐部。
546;李祥波;lixiangbo;3;4;7;68;77;62;69;78;71;75;72;74;65;69;71;76;75;24;6;中国;1;1;0;0;202429;3336;李祥波，男，山东省潍坊市寿光市田柳镇坡里村人，中国篮球运动员，出生于1999年10月22日，身高201cm，司职大前锋，现效力于广州龙狮队，U17国青男篮队员。
697;王俊杰;Wang Junjie;3;4;9;59;78;84;82;84;71;73;74;73;77;75;66;62;64;20;0;中国;1;0;0;0;0;2945;王俊杰，2005年4月3日出生，中国篮球运动员，司职前锋，效力于旧金山大学男篮。
698;杨溢;Yi Yang;1;2;9;69;65;57;70;66;66;65;57;66;63;70;62;65;64;19;0;0;0;0;0;0;0;5001;0杨溢，男，2006年6月22日出生，中国篮球运动员，司职后卫，现效力于广东宏远华南虎俱乐部。
699;陈家政;Jiazheng Chen;3;4;9;66;62;65;54;74;73;61;60;64;61;58;67;59;64;19;0;0;0;0;0;0;0;5001;陈家政，男，2006年1月21日出生于山东省临沂市，司职前锋，中国男子篮球运动员，现效力于广东宏远男篮俱乐部。
700;郇斯枫;Sifeng Huan;5;0;9;64;74;59;59;76;65;60;55;69;61;60;64;63;64;18;0;0;0;0;0;0;0;5001;郇斯枫，2007年5月8日出生，中国篮球运动员，司职中锋。
701;王洪泽;Hongze Wang;5;0;9;60;65;63;58;63;77;67;61;64;62;61;68;61;64;19;0;0;0;0;0;0;0;5001;王洪泽（Wang Hongze），男，2007年6月7日出生，中国篮球运动员，司职中锋，效力于广东宏远篮球俱乐部。
702;阿尔贝托-阿巴尔德;Alberto Abalde;3;0;8;68;65;79;57;57;51;62;73;66;74;59;59;67;63;29;0;0;0;0;0;0;0;5001;阿尔贝托-阿巴尔德-迪亚斯（Alberto Abalde Díaz，生于 1995 年 12 月 15 日），西班牙职业篮球运动员，效力于西班牙 ACB 联盟皇家马德里队和欧洲联赛。他曾入选过西班牙 18 岁以下和 20 岁以下国家队，并在国际赛场上获得过铜牌和银牌。他还随高级国家队参加了 2020 年夏季奥运会。
703;塞尔吉奥·代-拉雷亚;Sergio de Larrea;1;0;9;59;75;65;66;65;64;62;46;76;65;61;58;68;63;19;0;0;0;0;0;0;0;5001;塞尔吉奥-德-拉雷亚-阿森霍（Sergio de Larrea Asenjo，生于 2005 年 12 月 4 日）是西班牙职业篮球运动员，效力于西班牙 ACB 联盟瓦伦西亚队。
704;伊莱-恩迪亚耶;Eli Ndiaye;4;0;8;65;60;76;65;69;51;61;68;63;72;61;61;65;63;21;0;0;0;0;0;0;0;3322;伊莱-约翰-恩迪亚耶-法耶（Eli John Ndiaye Faye）（2004 年 6 月 26 日出生）是一名塞内加尔-西班牙籍职业篮球运动员，现效力于美国国家篮球协会（NBA）亚特兰大老鹰队，与 NBA G 联盟的学院公园天鹰队（College Park Skyhawks）签有双向合同。
705;海梅-普拉迪利亚;Jaime Pradilla;4;5;8;60;72;70;66;60;54;67;61;70;71;67;58;67;63;24;0;0;0;0;0;0;0;5001;海梅-普拉迪拉-加扬（Jaime Pradilla Gayán）（2001 年 1 月 3 日出生）是西班牙职业篮球运动员，效力于西班牙 ACB 联盟瓦伦西亚队。他还代表西班牙国家队参加国际比赛。
706;何塞普-珀珀托;Josep Puerto;3;0;5;69;57;77;69;68;56;52;59;61;77;69;56;69;63;26;0;0;0;0;0;0;0;5001;Josep Puerto Guaita（1999 年 3 月 8 日出生于巴伦西亚的阿尔穆萨费斯）是一名西班牙篮球运动员，现效力于 ACB 联盟的巴伦西亚篮网。他身高 2.02 米，司职小前锋。
707;扬库巴-西马;Yankuba Sima;5;0;8;56;66;62;60;66;71;72;52;67;57;61;66;60;63;28;0;0;0;0;0;0;0;5001;Yankuba Sima Fatty（1996 年 7 月 28 日出生），冈比亚-西班牙籍职业篮球运动员，效力于西班牙 ACB 联赛马拉加 Unicaja 队。他还曾代表西班牙国家队参加国际比赛。西玛身高 6 英尺 11 英寸（2.11 米），司职中锋。
708;圣地亚哥-尤斯塔;Santiago Yusta;5;4;8;64;74;55;59;61;74;61;52;75;59;60;62;64;63;28;0;0;0;0;0;0;0;5001;圣地亚哥-尤斯塔-加西亚（Santiago Yusta García，生于 1997 年 4 月 28 日）是西班牙职业篮球运动员，现效力于 ACB 联盟的萨拉戈萨卡萨德蒙特队。
201;穆萨-迪亚巴特;Moussa Diabaté;5;4;7;52;80;63;65;83;78;88;68;80;60;48;65;85;76;25;0;0;0;0;0;0;936;穆萨·迪亚巴特（Moussa Diabaté，2002年1月21日出生）是一名法国职业篮球运动员，效力于美国职业篮球联赛（NBA）夏洛特黄蜂队。他曾效力于密歇根大学狼獾队。迪亚巴特是公认的五星级新秀，也是2021届的顶级中锋之一。
709;纳迪尔-希斐;Nadir Hifi;2;1;8;69;60;63;69;67;46;56;70;64;70;68;60;66;63;23;0;0;0;0;0;0;0;5001;纳迪尔·希菲（Nadir Hifi，2002年7月16日出生）是一名法国阿尔及利亚裔篮球运动员，效力于法国LNB精英队和欧洲篮球联赛的巴黎篮球队。希菲身高6英尺1英寸（1.85米），司职得分后卫和控球后卫。
710;穆哈马杜-贾特赫;Mouhammadou Jaiteh;5;0;8;53;70;60;64;69;67;66;55;69;63;61;64;62;63;30;0;0;0;0;0;0;0;5001;Mouhammadou Einstein Jaiteh（生于 1994 年 11 月 27 日），俗称 Mam Jaiteh，是一名法国职业篮球运动员，效力于 ABA 联盟和欧洲联赛的迪拜篮球队。他有塞内加尔和冈比亚血统。
558;杰伦-霍尔德;Jaylen Hoard;4;3;6;59;79;65;78;77;70;79;71;66;64;70;69;76;73;26;6;0;0;0;0;201900;1067;杰伦-胡尔德（Jaylen Hoard，出生于 1999 年 3 月 30 日），法裔美国人，职业篮球运动员，效力于以色列超级联赛和欧洲联赛的特拉维夫马卡比队。他曾在维克森林恶魔执事队（Wake Forest Demon Deacons）打过大学篮球。他出生于法国勒阿弗尔，在巴黎的 INSEP 开始了职业生涯，曾在国家男子篮球联赛（NM1）的业余俱乐部 Centre Fédéral de Basket-ball 参加比赛。转学到北卡罗来纳州高点市的卫斯理基督教学院（Wesleyan Christian Academy）后，他成为 2018 届最炙手可热的新秀之一，并被公认为五星新秀。
252;比拉尔-库利巴利;Bilal Coulibaly;3;2;8;72;80;71;74;86;73;74;79;79;74;73;76;82;80;21;2;法国;22;0;0;0;202307;2914;比拉勒-库里巴利（Bilal Coulibaly，2004 年 7 月 26 日出生），法国职业篮球运动员，现效力于美国国家篮球协会（NBA）华盛顿奇才队。在 2023 年 NBA 选秀大会上，他在第七顺位被印第安纳步行者队选中。库利巴利还曾为法国国家队效力，并在 2024 年夏季奥运会上获得银牌。
425;奥斯曼-迪昂;Ousmane Dieng;4;5;7;68;72;69;72;77;71;69;68;72;70;69;71;73;72;22;3;0;0;0;0;0;202211;440;奥斯曼-迪昂（2003 年 5 月 21 日出生），法国职业篮球运动员，现效力于美国国家篮球协会（NBA）俄克拉荷马雷霆队。
186;扎卡里-里萨谢;Zaccharie Risacher;3;4;8;63;77;73;70;82;72;70;73;78;76;70;72;76;75;19;1;0;0;0;0;0;202401;2898;扎卡里-里萨切尔（Zaccharie Risacher，2005 年 4 月 8 日出生），西班牙籍法国职业篮球运动员，现效力于美国国家篮球协会（NBA）亚特兰大老鹰队。他在 2024 年 NBA 选秀大会上被亚特兰大老鹰队以总选秀权第一顺位选中。
255;亚历山大-萨尔;Alexandre Sarr;5;4;9;61;75;70;63;83;81;78;71;78;75;66;71;83;77;19;1;0;0;0;0;0;202402;2009;亚历山大-达姆-萨尔（/sɑːr/ SAR，法语发音：[alɛksɑ̃dʁ saʁ]；生于 2005 年 4 月 26 日）是一名法国职业篮球运动员，现效力于美国国家篮球协会（NBA）华盛顿奇才队，司职中锋。萨尔曾效力于法国青年国家队和澳大利亚全国篮球联赛（NBL）的珀斯野猫队，后在 2024 年 NBA 选秀大会上被奇才队以第二顺位选中。他是篮球运动员奥利维耶-萨尔的弟弟。
711;克里斯蒂安-安德森;Christian Anderson;1;0;8;80;68;71;59;56;55;64;59;62;66;59;55;70;63;19;0;0;0;0;0;0;0;5001;小克里斯蒂安-安德森（Christian Anderson Jr.，出生于 2006 年 4 月 2 日）是一名德裔美国大学生篮球运动员，现效力于美国 12 大联盟的德克萨斯理工大学红色突击队。
242;特里斯坦-达-席尔瓦;Tristan da Silva;3;4;7;61;72;75;72;77;70;70;72;73;75;70;70;74;73;22;0;0;0;0;0;0;202418;3148;特里斯坦-达席尔瓦（Tristan da Silva，2001 年 5 月 15 日出生）是一名德国裔巴西篮球运动员，现效力于美国国家篮球协会（NBA）的奥兰多魔术队。他曾在科罗拉多野牛队打大学篮球。
712;莱昂-克拉策;Leon Kratzer;5;0;8;60;64;56;61;65;70;72;51;69;61;61;65;61;63;28;0;0;0;0;0;0;0;5001;莱昂-克拉泽（Leon Kratzer，1997 年 2 月 4 日出生）是德国职业篮球运动员，现效力于德国篮球甲级联赛（BBL）和欧洲联赛拜仁慕尼黑队。
713;蒂姆-施奈德;Tim Schneider;4;0;8;71;67;69;61;61;54;67;65;63;65;60;59;64;63;27;0;0;0;0;0;0;0;5001;蒂姆-施耐德（Tim Schneider）（1997 年 9 月 1 日出生）是德国职业篮球运动员，现效力于德国篮球甲级联赛（BBL）和欧洲篮球联赛（EuroLeague）的柏林阿尔巴队。
714;尼尔森-魏德曼;Nelson Weidemann;1;0;8;60;69;54;57;71;73;57;52;71;56;60;63;60;62;26;0;0;0;0;0;0;0;5001;尼尔森-杰雷米亚斯-魏德曼（Nelson Jeremias Weidemann，1999 年 3 月 25 日出生）是一名德国职业篮球运动员，现效力于德国篮球甲级联赛（BBL）乌尔姆拉托法姆队。他司职控球后卫。
715;内奥克利斯-阿夫扎拉斯;Neoklis Avdalas;3;1;8;72;59;64;64;68;49;64;65;57;68;61;61;64;62;19;0;0;0;0;0;0;0;5001;Neoklis “Neo” Avdalas（希腊语：Νεοκλής “Νεο ”Αβδάλας；出生于 2006 年 2 月 4 日）是一名希腊大学篮球运动员，现效力于大西洋海岸联盟的弗吉尼亚理工大学北基队。他身高 2.03 米（6 英尺 8 英寸），可以胜任控球后卫、投篮后卫和小前锋等位置。他是前篮球运动员迪米特里斯-阿夫达拉斯（Dimitris Avdalas）的小儿子。
716;纳索斯-巴齐纳斯;Nasos Bazinas;1;0;8;72;66;72;59;57;56;56;64;61;73;63;55;68;62;21;0;0;0;0;0;0;0;5001;0
717;尼科斯-胡格卡兹;Nikos Chougkaz;4;0;8;59;66;57;58;66;73;66;48;67;58;60;64;59;62;24;0;0;0;0;0;0;0;5001;尼古拉斯-丘卡兹（Nikolaos Chougkaz，另一种拼写：Chougaz、Hougkaz、Hougaz）（2000 年 10 月 4 日出生）是一名希腊职业篮球运动员，效力于西班牙 ACB 联盟安道尔队。他身高 6 英尺 10 英寸（2.08 米），司职大前锋。
179;泰勒-多尔西;Tyler Dorsey;2;1;10;62;74;75;70;72;40;58;58;62;77;58;68;55;62;27;1;老鹰;11;1;1100000;0;0;0;1781;泰勒-昆西-多西（希腊语：Τάιλερ Κουίνσι Ντόρσεϊ, Tailer Kouinsy Ntorsey；1996 年 2 月 18 日）是一名美籍希腊职业篮球运动员，效力于希腊篮球联赛和欧洲联赛的奥林匹亚科斯队。他司职投篮后卫。从加利福尼亚州帕萨迪纳的马拉纳塔高中毕业后，他在俄勒冈鸭子队打大学篮球。
718;安东尼奥斯-卡拉吉安尼蒂斯;Antonios Karagiannidis;5;0;8;63;72;59;61;62;73;59;51;73;62;63;60;64;62;23;0;0;0;0;0;0;0;5001;0
719;迪米特里奥斯-卡其维里斯;Dimitrios Katsivelis;1;0;8;60;68;56;68;70;66;60;56;70;62;70;61;62;62;33;0;0;0;0;0;0;0;5001;Dimitrios Katsivelis（另一种拼写：Dimitris）（希腊语：Δημήτρης Κατσίβελης；生于 1991 年 10 月 1 日）是一名希腊职业篮球运动员，效力于希腊篮球联赛和篮球冠军联赛（BCL）的雅典 AEK 队。他身高 1.98 米（6 英尺 6 英寸），体重 96 公斤（212 磅），是一名控球后卫。
720;莱夫特里斯-利奥托普洛斯;Lefteris Liotopoulos;1;2;8;60;59;70;61;65;58;66;65;60;66;63;62;60;62;31;0;0;0;0;0;0;0;5001;0
721;奥马尔-内齐波格罗;Omer Netzipoglou;3;2;8;64;67;75;62;65;56;60;61;66;70;58;58;65;62;22;0;0;0;0;0;0;0;5001;奥米罗斯-内齐波格鲁（希腊语：Όμηρος Νετζήπογλου, 2002 年 11 月 18 日出生）是一名希腊职业篮球运动员，效力于希腊篮球联赛和欧洲联赛的奥林匹亚科斯队。他司职投篮后卫和小前锋。
722;亚历山大-尼古拉伊迪斯;Alexandros Nikolaidis;1;2;8;67;70;69;65;58;52;55;72;65;73;67;57;67;62;22;0;0;0;0;0;0;0;5001;亚历山大-尼古拉伊迪斯（希腊语：Αλέξανδρος Νικολαΐδης），2002 年 8 月 21 日出生，希腊职业篮球运动员，效力于希腊篮球联赛马鲁西队。他身高 1.90 米（6'2 3⁄4"），是一名组合型后卫。
723;亚历山大-萨莫杜罗夫;Alexandros Samodurov;4;0;8;65;63;53;60;63;74;68;57;62;55;56;66;58;62;20;0;0;0;0;0;0;0;5001;亚历山大-萨蒙托罗夫（希腊语：Αλέξανδρος Σαμοντούροβ；生于 2005 年 4 月 20 日）是一名格鲁吉亚-希腊职业篮球运动员，现效力于希腊篮球联赛（GBL）和欧洲联赛的帕纳辛纳科斯队。他身高 2.10 米（6 英尺 11 英寸），是一名大前锋。
724;科斯塔斯·斯洛卡斯;Kostas Sloukas;1;2;9;64;68;58;62;65;58;68;65;62;62;60;62;60;62;35;0;0;0;0;0;0;0;5001;康斯坦丁诺斯-“科斯塔斯”-斯劳卡斯（希腊语：Κωνσταντίνος Σλούκας；生于 1990 年 1 月 15 日），希腊职业篮球运动员，希腊篮球联赛（GBL）和欧洲联赛帕纳辛纳科斯队队长。他还是希腊篮球国家队的常客。科斯塔斯-斯劳卡斯是一名左撇子，身高 1.90 米（6 英尺 3 英寸）[1][2] 组合型后卫，是他这一代人中在欧洲联赛中表现最出色的球员之一。
725;范吉利斯-祖格里斯;Vangelis Zougris;5;0;8;55;73;65;57;62;74;61;50;72;65;59;61;62;61;20;0;0;0;0;0;0;0;5001;Evangelos “Vangelis” Zougris（希腊语：Ευάγγελος “Βαγγέλης” Ζούγρης, 交替拼写： 2004年10月14日出生），希腊职业篮球运动员，效力于希腊篮球联赛（GBL）的佩里斯特里队。祖格里斯还曾代表希腊国家队出战。祖格里斯的主要位置是中锋。
726;狩野富成;Toyoshige Kano;5;0;8;71;59;68;64;60;51;52;72;60;65;62;58;64;61;23;0;0;0;0;0;0;0;5001;0
727;小约翰·哈珀;John Harper Jr.;1;0;8;69;58;66;56;64;47;67;64;63;66;57;60;62;61;22;0;0;0;0;0;0;0;5001;小约翰·劳伦斯·哈珀（日语：ハーパー・ジャン・ローレンス・ジュニア John Lawrence Jr. Harper，2003年2月9日—）是日本的职业篮球选手。出身于冲绳县，现效力B联赛的涩谷阳光摇滚，担任控球后卫。
728;达什-丹尼尔斯;Dash Daniels;1;0;9;66;68;66;57;66;66;55;57;63;65;58;59;63;61;17;0;0;0;0;0;0;0;5001;达什-丹尼尔斯（生于 2007 年 12 月 18 日）是澳大利亚职业篮球运动员，现效力于全国篮球联赛（NBL）墨尔本联合队。
729;欧文-福克沃尔;Owen Foxwell;1;2;8;70;57;74;56;66;46;53;72;59;67;56;59;63;61;21;0;0;0;0;0;0;0;5001;0
730;杰林-加洛韦;Jaylin Galloway;3;0;8;65;60;65;68;69;50;62;61;65;70;62;58;63;61;31;0;0;0;0;0;0;0;3130;杰林-加洛韦（Jaylin Galloway）（2002 年 12 月 21 日出生），澳裔美国人，职业篮球运动员，效力于 NBL1 东部的班克斯镇布鲁恩斯队。他还与全国篮球联赛（NBL）的悉尼国王队签有合同。
731;威廉-希基;William Hickey;2;1;8;64;56;78;64;59;49;66;64;57;70;65;57;64;61;26;0;0;0;0;0;0;0;5001;威廉-大卫-“达沃”-希基（William David “Davo” Hickey，1999 年 1 月 18 日出生）是澳大利亚职业篮球运动员，效力于澳大利亚国家篮球联赛（NBL）伊拉瓦拉老鹰队。2019-20 赛季，他作为墨尔本东南凤凰队（South East Melbourne Phoenix）的发展球员首次亮相 NBL。2021-22 赛季在墨尔本联队效力一个赛季后，他于 2022 年加盟伊拉瓦拉老鹰队，并帮助球队在 2025 年夺得 NBL 总冠军。自 2018 年以来，他还一直在澳大利亚各州联赛打球，2024 年在阿尔伯里沃东加强盗队（Albury Wodonga Bandits）获得了 NBL1 东部全明星五人组和年度最佳防守球员的荣誉。2025 年，他曾效力于新西兰国家篮球联赛（NZNBL）的奥克兰图塔拉队（Auckland Tuatara）。
732;肖恩-麦克唐纳;Sean Macdonald;2;1;8;63;61;54;52;72;73;66;46;67;53;53;66;56;61;25;0;0;0;0;0;0;0;5001;肖恩-马修-麦克唐纳（Sean Matthew Macdonald）（2000 年 4 月 21 日出生）是澳大利亚职业篮球运动员，效力于新西兰全国篮球联赛（NZNBL）坎特伯雷公羊队。他还与全国篮球联赛（NBL）的塔斯马尼亚跳跳鱼队（Tasmania JackJumpers）签有合同。他于 2021 年作为发展球员加入 JackJumpers。2024 年，他获得了 NBL 最有进步球员奖，并帮助 JackJumpers 赢得了 NBL 总冠军。
733;雷恩-史密斯;Reyne Smith;2;0;8;70;67;66;62;64;53;49;70;62;71;59;57;65;61;22;0;0;0;0;0;0;0;5001;雷恩-史密斯（Reyne Smith，2002 年 10 月 28 日出生）是澳大利亚职业篮球运动员。他曾在大学篮球队查尔斯顿美洲狮队和路易斯维尔红雀队效力。
734;哈利-韦塞尔斯;Harry Wessels;3;4;8;68;72;60;58;62;65;60;51;69;59;57;58;64;61;23;0;0;0;0;0;0;0;5001;0
207;戴德里克-劳森;DEDRIC LAWSON;4;0;8;82;90;83;80;87;73;88;79;89;82;78;90;87;88;27;0;新疆;11;1;0;0;0;5001;戴德里克-尼古拉斯-劳森（Dedric Nicholaus Lawson）（1997 年 10 月 1 日出生），美籍黎巴嫩裔职业篮球运动员，现效力于中国篮球协会（CBA）新疆飞虎队。他曾在大学篮球队孟菲斯老虎队和堪萨斯杰鹰队效力。
168;布兰登-古德温;Brandon Goodwin;1;2;9;87;91;85;89;85;68;74;75;87;89;79;94;79;87;29;0;0;0;1;0;0;0;1820;布兰登-古德温（Brandon Goodwin，出生于 1995 年 10 月 2 日），美国出生，归化卡塔尔籍，职业篮球运动员，效力于中国篮协（CBA）山西龙狮队。他曾效力于 UCF 骑士队和佛罗里达海湾海岸老鹰队，并被后者评为 2018 年 ASUN 联盟年度最佳球员。
735;贺丹;Adam Hinton;1;2;8;64;58;70;65;70;58;55;63;61;67;61;60;62;61;22;0;0;0;0;0;0;0;5001;贺丹（英语：Adam Tsang Hinton，直译：“亚当·臧·辛顿”，2003年7月9日—）为美国男子篮球运动员，场上位置为后卫，现效力于常春藤盟校康奈尔大学。
736;贺博;Robert Hinton;2;0;8;59;57;66;55;72;70;58;57;64;59;60;64;57;61;19;0;0;0;0;0;0;0;5001;贺博（英语：Robert Tsang Hinton，直译：“罗伯特·臧·辛顿”，2006年2月20日—）为美国男子篮球运动员，场上位置为得分后卫，现效力于常春藤盟校哈佛大学。
737;卡林-戴维森;Carlin Davison;3;4;8;72;56;58;64;65;63;65;60;57;63;61;61;60;61;21;0;0;0;0;0;0;0;5001;0
733;莫哈维-金;Mojave King;2;0;8;68;72;72;61;73;71;73;55;69;70;56;66;67;67;24;2;0;0;0;0;202347;2931;莫哈韦-杰克逊-金（/məˈhɑːvi/ mə-HAH-vee；2002 年 6 月 11 日出生）是一名美籍新西兰职业篮球运动员，曾效力于新西兰全国篮球联赛（NZNBL）的陶朗加威海队。他的职业生涯始于 2020 年的澳大利亚全国篮球联赛（NBL），第一个赛季效力于凯恩斯大班队（Cairns Taipans）。在阿德莱德 36 人队效力一个赛季后，他于 2022 年加入了 NBA G 联盟 Ignite 队。在 2023 年 NBA 选秀大会上，他在总第 47 顺位被洛杉矶湖人队选中。
738;多纳特·鲁索-南斯;Dontae Russo-Nance;1;2;8;61;65;55;55;70;69;67;50;70;54;51;65;58;61;20;0;0;0;0;0;0;0;5001;唐泰-鲁索-南斯（Dontae Russo-Nance，出生于 2005 年 1 月 20 日）是一名新西兰职业篮球运动员，现效力于新西兰全国篮球联赛（NZNBL）的马纳瓦图喷气机队。他还与全国篮球联赛（NBL）的珀斯野猫队（Perth Wildcats）签有合同。2021 年和 2022 年，他在新西兰 NBL 奥克兰 Huskies/Tuatara 队打了两个赛季，并在 2022 年获得年度最佳青年球员的荣誉。在美国橡树山学院（Oak Hill Academy）效力一个赛季后，他于 2023 年 5 月与野猫队签约。
739;泰勒-布里特;Taylor Britt;1;2;8;56;64;65;59;73;66;60;55;64;62;57;63;59;61;28;0;0;0;0;0;0;0;5001;0
740;泰恩-默里;Taine Murray;2;0;8;67;56;62;71;68;55;56;63;58;67;65;58;62;61;23;0;0;0;0;0;0;0;5001;泰恩-杰克逊-穆雷（Taine Jackson Murray，2002 年 4 月 19 日出生）是新西兰职业篮球运动员，现效力于全国篮球联赛（NBL）布里斯班子弹队。他曾在弗吉尼亚骑士队（Virginia Cavaliers）打过大学篮球。
741;本-戈尔德;Ben Gold;3;4;8;56;66;66;60;61;65;62;67;65;64;61;62;59;61;22;0;0;0;0;0;0;0;5001;他身高 6'11"，体重 235 磅，是一名来自新西兰惠灵顿的前锋，在加入马奎特队之前，他曾在澳大利亚 NBA 全球学院学习。
742;杰克-安德鲁;Jack Andrew;1;2;8;59;72;65;58;66;62;62;51;68;57;57;59;62;60;24;0;0;0;0;0;0;0;5001;0
743;阿卜杜拉-奥拉朱旺;ABDULLAH OLAJUWON;1;2;8;67;64;61;55;67;54;59;65;66;58;62;59;59;60;21;0;0;0;0;0;0;0;5001;0
744;阿卜杜拉赫曼-奥拉朱旺;ABDULRAHMAN Olajuwon;2;1;8;65;59;61;66;70;62;55;59;64;60;65;59;61;60;19;0;0;0;0;0;0;0;5001;0
469;诺曼-鲍威尔;Norman Powell;2;3;9;69;77;90;85;82;67;68;72;77;91;84;85;74;80;32;10;0;0;0;0;201546;844;诺曼·W·C·鲍威尔（英语：Norman W. C. Powell，1993年5月25日—），出生于加利福尼亚州圣迭戈，现役美国职业篮球运动员，目前效力于NBA联盟的迈阿密热火，场上位置为得分后卫以及小前锋。
204;约什-奥科吉;Josh Okogie;3;2;7;62;74;73;70;81;71;73;77;73;70;65;69;78;74;27;7;0;0;0;0;201820;808;约书亚·阿洛伊·奥科吉（1998年9月1日出生）是一名尼日利亚裔美国籍职业篮球运动员，现效力于美国职业篮球联赛（NBA）休斯顿火箭队。他曾代表佐治亚理工学院黄夹克队参加大学篮球联赛，在2018年NBA选秀中以首轮第20顺位被明尼苏达森林狼队选中，效力四个赛季后于2022年加盟菲尼克斯太阳队。此外，他还代表尼日利亚国家队出战国际赛事。
745;路人;路人;2;3;8;64;59;76;62;59;55;52;67;58;71;64;55;64;60;28;0;0;0;0;0;0;0;5001;0
746;路人;路人;2;2;8;75;60;76;54;59;48;52;67;61;74;59;53;66;60;29;0;0;0;0;0;0;0;5001;0
747;路人;路人;5;0;8;57;66;59;51;65;73;68;43;64;61;54;64;57;60;26;0;0;0;0;0;0;0;5001;0
748;路人;路人;2;1;8;68;62;74;60;62;54;58;58;59;73;63;55;65;60;31;0;0;0;0;0;0;0;5001;0
749;路人;路人;2;1;8;71;67;66;53;53;52;63;69;67;68;54;57;62;60;26;0;0;0;0;0;0;0;5001;0
750;路人;路人;4;3;8;60;72;56;61;63;61;65;56;65;60;59;59;61;60;27;0;0;0;0;0;0;0;5001;0
751;路人;路人;3;3;8;64;67;58;56;68;54;59;63;62;63;64;58;60;60;29;0;0;0;0;0;0;0;5001;0
752;路人;路人;3;2;8;60;61;61;57;61;54;67;68;63;64;64;60;58;60;28;0;0;0;0;0;0;0;5001;0
753;路人;路人;1;0;8;75;66;63;68;57;50;55;61;61;62;61;52;67;60;31;0;0;0;0;0;0;0;5001;0
754;路人;路人;5;4;8;60;67;60;61;67;60;64;52;68;55;59;59;61;60;27;0;0;0;0;0;0;0;5001;0
755;路人;路人;4;3;8;63;65;62;60;72;66;55;51;66;63;59;60;61;60;27;0;0;0;0;0;0;0;5001;0
756;路人;路人;2;3;8;63;62;74;63;63;50;62;59;66;70;61;55;64;60;31;0;0;0;0;0;0;0;5001;0
757;路人;路人;2;1;8;70;67;64;67;62;47;57;61;67;66;61;53;65;60;28;0;0;0;0;0;0;0;5001;0
758;路人;路人;2;1;8;62;69;70;57;65;50;58;64;63;72;56;57;62;60;31;0;0;0;0;0;0;0;5001;0
759;路人;路人;4;4;8;53;68;62;55;59;66;67;53;70;61;55;59;58;59;27;0;0;0;0;0;0;0;5001;0
760;路人;路人;4;5;8;64;65;65;65;59;62;60;55;67;61;62;56;63;59;26;0;0;0;0;0;0;0;5001;0
761;路人;路人;4;4;8;59;60;54;63;68;69;56;59;64;60;60;62;57;59;25;0;0;0;0;0;0;0;5001;0
762;路人;路人;3;4;8;63;67;57;58;66;53;58;62;67;61;63;57;59;59;30;0;0;0;0;0;0;0;5001;0
763;路人;路人;4;4;8;65;60;65;61;62;64;59;57;66;60;58;58;61;59;29;0;0;0;0;0;0;0;5001;0
764;路人;路人;5;5;8;54;68;51;62;60;62;67;55;70;57;61;59;58;59;25;0;0;0;0;0;0;0;5001;0
765;路人;路人;4;5;8;57;63;57;67;69;61;56;57;69;61;64;58;60;59;29;0;0;0;0;0;0;0;5001;0
766;路人;路人;4;5;8;55;61;64;60;70;65;57;49;67;66;56;59;58;59;28;0;0;0;0;0;0;0;5001;0
767;路人;路人;4;3;8;68;64;59;57;64;57;66;52;64;58;58;57;60;59;28;0;0;0;0;0;0;0;5001;0
768;路人;路人;5;0;8;64;68;64;47;55;69;67;47;67;57;49;59;59;59;25;0;0;0;0;0;0;0;5001;0
769;路人;路人;2;1;8;63;59;74;54;66;62;55;55;58;74;60;56;61;59;27;0;0;0;0;0;0;0;5001;0
770;路人;路人;5;5;8;50;73;63;58;62;64;65;42;66;62;57;58;60;59;24;0;0;0;0;0;0;0;5001;0
771;路人;路人;2;3;8;65;61;64;65;56;59;61;61;58;69;66;56;62;59;26;0;0;0;0;0;0;0;5001;0
772;路人;路人;1;0;8;67;54;72;57;66;56;50;60;60;71;59;55;62;59;27;0;0;0;0;0;0;0;5001;0
773;路人;路人;5;0;8;56;73;60;51;62;73;56;46;72;62;49;59;60;59;26;0;0;0;0;0;0;0;5001;0
774;路人;路人;3;4;8;59;63;58;64;57;65;59;64;60;57;62;58;57;58;28;0;0;0;0;0;0;0;5001;0
775;路人;路人;1;0;8;73;54;65;65;55;50;59;57;60;67;62;51;64;58;27;0;0;0;0;0;0;0;5001;0
776;路人;路人;2;3;8;65;56;69;56;70;50;60;58;63;67;56;57;60;58;30;0;0;0;0;0;0;0;5001;0
777;路人;路人;1;0;8;74;51;65;58;57;46;52;68;58;61;57;54;61;58;26;0;0;0;0;0;0;0;5001;0
778;路人;路人;3;3;8;61;65;58;55;68;60;56;59;65;61;60;58;57;58;25;0;0;0;0;0;0;0;5001;0
779;路人;路人;4;5;8;51;68;51;58;63;63;68;57;64;53;60;61;54;58;25;0;0;0;0;0;0;0;5001;0
780;路人;路人;3;2;8;68;55;58;67;64;59;56;53;58;60;66;54;59;58;24;0;0;0;0;0;0;0;5001;0
781;路人;路人;3;3;8;66;57;67;63;52;50;65;65;55;66;65;54;60;58;24;0;0;0;0;0;0;0;5001;0
782;路人;路人;3;4;8;71;63;67;58;54;60;56;56;65;63;62;52;62;58;26;0;0;0;0;0;0;0;5001;0
783;路人;路人;2;2;8;67;50;66;61;64;52;60;63;53;69;59;57;59;58;24;0;0;0;0;0;0;0;5001;0
784;路人;路人;1;0;8;63;61;69;56;64;56;58;57;63;64;58;55;60;58;25;0;0;0;0;0;0;0;5001;0
785;路人;路人;3;3;8;71;66;57;57;67;56;59;53;61;58;60;55;60;58;26;0;0;0;0;0;0;0;5001;0
786;路人;路人;3;2;8;61;59;56;71;64;52;60;56;64;61;69;54;60;58;29;0;0;0;0;0;0;0;5001;0
787;路人;路人;5;5;8;63;69;53;58;63;61;62;54;68;55;55;58;59;58;24;0;0;0;0;0;0;0;5001;0
788;路人;路人;5;4;8;58;67;57;47;64;65;58;53;66;61;48;58;56;57;25;0;0;0;0;0;0;0;5001;0
789;路人;路人;5;0;8;60;67;63;49;61;62;64;44;65;61;50;56;59;57;27;0;0;0;0;0;0;0;5001;0
790;路人;路人;2;1;8;65;52;66;52;64;49;61;63;53;63;53;57;55;56;26;0;0;0;0;0;0;0;5001;0
791;路人;路人;2;2;8;62;60;68;59;56;50;58;61;56;67;55;52;58;56;25;0;0;0;0;0;0;0;5001;0
792;路人;路人;4;5;8;62;62;62;52;68;58;55;47;66;58;57;54;58;56;25;0;0;0;0;0;0;0;5001;0
793;路人;路人;2;1;8;71;65;64;64;52;46;55;55;62;65;62;46;63;56;26;0;0;0;0;0;0;0;5001;0
794;路人;路人;2;3;8;65;59;74;59;59;48;52;53;63;73;61;48;63;56;25;0;0;0;0;0;0;0;5001;0
795;路人;路人;2;2;8;71;58;64;64;50;50;58;58;59;66;64;49;62;56;24;0;0;0;0;0;0;0;5001;0
796;路人;路人;4;5;8;53;58;58;51;58;69;55;59;64;58;53;57;52;55;26;0;0;0;0;0;0;0;5001;0
797;路人;路人;2;1;8;59;59;68;62;53;56;56;56;56;70;57;50;59;55;25;0;0;0;0;0;0;0;5001;0
798;路人;路人;1;1;8;66;51;62;65;53;42;58;62;50;60;62;51;58;55;24;0;0;0;0;0;0;0;5001;0
799;路人;路人;2;1;8;61;53;66;53;56;52;60;61;54;70;56;54;55;55;28;0;0;0;0;0;0;0;5001;0
800;路人;路人;4;3;8;55;56;56;51;65;56;64;56;59;60;53;58;51;54;24;0;0;0;0;0;0;0;5001;0
801;路人;路人;2;3;8;65;59;59;53;53;60;58;58;60;61;58;53;56;54;25;0;0;0;0;0;0;0;5001;0
802;路人;路人;1;2;8;62;50;64;52;54;46;61;62;54;61;58;53;54;54;24;0;0;0;0;0;0;0;5001;0
803;路人;路人;4;5;8;62;59;50;51;58;62;58;50;60;53;56;53;52;53;24;0;0;0;0;0;0;0;5001;0
804;路人;路人;4;3;8;52;61;58;54;61;60;57;50;65;55;51;54;52;53;24;0;0;0;0;0;0;0;5001;0
805;路人;路人;3;2;8;66;55;54;58;57;53;59;53;61;55;57;51;54;53;26;0;0;0;0;0;0;0;5001;0
806;路人;路人;1;1;8;65;56;58;58;63;46;46;54;54;62;54;48;56;52;24;0;0;0;0;0;0;0;5001;0
807;路人;路人;3;4;8;56;57;55;57;54;50;56;55;57;57;56;48;51;51;24;0;0;0;0;0;0;0;5001;0
808;路人;路人;4;3;8;55;56;56;51;65;56;64;56;59;60;53;58;51;54;24;0;0;0;0;0;0;0;5001;0
809;路人;路人;2;3;8;65;59;59;53;53;60;58;58;60;61;58;53;56;54;25;0;0;0;0;0;0;0;5001;0
810;路人;路人;1;2;8;62;50;64;52;54;46;61;62;54;61;58;53;54;54;24;0;0;0;0;0;0;0;5001;0
811;路人;路人;4;5;8;62;59;50;51;58;62;58;50;60;53;56;53;52;53;24;0;0;0;0;0;0;0;5001;0
812;路人;路人;4;3;8;52;61;58;54;61;60;57;50;65;55;51;54;52;53;24;0;0;0;0;0;0;0;5001;0
813;路人;路人;3;2;8;66;55;54;58;57;53;59;53;61;55;57;51;54;53;26;0;0;0;0;0;0;0;5001;0
814;路人;路人;1;1;8;65;56;58;58;63;46;46;54;54;62;54;48;56;52;24;0;0;0;0;0;0;0;5001;0
815;路人;路人;3;4;8;56;57;55;57;54;50;56;55;57;57;56;48;51;51;24;0;0;0;0;0;0;0;5001;0
686;路人;路人;4;5;8;57;74;68;57;74;64;65;62;72;69;58;66;64;65;33;0;0;0;0;0;0;0;5001;0
687;路人;路人;4;5;8;60;65;62;67;74;66;67;65;66;66;62;68;63;65;31;0;0;0;0;0;0;0;5001;0
688;路人;路人;5;0;8;62;67;65;57;71;67;68;57;69;65;60;66;63;65;32;0;0;0;0;0;0;0;5001;0
689;路人;路人;5;5;8;64;70;55;68;63;71;69;61;71;57;68;66;65;65;33;0;0;0;0;0;0;0;5001;0
690;路人;路人;5;0;8;66;68;55;65;67;74;63;53;67;56;63;65;63;64;31;0;0;0;0;0;0;0;5001;0
691;路人;路人;3;4;8;75;59;61;74;64;55;59;69;65;60;68;59;66;64;33;0;0;0;0;0;0;0;5001;0
692;路人;路人;5;0;8;70;70;58;58;64;65;73;53;69;63;62;64;65;64;33;0;0;0;0;0;0;0;5001;0
693;路人;路人;5;0;8;59;70;66;60;62;65;75;55;69;67;64;64;65;64;32;0;0;0;0;0;0;0;5001;0
694;路人;路人;3;2;8;67;73;58;59;73;58;62;63;68;62;64;63;63;64;31;0;0;0;0;0;0;0;5001;0
695;路人;路人;5;5;8;59;78;59;54;62;70;69;54;79;63;55;64;65;64;34;0;0;0;0;0;0;0;5001;0
696;路人;路人;4;4;8;56;71;58;68;74;62;67;61;67;59;66;66;62;64;32;0;0;0;0;0;0;0;5001;0
697;路人;路人;5;5;8;59;78;54;52;74;71;63;54;73;57;55;66;62;64;30;0;0;0;0;0;0;0;5001;0
698;路人;路人;4;4;8;69;65;57;70;66;66;65;57;66;63;70;62;65;64;33;0;0;0;0;0;0;0;5001;0
699;路人;路人;4;5;8;66;62;65;54;74;73;61;60;64;61;58;67;59;64;31;0;0;0;0;0;0;0;5001;0
700;路人;路人;4;3;8;64;74;59;59;76;65;60;55;69;61;60;64;63;64;32;0;0;0;0;0;0;0;5001;0
701;路人;路人;5;0;8;60;65;63;58;63;77;67;61;64;62;61;68;61;64;31;0;0;0;0;0;0;0;5001;0
702;路人;路人;2;3;8;68;65;79;57;57;51;62;73;66;74;59;59;67;63;33;0;0;0;0;0;0;0;5001;0
703;路人;路人;5;5;8;59;75;65;66;65;64;62;46;76;65;61;58;68;63;32;0;0;0;0;0;0;0;5001;0
704;路人;路人;2;1;8;65;60;76;65;69;51;61;68;63;72;61;61;65;63;31;0;0;0;0;0;0;0;5001;0
705;路人;路人;3;4;8;60;72;70;66;60;54;67;61;70;71;67;58;67;63;30;0;0;0;0;0;0;0;5001;0
706;路人;路人;2;3;8;69;57;77;69;68;56;52;59;61;77;69;56;69;63;31;0;0;0;0;0;0;0;5001;0
707;路人;路人;5;5;8;56;66;62;60;66;71;72;52;67;57;61;66;60;63;30;0;0;0;0;0;0;0;5001;0
708;路人;路人;5;4;8;64;74;55;59;61;74;61;52;75;59;60;62;64;63;27;0;0;0;0;0;0;0;5001;0
709;路人;路人;1;0;8;69;60;63;69;67;46;56;70;64;70;68;60;66;63;31;0;0;0;0;0;0;0;5001;0
710;路人;路人;5;4;8;53;70;60;64;69;67;66;55;69;63;61;64;62;63;30;0;0;0;0;0;0;0;5001;0
711;路人;路人;1;2;8;80;68;71;59;56;55;64;59;62;66;59;55;70;63;30;0;0;0;0;0;0;0;5001;0
712;路人;路人;5;0;8;60;64;56;61;65;70;72;51;69;61;61;65;61;63;30;0;0;0;0;0;0;0;5001;0
713;路人;路人;3;2;8;71;67;69;61;61;54;67;65;63;65;60;59;64;63;26;0;0;0;0;0;0;0;5001;0
714;路人;路人;5;0;8;60;69;54;57;71;73;57;52;71;56;60;63;60;62;26;0;0;0;0;0;0;0;5001;0
715;路人;路人;1;1;8;72;59;64;64;68;49;64;65;57;68;61;61;64;62;32;0;0;0;0;0;0;0;5001;0
716;路人;路人;1;2;8;72;66;72;59;57;56;56;64;61;73;63;55;68;62;31;0;0;0;0;0;0;0;5001;0
717;路人;路人;5;4;8;59;66;57;58;66;73;66;48;67;58;60;64;59;62;32;0;0;0;0;0;0;0;5001;0
718;路人;路人;4;5;8;63;72;59;61;62;73;59;51;73;62;63;60;64;62;29;0;0;0;0;0;0;0;5001;0
719;路人;路人;3;3;8;60;68;56;68;70;66;60;56;70;62;70;61;62;62;29;0;0;0;0;0;0;0;5001;0
720;路人;路人;3;2;8;60;59;70;61;65;58;66;65;60;66;63;62;60;62;31;0;0;0;0;0;0;0;5001;0
721;路人;路人;2;3;8;64;67;75;62;65;56;60;61;66;70;58;58;65;62;28;0;0;0;0;0;0;0;5001;0
722;路人;路人;2;2;8;67;70;69;65;58;52;55;72;65;73;67;57;67;62;34;0;0;0;0;0;0;0;5001;0
723;路人;路人;5;0;8;65;63;53;60;63;74;68;57;62;55;56;66;58;62;28;0;0;0;0;0;0;0;5001;0
724;路人;路人;3;3;8;64;68;58;62;65;58;68;65;62;62;60;62;60;62;27;0;0;0;0;0;0;0;5001;0
725;路人;路人;4;3;8;55;73;65;57;62;74;61;50;72;65;59;61;62;61;30;0;0;0;0;0;0;0;5001;0
726;路人;路人;1;1;8;71;59;68;64;60;51;52;72;60;65;62;58;64;61;32;0;0;0;0;0;0;0;5001;0
727;路人;路人;1;2;8;69;58;66;56;64;47;67;64;63;66;57;60;62;61;31;0;0;0;0;0;0;0;5001;0
728;路人;路人;4;5;8;66;68;66;57;66;66;55;57;63;65;58;59;63;61;25;0;0;0;0;0;0;0;5001;0
729;路人;路人;1;2;8;70;57;74;56;66;46;53;72;59;67;56;59;63;61;27;0;0;0;0;0;0;0;5001;0
730;路人;路人;2;2;8;65;60;65;68;69;50;62;61;65;70;62;58;63;61;31;0;0;0;0;0;0;0;5001;0
731;路人;路人;2;2;8;64;56;78;64;59;49;66;64;57;70;65;57;64;61;30;0;0;0;0;0;0;0;5001;0
732;路人;路人;5;0;8;63;61;54;52;72;73;66;46;67;53;53;66;56;61;28;0;0;0;0;0;0;0;5001;0
733;路人;路人;2;1;8;70;67;66;62;64;53;49;70;62;71;59;57;65;61;28;0;0;0;0;0;0;0;5001;0
734;路人;路人;5;0;8;68;72;60;58;62;65;60;51;69;59;57;58;64;61;30;0;0;0;0;0;0;0;5001;0
735;路人;路人;2;2;8;64;58;70;65;70;58;55;63;61;67;61;60;62;61;30;0;0;0;0;0;0;0;5001;0
736;路人;路人;4;3;8;59;57;66;55;72;70;58;57;64;59;60;64;57;61;25;0;0;0;0;0;0;0;5001;0
737;路人;路人;3;2;8;72;56;58;64;65;63;65;60;57;63;61;61;60;61;29;0;0;0;0;0;0;0;5001;0
738;路人;路人;5;0;8;61;65;55;55;70;69;67;50;70;54;51;65;58;61;25;0;0;0;0;0;0;0;5001;0
739;路人;路人;4;4;8;56;64;65;59;73;66;60;55;64;62;57;63;59;61;32;0;0;0;0;0;0;0;5001;0
740;路人;路人;3;3;8;67;56;62;71;68;55;56;63;58;67;65;58;62;61;29;0;0;0;0;0;0;0;5001;0
741;路人;路人;3;2;8;56;66;66;60;61;65;62;67;65;64;61;62;59;61;26;0;0;0;0;0;0;0;5001;0
742;路人;路人;5;4;8;59;72;65;58;66;62;62;51;68;57;57;59;62;60;26;0;0;0;0;0;0;0;5001;0
743;路人;路人;3;4;8;67;64;61;55;67;54;59;65;66;58;62;59;59;60;27;0;0;0;0;0;0;0;5001;0
744;路人;路人;4;3;8;65;59;61;66;70;62;55;59;64;60;65;59;61;60;28;0;0;0;0;0;0;0;5001;0
745;路人;路人;2;3;8;64;59;76;62;59;55;52;67;58;71;64;55;64;60;28;0;0;0;0;0;0;0;5001;0
746;路人;路人;2;2;8;75;60;76;54;59;48;52;67;61;74;59;53;66;60;29;0;0;0;0;0;0;0;5001;0
747;路人;路人;5;0;8;57;66;59;51;65;73;68;43;64;61;54;64;57;60;26;0;0;0;0;0;0;0;5001;0
748;路人;路人;2;1;8;68;62;74;60;62;54;58;58;59;73;63;55;65;60;31;0;0;0;0;0;0;0;5001;0
749;路人;路人;2;1;8;71;67;66;53;53;52;63;69;67;68;54;57;62;60;26;0;0;0;0;0;0;0;5001;0
750;路人;路人;4;3;8;60;72;56;61;63;61;65;56;65;60;59;59;61;60;27;0;0;0;0;0;0;0;5001;0
751;路人;路人;3;3;8;64;67;58;56;68;54;59;63;62;63;64;58;60;60;29;0;0;0;0;0;0;0;5001;0
752;路人;路人;3;2;8;60;61;61;57;61;54;67;68;63;64;64;60;58;60;28;0;0;0;0;0;0;0;5001;0
753;路人;路人;1;0;8;75;66;63;68;57;50;55;61;61;62;61;52;67;60;31;0;0;0;0;0;0;0;5001;0
754;路人;路人;5;4;8;60;67;60;61;67;60;64;52;68;55;59;59;61;60;27;0;0;0;0;0;0;0;5001;0
755;路人;路人;4;3;8;63;65;62;60;72;66;55;51;66;63;59;60;61;60;27;0;0;0;0;0;0;0;5001;0
756;路人;路人;2;3;8;63;62;74;63;63;50;62;59;66;70;61;55;64;60;31;0;0;0;0;0;0;0;5001;0
757;路人;路人;2;1;8;70;67;64;67;62;47;57;61;67;66;61;53;65;60;28;0;0;0;0;0;0;0;5001;0
758;路人;路人;2;1;8;62;69;70;57;65;50;58;64;63;72;56;57;62;60;31;0;0;0;0;0;0;0;5001;0
759;路人;路人;4;4;8;53;68;62;55;59;66;67;53;70;61;55;59;58;59;27;0;0;0;0;0;0;0;5001;0
760;路人;路人;4;5;8;64;65;65;65;59;62;60;55;67;61;62;56;63;59;26;0;0;0;0;0;0;0;5001;0
761;路人;路人;4;4;8;59;60;54;63;68;69;56;59;64;60;60;62;57;59;25;0;0;0;0;0;0;0;5001;0
762;路人;路人;3;4;8;63;67;57;58;66;53;58;62;67;61;63;57;59;59;30;0;0;0;0;0;0;0;5001;0
763;路人;路人;4;4;8;65;60;65;61;62;64;59;57;66;60;58;58;61;59;29;0;0;0;0;0;0;0;5001;0
764;路人;路人;5;5;8;54;68;51;62;60;62;67;55;70;57;61;59;58;59;25;0;0;0;0;0;0;0;5001;0
765;路人;路人;4;5;8;57;63;57;67;69;61;56;57;69;61;64;58;60;59;29;0;0;0;0;0;0;0;5001;0
766;路人;路人;4;5;8;55;61;64;60;70;65;57;49;67;66;56;59;58;59;28;0;0;0;0;0;0;0;5001;0
767;路人;路人;4;3;8;68;64;59;57;64;57;66;52;64;58;58;57;60;59;28;0;0;0;0;0;0;0;5001;0
768;路人;路人;5;0;8;64;68;64;47;55;69;67;47;67;57;49;59;59;59;25;0;0;0;0;0;0;0;5001;0
769;路人;路人;2;1;8;63;59;74;54;66;62;55;55;58;74;60;56;61;59;27;0;0;0;0;0;0;0;5001;0
770;路人;路人;5;5;8;50;73;63;58;62;64;65;42;66;62;57;58;60;59;24;0;0;0;0;0;0;0;5001;0
771;路人;路人;2;3;8;65;61;64;65;56;59;61;61;58;69;66;56;62;59;26;0;0;0;0;0;0;0;5001;0
772;路人;路人;1;0;8;67;54;72;57;66;56;50;60;60;71;59;55;62;59;27;0;0;0;0;0;0;0;5001;0
773;路人;路人;5;0;8;56;73;60;51;62;73;56;46;72;62;49;59;60;59;26;0;0;0;0;0;0;0;5001;0
774;路人;路人;3;4;8;59;63;58;64;57;65;59;64;60;57;62;58;57;58;28;0;0;0;0;0;0;0;5001;0
775;路人;路人;1;0;8;73;54;65;65;55;50;59;57;60;67;62;51;64;58;27;0;0;0;0;0;0;0;5001;0
776;路人;路人;2;3;8;65;56;69;56;70;50;60;58;63;67;56;57;60;58;30;0;0;0;0;0;0;0;5001;0
777;路人;路人;1;0;8;74;51;65;58;57;46;52;68;58;61;57;54;61;58;26;0;0;0;0;0;0;0;5001;0
778;路人;路人;3;3;8;61;65;58;55;68;60;56;59;65;61;60;58;57;58;25;0;0;0;0;0;0;0;5001;0
779;路人;路人;4;5;8;51;68;51;58;63;63;68;57;64;53;60;61;54;58;25;0;0;0;0;0;0;0;5001;0
780;路人;路人;3;2;8;68;55;58;67;64;59;56;53;58;60;66;54;59;58;24;0;0;0;0;0;0;0;5001;0
781;路人;路人;3;3;8;66;57;67;63;52;50;65;65;55;66;65;54;60;58;24;0;0;0;0;0;0;0;5001;0
782;路人;路人;3;4;8;71;63;67;58;54;60;56;56;65;63;62;52;62;58;26;0;0;0;0;0;0;0;5001;0
783;路人;路人;2;2;8;67;50;66;61;64;52;60;63;53;69;59;57;59;58;24;0;0;0;0;0;0;0;5001;0
784;路人;路人;1;0;8;63;61;69;56;64;56;58;57;63;64;58;55;60;58;25;0;0;0;0;0;0;0;5001;0
785;路人;路人;3;3;8;71;66;57;57;67;56;59;53;61;58;60;55;60;58;26;0;0;0;0;0;0;0;5001;0
786;路人;路人;3;2;8;61;59;56;71;64;52;60;56;64;61;69;54;60;58;29;0;0;0;0;0;0;0;5001;0
787;路人;路人;5;5;8;63;69;53;58;63;61;62;54;68;55;55;58;59;58;24;0;0;0;0;0;0;0;5001;0
788;路人;路人;5;4;8;58;67;57;47;64;65;58;53;66;61;48;58;56;57;25;0;0;0;0;0;0;0;5001;0
789;路人;路人;5;0;8;60;67;63;49;61;62;64;44;65;61;50;56;59;57;27;0;0;0;0;0;0;0;5001;0
790;路人;路人;2;1;8;65;52;66;52;64;49;61;63;53;63;53;57;55;56;26;0;0;0;0;0;0;0;5001;0
791;路人;路人;2;2;8;62;60;68;59;56;50;58;61;56;67;55;52;58;56;25;0;0;0;0;0;0;0;5001;0
792;路人;路人;4;5;8;62;62;62;52;68;58;55;47;66;58;57;54;58;56;25;0;0;0;0;0;0;0;5001;0
793;路人;路人;2;1;8;71;65;64;64;52;46;55;55;62;65;62;46;63;56;26;0;0;0;0;0;0;0;5001;0
794;路人;路人;2;3;8;65;59;74;59;59;48;52;53;63;73;61;48;63;56;25;0;0;0;0;0;0;0;5001;0
795;路人;路人;2;2;8;71;58;64;64;50;50;58;58;59;66;64;49;62;56;24;0;0;0;0;0;0;0;5001;0
796;路人;路人;4;5;8;53;58;58;51;58;69;55;59;64;58;53;57;52;55;26;0;0;0;0;0;0;0;5001;0
797;路人;路人;2;1;8;59;59;68;62;53;56;56;56;56;70;57;50;59;55;25;0;0;0;0;0;0;0;5001;0
798;路人;路人;1;1;8;66;51;62;65;53;42;58;62;50;60;62;51;58;55;24;0;0;0;0;0;0;0;5001;0
799;路人;路人;2;1;8;61;53;66;53;56;52;60;61;54;70;56;54;55;55;28;0;0;0;0;0;0;0;5001;0
800;路人;路人;4;3;8;55;56;56;51;65;56;64;56;59;60;53;58;51;54;24;0;0;0;0;0;0;0;5001;0
801;路人;路人;2;3;8;65;59;59;53;53;60;58;58;60;61;58;53;56;54;25;0;0;0;0;0;0;0;5001;0
802;路人;路人;1;2;8;62;50;64;52;54;46;61;62;54;61;58;53;54;54;24;0;0;0;0;0;0;0;5001;0
803;路人;路人;4;5;8;62;59;50;51;58;62;58;50;60;53;56;53;52;53;24;0;0;0;0;0;0;0;5001;0
804;路人;路人;4;3;8;52;61;58;54;61;60;57;50;65;55;51;54;52;53;24;0;0;0;0;0;0;0;5001;0
805;路人;路人;3;2;8;66;55;54;58;57;53;59;53;61;55;57;51;54;53;26;0;0;0;0;0;0;0;5001;0
806;路人;路人;1;1;8;65;56;58;58;63;46;46;54;54;62;54;48;56;52;24;0;0;0;0;0;0;0;5001;0
807;路人;路人;3;4;8;56;57;55;57;54;50;56;55;57;57;56;48;51;51;24;0;0;0;0;0;0;0;5001;0
808;路人;路人;4;3;8;55;56;56;51;65;56;64;56;59;60;53;58;51;54;24;0;0;0;0;0;0;0;5001;0
809;路人;路人;2;3;8;65;59;59;53;53;60;58;58;60;61;58;53;56;54;25;0;0;0;0;0;0;0;5001;0
810;路人;路人;1;2;8;62;50;64;52;54;46;61;62;54;61;58;53;54;54;24;0;0;0;0;0;0;0;5001;0
811;路人;路人;4;5;8;62;59;50;51;58;62;58;50;60;53;56;53;52;53;24;0;0;0;0;0;0;0;5001;0
812;路人;路人;4;3;8;52;61;58;54;61;60;57;50;65;55;51;54;52;53;24;0;0;0;0;0;0;0;5001;0
813;路人;路人;3;2;8;66;55;54;58;57;53;59;53;61;55;57;51;54;53;26;0;0;0;0;0;0;0;5001;0
814;路人;路人;1;1;8;65;56;58;58;63;46;46;54;54;62;54;48;56;52;24;0;0;0;0;0;0;0;5001;0
815;路人;路人;3;4;8;56;57;55;57;54;50;56;55;57;57;56;48;51;51;24;0;0;0;0;0;0;0;5001;0