﻿No;name;nameBirth;positionFirst;positionSecond;potential;skillPass;skillShotInterior;skillShotExterior;skillShotFree;skillPhysique;skillBlock;skillRebound;skillSteal;tendencyIn;tendencyEx;tendencyFr;ATT;DEF;Ranks;age;yearsLeague;team;teamID;yearsContract;salary;draft;image;info;allStars;allStarsMvps;allTeam1;allTeam2;allTeam3;best3ptsers;bestBlockers;bestPassers;bestRebounders;bestRookie;bestScorers;bestStealers;defTeam1;defTeam2;defTeam3;dpoy;fmvps;mvps;rings;sixmans
1;杰森-塔图姆;Jayson Tatum;4;3;10;81;88;89;87;92;73;82;84;86;91;85;93;88;90;27;8;凯尔特人;1;4;34848340;201703;146;0;6;1;4;0;3;0;0;0;0;0;0;0;0;0;0;0;0;0;1;0
2;杰伦-布朗;Jaylen Brown;3;2;9;78;88;84;91;90;69;75;80;89;86;90;91;82;88;29;9;凯尔特人;1;4;49205800;201603;96;0;3;0;0;1;0;0;0;0;0;0;0;0;0;0;0;0;1;0;1;0
3;德里克-怀特;Derrick White;2;1;8;84;76;84;85;84;79;70;86;76;90;78;87;85;86;31;8;凯尔特人;1;4;20071429;201729;507;0;0;0;0;0;0;0;0;0;0;0;0;0;0;2;0;0;0;0;1;0
4;佩顿-普里查德;Payton Pritchard;1;0;8;83;81;82;86;82;60;71;69;81;84;81;88;72;81;27;5;凯尔特人;1;3;6696429;202026;1400;0;0;0;0;0;0;0;0;0;0;0;0;0;0;0;0;0;0;0;1;1
5;乔丹-沃尔什;Jordan Walsh;3;4;7;60;77;77;80;82;75;78;84;74;72;60;72;84;79;21;2;凯尔特人;1;2;1891857;202338;2926;0;0;0;0;0;0;0;0;0;0;0;0;0;0;0;0;0;0;0;1;0
6;安芬尼-西蒙斯;Anfernee Simons;2;1;8;74;78;85;80;84;56;67;68;81;85;77;83;70;77;26;7;凯尔特人;1;1;25892857;201824;323;0;0;0;0;0;0;0;0;0;0;0;0;0;0;0;0;0;0;0;0;0
7;克里斯-布歇;Chris Boucher;5;4;7;50;80;72;74;82;74;76;73;75;72;65;71;79;76;33;8;凯尔特人;1;1;3300000;201700;420;0;0;0;0;0;0;0;0;0;0;0;0;0;0;0;0;0;0;0;2;0
8;内米亚斯-克塔;Neemias Queta;5;0;7;62;86;50;60;85;80;88;67;81;40;50;64;86;76;25;4;凯尔特人;1;2;2162606;202139;1170;0;0;0;0;0;0;0;0;0;0;0;0;0;0;0;0;0;0;0;1;0
9;萨姆-豪瑟;Sam Hauser;3;4;7;60;72;84;82;75;70;70;71;70;85;70;75;73;75;27;4;凯尔特人;1;4;2092344;202100;1040;0;0;0;0;0;0;0;0;0;0;0;0;0;0;0;0;0;0;0;1;0
10;约什-米诺特;Josh Minott;3;4;7;67;70;78;73;77;65;75;72;72;78;73;73;74;75;23;3;凯尔特人;1;2;636435;202245;2037;0;0;0;0;0;0;0;0;0;0;0;0;0;0;0;0;0;0;0;0;0
11;贝勒-沙伊尔曼;Baylor Scheierman;2;3;6;65;76;80;76;77;65;70;68;70;77;70;74;71;72;24;1;凯尔特人;1;4;2494320;202430;3160;0;0;0;0;0;0;0;0;0;0;0;0;0;0;0;0;0;0;0;0;0
12;泽维尔-蒂尔曼;Xavier Tillman Sr.;5;0;6;56;72;61;65;76;75;75;73;65;60;58;62;77;70;26;5;凯尔特人;1;1;2237691;202035;940;0;0;0;0;0;0;0;0;0;0;0;0;0;0;0;0;0;0;0;1;0
13;卢卡-加尔扎;Luka Garza;5;0;6;51;74;69;75;75;74;74;50;72;69;65;68;71;70;26;4;凯尔特人;1;2;2750000;202152;1080;0;0;0;0;0;0;0;0;0;0;0;0;0;0;0;0;0;0;0;0;0
14;乌戈-冈萨雷斯;Hugo Gonzalez;3;2;7;65;64;70;65;75;62;69;68;66;74;67;66;69;68;19;0;凯尔特人;1;4;3574536;202528;3286;0;0;0;0;0;0;0;0;0;0;0;0;0;0;0;0;0;0;0;0;0
15;小罗恩-哈珀;Ron Harper Jr.;3;2;6;60;65;64;62;70;64;68;58;65;62;62;60;64;63;25;3;凯尔特人;1;1;676435;202200;1022;0;0;0;0;0;0;0;0;0;0;0;0;0;0;0;0;0;0;0;0;0
16;马克斯-舒尔加;Max Shulga;2;1;6;65;60;68;62;70;58;63;63;60;70;65;62;62;62;23;0;凯尔特人;1;1;636435;202557;3315;0;0;0;0;0;0;0;0;0;0;0;0;0;0;0;0;0;0;0;0;0
17;阿马里-威廉姆斯;Amari Williams;5;4;6;58;66;50;55;73;63;65;55;65;50;64;56;64;60;23;0;凯尔特人;1;2;636435;202546;3304;0;0;0;0;0;0;0;0;0;0;0;0;0;0;0;0;0;0;0;0;0
18;小迈克尔-波特;Michael Porter Jr.;3;4;8;71;83;91;86;85;68;80;69;82;91;86;88;78;84;27;7;篮网;2;2;35859950;201814;396;0;0;0;0;0;0;0;0;0;0;0;0;0;0;0;0;0;0;0;1;0
19;尼古拉斯-克拉克斯顿;Nicolas Claxton;5;0;8;76;88;60;58;87;85;87;74;84;45;50;71;90;81;26;6;篮网;2;3;27556817;201931;1145;0;0;0;0;0;0;0;0;0;0;0;0;0;0;0;0;0;0;0;0;0
20;诺阿-克洛尼;Noah Clowney;5;4;7;66;74;77;78;82;72;74;76;76;80;60;75;78;77;21;2;篮网;2;3;3243933;202321;2917;0;0;0;0;0;0;0;0;0;0;0;0;0;0;0;0;0;0;0;0;0
21;卡梅伦-托马斯;Cam Thomas;2;1;8;70;76;84;85;87;57;65;67;82;86;85;83;70;77;23;4;篮网;2;1;5993172;202127;1504;0;0;0;0;0;0;0;0;0;0;0;0;0;0;0;0;0;0;0;0;0
22;特伦斯-曼;Terance Mann;2;3;6;75;75;73;78;81;67;70;80;76;73;69;76;78;77;29;6;篮网;2;3;6772435;201948;1295;0;0;0;0;0;0;0;0;0;0;0;0;0;0;0;0;0;0;0;0;0
23;叶戈尔-杰明;Egor Demin;3;2;8;75;72;80;82;74;63;65;72;73;82;71;79;69;75;19;0;篮网;2;4;7835170;202508;3272;0;0;0;0;0;0;0;0;0;0;0;0;0;0;0;0;0;0;0;0;0
24;德雷克-鲍威尔;Drake Powell;3;2;7;74;77;75;75;77;65;72;69;75;75;74;77;72;75;20;0;篮网;2;4;4180998;202522;3281;0;0;0;0;0;0;0;0;0;0;0;0;0;0;0;0;0;0;0;0;0
25;戴罗恩-夏普;Day'Ron Sharpe;5;0;6;63;83;59;61;83;75;85;62;79;50;50;66;81;74;23;4;篮网;2;2;6000000;202129;1577;0;0;0;0;0;0;0;0;0;0;0;0;0;0;0;0;0;0;0;0;0
26;海伍德-海史密斯;Haywood Highsmith;3;4;6;61;70;79;73;78;67;71;76;70;75;70;70;75;74;29;7;篮网;2;1;5200000;201800;1027;0;0;0;0;0;0;0;0;0;0;0;0;0;0;0;0;0;0;0;0;0
27;扎伊尔-威廉姆斯;Ziaire Williams;3;4;7;62;72;67;76;81;70;64;76;70;73;71;69;74;73;24;4;篮网;2;2;6250000;202110;713;0;0;0;0;0;0;0;0;0;0;0;0;0;0;0;0;0;0;0;0;0
28;泰雷斯-马丁;Tyrese Martin;2;3;7;70;70;75;72;77;63;75;75;74;77;61;72;75;73;26;3;篮网;2;1;1575814;202251;1253;0;0;0;0;0;0;0;0;0;0;0;0;0;0;0;0;0;0;0;0;0
29;杰伦-威尔森;Jalen Wilson;3;4;7;59;75;72;71;79;68;71;70;72;75;63;68;73;72;25;2;篮网;2;1;1891857;202351;2934;0;0;0;0;0;0;0;0;0;0;0;0;0;0;0;0;0;0;0;0;0
30;丹尼-沃尔夫;Danny Wolf;4;5;7;68;74;76;65;77;68;73;65;75;75;65;73;72;72;21;0;篮网;2;4;3596050;202527;3285;0;0;0;0;0;0;0;0;0;0;0;0;0;0;0;0;0;0;0;0;0
31;本-萨拉夫;Ben Saraf;1;2;7;78;73;73;62;76;62;62;64;75;75;65;74;66;70;19;0;篮网;2;4;3701704;202526;3284;0;0;0;0;0;0;0;0;0;0;0;0;0;0;0;0;0;0;0;0;0
32;诺兰-特拉奥雷;Nolan Traore;1;0;7;73;68;77;66;75;58;63;63;69;76;67;73;64;69;19;0;篮网;2;4;4615970;202519;3279;0;0;0;0;0;0;0;0;0;0;0;0;0;0;0;0;0;0;0;0;0
33;EJ-利德尔;E.J. Liddell;3;4;6;60;62;64;62;71;60;63;60;62;63;62;59;62;61;24;3;篮网;2;1;636435;202241;1222;0;0;0;0;0;0;0;0;0;0;0;0;0;0;0;0;0;0;0;0;0
34;泰森-艾蒂安;Tyson Etienne;1;2;6;65;59;64;60;70;58;59;60;60;65;62;61;60;60;25;1;篮网;2;1;636435;202200;3258;0;0;0;0;0;0;0;0;0;0;0;0;0;0;0;0;0;0;0;0;0
35;杰伦-布伦森;Jalen Brunson;1;2;10;87;88;92;94;91;64;71;74;90;90;92;98;79;90;29;7;尼克斯;3;4;24960001;201833;419;0;2;0;0;2;0;0;0;0;0;0;0;0;0;0;0;0;0;0;0;0
36;卡尔-安东尼-唐斯;Karl-Anthony Towns;5;4;9;67;90;83;83;85;78;91;65;91;85;78;89;86;87;30;10;尼克斯;3;3;49205800;201501;86;0;5;0;0;0;3;1;0;0;0;1;0;0;0;0;0;0;0;0;0;0
37;米卡尔-布里奇斯;Mikal Bridges;2;3;8;78;82;84;84;90;74;72;86;83;83;75;85;86;85;29;7;尼克斯;3;5;34660000;201810;415;0;0;0;0;0;0;0;0;0;0;0;0;0;1;0;0;0;0;0;0;0
38;约什-哈特;Josh Hart;3;4;8;81;80;78;78;90;70;83;79;81;80;70;81;85;84;30;8;尼克斯;3;3;18144000;201730;493;0;0;0;0;0;0;0;0;0;0;0;0;0;0;0;0;0;0;0;0;0
39;OG-阿奴诺比;OG Anunoby;4;3;8;67;78;82;78;85;82;76;87;80;84;72;80;87;83;28;8;尼克斯;3;4;36637932;201723;344;0;0;0;0;0;0;0;0;0;0;0;0;1;0;1;0;0;0;0;1;0
40;米切尔-罗宾逊;Mitchell Robinson;5;0;7;55;82;50;61;80;83;94;70;80;50;58;63;88;77;27;7;尼克斯;3;1;14318182;201836;263;0;0;0;0;0;0;0;0;0;0;0;0;0;0;0;0;0;0;0;0;0
41;迈尔斯-麦克布莱德;Miles McBride;1;2;7;74;72;84;79;82;62;60;77;73;82;70;80;73;77;24;4;尼克斯;3;2;4710144;202136;1283;0;0;0;0;0;0;0;0;0;0;0;0;0;0;0;0;0;0;0;0;0
42;乔丹-克拉克森;Jordan Clarkson;2;1;7;72;75;82;80;82;58;66;72;80;82;80;81;71;76;33;11;尼克斯;3;1;3634153;201446;549;0;0;0;0;0;0;0;0;0;0;0;0;0;0;0;0;0;0;0;0;1
43;盖尔雄-亚布塞莱;Guerschon Yabusele;4;5;7;58;80;76;72;83;67;77;67;78;75;70;74;76;75;29;3;尼克斯;3;2;6000000;201616;1584;0;0;0;0;0;0;0;0;0;0;0;0;0;0;0;0;0;0;0;0;0
44;兰德里-沙梅特;Landry Shamet;2;1;7;74;72;81;73;74;62;63;65;67;78;70;75;66;71;28;7;尼克斯;3;1;3080921;201826;1441;0;0;0;0;0;0;0;0;0;0;0;0;0;0;0;0;0;0;0;0;0
45;帕科姆-达迪耶;Pacome Dadiet;3;4;7;60;70;68;73;75;69;71;70;68;67;59;65;72;70;19;1;尼克斯;3;4;1808080;202425;3155;0;0;0;0;0;0;0;0;0;0;0;0;0;0;0;0;0;0;0;0;0
46;阿里尔-胡克波尔蒂;Ariel Hukporti;5;4;6;57;75;56;57;81;89;68;56;66;57;52;60;79;70;23;1;尼克斯;3;1;1533841;202458;3185;0;0;0;0;0;0;0;0;0;0;0;0;0;0;0;0;0;0;0;0;0
47;小凯文-麦卡勒;Kevin McCullar Jr.;2;3;7;63;76;70;69;71;70;72;71;65;72;65;67;72;69;23;1;尼克斯;3;1;676435;202456;3183;0;0;0;0;0;0;0;0;0;0;0;0;0;0;0;0;0;0;0;0;0
48;泰勒-科莱克;Tyler Kolek;1;2;6;72;71;73;65;72;59;64;69;67;71;63;70;66;69;23;1;尼克斯;3;3;2087519;202434;3163;0;0;0;0;0;0;0;0;0;0;0;0;0;0;0;0;0;0;0;0;0
49;穆罕默德-迪亚瓦拉;Mohamed Diawara;4;3;6;63;65;68;61;70;63;63;63;62;67;60;62;63;63;20;0;尼克斯;3;1;1450000;202551;3309;0;0;0;0;0;0;0;0;0;0;0;0;0;0;0;0;0;0;0;0;0
50;托桑-厄沃马;Tosan Evbuomwan;3;4;6;62;62;61;59;71;60;63;61;63;61;60;58;62;61;24;2;尼克斯;3;1;676435;202300;3125;0;0;0;0;0;0;0;0;0;0;0;0;0;0;0;0;0;0;0;0;0
51;特雷-杰米森;Trey Jemison;5;0;6;55;70;51;55;73;62;63;52;63;50;55;55;62;59;25;2;尼克斯;3;1;676435;202300;3099;0;0;0;0;0;0;0;0;0;0;0;0;0;0;0;0;0;0;0;0;0
52;乔尔-恩比德;Joel Embiid;5;0;10;73;88;74;86;82;86;87;70;88;81;92;89;88;88;31;11;76人;4;5;57874635;201403;100;0;7;0;1;4;0;0;0;0;0;0;2;0;0;3;0;0;0;1;0;0
53;泰雷斯-马克西;Tyrese Maxey;1;2;9;84;85;91;87;88;62;67;77;89;92;87;95;77;87;24;5;76人;4;4;35147000;202021;603;0;1;0;0;0;0;0;0;0;0;0;0;0;0;0;0;0;0;0;0;0
54;保罗-乔治;Paul George;3;4;9;76;76;86;84;82;75;74;84;78;87;85;85;82;85;35;15;76人;4;3;49205800;201010;139;0;9;0;1;0;5;0;0;0;0;0;0;1;2;2;0;0;0;0;0;0
55;昆汀-格莱姆斯;Quentin Grimes;2;3;7;75;84;84;80;84;68;72;80;84;84;72;84;80;82;25;4;76人;4;1;8741209;202125;987;0;0;0;0;0;0;0;0;0;0;0;0;0;0;0;0;0;0;0;0;0
56;凯利-乌布雷;Kelly Oubre Jr.;3;2;7;62;83;75;77;83;69;75;81;84;76;70;76;80;79;30;10;76人;4;1;7983000;201515;319;0;0;0;0;0;0;0;0;0;0;0;0;0;0;0;0;0;0;0;0;0
57;VJ-埃奇库姆;VJ Edgecombe;2;1;8;75;76;81;78;84;66;75;74;79;82;76;81;78;79;20;0;76人;4;4;12609551;202503;3261;0;0;0;0;0;0;0;0;0;0;0;0;0;0;0;0;0;0;0;0;0
58;安德烈-德拉蒙德;Andre Drummond;5;0;7;55;81;64;52;77;81;93;55;80;65;50;65;83;75;32;13;76人;4;1;5000000;201209;206;0;2;0;0;0;1;0;0;0;4;0;0;0;0;0;0;0;0;0;0;0
59;多米尼克-巴洛;Dominick Barlow;4;5;6;65;78;64;72;79;76;82;70;76;60;63;70;80;75;22;4;76人;4;1;636435;202100;830;0;0;0;0;0;0;0;0;0;0;0;0;0;0;0;0;0;0;0;0;0
60;贾里德-麦凯恩;Jared McCain;2;3;8;74;72;80;80;79;54;63;71;75;79;77;79;68;74;21;1;76人;4;4;4020360;202416;3146;0;0;0;0;0;0;0;0;0;0;0;0;0;0;0;0;0;0;0;0;0
61;凯尔-洛瑞;Kyle Lowry;2;1;8;80;70;73;75;77;67;68;76;68;74;65;75;74;74;39;19;76人;4;1;3634153;200624;266;0;6;0;0;0;3;0;0;0;0;0;0;0;0;0;0;0;0;0;1;0
62;阿德姆-博纳;Adem Bona;5;0;6;49;80;58;65;82;86;84;65;70;50;45;60;86;74;21;1;76人;4;3;1157153;202441;3170;0;0;0;0;0;0;0;0;0;0;0;0;0;0;0;0;0;0;0;0;0
63;特伦登-沃特福特;Trendon Watford;4;5;6;61;77;72;69;79;72;77;66;66;68;64;69;76;73;24;4;76人;4;2;2650000;202100;2218;0;0;0;0;0;0;0;0;0;0;0;0;0;0;0;0;0;0;0;0;0
64;贾巴里-沃克;Jabari Walker;4;3;7;63;71;67;63;73;64;70;63;74;72;64;68;67;68;25;3;76人;4;1;636435;202257;2213;0;0;0;0;0;0;0;0;0;0;0;0;0;0;0;0;0;0;0;0;0
65;埃里克-戈登;Eric Gordon;2;3;6;71;69;76;73;73;55;63;63;68;71;64;71;62;67;37;17;76人;4;1;3634153;200807;471;0;0;0;0;0;0;1;0;0;0;0;0;0;0;0;0;0;0;0;0;1
66;贾斯汀-爱德华兹;Justin Edwards;3;4;6;64;64;69;70;72;62;65;63;68;72;64;66;64;66;21;1;76人;4;1;1339115;202400;3210;0;0;0;0;0;0;0;0;0;0;0;0;0;0;0;0;0;0;0;0;0
67;乔奈-布鲁姆;Johni Broome;5;0;6;59;64;54;56;74;63;63;54;66;55;54;56;63;60;23;0;76人;4;4;1993792;202535;3293;0;0;0;0;0;0;0;0;0;0;0;0;0;0;0;0;0;0;0;0;0
68;亨特-萨利斯;Hunter Sallis;2;0;6;63;60;64;60;70;58;62;61;61;64;61;59;61;60;22;0;0;0;0;0;202500;3382;0;0;0;0;0;0;0;0;0;0;0;0;0;0;0;0;0;0;0;0;0
69;斯科蒂-巴恩斯;Scottie Barnes;4;3;9;77;84;78;83;87;81;82;83;88;78;80;86;88;87;24;4;猛龙;5;5;35878057;202104;182;0;1;0;0;0;0;0;0;0;0;1;0;0;0;0;0;0;0;0;0;0
70;布兰登-英格拉姆;Brandon Ingram;3;4;8;76;81;80;93;82;70;77;74;82;82;95;88;78;84;28;9;猛龙;5;3;39004050;201602;162;0;1;0;0;0;0;0;0;0;0;0;0;0;0;0;0;0;0;0;0;0
71;RJ-巴雷特;RJ Barrett;2;3;8;79;83;79;77;87;67;75;76;88;81;79;84;80;82;25;6;猛龙;5;2;25794643;201903;184;0;0;0;0;0;0;0;0;0;0;0;0;0;0;0;0;0;0;0;0;0
72;伊曼纽尔-奎克利;Immanuel Quickley;1;2;8;83;78;83;81;81;70;68;77;80;82;80;86;77;82;26;5;猛龙;5;4;32500000;202025;563;0;0;0;0;0;0;0;0;0;0;0;0;0;0;0;0;0;0;0;0;0
73;雅各布-珀尔特尔;Jakob Poeltl;5;0;7;56;87;55;72;83;82;89;66;85;43;70;70;87;79;30;9;猛龙;5;5;24700000;201609;650;0;0;0;0;0;0;0;0;0;0;0;0;0;0;0;0;0;0;0;0;0
74;桑德罗-马穆凯拉什维利;Sandro Mamukelashvili;5;4;7;72;79;80;78;77;71;78;67;77;78;70;81;76;78;24;4;猛龙;5;5;2750000;202154;1262;0;0;0;0;0;0;0;0;0;0;0;0;0;0;0;0;0;0;0;0;0
75;科林·默里-博伊尔斯;Collin Murray-Boyles;4;5;7;60;82;73;65;80;74;83;77;75;68;55;70;82;76;20;0;猛龙;5;5;7205691;202509;3273;0;0;0;0;0;0;0;0;0;0;0;0;0;0;0;0;0;0;0;0;0
76;格雷迪-迪克;Gradey Dick;2;3;7;67;75;77;81;79;65;68;72;74;78;73;75;73;74;21;2;猛龙;5;3;4763543;202313;1796;0;0;0;0;0;0;0;0;0;0;0;0;0;0;0;0;0;0;0;0;0
77;贾马尔-谢德;Jamal Shead;1;2;7;85;71;77;68;74;61;65;68;75;77;61;79;67;74;22;1;猛龙;5;2;1862265;202445;3173;0;0;0;0;0;0;0;0;0;0;0;0;0;0;0;0;0;0;0;0;0
78;奥查伊-阿巴吉;Ochai Agbaji;3;4;7;64;74;76;77;80;65;65;72;76;74;68;73;71;73;25;3;猛龙;5;2;4310280;202214;748;0;0;0;0;0;0;0;0;0;0;0;0;0;0;0;0;0;0;0;0;0
79;贾科比-沃尔特;Ja'Kobe Walter;2;3;6;60;71;80;72;79;68;71;75;70;78;69;71;76;73;20;1;猛龙;5;4;3465000;202419;3149;0;0;0;0;0;0;0;0;0;0;0;0;0;0;0;0;0;0;0;0;0
80;乔纳森-莫格博;Jonathan Mogbo;4;5;6;64;73;72;69;77;71;72;67;70;68;66;69;73;71;23;1;猛龙;5;2;1862265;202431;3161;0;0;0;0;0;0;0;0;0;0;0;0;0;0;0;0;0;0;0;0;0
81;加勒特-坦普尔;Garrett Temple;2;3;6;68;76;76;79;78;48;64;72;68;74;70;74;66;70;39;16;猛龙;5;1;3634153;200900;692;0;0;0;0;0;0;0;0;0;0;0;0;0;0;0;0;0;0;0;0;0
82;贾米森-巴特尔;Jamison Battle;4;3;6;63;74;72;66;70;63;66;63;70;72;63;69;65;67;24;1;猛龙;5;2;1680412;202400;3230;0;0;0;0;0;0;0;0;0;0;0;0;0;0;0;0;0;0;0;0;0
83;恰奇-赫本;Chucky Hepburn;1;0;6;64;62;61;61;71;61;59;62;61;66;62;61;62;61;22;0;猛龙;5;1;636435;202500;3319;0;0;0;0;0;0;0;0;0;0;0;0;0;0;0;0;0;0;0;0;0
84;AJ-劳森;A.J. Lawson;2;3;6;63;64;65;64;68;59;61;63;60;64;60;60;61;61;25;3;猛龙;5;1;676435;202200;1202;0;0;0;0;0;0;0;0;0;0;0;0;0;0;0;0;0;0;0;0;0
85;阿莱贾-马丁;Alijah Martin;3;2;6;62;60;63;60;70;62;61;64;60;64;59;58;63;61;23;0;猛龙;5;1;636435;202539;3297;0;0;0;0;0;0;0;0;0;0;0;0;0;0;0;0;0;0;0;0;0
86;约什-吉迪;Josh Giddey;2;1;8;89;81;82;80;85;72;82;81;86;80;74;87;85;86;23;4;公牛;6;4;25000000;202106;233;0;0;0;0;0;0;0;0;0;0;0;0;0;0;0;0;0;0;0;0;0
87;尼古拉-武切维奇;Nikola Vucevic;5;0;8;74;84;82;81;80;72;88;56;85;80;78;86;79;82;35;14;公牛;6;1;20000000;201116;322;0;2;0;0;0;0;0;0;0;0;0;0;0;0;0;0;0;0;0;0;0
88;科比-怀特;Coby White;1;2;8;77;81;81;82;84;60;65;74;86;86;86;87;74;81;25;6;公牛;6;1;12000000;201907;508;0;0;0;0;0;0;0;0;0;0;0;0;0;0;0;0;0;0;0;0;0
89;马塔斯-布泽利斯;Matas Buzelis;3;4;8;67;81;79;78;78;80;75;74;82;78;72;78;79;80;20;1;公牛;6;4;5195520;202411;3142;0;0;0;0;0;0;0;0;0;0;0;0;0;0;0;0;0;0;0;0;0
90;扎克-科林斯;Zach Collins;5;4;6;70;79;76;75;79;72;84;63;78;72;65;78;78;78;28;8;公牛;6;1;16741200;201710;545;0;0;0;0;0;0;0;0;0;0;0;0;0;0;0;0;0;0;0;0;0
91;艾萨克-奥科罗;Isaac Okoro;3;2;7;65;72;78;73;83;73;68;83;74;75;65;72;80;77;24;5;公牛;6;2;11000000;202005;810;0;0;0;0;0;0;0;0;0;0;0;0;0;0;0;0;0;0;0;0;0
92;杰伦-史密斯;Jalen Smith;5;4;7;50;78;82;70;78;76;84;65;77;80;60;73;80;77;25;5;公牛;6;2;8571429;202010;1446;0;0;0;0;0;0;0;0;0;0;0;0;0;0;0;0;0;0;0;0;0
93;阿约-多森姆;Ayo Dosunmu;2;1;7;76;80;84;82;81;60;64;71;80;80;73;82;70;77;25;4;公牛;6;1;7000000;202138;951;0;0;0;0;0;0;0;0;0;0;0;0;0;0;0;0;0;0;0;0;0
94;帕特里克-威廉姆斯;Patrick Williams;4;3;7;65;71;79;70;79;72;72;83;74;76;66;73;78;76;24;5;公牛;6;4;18000000;202004;711;0;0;0;0;0;0;0;0;0;0;0;0;0;0;0;0;0;0;0;0;0
95;凯文-赫尔特;Kevin Huerter;2;3;7;70;75;79;77;74;67;68;72;82;78;72;77;71;75;27;7;公牛;6;1;16830357;201819;497;0;0;0;0;0;0;0;0;0;0;0;0;0;0;0;0;0;0;0;0;0
96;特雷-琼斯;Tre Jones;1;0;7;83;79;64;79;78;61;65;70;80;65;64;77;70;74;25;5;公牛;6;3;8000000;202041;1421;0;0;0;0;0;0;0;0;0;0;0;0;0;0;0;0;0;0;0;0;0
97;杰文-卡特;Jevon Carter;1;2;7;73;70;79;76;70;60;63;73;70;80;61;76;67;72;30;7;公牛;6;1;6500000;201832;1912;0;0;0;0;0;0;0;0;0;0;0;0;0;0;0;0;0;0;0;0;0
98;朱利安-菲利普斯;Julian Phillips;3;4;6;60;73;65;71;78;69;72;71;71;68;65;66;74;71;22;2;公牛;6;2;1891857;202335;2923;0;0;0;0;0;0;0;0;0;0;0;0;0;0;0;0;0;0;0;0;0
99;诺阿-埃森格;Noa Essengue;4;3;7;68;76;73;74;76;67;67;65;68;73;67;73;69;71;18;0;公牛;6;4;4481636;202512;3274;0;0;0;0;0;0;0;0;0;0;0;0;0;0;0;0;0;0;0;0;0
100;达伦-特里;Dalen Terry;3;4;6;62;74;60;62;74;60;64;68;68;64;63;62;66;65;22;3;公牛;6;2;3510480;202218;697;0;0;0;0;0;0;0;0;0;0;0;0;0;0;0;0;0;0;0;0;0
101;特伦廷-弗劳尔斯;Trentyn Flowers;3;4;6;61;64;61;62;73;59;60;62;64;61;62;59;62;62;20;1;公牛;6;1;636435;202400;3224;0;0;0;0;0;0;0;0;0;0;0;0;0;0;0;0;0;0;0;0;0
102;伊曼纽尔-米勒;Emanuel Miller;3;2;6;65;64;63;61;70;57;61;64;64;62;60;61;61;62;25;1;公牛;6;1;636435;0;3243;0;0;0;0;0;0;0;0;0;0;0;0;0;0;0;0;0;0;0;0;0
103;拉克兰-欧尔布里希;Lachlan Olbrich;5;0;6;57;63;56;55;72;63;64;55;67;57;59;57;63;60;21;0;公牛;6;1;636435;202555;3313;0;0;0;0;0;0;0;0;0;0;0;0;0;0;0;0;0;0;0;0;0
104;多诺万-米切尔;Donovan Mitchell;2;1;10;83;89;92;87;92;69;70;80;88;93;87;94;82;89;29;8;骑士;7;3;35410310;201713;131;0;6;0;1;1;0;0;0;0;0;0;0;0;0;0;0;0;0;0;0;0
105;埃文-莫布里;Evan Mobley;4;5;9;74;85;74;75;89;87;88;79;88;75;70;82;93;87;24;4;骑士;7;5;53817156;202103;624;0;1;0;0;1;0;0;0;0;0;0;0;0;2;0;0;1;0;0;0;0
106;贾莱特-阿伦;Jarrett Allen;5;0;8;66;89;55;74;87;83;85;74;85;53;67;74;88;82;27;8;骑士;7;1;20000000;201722;342;0;1;0;0;0;0;0;0;0;0;0;0;0;0;0;0;0;0;0;0;0
107;达里厄斯-加兰;Darius Garland;1;0;8;87;76;87;87;81;59;65;65;77;90;81;91;68;81;26;6;骑士;7;3;36725670;201905;234;0;2;0;0;0;0;0;0;0;0;0;0;0;0;0;0;0;0;0;0;0
108;德安德烈-亨特;De'Andre Hunter;3;4;7;67;76;80;83;82;73;74;76;77;82;78;79;79;80;28;6;骑士;7;2;21696429;201904;504;0;0;0;0;0;0;0;0;0;0;0;0;0;0;0;0;0;0;0;0;0
109;杰隆-泰森;Jaylon Tyson;3;4;7;68;73;82;77;79;74;78;76;77;79;65;76;80;79;22;1;骑士;7;4;3326160;202420;3150;0;0;0;0;0;0;0;0;0;0;0;0;0;0;0;0;0;0;0;0;0
110;马克思-斯特鲁斯;Max Strus;3;2;7;75;72;86;82;82;63;61;75;73;83;75;81;71;77;29;6;骑士;7;2;15212068;201900;683;0;0;0;0;0;0;0;0;0;0;0;0;0;0;0;0;0;0;0;0;0
111;朗佐-鲍尔;Lonzo Ball;1;2;7;82;68;72;65;75;70;73;82;65;77;50;72;79;75;28;8;骑士;7;2;13798449;201702;191;0;0;0;0;0;1;0;0;0;0;0;0;0;0;0;0;0;0;0;0;0
112;小克雷格-波特;Craig Porter;1;2;7;73;75;76;74;75;69;73;74;75;70;70;76;75;75;25;2;骑士;7;2;1891857;202300;3009;0;0;0;0;0;0;0;0;0;0;0;0;0;0;0;0;0;0;0;0;0
113;小拉里-南斯;Larry Nance Jr.;5;4;7;63;74;71;70;79;74;76;72;72;68;60;70;78;74;33;10;骑士;7;1;3634153;201527;636;0;0;0;0;0;0;0;0;0;0;0;0;0;0;0;0;0;0;0;0;0
114;迪恩-韦德;Dean Wade;4;5;7;60;72;74;71;78;71;77;70;73;77;67;71;76;74;29;6;骑士;7;1;6166667;201900;1540;0;0;0;0;0;0;0;0;0;0;0;0;0;0;0;0;0;0;0;0;0
115;萨姆-梅里尔;Sam Merrill;2;1;7;71;70;85;83;77;64;64;70;71;87;70;79;70;74;29;5;骑士;7;4;9500000;202060;2028;0;0;0;0;0;0;0;0;0;0;0;0;0;0;0;0;0;0;0;0;0
116;托马斯-布莱恩特;Thomas Bryant;5;0;7;54;80;66;71;76;74;79;53;78;62;65;70;74;72;28;8;骑士;7;1;3287409;201742;875;0;0;0;0;0;0;0;0;0;0;0;0;0;0;0;0;0;0;0;1;0
117;内匡-汤姆林;Nae'Qwan Tomlin;4;3;6;59;78;62;60;75;68;74;68;76;65;58;66;72;69;24;1;骑士;7;1;636465;0;3257;0;0;0;0;0;0;0;0;0;0;0;0;0;0;0;0;0;0;0;0;0
118;卢克-特拉弗斯;Luke Travers;2;3;6;66;64;66;66;70;61;68;67;68;67;62;63;66;65;23;3;骑士;7;1;636435;202256;2158;0;0;0;0;0;0;0;0;0;0;0;0;0;0;0;0;0;0;0;0;0
119;泰瑞斯-普罗克特;Tyrese Proctor;2;0;6;66;68;71;66;70;59;65;63;71;71;67;67;63;65;21;0;骑士;7;4;2171346;202549;3307;0;0;0;0;0;0;0;0;0;0;0;0;0;0;0;0;0;0;0;0;0
120;克里斯-利文斯顿;Chris Livingston;4;3;6;63;68;61;62;71;61;63;62;63;63;63;62;63;63;22;2;骑士;7;1;676435;202358;2940;0;0;0;0;0;0;0;0;0;0;0;0;0;0;0;0;0;0;0;0;0
121;凯德-康宁汉姆;Cade Cunningham;1;2;10;92;87;80;87;90;74;77;82;90;83;83;94;86;90;24;4;活塞;8;5;53817156;202101;117;0;1;0;0;0;1;0;0;0;0;0;0;0;0;0;0;0;0;0;0;0
122;杰伦-杜伦;Jalen Duren;5;0;8;67;90;55;75;88;82;91;75;84;45;67;73;91;83;21;3;活塞;8;2;4536840;202213;448;0;0;0;0;0;0;0;0;0;0;0;0;0;0;0;0;0;0;0;0;0
123;托拜厄斯-哈里斯;Tobias Harris;4;3;8;71;79;79;83;81;70;75;70;78;80;82;82;76;79;33;14;活塞;8;1;25365854;201119;487;0;0;0;0;0;0;0;0;0;0;0;0;0;0;0;0;0;0;0;0;0
124;以赛亚-斯图尔特;Isaiah Stewart;4;5;7;57;81;70;70;84;86;83;72;77;71;64;71;87;79;24;5;活塞;8;3;15000000;202016;684;0;0;0;0;0;0;0;0;0;0;0;0;0;0;0;0;0;0;0;0;0
125;奥萨尔-汤普森;Ausar Thompson;3;4;8;71;82;63;66;87;77;79;85;82;60;58;69;87;79;22;2;活塞;8;3;8376291;202305;694;0;0;0;0;0;0;0;0;0;0;0;0;0;0;0;0;0;0;0;0;0
126;贾登-艾维;Jaden Ivey;2;1;8;76;78;80;80;81;62;68;73;83;81;82;82;73;78;23;3;活塞;8;2;7977240;202205;175;0;0;0;0;0;0;0;0;0;0;0;0;0;0;0;0;0;0;0;0;0
127;卡里斯-勒韦尔;Caris LeVert;2;3;7;74;79;80;73;84;64;65;75;78;75;70;78;75;76;31;9;活塞;8;2;14500000;201620;576;0;0;0;0;0;0;0;0;0;0;0;0;0;0;0;0;0;0;0;0;0
128;邓肯-罗宾逊;Duncan Robinson;3;2;7;66;74;87;83;79;61;64;70;71;86;68;78;69;74;31;7;活塞;8;3;16000000;201800;588;0;0;0;0;0;0;0;0;0;0;0;0;0;0;0;0;0;0;0;0;0
129;罗恩-霍兰德;Ronald Holland II;3;4;8;57;77;66;70;82;71;73;79;79;68;70;67;79;74;19;1;活塞;8;4;8245320;202405;3088;0;0;0;0;0;0;0;0;0;0;0;0;0;0;0;0;0;0;0;0;0
130;保罗-里德;Paul Reed;5;4;7;58;80;53;59;84;78;80;70;85;40;40;61;83;73;26;5;活塞;8;2;5500000;202058;1212;0;0;0;0;0;0;0;0;0;0;0;0;0;0;0;0;0;0;0;0;0
131;贾文特-格林;Javonte Green;2;3;6;63;75;70;70;74;72;68;82;68;72;65;68;77;72;32;6;活塞;8;1;2870000;201900;993;0;0;0;0;0;0;0;0;0;0;0;0;0;0;0;0;0;0;0;0;0
132;丹尼斯-詹金斯;Daniss Jenkins;1;2;6;74;71;74;77;75;61;64;68;72;73;73;76;67;72;23;1;活塞;8;1;636435;202400;3213;0;0;0;0;0;0;0;0;0;0;0;0;0;0;0;0;0;0;0;0;0
133;马库斯-萨瑟;Marcus Sasser;1;2;6;71;76;75;79;79;54;55;71;74;70;72;76;66;71;24;2;活塞;8;3;2755229;202325;2869;0;0;0;0;0;0;0;0;0;0;0;0;0;0;0;0;0;0;0;0;0
134;博比-克林特曼;Bobi Klintman;4;3;6;66;65;71;70;74;71;69;64;70;64;61;67;70;69;21;1;活塞;8;3;1157153;202437;3166;0;0;0;0;0;0;0;0;0;0;0;0;0;0;0;0;0;0;0;0;0
135;托卢-史密斯;Tolu Smith;5;4;7;57;82;58;60;73;66;77;66;75;61;58;66;72;69;25;1;活塞;8;1;636435;0;3247;0;0;0;0;0;0;0;0;0;0;0;0;0;0;0;0;0;0;0;0;0
136;小温德尔-摩尔;Wendell Moore Jr.;3;2;7;66;66;65;64;73;59;64;64;66;65;63;63;64;65;23;3;活塞;8;1;636435;202226;1321;0;0;0;0;0;0;0;0;0;0;0;0;0;0;0;0;0;0;0;0;0
137;查兹-兰尼尔;Chaz Lanier;2;0;6;67;64;68;63;70;59;66;63;64;68;62;64;63;64;23;0;活塞;8;4;2196199;202537;3295;0;0;0;0;0;0;0;0;0;0;0;0;0;0;0;0;0;0;0;0;0
138;艾萨克-琼斯;Isaac Jones;5;0;6;61;63;55;57;70;64;64;53;62;58;58;57;62;60;24;1;活塞;8;1;1613000;202400;3238;0;0;0;0;0;0;0;0;0;0;0;0;0;0;0;0;0;0;0;0;0
139;泰雷斯-哈利伯顿;Tyrese Haliburton;1;2;10;95;81;88;85;85;66;79;77;86;90;80;96;81;89;25;5;步行者;9;4;42176400;202012;226;226;2;0;0;0;2;0;0;1;0;0;0;0;0;0;0;0;0;0;0;0
140;帕斯卡尔-西亚卡姆;Pascal Siakam;4;3;9;79;89;82;84;90;75;80;77;90;82;86;91;85;88;31;9;步行者;9;3;42176400;201627;157;0;3;0;0;1;1;0;0;0;0;0;0;0;0;0;0;0;0;0;1;0
141;本尼迪克特-马瑟林;Bennedict Mathurin;3;0;8;70;81;83;84;85;63;75;75;82;85;82;84;77;82;23;3;步行者;9;2;7245720;202206;605;0;0;0;0;0;0;0;0;0;0;0;0;0;0;0;0;0;0;0;0;0
142;安德鲁-内姆布哈德;Andrew Nembhard;2;1;8;83;76;79;83;83;68;66;81;79;82;79;84;78;81;25;3;步行者;9;3;2019699;202231;1350;0;0;0;0;0;0;0;0;0;0;0;0;0;0;0;0;0;0;0;0;0
143;阿隆-内史密斯;Aaron Nesmith;3;4;8;65;74;89;78;81;72;75;81;75;88;70;78;80;80;25;5;步行者;9;4;11000000;202014;1353;0;0;0;0;0;0;0;0;0;0;0;0;0;0;0;0;0;0;0;0;0
144;奥比-托平;Obi Toppin;4;0;7;63;85;76;76;84;72;78;67;82;74;70;78;79;78;27;5;步行者;9;3;12975000;202008;700;0;0;0;0;0;0;0;0;0;0;0;0;0;0;0;0;0;0;0;0;0
145;杰-胡夫;Jay Huff;5;0;7;63;74;73;78;79;88;77;62;75;71;61;73;82;78;28;4;步行者;9;3;2527660;202100;1853;0;0;0;0;0;0;0;0;0;0;0;0;0;0;0;0;0;0;0;0;0
146;TJ-麦康奈尔;T.J. McConnell;1;0;8;85;83;65;84;79;50;67;80;77;64;77;81;73;77;33;10;步行者;9;3;13575000;201500;609;0;0;0;0;0;0;0;0;0;0;0;0;0;0;0;0;0;0;0;0;0
147;贾雷斯-沃克;Jarace Walker;4;5;7;62;71;72;73;81;74;78;73;75;72;60;70;80;75;21;2;步行者;9;3;6362433;202308;1782;0;0;0;0;0;0;0;0;0;0;0;0;0;0;0;0;0;0;0;0;0
148;以赛亚-杰克逊;Isaiah Jackson;5;4;7;55;80;50;75;76;78;85;68;74;50;60;65;81;73;23;4;步行者;9;3;7000000;202122;1097;0;0;0;0;0;0;0;0;0;0;0;0;0;0;0;0;0;0;0;0;0
149;本-谢泼德;Ben Sheppard;2;3;7;68;70;73;74;78;60;73;71;70;67;62;69;72;70;24;2;步行者;9;3;2664031;202326;2919;0;0;0;0;0;0;0;0;0;0;0;0;0;0;0;0;0;0;0;0;0
150;加里森-马修斯;Garrison Mathews;2;3;7;67;70;84;79;74;51;56;70;65;78;71;75;62;69;29;6;0;0;0;0;201900;1270;0;0;0;0;0;0;0;0;0;0;0;0;0;0;0;0;0;0;0;0;0
151;昆顿-杰克逊;Quenton Jackson;2;1;6;66;69;75;74;70;67;70;63;63;76;64;69;67;68;27;3;步行者;9;1;636435;202200;2006;0;0;0;0;0;0;0;0;0;0;0;0;0;0;0;0;0;0;0;0;0
152;托尼-布拉德利;Tony Bradley;5;0;6;58;78;54;57;76;67;76;55;75;55;58;62;71;67;28;8;步行者;9;1;1788094;201728;1730;0;0;0;0;0;0;0;0;0;0;0;0;0;0;0;0;0;0;0;0;0
153;约翰尼-弗菲;Johnny Furphy;3;4;7;64;67;69;63;73;59;68;65;68;65;61;64;66;66;20;1;步行者;9;3;1850842;202435;3164;0;0;0;0;0;0;0;0;0;0;0;0;0;0;0;0;0;0;0;0;0
154;伊桑-汤普森;Ethan Thompson;2;0;6;73;68;68;63;70;55;67;67;66;68;59;66;64;65;26;1;步行者;9;2;676435;202100;3252;0;0;0;0;0;0;0;0;0;0;0;0;0;0;0;0;0;0;0;0;0
155;卡姆-琼斯;Kam Jones;2;1;6;68;67;67;63;69;58;60;67;66;68;62;64;62;63;23;0;步行者;9;4;2171346;202538;3296;0;0;0;0;0;0;0;0;0;0;0;0;0;0;0;0;0;0;0;0;0
156;泰伦-皮特;Taelon Peter;2;0;6;66;64;65;62;69;59;58;60;65;67;63;62;59;61;23;0;步行者;9;1;636435;202554;3312;0;0;0;0;0;0;0;0;0;0;0;0;0;0;0;0;0;0;0;0;0
157;扬尼斯-阿德托昆博;Giannis Antetokounmpo;4;5;11;82;96;72;78;95;82;92;84;97;71;78;89;96;92;31;12;雄鹿;10;3;48787676;201315;13;0;9;1;7;2;0;0;0;0;0;0;0;0;4;1;0;1;1;2;1;0
158;迈尔斯-特纳;Myles Turner;5;4;8;58;77;84;74;86;86;78;74;76;84;72;77;87;82;29;10;雄鹿;10;4;26750000;201511;307;0;0;0;0;0;0;0;2;0;0;0;0;0;0;0;0;0;0;0;0;0
159;小凯文-波特;Kevin Porter Jr.;1;2;8;82;77;84;83;84;67;68;78;82;83;74;86;78;82;25;6;雄鹿;10;2;5500000;201930;395;0;0;0;0;0;0;0;0;0;0;0;0;0;0;0;0;0;0;0;0;0
160;瑞安-罗林斯;Ryan Rollins;2;1;7;82;78;84;81;80;60;67;77;80;84;78;85;73;80;23;3;雄鹿;10;3;4000000;202244;1989;0;0;0;0;0;0;0;0;0;0;0;0;0;0;0;0;0;0;0;0;0
161;凯尔-库兹马;Kyle Kuzma;4;5;8;66;83;72;70;85;70;79;69;83;72;75;77;79;78;30;8;雄鹿;10;2;23522727;201727;562;0;0;0;0;0;0;0;0;0;0;0;0;0;0;0;0;0;0;0;1;0
162;鲍比-波蒂斯;Bobby Portis;4;5;7;55;80;85;80;80;70;82;55;82;75;80;79;75;77;31;10;雄鹿;10;3;14666666;201522;390;0;0;0;0;0;0;0;0;0;0;0;0;0;0;0;0;0;0;0;1;0
163;小加里-特伦特;Gary Trent Jr.;2;3;7;70;72;85;82;80;60;66;74;73;82;78;79;72;76;27;7;雄鹿;10;2;3750000;201837;1493;0;0;0;0;0;0;0;0;0;0;0;0;0;0;0;0;0;0;0;0;0
164;托里恩-普林斯;Taurean Prince;3;4;7;65;72;84;75;80;66;63;73;75;79;67;75;71;74;31;9;雄鹿;10;1;2988550;201612;291;0;0;0;0;0;0;0;0;0;0;0;0;0;0;0;0;0;0;0;0;0
165;AJ-格林;A.J. Green;2;3;7;70;67;90;79;78;67;64;72;55;90;60;76;72;74;26;4;雄鹿;10;5;9460317;202100;991;0;0;0;0;0;0;0;0;0;0;0;0;0;0;0;0;0;0;0;0;0
166;阿米尔-科菲;Amir Coffey;3;2;7;65;72;76;77;78;67;67;71;72;73;70;73;72;73;28;6;雄鹿;10;1;2874436;201900;1134;0;0;0;0;0;0;0;0;0;0;0;0;0;0;0;0;0;0;0;0;0
167;科尔-安东尼;Cole Anthony;1;2;7;77;72;70;73;78;60;62;72;75;72;71;75;70;73;25;5;雄鹿;10;1;2667947;202015;354;0;0;0;0;0;0;0;0;0;0;0;0;0;0;0;0;0;0;0;0;0
168;加里-哈里斯;Gary Harris;2;3;7;70;69;76;76;78;56;69;76;69;75;70;73;72;72;31;11;雄鹿;10;2;3725007;201419;1012;0;0;0;0;0;0;0;0;0;0;0;0;0;0;0;0;0;0;0;0;0
169;小安德烈-杰克逊;Andre Jackson Jr.;3;1;7;62;72;72;61;83;71;73;67;69;70;56;64;75;71;24;2;雄鹿;10;2;1891857;202336;2924;0;0;0;0;0;0;0;0;0;0;0;0;0;0;0;0;0;0;0;0;0
170;杰里科-西姆斯;Jericho Sims;5;0;6;55;76;55;59;75;68;77;59;69;51;55;60;72;66;26;4;雄鹿;10;2;2631404;202158;1568;0;0;0;0;0;0;0;0;0;0;0;0;0;0;0;0;0;0;0;0;0
171;皮特-南斯;Pete Nance;4;3;6;63;67;66;60;70;63;62;61;68;61;58;63;63;63;25;2;雄鹿;10;1;636435;202300;3126;0;0;0;0;0;0;0;0;0;0;0;0;0;0;0;0;0;0;0;0;0
172;马克-西尔斯;Mark Sears;1;0;6;63;61;65;62;69;59;63;63;61;63;60;61;62;61;23;0;雄鹿;10;1;636435;202500;3321;0;0;0;0;0;0;0;0;0;0;0;0;0;0;0;0;0;0;0;0;0
173;萨纳西斯-阿德托昆博;Thanasis Antetokounmpo;4;5;6;55;64;55;59;72;64;64;58;65;60;58;56;64;60;33;10;雄鹿;10;1;2900000;201451;751;0;0;0;0;0;0;0;0;0;0;0;0;0;0;0;0;0;0;0;1;0
174;亚历克斯-阿德托昆博;Alex Antetokounmpo;3;4;6;55;60;51;55;70;58;62;58;70;58;58;53;60;57;24;0;雄鹿;10;1;676435;202100;3384;0;0;0;0;0;0;0;0;0;0;0;0;0;0;0;0;0;0;0;0;0
175;杰伦-约翰逊;Jalen Johnson;4;3;9;85;90;81;82;88;73;87;75;91;80;80;91;86;88;23;4;老鹰;11;5;30000000;202120;1614;0;0;0;0;0;0;0;0;0;0;0;0;0;0;0;0;0;0;0;0;0
176;奥涅卡-奥孔古;Onyeka Okongwu;5;0;8;70;83;81;78;84;80;85;75;84;82;70;83;86;85;24;5;老鹰;11;3;14000000;202006;358;0;0;0;0;0;0;0;0;0;0;0;0;0;0;0;0;0;0;0;0;0
177;克里斯塔普斯-波尔津吉斯;Kristaps Porziņģis;5;4;9;70;83;82;84;81;83;82;66;80;82;83;85;84;84;30;10;老鹰;11;1;29268293;201504;197;0;1;0;0;0;0;0;0;0;0;0;0;0;0;0;0;0;0;0;1;0
178;尼基尔-亚历山大-沃克;Nickeil Alexander-Walker;2;3;7;72;78;85;83;84;73;63;84;84;84;80;83;80;82;27;6;老鹰;11;4;15500000;201917;727;0;0;0;0;0;0;0;0;0;0;0;0;0;0;0;0;0;0;0;0;0
179;特雷-杨;Trae Young;1;0;9;91;77;85;87;83;61;62;67;84;88;87;93;69;82;27;7;老鹰;11;2;43031940;201805;160;0;4;0;0;0;1;0;0;1;0;0;0;0;0;0;0;0;0;0;0;0
180;戴森-丹尼尔斯;Dyson Daniels;2;1;8;82;82;67;70;84;72;78;88;81;69;67;75;86;80;22;3;老鹰;11;5;21541541;202208;921;0;0;0;0;0;0;0;0;0;0;0;0;1;1;0;0;0;0;0;0;0
181;扎卡里-里萨谢;Zaccharie Risacher;3;4;8;67;77;77;70;82;72;70;75;78;76;70;74;77;77;19;1;老鹰;11;4;12569040;202401;2898;0;0;0;0;0;0;0;0;0;0;0;0;0;0;0;0;0;0;0;0;0
182;维特-克雷伊奇;Vit Krejci;3;2;7;69;72;89;80;82;65;64;70;68;85;64;77;71;75;24;5;老鹰;11;3;2500000;202037;1151;0;0;0;0;0;0;0;0;0;0;0;0;0;0;0;0;0;0;0;0;0
183;阿萨-纽厄尔;Asa Newell;4;3;7;61;78;76;71;80;72;73;67;74;72;69;73;75;74;20;0;老鹰;11;4;4060163;202523;3282;0;0;0;0;0;0;0;0;0;0;0;0;0;0;0;0;0;0;0;0;0
184;卢克-肯纳德;Luke Kennard;2;1;7;72;68;90;89;74;56;61;64;69;85;80;82;63;73;29;8;老鹰;11;1;11000000;201712;555;0;0;0;0;0;0;0;0;0;0;0;0;0;0;0;0;0;0;0;0;0
185;穆罕穆德-盖耶;Mouhamed Gueye;4;5;6;59;77;65;65;77;71;72;70;71;64;57;65;74;70;23;2;老鹰;11;2;1891857;202339;2927;0;0;0;0;0;0;0;0;0;0;0;0;0;0;0;0;0;0;0;0;0
186;凯莱布-休斯坦;Caleb Houstan;3;2;6;67;65;80;79;72;60;65;64;65;78;66;72;64;69;22;3;老鹰;11;1;676435;202232;1583;0;0;0;0;0;0;0;0;0;0;0;0;0;0;0;0;0;0;0;0;0
187;基顿-华莱士;Keaton Wallace;1;2;6;68;66;71;63;72;60;63;66;66;72;58;67;65;66;26;1;老鹰;11;1;2296274;0;3214;0;0;0;0;0;0;0;0;0;0;0;0;0;0;0;0;0;0;0;0;0
188;恩法利-丹特;N'Faly Dante;5;4;6;56;70;59;58;71;68;73;60;70;58;61;61;69;65;23;1;老鹰;11;2;2250000;202400;3216;0;0;0;0;0;0;0;0;0;0;0;0;0;0;0;0;0;0;0;0;0
189;马利克-威廉姆斯;Malik Williams;5;0;6;59;65;59;60;72;61;71;55;61;62;58;59;65;62;27;2;老鹰;11;1;676435;202200;3390;0;0;0;0;0;0;0;0;0;0;0;0;0;0;0;0;0;0;0;0;0
190;尼古拉-久里希奇;Nikola Durišić;3;2;6;60;62;62;59;69;58;61;59;66;64;64;59;59;60;21;1;老鹰;11;3;1983333;202443;3144;0;0;0;0;0;0;0;0;0;0;0;0;0;0;0;0;0;0;0;0;0
191;伊莱-约翰-恩迪亚耶;Eli John Ndiaye;4;3;5;56;63;62;58;68;63;62;59;63;64;58;58;61;60;21;0;0;0;0;0;202500;3322;0;0;0;0;0;0;0;0;0;0;0;0;0;0;0;0;0;0;0;0;0
192;拉梅洛-鲍尔;LaMelo Ball;1;2;9;89;78;88;84;78;62;73;68;84;91;83;93;72;83;24;5;黄蜂;12;4;35147000;202003;90;0;1;0;0;0;0;0;0;0;0;1;0;0;0;0;0;0;0;0;0;0
193;布兰登-米勒;Brandon Miller;3;2;9;70;77;83;79;86;74;72;73;82;88;84;83;79;82;22;2;黄蜂;12;3;11424382;202302;1257;0;0;0;0;0;0;0;0;0;0;0;0;0;0;0;0;0;0;0;0;0
194;迈尔斯-布里奇斯;Miles Bridges;4;3;8;74;82;79;78;85;70;78;68;85;84;79;85;78;81;27;7;黄蜂;12;2;27173913;201812;201;0;0;0;0;0;0;0;0;0;0;0;0;0;0;0;0;0;0;0;0;0
195;康-克努佩尔;Kon Knueppel;2;3;9;74;79;92;88;80;65;72;72;75;92;76;87;74;81;20;0;黄蜂;12;4;11371753;202504;3263;0;0;0;0;0;0;0;0;0;0;0;0;0;0;0;0;0;0;0;0;0
196;科林-塞克斯顿;Collin Sexton;2;1;8;78;82;82;85;84;60;65;73;82;79;79;84;73;79;27;7;黄蜂;12;1;18350000;201808;663;0;0;0;0;0;0;0;0;0;0;0;0;0;0;0;0;0;0;0;0;0
197;穆萨-迪亚巴特;Moussa Diabaté;5;4;7;58;86;50;55;85;81;90;74;81;48;48;63;89;77;25;3;黄蜂;12;2;1792191;202243;936;0;0;0;0;0;0;0;0;0;0;0;0;0;0;0;0;0;0;0;0;0
198;格兰特-威廉姆斯;Grant Williams;4;5;7;61;73;77;73;80;73;76;75;71;73;68;72;79;75;27;6;黄蜂;12;2;13025250;201922;1523;0;0;0;0;0;0;0;0;0;0;0;0;0;0;0;0;0;0;0;0;0
199;瑞恩-卡尔克布伦纳;Ryan Kalkbrenner;5;0;7;51;86;59;71;78;84;83;65;82;53;48;66;83;75;23;0;黄蜂;12;4;2492308;202534;3292;0;0;0;0;0;0;0;0;0;0;0;0;0;0;0;0;0;0;0;0;0
200;约什-格林;Josh Green;3;2;7;63;70;80;74;80;68;66;77;65;75;68;71;74;74;24;5;黄蜂;12;2;12654321;202018;479;0;0;0;0;0;0;0;0;0;0;0;0;0;0;0;0;0;0;0;0;0
201;提贾尼-萨隆;Tidjane Salaun;4;3;8;58;76;78;68;79;72;76;70;72;78;63;71;77;74;19;1;黄蜂;12;4;7488720;202406;3139;0;0;0;0;0;0;0;0;0;0;0;0;0;0;0;0;0;0;0;0;0
202;特雷-曼恩;Tre Mann;2;1;7;73;73;75;75;79;58;67;72;78;75;72;76;70;73;24;4;黄蜂;12;3;9000000;202118;1296;0;0;0;0;0;0;0;0;0;0;0;0;0;0;0;0;0;0;0;0;0
203;梅森-普拉姆利;Mason Plumlee;5;0;6;69;74;50;68;74;74;79;72;75;30;68;64;77;71;35;12;黄蜂;12;1;3600000;201322;1397;0;0;0;0;0;0;0;0;0;0;0;0;0;0;0;0;0;0;0;0;0
204;帕特-康诺顿;Pat Connaughton;3;2;7;68;74;70;76;75;60;62;72;70;72;65;71;67;70;33;10;黄蜂;12;1;9423869;201541;1127;0;0;0;0;0;0;0;0;0;0;0;0;0;0;0;0;0;0;0;1;0
205;西恩-詹姆斯;Sion James;3;2;7;68;69;73;66;74;65;71;68;68;72;64;68;70;70;22;0;黄蜂;12;4;7917990;202533;3291;0;0;0;0;0;0;0;0;0;0;0;0;0;0;0;0;0;0;0;0;0
206;KJ-辛普森;KJ Simpson;1;0;6;75;68;70;62;73;58;69;63;68;69;64;70;65;68;21;1;黄蜂;12;1;1300000;202442;3171;0;0;0;0;0;0;0;0;0;0;0;0;0;0;0;0;0;0;0;0;0
207;利亚姆-麦克尼利;Liam McNeeley;3;2;6;67;66;72;64;72;64;69;63;67;67;62;66;66;67;20;0;黄蜂;12;4;3548534;202529;3287;0;0;0;0;0;0;0;0;0;0;0;0;0;0;0;0;0;0;0;0;0
208;安东尼奥-里夫斯;Antonio Reeves;2;3;6;63;64;71;66;73;58;64;64;67;68;64;64;64;64;24;1;黄蜂;12;1;636435;202447;3175;0;0;0;0;0;0;0;0;0;0;0;0;0;0;0;0;0;0;0;0;0
209;德鲁-彼得森;Drew Peterson;3;4;6;59;64;58;59;69;61;62;63;60;62;63;57;62;60;25;2;0;0;0;0;202300;3097;0;0;0;0;0;0;0;0;0;0;0;0;0;0;0;0;0;0;0;1;0
210;巴姆-阿德巴约;Bam Adebayo;4;5;9;74;82;72;78;89;83;86;81;83;76;82;82;91;86;28;8;热火;13;4;34848340;201714;167;0;3;0;0;0;0;0;0;0;0;0;0;0;1;4;0;0;0;0;0;0
211;泰勒-希罗;Tyler Herro;2;1;8;78;83;88;86;83;65;71;73;85;88;87;89;75;83;26;6;热火;13;2;29000000;201913;722;0;1;0;0;0;0;0;1;0;0;0;0;0;0;0;0;0;0;0;0;1
212;凯莱尔-韦尔;Kel'el Ware;5;4;8;56;84;80;78;85;83;92;70;84;72;55;76;90;83;20;1;热火;13;4;4231800;202415;705;0;0;0;0;0;0;0;0;0;0;0;0;0;0;0;0;0;0;0;0;0
213;安德鲁-威金斯;Andrew Wiggins;3;4;8;69;79;82;74;86;78;75;84;80;82;78;79;85;83;30;11;热火;13;2;26276786;201401;148;0;1;0;0;0;0;0;0;0;0;1;0;0;0;0;0;0;0;0;1;0
214;诺曼-鲍威尔;Norman Powell;2;3;8;74;82;89;85;84;67;65;72;86;89;85;88;74;82;32;10;热火;13;1;19241379;201546;844;0;0;0;0;0;0;0;0;0;0;0;0;0;0;0;0;0;0;0;1;0
215;小海梅-哈克斯;Jaime Jaquez Jr.;3;4;7;77;84;70;74;84;67;78;80;85;68;78;79;81;81;24;2;热火;13;3;3686067;202318;2915;0;0;0;0;0;0;0;0;0;0;0;0;0;0;0;0;0;0;0;0;0
216;戴维恩-米切尔;Davion Mitchell;1;2;7;85;78;73;73;82;68;65;83;78;76;68;81;79;80;27;4;热火;13;2;12000000;202109;1316;0;0;0;0;0;0;0;0;0;0;0;0;0;0;0;0;0;0;0;0;0
217;特里-罗齐尔;Terry Rozier;1;2;7;75;74;79;78;83;56;61;73;78;83;82;81;71;77;31;10;热火;13;1;24924126;201516;595;0;0;0;0;0;0;0;0;0;0;0;0;0;0;0;0;0;0;0;0;0
218;尼古拉-约维奇;Nikola Jovic;4;5;7;73;72;75;74;82;72;77;72;75;75;68;76;79;77;22;3;热火;13;5;13369083;202227;1622;0;0;0;0;0;0;0;0;0;0;0;0;0;0;0;0;0;0;0;0;0
219;佩莱-拉尔森;Pelle Larsson;3;2;7;73;73;77;76;80;65;68;73;77;72;68;75;73;75;24;1;热火;13;2;1157153;202444;3172;0;0;0;0;0;0;0;0;0;0;0;0;0;0;0;0;0;0;0;0;0
220;西蒙尼-冯泰奇奥;Simone Fontecchio;3;4;7;62;70;82;78;78;65;68;70;70;82;75;74;71;74;29;3;热火;13;1;8000000;202200;971;0;0;0;0;0;0;0;0;0;0;0;0;0;0;0;0;0;0;0;0;0
221;德鲁-史密斯;Dru Smith;1;2;6;76;71;70;78;72;57;62;77;70;70;65;74;69;72;27;3;热火;13;3;2632717;202200;1445;0;0;0;0;0;0;0;0;0;0;0;0;0;0;0;0;0;0;0;0;0
222;卡斯帕拉斯-亚库契奥尼斯;Kasparas Jakucionis;2;1;7;67;64;68;63;71;58;68;72;67;68;64;64;68;66;19;0;热火;13;4;4432651;202520;3269;0;0;0;0;0;0;0;0;0;0;0;0;0;0;0;0;0;0;0;0;0
223;克沙德-约翰逊;Keshad Johnson;3;2;6;62;66;65;62;70;64;68;65;66;64;59;61;66;64;24;1;热火;13;1;1446295;202400;3215;0;0;0;0;0;0;0;0;0;0;0;0;0;0;0;0;0;0;0;0;0
224;麦隆-加德纳;Myron Gardner;3;0;6;63;65;66;61;71;62;66;62;63;58;55;59;64;62;24;1;热火;13;1;636435;0;3383;0;0;0;0;0;0;0;0;0;0;0;0;0;0;0;0;0;0;0;0;0
225;贾米尔-杨;Jahmir Young;1;0;6;66;64;66;63;68;58;62;64;64;63;58;62;62;62;24;1;热火;13;1;676435;202400;3254;0;0;0;0;0;0;0;0;0;0;0;0;0;0;0;0;0;0;0;0;0
226;弗拉季斯拉夫-戈尔金;Vladislav Goldin;5;0;5;61;64;57;60;68;62;63;54;65;58;61;59;60;60;24;0;热火;13;1;636435;202500;3323;0;0;0;0;0;0;0;0;0;0;0;0;0;0;0;0;0;0;0;0;0
227;弗朗茨-瓦格纳;Franz Wagner;3;2;9;81;86;81;82;88;70;76;81;88;83;84;87;83;86;24;4;魔术;14;5;44847572;202108;1508;0;0;0;0;0;0;0;0;0;0;0;0;0;0;0;0;0;0;0;0;0
228;保罗-班凯罗;Paolo Banchero;4;3;9;75;86;77;81;88;74;80;70;87;80;83;86;82;84;22;3;魔术;14;6;50389128;202201;190;0;1;0;0;0;0;0;0;0;0;1;0;0;0;0;0;0;0;0;0;0
229;杰伦-萨格斯;Jalen Suggs;1;2;8;77;80;78;81;85;78;69;86;78;84;72;82;85;83;24;4;魔术;14;5;26531397;202105;658;0;0;0;0;0;0;0;0;0;0;0;0;0;0;1;0;0;0;0;0;0
230;温德尔-卡特;Wendell Carter Jr.;5;4;7;65;83;80;79;82;79;85;72;80;75;75;81;85;83;26;7;魔术;14;4;16290096;201807;245;0;0;0;0;0;0;0;0;0;0;0;0;0;0;0;0;0;0;0;0;0
231;德斯蒙德-贝恩;Desmond Bane;2;3;8;77;82;84;87;84;69;71;70;84;82;79;85;76;81;27;5;魔术;14;4;34005250;202030;192;0;0;0;0;0;0;0;0;0;0;0;0;0;0;0;0;0;0;0;0;0
232;莫里茨-瓦格纳;Moritz Wagner;4;5;7;64;83;71;72;82;78;79;69;82;68;62;74;81;78;28;7;魔术;14;1;11000000;201825;2176;0;0;0;0;0;0;0;0;0;0;0;0;0;0;0;0;0;0;0;0;0
233;戈加-比塔泽;Goga Bitadze;5;0;7;64;84;57;68;82;85;87;52;80;58;60;70;84;77;26;6;魔术;14;2;9057971;201918;856;0;0;0;0;0;0;0;0;0;0;0;0;0;0;0;0;0;0;0;0;0
234;乔纳森-艾萨克;Jonathan Isaac;4;3;7;54;74;67;62;80;82;78;83;75;69;67;66;85;76;28;8;魔术;14;4;25000000;201706;349;0;0;0;0;0;0;0;0;0;0;0;0;0;0;0;0;0;0;0;0;0
235;泰厄斯-琼斯;Tyus Jones;1;0;7;83;71;78;79;79;45;60;72;72;76;70;81;66;74;29;10;魔术;14;1;7000000;201524;656;0;0;0;0;0;0;0;0;0;0;0;0;0;0;0;0;0;0;0;0;0
236;安东尼-布莱克;Anthony Black;1;2;8;72;80;66;71;78;70;72;74;78;68;72;73;76;74;21;2;魔术;14;3;7607754;202306;1795;0;0;0;0;0;0;0;0;0;0;0;0;0;0;0;0;0;0;0;0;0
237;特里斯坦-达-席尔瓦;Tristan da Silva;4;3;7;61;72;77;76;77;70;70;72;73;75;70;73;73;73;23;1;魔术;14;4;3628440;202418;3148;0;0;0;0;0;0;0;0;0;0;0;0;0;0;0;0;0;0;0;0;0
238;贾马尔-凯因;Jamal Cain;3;4;6;62;74;69;72;79;68;70;68;73;68;67;68;72;71;26;3;魔术;14;1;636435;202200;1120;0;0;0;0;0;0;0;0;0;0;0;0;0;0;0;0;0;0;0;0;0
239;诺阿-庞达;Noah Penda;3;2;7;67;70;72;64;70;63;75;64;73;70;65;68;68;69;20;0;魔术;14;4;2171346;202532;3290;0;0;0;0;0;0;0;0;0;0;0;0;0;0;0;0;0;0;0;0;0
240;杰特-霍华德;Jett Howard;3;2;7;65;74;75;65;72;62;66;62;73;74;65;70;64;68;21;2;魔术;14;3;5278165;202311;2007;0;0;0;0;0;0;0;0;0;0;0;0;0;0;0;0;0;0;0;0;0
241;科林-卡尔斯特顿;Colin Castleton;5;0;6;66;78;54;64;70;66;80;59;72;61;60;66;70;68;25;2;魔术;14;1;676435;202200;3015;0;0;0;0;0;0;0;0;0;0;0;0;0;0;0;0;0;0;0;0;0
242;杰斯-理查德森;Jase Richardson;2;1;7;68;74;74;65;71;63;65;63;74;71;66;70;65;67;20;0;魔术;14;4;3827140;202525;3271;0;0;0;0;0;0;0;0;0;0;0;0;0;0;0;0;0;0;0;0;0
243;奥兰多-罗宾逊;Orlando Robinson;5;0;6;58;64;54;59;71;63;64;60;64;50;50;55;64;60;25;3;魔术;14;1;636435;202200;1232;0;0;0;0;0;0;0;0;0;0;0;0;0;0;0;0;0;0;0;0;0
244;亚历山大-萨尔;Alex Sarr;5;4;9;69;82;72;74;85;88;84;75;83;75;65;79;90;84;20;1;奇才;15;4;11245680;202402;2009;0;0;0;0;0;0;0;0;0;0;0;0;0;0;0;0;0;0;0;0;0
245;凯肖恩-乔治;Kyshawn George;3;4;8;75;74;85;81;82;72;78;76;76;85;70;81;80;82;21;1;奇才;15;4;2825520;202424;3154;0;0;0;0;0;0;0;0;0;0;0;0;0;0;0;0;0;0;0;0;0
246;比拉尔-库利巴利;Bilal Coulibaly;3;2;7;68;77;71;74;85;71;74;79;79;74;70;74;81;78;21;2;奇才;15;3;6944969;202307;2914;0;0;0;0;0;0;0;0;0;0;0;0;0;0;0;0;0;0;0;0;0
247;CJ-麦科勒姆;CJ McCollum;1;2;8;76;80;84;82;78;60;65;67;82;87;86;86;68;78;34;12;奇才;15;1;33333333;201310;130;0;0;0;0;0;0;0;0;0;0;0;0;0;0;0;0;0;0;0;0;0
248;克里斯-米德尔顿;Khris Middleton;3;4;8;76;73;80;82;77;65;72;70;72;76;81;80;72;77;34;13;奇才;15;1;31666667;201239;276;0;3;0;0;0;0;0;0;0;0;0;0;0;0;0;0;0;0;0;1;0
249;科里-基斯伯特;Corey Kispert;3;2;7;68;75;81;80;78;67;69;72;74;78;74;77;73;76;26;4;奇才;15;4;11941177;202115;1075;0;0;0;0;0;0;0;0;0;0;0;0;0;0;0;0;0;0;0;0;0
250;特雷-约翰逊;Tre Johnson;2;1;8;67;76;83;83;80;66;68;69;77;81;72;78;72;76;19;0;奇才;15;4;9359782;202506;3262;0;0;0;0;0;0;0;0;0;0;0;0;0;0;0;0;0;0;0;0;0
251;马文-巴格利;Marvin Bagley;5;4;7;60;84;66;68;81;72;82;62;82;58;60;71;78;75;26;7;奇才;15;1;3080921;201802;183;0;0;0;0;0;0;0;0;0;0;0;0;0;0;0;0;0;0;0;0;0
252;卡尔顿-卡林顿;Bub Carrington;1;2;8;78;65;82;70;78;60;65;68;70;82;70;78;69;74;19;1;奇才;15;4;4454880;202414;3145;0;0;0;0;0;0;0;0;0;0;0;0;0;0;0;0;0;0;0;0;0
253;卡姆-惠特莫尔;Cam Whitmore;3;4;7;57;78;74;74;80;64;71;62;78;74;70;71;70;72;21;2;奇才;15;3;3379068;202320;511;0;0;0;0;0;0;0;0;0;0;0;0;0;0;0;0;0;0;0;0;0
254;马拉基-布兰纳姆;Malaki Branham;2;3;6;64;72;70;75;80;60;64;67;75;76;73;71;68;70;22;3;奇才;15;2;3217920;202220;878;0;0;0;0;0;0;0;0;0;0;0;0;0;0;0;0;0;0;0;0;0
255;贾斯汀-尚帕尼;Justin Champagnie;3;4;6;62;72;68;69;74;64;79;68;76;69;59;67;72;70;24;4;奇才;15;3;2561817;202100;2122;0;0;0;0;0;0;0;0;0;0;0;0;0;0;0;0;0;0;0;0;0
256;AJ-约翰逊;AJ Johnson;2;1;7;64;72;69;67;78;65;65;74;70;68;66;66;72;69;20;1;奇才;15;4;2795294;202423;3153;0;0;0;0;0;0;0;0;0;0;0;0;0;0;0;0;0;0;0;0;0
257;特里斯坦-武克切维奇;Tristan Vukčević;5;4;6;55;74;60;70;78;68;72;63;74;60;70;67;72;69;25;2;奇才;15;1;636435;202342;2929;0;0;0;0;0;0;0;0;0;0;0;0;0;0;0;0;0;0;0;0;0
258;谢里夫-库珀;Sharife Cooper;1;0;6;73;66;64;70;73;54;62;68;69;66;69;69;65;67;24;4;奇才;15;1;676435;202148;1168;0;0;0;0;0;0;0;0;0;0;0;0;0;0;0;0;0;0;0;0;0
259;威尔-赖利;Will Riley;3;2;7;67;68;66;70;71;63;66;64;70;68;63;66;65;67;19;0;奇才;15;4;4305048;202521;3280;0;0;0;0;0;0;0;0;0;0;0;0;0;0;0;0;0;0;0;0;0
260;贾米尔-沃特金斯;Jamir Watkins;2;0;6;62;67;64;63;70;62;68;64;64;66;61;61;65;63;24;0;奇才;15;1;636435;202543;3301;0;0;0;0;0;0;0;0;0;0;0;0;0;0;0;0;0;0;0;0;0
261;安东尼-吉尔;Anthony Gill;4;0;6;55;68;59;60;70;58;64;60;62;55;55;57;61;59;33;5;奇才;15;1;2667947;201600;1077;0;0;0;0;0;0;0;0;0;0;0;0;0;0;0;0;0;0;0;0;0
262;安东尼-戴维斯;Anthony Davis;5;4;10;70;92;67;80;86;92;91;76;92;65;78;84;94;90;32;13;独行侠;16;3;43219440;201201;25;0;10;1;4;1;0;0;3;0;0;0;0;0;3;2;0;0;0;0;1;0
263;凯里-欧文;Kyrie Irving;1;2;10;80;83;89;90;86;65;72;75;86;89;88;93;78;86;33;14;独行侠;16;3;39666486;201101;136;0;9;1;0;1;2;0;0;0;0;0;0;0;0;0;0;0;0;0;1;0
264;库珀-弗拉格;Cooper Flagg;3;4;10;74;84;72;80;87;75;79;81;87;75;79;81;85;84;18;0;独行侠;16;4;15682556;202501;3212;0;0;0;0;0;0;0;0;0;0;0;0;0;0;0;0;0;0;0;0;0
265;PJ-华盛顿;P.J. Washington;4;3;7;69;79;77;72;83;75;82;75;82;78;75;79;83;81;27;6;独行侠;16;5;20686392;201912;1053;0;0;0;0;0;0;0;0;0;0;0;0;0;0;0;0;0;0;0;0;0
266;纳吉-马绍尔;Naji Marshall;3;4;7;70;83;69;82;84;70;74;78;80;71;75;77;80;80;27;5;独行侠;16;2;8571429;202000;1265;0;0;0;0;0;0;0;0;0;0;0;0;0;0;0;0;0;0;0;0;0
267;德雷克-莱夫利二世;Dereck Lively II;5;0;8;66;86;58;66;86;83;84;67;81;50;53;69;86;78;22;2;独行侠;16;3;5014409;202312;567;0;0;0;0;0;0;0;0;0;0;0;0;0;0;0;0;0;0;0;0;0
268;马克斯-克里斯蒂;Max Christie;2;3;7;66;72;86;82;82;66;71;80;75;82;65;77;78;78;22;3;独行侠;16;3;7142857;202235;1156;0;0;0;0;0;0;0;0;0;0;0;0;0;0;0;0;0;0;0;0;0
269;丹尼尔-加福德;Daniel Gafford;5;0;7;60;87;55;70;82;82;85;62;84;50;62;70;84;77;27;6;独行侠;16;4;18596580;201938;1081;0;0;0;0;0;0;0;0;0;0;0;0;0;0;0;0;0;0;0;0;0
270;克莱-汤普森;Klay Thompson;3;2;9;69;68;87;77;78;62;66;72;69;88;78;78;70;75;35;14;独行侠;16;2;15873016;201111;147;0;5;0;0;0;2;1;0;0;0;0;0;0;0;1;0;0;0;0;4;0
271;布兰登-威廉姆斯;Brandon Williams;1;2;7;74;76;67;78;79;63;65;78;80;74;70;76;74;75;26;5;独行侠;16;1;636435;202000;2181;0;0;0;0;0;0;0;0;0;0;0;0;0;0;0;0;0;0;0;0;0
272;德安吉洛-拉塞尔;D'Angelo Russell;1;0;8;76;70;78;78;80;52;65;66;76;80;76;79;67;74;29;10;独行侠;16;2;6500000;201502;251;0;1;0;0;0;0;0;0;0;0;0;0;0;0;0;0;0;0;0;0;0
273;瑞安-内姆布哈德;Ryan Nembhard;1;0;7;81;74;76;83;79;56;64;63;72;72;80;81;66;74;22;0;独行侠;16;1;636435;202500;3331;0;0;0;0;0;0;0;0;0;0;0;0;0;0;0;0;0;0;0;0;0
274;丹特-埃克萨姆;Dante Exum;3;2;7;75;73;71;75;80;58;65;76;75;65;77;74;71;73;30;11;独行侠;16;1;3303774;201405;776;0;0;0;0;0;0;0;0;0;0;0;0;0;0;0;0;0;0;0;0;0
275;凯莱布-马丁;Caleb Martin;4;3;7;62;68;70;75;76;68;74;74;71;72;74;70;74;72;30;6;独行侠;16;3;8149001;201900;600;0;0;0;0;0;0;0;0;0;0;0;0;0;0;0;0;0;0;0;0;0
276;德怀特-鲍威尔;Dwight Powell;5;0;6;53;77;61;64;77;71;79;65;69;62;68;64;76;70;34;11;独行侠;16;1;4000000;201445;843;0;0;0;0;0;0;0;0;0;0;0;0;0;0;0;0;0;0;0;0;0
277;贾登-哈迪;Jaden Hardy;2;1;7;63;70;77;80;72;58;65;63;74;74;71;72;64;68;22;3;独行侠;16;3;5004917;202237;1001;0;0;0;0;0;0;0;0;0;0;0;0;0;0;0;0;0;0;0;0;0
278;穆萨-西塞;Moussa Cisse;5;0;6;50;74;50;50;80;79;76;62;78;52;52;57;78;68;23;0;独行侠;16;1;676435;202500;3385;0;0;0;0;0;0;0;0;0;0;0;0;0;0;0;0;0;0;0;0;0
279;迈尔斯-凯利;Miles Kelly;2;0;5;61;57;62;60;70;58;58;58;61;62;56;56;59;57;22;0;独行侠;16;1;636435;202500;3330;0;0;0;0;0;0;0;0;0;0;0;0;0;0;0;0;0;0;0;0;0
280;凯文-杜兰特;Kevin Durant;3;2;11;76;88;90;95;85;74;76;72;85;88;95;93;80;88;37;18;火箭;17;3;48236203;200702;29;0;15;2;6;5;0;0;0;0;0;1;4;0;0;0;0;0;2;1;2;0
281;阿尔佩伦-申京;Alperen Sengun;5;4;9;84;88;78;78;87;77;88;70;89;75;78;89;86;88;22;4;火箭;17;5;31737442;202116;295;0;1;0;0;0;0;0;0;0;0;0;0;0;0;0;0;0;0;0;0;0
282;阿门-汤普森;Amen Thompson;1;2;9;79;87;60;75;92;78;84;88;88;65;68;77;93;84;22;2;火箭;17;3;9249748;202304;693;0;0;0;0;0;0;0;0;0;0;0;0;0;1;0;0;0;0;0;0;0
283;弗雷德-范弗利特;Fred VanVleet;1;0;8;82;71;83;80;85;62;67;81;74;86;81;85;78;82;31;9;火箭;17;2;25000000;201600;210;226;1;0;0;0;0;0;0;0;0;0;0;0;0;0;0;0;0;0;1;0
284;小贾巴里-史密斯;Jabari Smith Jr.;4;3;8;64;80;83;78;84;75;79;72;77;86;74;80;81;81;22;3;火箭;17;6;22391732;202203;297;0;0;0;0;0;0;0;0;0;0;0;0;0;0;0;0;0;0;0;0;0
285;塔里-伊森;Tari Eason;3;4;8;62;79;83;73;84;78;80;82;75;82;68;75;85;81;24;3;火箭;17;2;3695160;202217;1594;0;0;0;0;0;0;0;0;0;0;0;0;0;0;0;0;0;0;0;0;0
286;多里安-芬尼-史密斯;Dorian Finney-Smith;4;5;7;65;71;81;75;80;78;74;77;72;75;70;74;80;77;32;9;火箭;17;4;13176250;201600;464;0;0;0;0;0;0;0;0;0;0;0;0;0;0;0;0;0;0;0;0;0
287;里德-谢泼德;Reed Sheppard;2;1;8;74;72;86;80;78;66;66;72;74;85;78;81;72;77;20;1;火箭;17;4;10098960;202403;3137;0;0;0;0;0;0;0;0;0;0;0;0;0;0;0;0;0;0;0;0;0
288;史蒂文-亚当斯;Steven Adams;5;0;7;61;77;45;65;80;82;93;63;79;50;51;62;86;75;32;12;火箭;17;3;13000000;201312;330;0;0;0;0;0;0;0;0;0;0;0;0;0;0;0;0;0;0;0;0;0
289;约什-奥科吉;Josh Okogie;3;2;7;62;70;77;72;81;71;73;77;73;70;65;69;78;75;27;7;火箭;17;1;3100000;201820;808;0;0;0;0;0;0;0;0;0;0;0;0;0;0;0;0;0;0;0;0;0
290;克林特-卡佩拉;Clint Capela;5;0;8;50;84;55;50;80;78;89;62;80;41;45;59;83;72;31;11;火箭;17;3;7166666;201425;535;0;0;0;0;0;0;0;0;0;1;0;0;0;0;0;0;0;0;0;0;0
291;杰夫-格林;Jeff Green;4;5;7;65;72;77;70;75;66;70;67;74;75;70;73;70;72;39;18;火箭;17;1;3630000;200705;222;0;0;0;0;0;0;0;0;0;0;0;0;0;0;0;0;0;0;0;1;0
292;阿龙-霍乐迪;Aaron Holiday;1;2;7;71;77;79;77;74;56;60;64;70;76;70;77;63;70;29;7;火箭;17;1;3080000;201823;515;0;0;0;0;0;0;0;0;0;0;0;0;0;0;0;0;0;0;0;0;0
293;杰肖恩-泰特;Jae'Sean Tate;3;4;6;65;73;64;62;75;68;66;69;75;67;65;66;70;69;30;5;火箭;17;1;3000000;201800;1486;0;0;0;0;0;0;0;0;0;0;0;0;0;0;0;0;0;0;0;0;0
294;泰勒-史密斯;Tyler Smith;4;0;6;62;69;67;64;73;65;65;62;69;66;59;65;66;65;20;1;火箭;17;2;676435;202433;3162;0;0;0;0;0;0;0;0;0;0;0;0;0;0;0;0;0;0;0;0;0
295;JD-戴维森;JD Davison;1;2;6;66;66;67;63;70;62;62;62;66;66;64;64;63;64;25;3;火箭;17;1;676435;202253;1757;0;0;0;0;0;0;0;0;0;0;0;0;0;0;0;0;0;0;0;1;0
296;以赛亚-克劳福德;Isaiah Crawford;3;2;5;62;62;60;61;69;54;62;63;58;62;60;57;60;59;23;1;火箭;17;1;636435;202400;3227;0;0;0;0;0;0;0;0;0;0;0;0;0;0;0;0;0;0;0;0;0
297;小贾伦-杰克逊;Jaren Jackson Jr.;4;5;9;65;87;79;78;85;88;77;80;87;82;75;83;88;85;26;7;灰熊;18;5;47995200;201804;242;0;2;0;0;0;0;0;2;0;0;0;0;0;2;1;0;0;0;0;0;0
298;贾-莫兰特;Ja Morant;1;0;9;87;85;72;83;88;66;71;75;89;80;80;87;79;84;26;6;灰熊;18;3;36725670;201902;132;0;2;0;0;1;0;0;0;0;0;1;0;0;0;0;0;0;0;0;0;0
299;桑蒂-阿尔达马;Santi Aldama;4;5;7;73;83;77;75;84;74;83;70;82;77;75;82;82;82;24;4;灰熊;18;3;17500000;202130;752;0;0;0;0;0;0;0;0;0;0;0;0;0;0;0;0;0;0;0;0;0
300;泰-杰罗姆;Ty Jerome;2;1;7;76;78;88;85;80;63;63;70;77;88;84;86;70;79;28;6;灰熊;18;3;9333333;201924;1099;0;0;0;0;0;0;0;0;0;0;0;0;0;0;0;0;0;0;0;0;0
301;扎克-伊迪;Zach Edey;5;0;7;55;88;57;71;82;85;88;60;82;50;55;68;86;78;22;1;灰熊;18;4;5756880;202409;1717;0;0;0;0;0;0;0;0;0;0;0;0;0;0;0;0;0;0;0;0;0
302;塞德里克-考沃德;Cedric Coward;2;3;8;70;80;76;84;82;68;77;72;80;80;74;79;77;78;22;0;灰熊;18;4;6586465;202511;3266;0;0;0;0;0;0;0;0;0;0;0;0;0;0;0;0;0;0;0;0;0
303;小斯科蒂-皮蓬;Scotty Pippen Jr.;1;0;7;77;82;80;76;81;63;63;74;84;73;70;81;72;77;24;3;灰熊;18;3;1600000;202200;1391;0;0;0;0;0;0;0;0;0;0;0;0;0;0;0;0;0;0;0;0;0
304;肯塔维厄斯-考德威尔-波普;Kentavious Caldwell-Pope;2;3;7;75;70;78;82;80;68;65;78;73;78;70;78;75;77;32;12;灰熊;18;2;22757000;201308;541;0;0;0;0;0;0;0;0;0;0;0;0;0;0;0;0;0;0;0;2;0
305;乔克-兰代尔;Jock Landale;5;0;7;64;82;77;74;78;71;84;60;78;70;70;77;77;77;29;4;灰熊;18;1;8000000;201800;1192;0;0;0;0;0;0;0;0;0;0;0;0;0;0;0;0;0;0;0;0;0
306;杰伦-威尔斯;Jaylen Wells;3;4;7;62;73;80;78;82;68;70;81;76;80;72;75;78;77;21;1;灰熊;18;3;1157153;202439;3168;0;0;0;0;0;0;0;0;0;0;0;0;0;0;0;0;0;0;0;0;0
307;卡梅隆-斯宾塞;Cam Spencer;2;3;7;80;68;87;86;75;63;66;67;70;90;77;84;68;77;25;1;灰熊;18;4;2625000;202453;3181;0;0;0;0;0;0;0;0;0;0;0;0;0;0;0;0;0;0;0;0;0
308;文斯-威廉姆斯;Vince Williams;2;3;7;78;70;70;74;78;64;74;76;70;75;72;74;75;75;23;3;灰熊;18;2;2120693;202247;1535;0;0;0;0;0;0;0;0;0;0;0;0;0;0;0;0;0;0;0;0;0
309;布兰登-克拉克;Brandon Clarke;4;5;7;65;82;62;69;81;76;80;69;68;60;64;69;80;75;29;6;灰熊;18;2;12500000;201921;1141;0;0;0;0;0;0;0;0;0;0;0;0;0;0;0;0;0;0;0;0;0
310;GG-杰克逊;GG Jackson;4;3;7;60;78;67;74;82;67;72;70;75;72;70;72;75;73;20;2;灰熊;18;2;1891857;202345;2855;0;0;0;0;0;0;0;0;0;0;0;0;0;0;0;0;0;0;0;0;0
311;约翰-康查尔;John Konchar;2;3;6;68;72;66;62;72;62;70;70;75;74;63;67;69;68;29;6;灰熊;18;2;6165000;201900;1124;0;0;0;0;0;0;0;0;0;0;0;0;0;0;0;0;0;0;0;0;0
312;奥利维尔-马克尚斯-普罗斯珀;Olivier-Maxence Prosper;4;3;6;66;68;66;65;74;62;68;68;68;68;61;66;68;67;23;2;灰熊;18;1;636435;202324;2918;0;0;0;0;0;0;0;0;0;0;0;0;0;0;0;0;0;0;0;0;0
313;贾冯-斯莫尔;Javon Small;1;0;6;74;66;69;63;70;55;66;62;66;68;63;68;62;66;22;0;灰熊;18;2;636435;202548;3306;0;0;0;0;0;0;0;0;0;0;0;0;0;0;0;0;0;0;0;0;0
314;贾哈迈-马沙克;Jahmai Mashack;2;1;6;63;62;63;59;70;60;65;63;66;67;62;60;63;62;22;0;灰熊;18;2;636435;202559;3317;0;0;0;0;0;0;0;0;0;0;0;0;0;0;0;0;0;0;0;0;0
315;特雷-墨菲三世;Trey Murphy III;3;4;8;73;81;86;84;84;68;76;77;82;88;79;85;79;83;25;4;鹈鹕;19;4;23431916;202117;1337;0;0;0;0;0;0;0;0;0;0;0;0;0;0;0;0;0;0;0;0;0
316;蔡恩-威廉森;Zion Williamson;4;3;9;76;90;64;73;84;72;84;76;94;68;76;82;83;82;25;6;鹈鹕;19;3;36725670;201901;150;0;2;0;0;0;0;0;0;0;0;0;0;0;0;0;0;0;0;0;0;0
317;德章泰-默里;Dejounte Murray;2;1;8;80;81;79;85;83;65;67;81;82;82;84;85;77;82;29;9;鹈鹕;19;3;29283801;201629;281;0;1;0;0;0;0;0;0;0;0;0;0;1;0;0;0;0;0;0;0;0
318;德里克-奎因;Derik Queen;5;4;8;75;85;62;77;80;75;84;67;85;55;78;79;81;80;20;0;鹈鹕;19;4;6088949;202513;3275;0;0;0;0;0;0;0;0;0;0;0;0;0;0;0;0;0;0;0;0;0
319;乔丹-普尔;Jordan Poole;1;2;8;76;72;83;86;82;62;63;72;76;88;80;84;72;79;26;6;鹈鹕;19;2;30151786;201928;651;0;0;0;0;0;0;0;0;0;0;0;0;0;0;0;0;0;0;0;1;0
320;赫伯特-琼斯;Herbert Jones;2;3;8;60;71;76;78;83;77;76;88;75;75;70;71;86;78;26;4;鹈鹕;19;2;14418270;202135;1414;0;0;0;0;0;0;0;0;0;0;0;0;0;1;0;0;0;0;0;0;0
321;萨迪克-贝;Saddiq Bey;3;4;7;71;81;76;77;79;65;77;73;78;77;72;78;75;78;26;5;鹈鹕;19;2;6333333;202019;377;0;0;0;0;0;0;0;0;0;0;0;0;0;0;0;0;0;0;0;0;0
322;约瑟-阿尔瓦拉多;Jose Alvarado;1;2;7;78;74;81;76;80;60;60;82;70;76;72;80;74;77;27;4;鹈鹕;19;2;2162866;202100;755;0;0;0;0;0;0;0;0;0;0;0;0;0;0;0;0;0;0;0;0;0
323;伊夫-米西;Yves Missi;5;4;7;62;81;54;65;82;82;84;64;79;51;64;67;84;76;20;1;鹈鹕;19;4;3193200;202421;3151;0;0;0;0;0;0;0;0;0;0;0;0;0;0;0;0;0;0;0;0;0
324;杰里迈亚-费尔斯;Jeremiah Fears;1;2;8;73;79;72;76;79;60;66;79;83;75;70;77;74;76;19;0;鹈鹕;19;4;8548407;202507;3264;0;0;0;0;0;0;0;0;0;0;0;0;0;0;0;0;0;0;0;0;0
325;凯文-卢尼;Kevon Looney;5;0;7;62;76;57;61;80;76;86;67;73;60;68;66;82;74;30;10;鹈鹕;19;2;8000000;201530;586;0;0;0;0;0;0;0;0;0;0;0;0;0;0;0;0;0;0;0;1;0
326;乔丹-霍金斯;Jordan Hawkins;2;1;7;61;70;72;72;80;66;69;73;70;75;71;69;74;71;22;2;鹈鹕;19;3;4525706;202314;2845;0;0;0;0;0;0;0;0;0;0;0;0;0;0;0;0;0;0;0;0;0
327;布莱斯-麦戈文斯;Bryce McGowens;2;3;7;71;68;77;76;72;64;68;72;76;70;60;72;70;71;22;3;鹈鹕;19;1;636435;202240;1277;0;0;0;0;0;0;0;0;0;0;0;0;0;0;0;0;0;0;0;0;0
328;卡洛-马特科维奇;Karlo Matkovic;4;5;6;67;78;65;62;74;68;73;58;73;62;55;67;69;68;24;3;鹈鹕;19;2;1883333;202252;2008;0;0;0;0;0;0;0;0;0;0;0;0;0;0;0;0;0;0;0;0;0
329;德安德鲁-乔丹;DeAndre Jordan;5;0;6;50;75;50;52;74;77;77;55;75;50;50;57;74;66;35;17;鹈鹕;19;1;2269880;200835;293;0;1;0;1;0;2;0;0;0;2;0;0;0;2;0;0;0;0;0;1;0
330;迈卡-皮维;Micah Peavy;3;2;6;67;68;64;63;72;62;68;65;67;66;63;64;66;66;24;0;鹈鹕;19;4;2171346;202540;3298;0;0;0;0;0;0;0;0;0;0;0;0;0;0;0;0;0;0;0;0;0
331;特雷-亚历山大;Trey Alexander;2;1;6;69;60;62;58;71;52;66;63;62;60;60;59;62;60;22;1;鹈鹕;19;1;636435;202400;3219;0;0;0;0;0;0;0;0;0;0;0;0;0;0;0;0;0;0;0;0;0
332;亨特-迪金森;Hunter Dickinson;5;0;5;57;63;56;55;70;62;64;54;64;59;57;56;62;59;24;0;鹈鹕;19;1;636435;202500;3333;0;0;0;0;0;0;0;0;0;0;0;0;0;0;0;0;0;0;0;0;0
333;维克托-文班亚马;Victor Wembanyama;5;4;10;74;87;81;80;88;94;90;78;88;84;80;88;96;92;21;2;马刺;20;3;12768664;202301;153;0;1;0;0;0;0;0;2;0;0;1;0;0;1;0;0;0;0;0;0;0
334;达龙-福克斯;De'Aaron Fox;1;0;9;82;84;84;85;88;63;67;75;87;85;84;90;77;84;28;8;马刺;20;5;53145349;201705;102;0;1;0;0;0;1;0;0;0;0;0;0;1;0;0;0;0;0;0;0;0
335;德文-瓦塞尔;Devin Vassell;3;2;8;74;78;85;84;82;68;68;79;78;87;77;84;77;81;24;5;马刺;20;4;29347826;202011;1512;0;0;0;0;0;0;0;0;0;0;0;0;0;0;0;0;0;0;0;0;0
336;斯蒂芬-卡斯尔;Stephon Castle;2;1;8;83;86;70;75;86;70;72;81;88;74;77;81;82;81;20;1;马刺;20;4;9105120;202404;3138;0;0;0;0;0;0;0;0;0;0;1;0;0;0;0;0;0;0;0;0;0
337;凯尔登-约翰逊;Keldon Johnson;3;4;7;66;86;80;77;82;70;80;74;82;78;70;79;80;80;26;6;马刺;20;2;19000000;201929;738;0;0;0;0;0;0;0;0;0;0;0;0;0;0;0;0;0;0;0;0;0
338;朱利安-尚帕尼;Julian Champagnie;3;2;7;65;73;84;82;82;72;76;75;72;84;70;77;79;79;24;3;马刺;20;2;3000000;202200;1442;0;0;0;0;0;0;0;0;0;0;0;0;0;0;0;0;0;0;0;0;0
339;哈里森-巴恩斯;Harrison Barnes;4;3;8;71;79;83;82;82;70;71;77;75;82;70;81;77;79;33;13;马刺;20;1;18000000;201207;365;0;0;0;0;0;0;0;0;0;0;0;0;0;0;0;0;0;0;0;1;0
340;迪伦-哈珀;Dylan Harper;1;2;9;79;79;70;73;81;68;67;74;80;75;72;79;75;77;19;0;马刺;20;4;14034998;202502;3260;0;0;0;0;0;0;0;0;0;0;0;0;0;0;0;0;0;0;0;0;0
341;卢克-科内特;Luke Kornet;5;0;7;69;85;55;70;81;82;88;62;82;45;40;68;85;77;30;8;马刺;20;4;10250000;201700;546;0;0;0;0;0;0;0;0;0;0;0;0;0;0;0;0;0;0;0;1;0
342;杰里米-索汉;Jeremy Sochan;4;3;7;72;79;64;68;81;74;78;76;76;65;65;72;80;76;22;3;马刺;20;2;5570040;202209;687;0;0;0;0;0;0;0;0;0;0;0;0;0;0;0;0;0;0;0;0;0
343;凯利-奥利尼克;Kelly Olynyk;5;4;7;72;76;73;80;75;63;76;65;70;70;72;76;71;73;34;12;马刺;20;1;12804878;201313;815;0;0;0;0;0;0;0;0;0;0;0;0;0;0;0;0;0;0;0;0;0
344;卡特-布莱恩特;Carter Bryant;3;0;7;67;72;70;72;76;64;70;65;70;73;71;71;69;71;19;0;马刺;20;4;5854964;202514;3267;0;0;0;0;0;0;0;0;0;0;0;0;0;0;0;0;0;0;0;0;0
345;俾斯麦-比永博;Bismack Biyombo;5;0;7;56;77;50;66;81;71;83;69;72;33;54;59;80;70;33;14;马刺;20;1;2296274;201107;388;0;0;0;0;0;0;0;0;0;0;0;0;0;0;0;0;0;0;0;0;0
346;乔丹-麦克劳克林;Jordan McLaughlin;1;2;6;75;68;72;65;72;61;64;67;70;66;62;70;66;68;29;7;马刺;20;1;3000000;201800;613;0;0;0;0;0;0;0;0;0;0;0;0;0;0;0;0;0;0;0;0;0
347;林迪-沃特斯;Lindy Waters III;3;2;6;64;63;67;64;72;60;65;61;65;65;58;62;63;63;28;5;马刺;20;1;2461463;202000;1564;0;0;0;0;0;0;0;0;0;0;0;0;0;0;0;0;0;0;0;0;0
348;哈里森-英格拉姆;Harrison Ingram;3;4;7;62;68;66;62;74;62;62;60;65;64;62;62;63;63;21;1;马刺;20;1;676435;202448;3176;0;0;0;0;0;0;0;0;0;0;0;0;0;0;0;0;0;0;0;0;0
349;斯坦利-乌穆德;Stanley Umude;2;3;6;66;67;66;62;71;61;62;64;64;65;62;62;63;63;26;2;马刺;20;1;676435;202300;3089;0;0;0;0;0;0;0;0;0;0;0;0;0;0;0;0;0;0;0;0;0
350;大卫-琼斯-加西亚;David Jones Garcia;3;2;6;69;66;64;55;70;55;63;68;64;63;58;61;63;63;23;1;马刺;20;1;636435;202400;3239;0;0;0;0;0;0;0;0;0;0;0;0;0;0;0;0;0;0;0;0;0
351;尼古拉-约基奇;Nikola Jokic;5;0;11;94;94;87;88;91;78;92;78;93;84;84;99;91;95;30;10;掘金;21;3;51415938;201441;82;0;7;0;5;2;0;0;0;0;0;0;0;0;0;0;0;0;1;3;1;0
352;贾马尔-穆雷;Jamal Murray;1;2;9;85;83;91;88;83;67;70;78;88;89;85;94;78;87;28;9;掘金;21;4;48803240;201607;282;0;0;0;0;0;0;0;0;0;0;0;0;0;0;0;0;0;0;0;1;0
353;阿隆-戈登;Aaron Gordon;4;3;8;72;86;81;82;85;78;80;81;82;84;78;85;85;85;30;11;掘金;21;4;31168291;201404;218;0;0;0;0;0;0;0;0;0;0;0;0;0;0;0;0;0;0;0;1;0
354;卡梅伦-约翰逊;Cameron Johnson;3;4;8;74;79;84;80;82;72;73;72;78;80;75;82;77;81;29;6;掘金;21;2;23625000;201911;737;0;0;0;0;0;0;0;0;0;0;0;0;0;0;0;0;0;0;0;0;0
355;佩顿-沃特森;Peyton Watson;4;3;7;61;81;77;74;84;78;75;76;78;74;70;75;82;79;25;3;掘金;21;2;2413560;202230;1562;0;0;0;0;0;0;0;0;0;0;0;0;0;0;0;0;0;0;0;1;0
356;克里斯蒂安-布劳恩;Christian Braun;2;3;8;73;85;71;77;86;72;75;79;82;68;65;75;82;78;23;3;掘金;21;6;21653632;202221;892;0;0;0;0;0;0;0;0;0;0;0;0;0;0;0;0;0;0;0;1;0
357;约纳斯-瓦兰丘纳斯;Jonas Valančiūnas;5;0;7;67;84;64;75;80;77;84;55;82;63;70;76;79;78;33;13;掘金;21;2;9500000;201105;702;0;0;0;0;0;0;0;0;0;0;0;0;0;0;0;0;0;0;0;0;0
358;布鲁斯-布朗;Bruce Brown;1;2;7;75;81;70;74;84;65;76;77;78;72;68;76;80;78;29;7;掘金;21;1;3080921;201842;1739;0;0;0;0;0;0;0;0;0;0;0;0;0;0;0;0;0;0;0;1;0
359;小蒂姆-哈达威;Tim Hardaway Jr.;3;2;7;65;72;87;85;77;63;64;72;72;86;78;80;69;76;33;12;掘金;21;1;3634153;201324;483;0;0;0;0;0;0;0;0;0;0;0;0;0;0;0;0;0;0;0;0;0
360;斯宾塞-琼斯;Spencer Jones;3;2;6;62;68;82;58;74;75;74;77;69;70;56;65;77;72;24;1;掘金;21;1;636435;202400;3220;0;0;0;0;0;0;0;0;0;0;0;0;0;0;0;0;0;0;0;0;0
361;朱利安-斯特劳瑟;Julian Strawther;3;2;7;60;71;80;77;75;62;60;71;70;77;70;72;67;70;24;2;掘金;21;3;2552596;202329;2920;0;0;0;0;0;0;0;0;0;0;0;0;0;0;0;0;0;0;0;0;0
362;达龙-霍姆斯二世;DaRon Holmes II;4;5;7;56;73;65;72;73;68;72;64;72;75;70;68;70;69;21;1;掘金;21;4;3065640;202422;3152;0;0;0;0;0;0;0;0;0;0;0;0;0;0;0;0;0;0;0;0;0
363;齐克-纳吉;Zeke Nnaji;4;5;6;62;70;63;62;80;72;75;61;64;62;55;62;75;68;24;5;掘金;21;3;8888889;202022;2056;0;0;0;0;0;0;0;0;0;0;0;0;0;0;0;0;0;0;0;1;0
364;杰伦-皮克特;Jalen Pickett;1;2;6;72;66;68;67;74;62;66;62;65;66;60;67;65;66;26;2;掘金;21;2;1891857;202332;2922;0;0;0;0;0;0;0;0;0;0;0;0;0;0;0;0;0;0;0;0;0
365;亨特-泰森;Hunter Tyson;4;3;6;59;70;63;63;72;63;66;61;65;65;60;62;65;64;26;2;掘金;21;2;1891857;202337;2925;0;0;0;0;0;0;0;0;0;0;0;0;0;0;0;0;0;0;0;0;0
366;柯蒂斯-琼斯;Curtis Jones;2;1;5;64;64;63;62;69;58;64;59;62;63;62;61;60;61;23;0;掘金;21;1;636435;202500;3325;0;0;0;0;0;0;0;0;0;0;0;0;0;0;0;0;0;0;0;0;0
367;塔玛-贝茨;Tamar Bates;1;2;6;62;57;64;62;68;58;62;60;62;63;60;59;60;60;22;0;掘金;21;1;636435;202500;3324;0;0;0;0;0;0;0;0;0;0;0;0;0;0;0;0;0;0;0;0;0
368;安东尼-爱德华兹;Anthony Edwards;2;3;10;77;88;90;86;94;73;76;84;88;92;86;91;88;90;24;5;森林狼;22;4;42176400;202001;85;0;3;0;0;2;0;0;0;0;0;0;0;0;0;0;0;0;0;0;0;0
369;朱利叶斯-兰德尔;Julius Randle;4;5;9;79;90;78;83;88;75;82;73;90;84;85;90;84;87;31;11;森林狼;22;3;33333333;201407;252;0;3;0;0;1;1;0;0;0;0;0;0;0;0;0;0;0;0;0;0;0
370;杰登-麦克丹尼尔斯;Jaden McDaniels;3;4;8;72;84;81;83;83;80;74;88;82;80;76;83;86;85;25;5;森林狼;22;4;23017242;202028;1285;0;0;0;0;0;0;0;0;0;0;0;0;0;0;1;0;0;0;0;0;0
371;鲁迪-戈贝尔;Rudy Gobert;5;0;9;70;86;52;60;85;90;92;74;82;50;55;69;93;82;33;12;森林狼;22;3;38456896;201327;217;0;3;0;0;1;3;0;1;0;1;0;0;0;7;1;0;4;0;0;0;0
372;唐特-迪温琴佐;Donte DiVincenzo;2;3;7;79;70;86;80;82;72;72;85;78;90;68;83;82;82;29;7;森林狼;22;2;11445000;201817;443;0;0;0;0;0;0;0;0;0;0;0;0;0;0;0;0;0;0;0;1;0
373;纳兹-里德;Naz Reid;5;4;7;66;81;83;78;82;74;81;70;82;84;70;82;81;81;26;6;森林狼;22;5;25000090;201900;1215;0;0;0;0;0;0;0;0;0;0;0;0;0;0;0;0;0;0;0;0;1
374;迈克-康利;Mike Conley;1;0;8;84;65;77;82;74;58;65;76;65;75;60;78;70;75;38;18;森林狼;22;1;9975962;200704;247;0;1;0;0;0;0;0;0;0;0;0;0;0;0;0;0;0;0;0;0;0
375;纳肖恩-海兰德;Bones Hyland ;1;2;6;71;74;75;75;78;57;62;67;74;78;60;75;67;71;25;4;森林狼;22;1;2461643;202126;1026;0;0;0;0;0;0;0;0;0;0;0;0;0;0;0;0;0;0;0;0;0
376;乔-英格尔斯;Joe Ingles;3;4;7;74;69;77;77;72;58;64;70;70;75;65;74;65;71;38;11;森林狼;22;1;3600000;200900;333;0;0;0;0;0;0;0;0;0;0;0;0;0;0;0;0;0;0;0;0;0
377;罗布-迪林厄姆;Rob Dillingham;1;2;8;72;70;75;71;74;54;61;68;75;72;70;74;65;70;20;1;森林狼;22;4;6262920;202408;3140;0;0;0;0;0;0;0;0;0;0;0;0;0;0;0;0;0;0;0;0;0
378;伦纳德-米勒;Leonard Miller;4;3;6;59;72;68;64;78;73;71;69;73;63;62;66;75;70;21;2;森林狼;22;2;1891857;202333;2863;0;0;0;0;0;0;0;0;0;0;0;0;0;0;0;0;0;0;0;0;0
379;约翰尼-朱赞;Johnny Juzang;3;2;6;63;69;77;76;75;67;65;66;64;74;61;69;68;70;24;3;森林狼;22;1;676435;202200;1634;0;0;0;0;0;0;0;0;0;0;0;0;0;0;0;0;0;0;0;0;0
380;杰伦-克拉克;Jaylen Clark;2;1;6;64;71;68;65;71;61;68;70;76;65;62;65;68;66;24;2;森林狼;22;1;1553358;202353;2936;0;0;0;0;0;0;0;0;0;0;0;0;0;0;0;0;0;0;0;0;0
381;若昂-贝兰热;Joan Beringer;5;4;7;60;72;60;58;74;66;67;61;70;60;61;63;67;65;18;0;森林狼;22;4;5082910;202517;3277;0;0;0;0;0;0;0;0;0;0;0;0;0;0;0;0;0;0;0;0;0
382;小特伦斯-香农;Terrence Shannon Jr.;2;3;6;66;69;71;63;72;61;66;64;72;69;60;66;65;65;24;1;森林狼;22;4;2546640;202427;3157;0;0;0;0;0;0;0;0;0;0;0;0;0;0;0;0;0;0;0;0;0
383;恩里克-弗里曼;Enrique Freeman;4;5;6;56;70;55;59;72;63;69;50;70;61;64;60;63;62;24;1;森林狼;22;1;636435;202450;3178;0;0;0;0;0;0;0;0;0;0;0;0;0;0;0;0;0;0;0;0;0
384;罗科-齐卡尔斯基;Rocco Zikarsky;5;0;6;54;70;58;55;69;62;64;51;67;60;61;59;61;60;19;0;森林狼;22;2;657738;202545;3303;0;0;0;0;0;0;0;0;0;0;0;0;0;0;0;0;0;0;0;0;0
385;德尼-阿夫迪亚;Deni Avdija;3;4;9;83;89;82;80;86;72;79;70;92;87;80;90;80;86;25;5;开拓者;23;3;15625000;202009;340;0;0;0;0;0;0;0;0;0;0;0;0;0;0;0;0;0;0;0;0;0
386;朱-霍乐迪;Jrue Holiday;1;2;9;85;77;82;80;82;72;74;86;75;85;72;86;84;85;35;16;开拓者;23;3;30000000;200917;111;0;2;0;0;0;0;0;0;0;0;0;0;0;3;3;0;0;0;0;2;0
387;达米安-利拉德;Damian Lillard;1;0;10;85;84;91;88;86;64;67;70;85;92;85;94;74;85;35;13;开拓者;23;3;13866666;201206;45;226;9;0;1;4;2;1;0;0;0;1;0;0;0;0;0;0;0;0;0;0
388;杰拉米-格兰特;Jerami Grant;4;3;7;69;78;85;84;82;72;70;70;82;85;80;84;76;80;31;11;开拓者;23;3;29793104;201439;476;0;0;0;0;0;0;0;0;0;0;0;0;0;0;0;0;0;0;0;0;0
389;图马尼-卡马拉;Toumani Camara;3;4;8;65;75;79;70;81;78;78;81;76;84;65;74;83;80;26;2;开拓者;23;5;16844335;202352;2935;0;0;0;0;0;0;0;0;0;0;0;0;0;0;1;0;0;0;0;0;0
390;谢登-夏普;Shaedon Sharpe;2;3;8;67;85;78;78;89;68;70;75;88;84;80;81;79;80;22;3;开拓者;23;5;19679996;202207;724;0;0;0;0;0;0;0;0;0;0;0;0;0;0;0;0;0;0;0;0;0
391;罗伯特-威廉姆斯;Robert Williams;5;4;7;60;83;56;71;78;84;85;68;80;63;65;70;84;78;28;7;开拓者;23;1;12428571;201827;314;0;0;0;0;0;0;0;0;0;0;0;0;0;0;1;0;0;0;0;0;0
392;多诺万-克林根;Donovan Clingan;5;0;8;62;80;68;58;81;83;89;65;82;67;52;69;86;78;20;1;开拓者;23;4;6836400;202407;1921;0;0;0;0;0;0;0;0;0;0;0;0;0;0;0;0;0;0;0;0;0
393;斯科特-亨德森;Scoot Henderson;1;2;8;78;76;78;78;85;57;62;73;80;76;73;81;72;77;21;2;开拓者;23;3;10259449;202303;501;0;0;0;0;0;0;0;0;0;0;0;0;0;0;0;0;0;0;0;0;0
394;马蒂斯-塞布尔;Matisse Thybulle;3;2;7;62;70;79;74;85;74;60;88;67;77;68;70;80;76;28;6;开拓者;23;1;11025000;201920;661;0;0;0;0;0;0;0;0;0;0;0;0;0;0;1;0;0;0;0;0;0
395;克里斯-穆雷;Kris Murray;4;3;7;63;75;70;68;75;73;75;76;77;72;65;70;76;74;24;2;开拓者;23;3;2989879;202323;809;0;0;0;0;0;0;0;0;0;0;0;0;0;0;0;0;0;0;0;0;0
396;布莱克-韦斯利;Blake Wesley;2;1;7;76;75;68;64;77;64;72;86;73;65;64;69;79;74;22;3;开拓者;23;1;2460000;202225;1543;0;0;0;0;0;0;0;0;0;0;0;0;0;0;0;0;0;0;0;0;0
397;杜普-里斯;Duop Reath;5;0;7;60;77;70;68;75;70;75;53;70;70;65;70;71;71;29;2;开拓者;23;1;2048780;201800;3093;0;0;0;0;0;0;0;0;0;0;0;0;0;0;0;0;0;0;0;0;0
398;凯莱布-乐福;Caleb Love;1;2;7;74;72;72;65;74;58;72;65;78;80;64;74;68;71;24;0;开拓者;23;1;636435;202500;3326;0;0;0;0;0;0;0;0;0;0;0;0;0;0;0;0;0;0;0;0;0
399;西耶-西索科;Sidy Cissoko;3;4;6;71;72;68;64;72;63;71;66;72;76;64;70;68;70;21;2;开拓者;23;1;636435;202344;2867;0;0;0;0;0;0;0;0;0;0;0;0;0;0;0;0;0;0;0;0;0
400;杨瀚森;Hansen Yang;5;0;7;73;70;64;60;73;74;72;50;72;68;62;68;70;69;20;0;开拓者;23;4;5348397;202516;730;0;0;0;0;0;0;0;0;0;0;0;0;0;0;0;0;0;0;0;0;0
401;拉扬-吕佩尔;Rayan Rupert;2;3;6;65;68;67;64;72;62;68;63;71;66;64;65;66;65;20;2;开拓者;23;1;1891857;202343;2235;0;0;0;0;0;0;0;0;0;0;0;0;0;0;0;0;0;0;0;0;0
402;贾文特-库克;Javonte Cooke;2;0;5;69;64;63;60;68;58;63;62;63;63;58;61;61;61;26;2;开拓者;23;1;676435;202300;3387;0;0;0;0;0;0;0;0;0;0;0;0;0;0;0;0;0;0;0;0;0
403;谢伊-吉尔杰斯-亚历山大;Shai Gilgeous-Alexander;1;2;11;86;92;86;95;93;75;75;85;93;88;95;98;88;93;27;7;雷霆;24;6;60757551;201811;112;0;3;0;3;0;0;0;0;0;0;0;1;0;0;0;0;0;1;1;1;0
404;杰伦-威廉姆斯;Jalen Williams;3;2;9;81;84;81;84;89;73;75;84;88;80;80;87;85;87;24;3;雷霆;24;6;48930166;202212;708;0;1;0;0;0;1;0;0;0;0;0;0;0;0;1;0;0;0;0;1;0
405;切特-霍姆格伦;Chet Holmgren;4;5;9;62;87;80;80;84;92;84;77;85;78;75;82;91;86;23;2;雷霆;24;6;43955228;202202;231;0;0;0;0;0;0;0;0;0;0;0;0;0;0;0;0;0;0;0;1;0
406;以赛亚-哈尔滕施泰因;Isaiah Hartenstein;5;0;8;73;88;58;70;87;83;92;70;86;60;72;77;90;84;27;7;雷霆;24;2;30450000;201743;484;0;0;0;0;0;0;0;0;0;0;0;0;0;0;0;0;0;0;0;1;0
407;吕冈茨-多尔特;Luguentz Dort;3;2;7;64;70;81;81;86;78;73;89;70;80;70;74;86;81;26;6;雷霆;24;2;16500000;201900;450;0;0;0;0;0;0;0;0;0;0;0;0;0;1;0;0;0;0;0;1;0
408;亚历克斯-卡鲁索;Alex Caruso;3;4;8;76;74;74;75;84;79;74;89;72;74;50;73;86;80;31;8;雷霆;24;4;18178000;201600;1108;0;0;0;0;0;0;0;0;0;0;0;0;0;1;1;0;0;0;0;2;0
409;卡森-华莱士;Cason Wallace;2;1;7;74;73;79;77;82;72;72;89;74;75;65;76;84;79;22;2;雷霆;24;3;5555920;202310;505;0;0;0;0;0;0;0;0;0;0;0;0;0;0;0;0;0;0;0;1;0
410;阿杰伊-米切尔;Ajay Mitchell;1;2;7;76;78;76;88;80;65;67;79;82;72;78;82;76;79;22;1;雷霆;24;3;3000000;202438;3167;0;0;0;0;0;0;0;0;0;0;0;0;0;0;0;0;0;0;0;1;0
411;阿隆-威金斯;Aaron Wiggins;4;3;7;67;77;82;78;80;69;71;75;78;75;70;78;75;77;26;4;雷霆;24;4;10514017;202155;1518;0;0;0;0;0;0;0;0;0;0;0;0;0;0;0;0;0;0;0;1;0
412;杰林-威廉姆斯;Jaylin Williams;5;0;7;70;74;72;67;78;78;80;65;71;75;61;72;79;76;23;3;雷霆;24;3;8000000;202234;1525;0;0;0;0;0;0;0;0;0;0;0;0;0;0;0;0;0;0;0;1;0
413;以赛亚-乔;Isaiah Joe;2;1;7;60;71;90;88;78;65;65;69;68;88;75;78;70;75;25;5;雷霆;24;3;12991650;202049;2099;0;0;0;0;0;0;0;0;0;0;0;0;0;0;0;0;0;0;0;1;0
414;肯里奇-威廉姆斯;Kenrich Williams;4;3;6;67;74;75;71;79;70;74;72;74;72;65;73;76;74;31;7;雷霆;24;2;6669000;201800;709;0;0;0;0;0;0;0;0;0;0;0;0;0;0;0;0;0;0;0;1;0
415;托马斯-索伯;Thomas Sorber;5;0;7;52;79;60;70;79;80;81;50;75;60;63;66;78;73;19;0;雷霆;24;4;5628183;202515;3276;0;0;0;0;0;0;0;0;0;0;0;0;0;0;0;0;0;0;0;0;0
416;尼古拉-托皮奇;Nikola Topić;1;2;8;72;70;68;70;67;65;68;66;75;75;74;73;66;70;19;1;雷霆;24;4;4935960;202412;3098;0;0;0;0;0;0;0;0;0;0;0;0;0;0;0;0;0;0;0;1;0
417;奥斯曼-迪昂;Ousmane Dieng;4;3;7;69;70;72;72;75;64;68;60;70;70;64;71;67;69;22;3;雷霆;24;2;5027040;202211;440;0;0;0;0;0;0;0;0;0;0;0;0;0;0;0;0;0;0;0;1;0
418;布兰登-卡尔森;Branden Carlson;5;0;6;64;77;71;60;74;66;70;58;76;68;55;69;68;69;26;1;雷霆;24;1;636435;202400;3211;0;0;0;0;0;0;0;0;0;0;0;0;0;0;0;0;0;0;0;1;0
419;布鲁克斯-巴恩海泽;Brooks Barnhizer;3;2;6;65;69;62;61;69;62;67;63;66;62;60;62;64;64;23;0;雷霆;24;1;636435;202544;3302;0;0;0;0;0;0;0;0;0;0;0;0;0;0;0;0;0;0;0;0;0
420;克里斯-扬布拉德;Chris Youngblood;2;3;6;64;64;70;63;70;55;65;60;62;65;60;62;61;62;23;0;雷霆;24;1;676435;202500;3327;0;0;0;0;0;0;0;0;0;0;0;0;0;0;0;0;0;0;0;0;0
421;劳里-马尔卡宁;Lauri Markkanen;4;3;9;72;84;88;88;88;72;80;74;90;92;82;90;83;86;28;8;爵士;25;4;47600000;201707;269;0;1;0;0;0;0;0;0;0;0;0;0;0;0;0;0;0;0;0;0;0
422;基昂特-乔治;Keyonte George;1;2;8;82;82;85;89;84;63;65;71;85;88;84;91;73;83;21;2;爵士;25;3;4084265;202316;1029;0;0;0;0;0;0;0;0;0;0;0;0;0;0;0;0;0;0;0;0;0
423;沃克-凯斯勒;Walker Kessler;5;0;8;61;88;60;65;84;90;91;67;83;65;55;72;91;82;23;3;爵士;25;2;2965920;202222;1119;226;0;0;0;0;0;0;0;0;0;0;0;0;0;0;0;0;0;0;0;0
424;凯尔-安德森;Kyle Anderson;4;2;7;75;75;63;71;79;75;75;74;75;65;71;73;78;76;32;11;爵士;25;2;8780488;201430;794;0;0;0;0;0;0;0;0;0;0;0;0;0;0;0;0;0;0;0;0;0
425;凯文-乐福;Kevin Love;5;4;9;74;72;77;75;73;68;83;65;73;77;72;77;75;76;37;17;爵士;25;1;3850000;200805;121;0;5;0;0;2;0;0;0;0;1;0;0;0;0;0;0;0;0;0;1;0
426;布莱斯-森萨博;Brice Sensabaugh;3;2;7;67;74;78;81;79;68;67;70;73;77;73;75;72;75;21;2;爵士;25;3;2571030;202328;1937;0;0;0;0;0;0;0;0;0;0;0;0;0;0;0;0;0;0;0;0;0
427;埃斯-贝利;Ace Bailey;3;4;8;68;78;76;72;81;67;68;69;77;78;71;75;72;75;19;0;爵士;25;4;10302415;202505;3240;0;0;0;0;0;0;0;0;0;0;0;0;0;0;0;0;0;0;0;0;0
428;以赛亚-科利尔;Isaiah Collier;1;2;8;84;79;68;71;79;59;62;74;77;68;70;78;71;75;20;1;爵士;25;4;2512680;202429;3159;0;0;0;0;0;0;0;0;0;0;0;0;0;0;0;0;0;0;0;0;0
429;约瑟夫-努尔基奇;Jusuf Nurkic;5;0;7;72;80;57;60;79;74;88;62;80;40;55;67;81;74;31;11;爵士;25;1;18125000;201416;286;0;0;0;0;0;0;0;0;0;0;0;0;0;0;0;0;0;0;0;0;0
430;凯尔-菲利波夫斯基;Kyle Filipowski;4;5;7;64;79;70;67;79;72;77;66;76;68;62;71;76;74;21;1;爵士;25;3;3000000;202432;2849;0;0;0;0;0;0;0;0;0;0;0;0;0;0;0;0;0;0;0;0;0
431;泰勒-亨德里克斯;Taylor Hendricks;4;3;7;57;74;74;71;78;74;75;70;74;75;66;71;77;74;21;2;爵士;25;3;5848366;202309;1834;0;0;0;0;0;0;0;0;0;0;0;0;0;0;0;0;0;0;0;0;0
432;斯维亚托斯拉夫-米哈伊柳克;Sviatoslav Mykhailiuk;3;2;6;62;73;84;83;75;65;63;72;74;80;65;75;69;73;28;7;爵士;25;3;3750000;201847;2032;0;0;0;0;0;0;0;0;0;0;0;0;0;0;0;0;0;0;0;1;0
433;小沃尔特-克莱顿;Walter Clayton Jr.;1;0;7;77;72;72;70;80;62;70;65;75;77;72;76;70;73;22;0;爵士;25;4;5916246;202518;3278;0;0;0;0;0;0;0;0;0;0;0;0;0;0;0;0;0;0;0;0;0
434;乔治-尼昂;Georges Niang;4;0;7;65;74;79;72;78;67;61;74;71;74;68;73;70;72;32;9;爵士;25;1;8500000;201650;1357;0;0;0;0;0;0;0;0;0;0;0;0;0;0;0;0;0;0;0;0;0
435;奥斯卡-希布维;Oscar Tshiebwe;5;4;6;58;75;57;58;74;70;76;55;74;58;56;62;71;67;25;2;爵士;25;1;636435;202300;3019;0;0;0;0;0;0;0;0;0;0;0;0;0;0;0;0;0;0;0;0;0
436;科迪-威廉姆斯;Cody Williams;3;4;6;64;68;64;65;73;62;67;63;73;65;63;64;66;66;20;1;爵士;25;4;5469120;202410;3141;0;0;0;0;0;0;0;0;0;0;0;0;0;0;0;0;0;0;0;0;0
437;伊莱贾-哈克利斯;Elijah Harkless;2;1;6;66;62;63;60;71;55;65;64;62;63;62;60;63;61;25;1;爵士;25;1;636435;0;3246;0;0;0;0;0;0;0;0;0;0;0;0;0;0;0;0;0;0;0;0;0
438;约翰-汤杰;John Tonje;3;0;5;62;60;63;61;69;56;59;64;62;63;59;58;60;60;24;0;爵士;25;1;636435;202553;3311;0;0;0;0;0;0;0;0;0;0;0;0;0;0;0;0;0;0;0;0;0
439;斯蒂芬-库里;Stephen Curry;1;2;11;83;84;95;91;84;65;68;74;85;97;82;95;76;87;37;16;勇士;26;2;59322618;200907;11;0;11;2;4;5;2;2;0;0;0;0;2;1;0;0;0;0;1;2;4;0
440;吉米-巴特勒;Jimmy Butler;3;4;10;82;86;78;86;85;74;77;83;88;75;82;87;84;87;36;14;勇士;26;1;48798677;201130;89;0;6;0;0;1;4;0;0;0;0;0;0;1;0;5;0;0;0;0;0;0
441;乔纳森-库明加;Jonathan Kuminga;4;3;8;70;84;71;74;89;71;80;69;87;78;70;80;81;81;23;4;勇士;26;2;23400000;202107;560;0;0;0;0;0;0;0;0;0;0;0;0;0;0;0;0;0;0;0;1;0
442;德雷蒙德-格林;Draymond Green;4;5;9;84;75;74;68;80;80;80;82;72;75;62;77;84;81;35;13;勇士;26;2;24107143;201235;104;0;4;0;0;1;1;0;0;0;0;0;0;1;5;4;0;1;0;0;4;0
443;布兰丁-波杰姆斯基;Brandin Podziemski;1;2;8;76;74;82;76;81;69;73;77;72;78;72;79;78;79;22;2;勇士;26;3;3520024;202319;2916;0;0;0;0;0;0;0;0;0;0;0;0;0;0;0;0;0;0;0;0;0
444;艾尔-霍福德;Al Horford;5;4;8;72;73;81;80;79;76;78;70;72;78;67;78;79;78;39;18;勇士;26;2;3725007;200703;110;0;5;0;0;0;1;0;0;0;0;0;0;0;0;1;0;0;0;0;1;0
445;摩西-穆迪;Moses Moody;3;2;7;67;72;83;80;81;72;69;75;74;83;68;77;76;78;22;4;勇士;26;3;11200817;202114;629;0;0;0;0;0;0;0;0;0;0;0;0;0;0;0;0;0;0;0;1;0
446;德安东尼-梅尔顿;De'Anthony Melton;2;1;7;74;70;73;77;76;67;67;85;71;77;69;74;77;75;27;7;勇士;26;2;3266350;201846;1300;0;0;0;0;0;0;0;0;0;0;0;0;0;0;0;0;0;0;0;0;0
447;帕特-斯宾塞;Pat Spencer;1;2;7;78;69;78;82;74;62;75;70;76;74;62;78;72;75;29;2;勇士;26;1;676435;202200;3131;0;0;0;0;0;0;0;0;0;0;0;0;0;0;0;0;0;0;0;0;0
448;特雷斯-杰克逊-戴维斯;Trayce Jackson-Davis;5;4;7;51;82;60;67;85;77;80;68;79;60;63;67;82;75;26;2;勇士;26;2;1891857;202357;2913;0;0;0;0;0;0;0;0;0;0;0;0;0;0;0;0;0;0;0;0;0
449;昆滕-波斯特;Quinten Post;5;0;7;68;74;76;75;75;73;77;61;75;77;65;76;74;75;25;1;勇士;26;1;1372482;202452;3180;0;0;0;0;0;0;0;0;0;0;0;0;0;0;0;0;0;0;0;0;0
450;巴迪-希尔德;Buddy Hield;3;2;8;65;72;83;85;78;60;67;69;72;85;70;78;69;74;33;9;勇士;26;3;8780488;201606;720;0;0;0;0;0;0;1;0;0;0;0;0;0;0;0;0;0;0;0;0;0
451;威尔-理查德;Will Richard;2;0;6;70;79;77;74;78;62;70;75;74;76;67;75;73;74;22;0;勇士;26;4;2171346;202556;3314;0;0;0;0;0;0;0;0;0;0;0;0;0;0;0;0;0;0;0;0;0
452;加里-佩顿二世;Gary Payton II;2;3;7;61;77;71;65;83;71;71;80;74;70;65;67;80;73;33;9;勇士;26;1;2296274;201600;646;0;0;0;0;0;0;0;0;0;0;0;0;0;0;0;0;0;0;0;1;0
453;塞斯-库里;Seth Curry;2;1;8;71;68;84;80;72;45;68;67;71;79;73;77;62;70;35;12;勇士;26;1;2000000;201300;558;0;0;0;0;0;0;0;0;0;0;0;0;0;0;0;0;0;0;0;0;0
454;桂-桑托斯;Gui Santos;3;0;6;65;72;68;61;71;62;71;64;66;68;55;64;66;66;25;3;勇士;26;1;1891857;202255;2117;0;0;0;0;0;0;0;0;0;0;0;0;0;0;0;0;0;0;0;0;0
455;LJ-克赖尔;LJ Cryer;1;2;6;63;63;62;61;68;55;61;62;64;62;60;60;60;60;24;0;勇士;26;2;676435;202500;3388;0;0;0;0;0;0;0;0;0;0;0;0;0;0;0;0;0;0;0;0;0
456;马莱维-莱昂斯;Malevy Leons;4;0;6;62;64;62;55;69;64;63;56;64;61;55;59;62;60;26;2;勇士;26;1;676435;202400;3236;0;0;0;0;0;0;0;0;0;0;0;0;0;0;0;0;0;0;0;0;0
457;科怀-伦纳德;Kawhi Leonard;4;3;10;76;86;88;92;84;77;78;84;88;89;92;93;85;89;34;14;快船;27;2;52368085;201115;47;0;6;1;3;3;0;0;0;0;0;0;0;1;3;4;0;2;2;0;2;0
458;詹姆斯-哈登;James Harden;1;2;10;90;84;88;86;86;67;70;74;88;92;84;95;77;87;36;16;快船;27;2;40500000;200903;33;0;11;0;6;0;2;0;0;2;0;0;3;0;0;0;0;0;0;1;0;1
459;伊维察-祖巴茨;Ivica Zubac;5;0;8;65;89;52;70;86;83;91;70;90;50;63;73;90;82;28;9;快船;27;3;17585817;201632;747;0;0;0;0;0;0;0;0;0;0;0;0;0;0;1;0;0;0;0;0;0
460;约翰-科林斯;John Collins;4;5;8;59;85;72;78;87;74;80;69;86;72;68;77;82;79;28;8;快船;27;1;26580000;201719;248;0;0;0;0;0;0;0;0;0;0;0;0;0;0;0;0;0;0;0;0;0
461;小德里克-琼斯;Derrick Jones Jr.;3;4;7;64;83;73;74;82;77;70;80;79;74;55;72;80;77;28;9;快船;27;2;9523810;201600;657;0;0;0;0;0;0;0;0;0;0;0;0;0;0;0;0;0;0;0;0;0
462;尼古拉斯-巴图姆;Nicolas Batum;4;3;7;72;68;84;82;78;76;75;77;65;75;60;75;79;77;37;17;快船;27;2;5750000;200825;188;0;0;0;0;0;0;0;0;0;0;0;0;0;0;0;0;0;0;0;0;0
463;克里斯-邓恩;Kris Dunn;2;3;7;76;75;74;70;81;67;70;84;76;75;58;73;79;76;31;9;快船;27;2;5168000;201605;438;0;0;0;0;0;0;0;0;0;0;0;0;0;0;0;0;0;0;0;0;0
464;布鲁克-洛佩斯;Brook Lopez;5;0;8;59;74;79;77;79;83;74;61;70;79;66;74;79;76;37;17;快船;27;2;9000000;200810;265;0;1;0;0;0;0;0;0;0;0;0;0;0;1;1;0;0;0;0;1;0
465;博格丹-博格达诺维奇;Bogdan Bogdanovic;2;3;8;74;72;78;82;78;60;69;70;73;81;72;78;70;75;33;8;快船;27;2;17260000;201427;403;0;0;0;0;0;0;0;0;0;0;0;0;0;0;0;0;0;0;0;0;0
466;布拉德利-比尔;Bradley Beal;2;1;9;74;74;79;78;72;67;66;72;77;78;75;78;70;74;32;13;快船;27;2;5500000;201203;91;0;3;0;0;0;1;0;0;0;0;0;0;0;0;0;0;0;0;0;0;0
467;科比-桑德斯;Kobe Sanders;2;3;6;68;72;76;82;74;67;69;72;72;74;64;73;72;73;23;0;快船;27;2;657738;202550;3308;0;0;0;0;0;0;0;0;0;0;0;0;0;0;0;0;0;0;0;0;0
468;乔丹-米勒;Jordan Miller;3;2;6;71;77;69;64;78;67;63;70;74;65;64;69;70;71;26;2;快船;27;2;657738;202348;2932;0;0;0;0;0;0;0;0;0;0;0;0;0;0;0;0;0;0;0;0;0
469;科比-布朗;Kobe Brown;4;3;6;68;73;67;63;74;63;70;63;72;70;63;69;68;68;26;2;快船;27;3;2534024;202330;2921;0;0;0;0;0;0;0;0;0;0;0;0;0;0;0;0;0;0;0;0;0
470;雷伊-丹尼斯;RayJ Dennis;1;2;6;74;66;69;65;71;63;68;62;66;70;55;68;65;67;24;1;老鹰;11;1;636435;202400;3245;0;0;0;0;0;0;0;0;0;0;0;0;0;0;0;0;0;0;0;0;0
471;亚尼克-科南-尼德豪泽;Yanic Konan Niederhauser;5;0;6;63;78;53;62;72;70;68;55;74;55;60;65;67;66;22;0;快船;27;4;3522869;202530;3288;0;0;0;0;0;0;0;0;0;0;0;0;0;0;0;0;0;0;0;0;0
472;卡梅隆-克里斯蒂;Cameron Christie;2;1;6;65;68;67;62;73;62;70;63;68;66;60;63;67;65;20;1;快船;27;3;1973949;202446;3174;0;0;0;0;0;0;0;0;0;0;0;0;0;0;0;0;0;0;0;0;0
473;卢卡-东契奇;Luka Dončić;1;2;10;90;91;88;92;90;70;80;74;90;92;89;98;83;91;26;7;湖人;28;4;38052357;201803;28;0;5;0;5;0;0;1;0;0;0;0;1;0;0;0;0;0;0;0;0;0
474;勒布朗-詹姆斯;LeBron James;3;4;11;90;88;79;80;86;74;78;74;90;83;80;90;82;87;40;22;湖人;28;1;48728845;200301;2;0;21;3;13;4;4;0;0;1;0;1;1;0;5;1;0;0;4;4;4;0
475;奥斯汀-里夫斯;Austin Reaves;2;1;8;84;88;84;87;87;66;73;74;88;88;87;92;78;86;27;4;湖人;28;2;12976362;202100;581;0;0;0;0;0;0;0;0;0;0;0;0;0;0;0;0;0;0;0;0;0
476;德安德烈-艾顿;Deandre Ayton;5;0;8;60;92;60;80;85;77;86;65;89;56;75;78;84;81;27;7;湖人;28;2;8000000;201801;173;0;0;0;0;0;0;0;0;0;0;0;0;0;0;0;0;0;0;0;0;0
477;马库斯-斯玛特;Marcus Smart;2;1;7;77;74;72;76;82;74;71;82;75;78;67;76;81;78;31;11;湖人;28;2;5500000;201406;300;0;0;0;0;0;0;0;0;0;0;0;0;0;3;0;0;1;0;0;0;0
478;杰克-拉拉维亚;Jake LaRavia;4;3;7;72;73;74;72;81;73;75;76;78;73;65;75;79;77;23;3;湖人;28;2;6000000;202219;1177;0;0;0;0;0;0;0;0;0;0;0;0;0;0;0;0;0;0;0;0;0
479;八村塁;Rui Hachimura;4;3;7;58;80;85;83;81;72;72;65;74;82;78;79;75;77;28;6;湖人;28;1;17000000;201909;180;0;0;0;0;0;0;0;0;0;0;0;0;0;0;0;0;0;0;0;0;0
480;贾里德-范德比尔特;Jarred Vanderbilt;4;5;7;66;73;68;65;80;75;83;82;70;65;50;66;83;75;26;7;湖人;28;3;10714286;201841;960;0;0;0;0;0;0;0;0;0;0;0;0;0;0;0;0;0;0;0;0;0
481;贾克森-海斯;Jaxson Hayes;5;4;7;64;84;50;65;84;79;78;68;79;49;60;67;82;75;25;5;湖人;28;1;2463946;202007;1028;0;0;0;0;0;0;0;0;0;0;0;0;0;0;0;0;0;0;0;0;0
482;盖布-文森特;Gabe Vincent;1;2;7;70;67;76;78;78;63;65;78;70;75;72;74;74;74;29;7;湖人;28;1;11000000;201800;716;0;0;0;0;0;0;0;0;0;0;0;0;0;0;0;0;0;0;0;0;0
483;小尼克-史密斯;Nick Smith Jr.;1;2;6;70;72;76;73;77;59;69;70;69;78;72;74;70;73;21;2;湖人;28;2;3250000;202327;672;0;0;0;0;0;0;0;0;0;0;0;0;0;0;0;0;0;0;0;0;0
484;多尔顿-克内克特;Dalton Knecht;3;2;7;68;72;78;78;79;62;67;67;70;80;65;74;69;72;23;1;湖人;28;4;3819120;202417;3147;0;0;0;0;0;0;0;0;0;0;0;0;0;0;0;0;0;0;0;0;0
485;马克西-克勒贝尔;Maxi Kleber;4;5;7;65;66;69;72;76;72;68;68;67;68;62;67;72;70;34;8;湖人;28;1;11000000;201400;553;0;0;0;0;0;0;0;0;0;0;0;0;0;0;0;0;0;0;0;0;0
486;布朗尼-詹姆斯;Bronny James;2;1;6;70;65;67;70;76;64;64;72;66;65;61;66;70;68;21;1;湖人;28;3;1157153;202455;742;0;0;0;0;0;0;0;0;0;0;0;0;0;0;0;0;0;0;0;0;0
487;克里斯-马农;Chris Manon;2;3;5;63;62;64;62;68;67;66;63;62;63;62;60;65;62;23;0;湖人;28;1;636435;202500;3332;0;0;0;0;0;0;0;0;0;0;0;0;0;0;0;0;0;0;0;0;0
488;阿杜-蒂耶罗;Adou Thiero;4;3;6;63;67;63;60;69;59;66;62;66;65;60;62;62;62;21;0;湖人;28;3;1983229;202536;3294;0;0;0;0;0;0;0;0;0;0;0;0;0;0;0;0;0;0;0;0;0
489;德鲁-提米;Drew Timme;4;5;6;68;67;59;57;67;61;67;53;63;59;55;60;61;60;25;2;湖人;28;1;676435;202300;3259;0;0;0;0;0;0;0;0;0;0;0;0;0;0;0;0;0;0;0;0;0
490;德文-布克;Devin Booker;1;2;10;81;84;83;94;86;68;73;75;87;85;94;92;79;86;29;10;太阳;29;3;49205800;201513;94;0;4;0;1;0;1;1;0;0;0;0;0;0;0;0;0;0;0;0;0;0
491;狄龙-布鲁克斯;Dillon Brooks;3;4;8;71;82;80;87;85;76;72;85;80;85;90;85;84;85;30;8;太阳;29;2;22255493;201745;418;0;0;0;0;0;0;0;0;0;0;0;0;0;0;1;0;0;0;0;0;0
492;格雷森-阿伦;Grayson Allen;2;3;7;78;72;89;85;83;69;68;78;78;88;72;84;78;81;30;7;太阳;29;3;15625000;201821;761;0;0;0;0;0;0;0;0;0;0;0;0;0;0;0;0;0;0;0;0;0
493;杰伦-格林;Jalen Green;2;1;8;74;83;82;80;87;61;73;70;87;84;85;85;75;80;23;4;太阳;29;4;26954685;202102;223;0;0;0;0;0;0;0;0;0;0;0;0;0;0;0;0;0;0;0;0;0
494;科林-吉莱斯皮;Collin Gillespie;1;0;7;82;67;88;85;76;60;73;77;70;88;68;85;75;80;26;4;太阳;29;1;2378870;202100;1078;0;0;0;0;0;0;0;0;0;0;0;0;0;0;0;0;0;0;0;1;0
495;马克-威廉姆斯;Mark Williams;5;0;8;60;90;50;72;80;80;90;64;85;40;65;70;85;78;23;3;太阳;29;2;4094280;202215;1530;0;0;0;0;0;0;0;0;0;0;0;0;0;0;0;0;0;0;0;0;0
496;罗伊斯-奥尼尔;Royce O'Neale;3;4;7;65;70;87;74;80;73;78;78;71;85;55;73;80;78;32;10;太阳;29;3;9375000;201500;818;0;0;0;0;0;0;0;0;0;0;0;0;0;0;0;0;0;0;0;0;0
497;乔丹-古德温;Jordan Goodwin;2;1;6;71;69;74;72;82;73;78;83;75;75;65;72;84;77;26;4;太阳;29;1;1356840;202100;1000;0;0;0;0;0;0;0;0;0;0;0;0;0;0;0;0;0;0;0;0;0
498;瑞安-邓恩;Ryan Dunn;3;4;7;64;79;70;68;84;74;77;80;78;70;55;69;83;77;21;1;太阳;29;4;2530800;202428;3158;0;0;0;0;0;0;0;0;0;0;0;0;0;0;0;0;0;0;0;0;0
499;奥索-伊戈达罗;Oso Ighodaro;5;4;7;57;85;57;60;78;77;79;62;78;60;60;67;78;73;22;1;太阳;29;2;1862265;202440;3169;0;0;0;0;0;0;0;0;0;0;0;0;0;0;0;0;0;0;0;0;0
500;尼克-理查兹;Nick Richards;5;0;7;59;80;55;60;84;80;82;60;78;52;45;63;82;73;25;5;太阳;29;1;5000000;202042;1221;0;0;0;0;0;0;0;0;0;0;0;0;0;0;0;0;0;0;0;0;0
501;贾马雷-布耶亚;Jamaree Bouyea;1;2;6;70;77;74;76;73;64;65;72;74;70;67;74;70;72;25;2;太阳;29;2;676435;202300;2941;0;0;0;0;0;0;0;0;0;0;0;0;0;0;0;0;0;0;0;0;0
502;以赛亚-里维尔斯;Isaiah Livers;3;4;6;65;67;66;60;72;64;71;64;64;66;61;62;67;66;26;4;太阳;29;1;636435;202142;1219;0;0;0;0;0;0;0;0;0;0;0;0;0;0;0;0;0;0;0;0;0
503;卡曼-马卢阿奇;Khaman Maluach;5;0;7;50;70;50;60;75;78;74;55;68;60;50;57;74;66;19;0;太阳;29;4;6846700;202510;3270;0;0;0;0;0;0;0;0;0;0;0;0;0;0;0;0;0;0;0;0;0
504;拉希尔-弗莱明;Rasheer Fleming;4;5;6;63;74;65;62;72;63;67;63;71;73;62;67;66;66;21;0;太阳;29;4;2171346;202531;3289;0;0;0;0;0;0;0;0;0;0;0;0;0;0;0;0;0;0;0;0;0
505;奈杰尔-海斯-戴维斯;Nigel Hayes-Davis;3;4;6;64;71;65;60;72;61;67;63;66;66;60;63;65;65;30;1;太阳;29;1;2048494;201700;3318;0;0;0;0;0;0;0;0;0;0;0;0;0;0;0;0;0;0;0;0;0
506;科比-布雷亚;Koby Brea;3;2;6;67;64;63;62;69;61;65;58;63;62;63;61;61;62;22;0;太阳;29;1;636435;202541;3299;0;0;0;0;0;0;0;0;0;0;0;0;0;0;0;0;0;0;0;0;0
507;多曼塔斯-萨博尼斯;Domantas Sabonis;5;0;9;82;86;67;77;89;72;91;72;88;68;75;84;87;85;29;9;国王;30;3;40500000;201611;141;0;3;0;0;0;2;0;0;0;3;0;0;0;0;0;0;0;0;0;0;0
508;扎克-拉文;Zach LaVine;2;3;8;72;85;87;83;84;67;71;73;86;88;81;86;76;82;30;11;国王;30;2;43031940;201413;119;0;2;0;0;0;0;0;0;0;0;0;0;0;0;0;0;0;0;0;0;0
509;拉塞尔-威斯布鲁克;Russell Westbrook;1;2;10;84;81;75;69;84;67;79;77;84;75;72;82;81;81;36;17;国王;30;1;3634153;200804;74;0;9;2;2;5;2;0;0;3;0;0;2;0;0;0;0;0;0;1;0;0
510;德马尔-德罗赞;DeMar DeRozan;3;4;9;76;88;73;90;82;65;69;72;85;70;91;85;74;81;36;16;国王;30;2;23400000;200909;98;0;6;0;0;2;1;0;0;0;0;0;0;0;0;0;0;0;0;0;0;0
511;基根-穆雷;Keegan Murray;4;3;8;67;80;77;76;82;74;80;72;82;80;78;80;80;80;24;3;国王;30;6;25190682;202204;631;0;0;0;0;0;0;0;0;0;0;0;0;0;0;0;0;0;0;0;0;0
512;丹尼斯-施罗德;Dennis Schröder;1;2;8;82;76;75;82;81;58;63;78;80;76;78;83;73;78;32;12;国王;30;3;15000000;201317;667;0;0;0;0;0;0;0;0;0;0;0;0;0;0;0;0;0;0;0;0;0
513;马克西姆-雷诺;Maxime Raynaud;5;0;8;70;84;69;73;78;67;84;64;85;69;74;80;76;78;22;0;国王;30;3;2083229;202542;3300;0;0;0;0;0;0;0;0;0;0;0;0;0;0;0;0;0;0;0;0;0
514;马利克-蒙克;Malik Monk;2;0;7;73;76;83;82;82;61;67;71;82;84;79;82;72;77;28;8;国王;30;3;17405203;201711;617;0;0;0;0;0;0;0;0;0;0;0;0;0;0;0;0;0;0;0;0;0
515;基恩-埃利斯;Keon Ellis;2;1;7;64;72;79;72;78;71;67;83;68;80;60;71;78;74;25;3;国王;30;1;2120693;202200;777;0;0;0;0;0;0;0;0;0;0;0;0;0;0;0;0;0;0;0;0;0
516;普雷舍斯-阿丘瓦;Precious Achiuwa;4;5;7;60;79;60;65;81;75;82;72;79;60;60;67;81;74;25;5;国王;30;1;2437592;202020;767;0;0;0;0;0;0;0;0;0;0;0;0;0;0;0;0;0;0;0;0;0
517;德文-卡特;Devin Carter;1;3;7;71;69;71;74;76;63;69;74;72;74;67;72;73;73;23;1;国王;30;4;4689000;202413;3143;0;0;0;0;0;0;0;0;0;0;0;0;0;0;0;0;0;0;0;0;0
518;迪伦-考德威尔;Dylan Cardwell;5;0;6;67;77;60;58;71;82;81;71;74;55;61;66;80;73;23;0;国王;30;2;657738;202500;3329;0;0;0;0;0;0;0;0;0;0;0;0;0;0;0;0;0;0;0;0;0
519;达里奥-沙里奇;Dario Šarić;5;4;7;70;73;72;74;72;61;70;62;72;70;70;74;66;70;31;9;国王;30;1;5168000;201412;665;0;0;0;0;0;0;0;0;0;0;0;0;0;0;0;0;0;0;0;0;0
520;尼克-克利福德;Nique Clifford;2;3;7;67;70;73;64;77;61;70;67;75;78;64;70;69;70;23;0;国王;30;4;3942450;202524;3283;0;0;0;0;0;0;0;0;0;0;0;0;0;0;0;0;0;0;0;0;0
521;道格-麦克德莫特;Doug McDermott;3;4;7;56;69;80;82;72;59;64;61;70;86;75;73;63;69;34;11;国王;30;1;3600000;201411;1287;0;0;0;0;0;0;0;0;0;0;0;0;0;0;0;0;0;0;0;0;0
522;德鲁-尤班克斯;Drew Eubanks;5;0;7;63;77;50;55;77;68;73;65;80;50;40;61;72;67;29;7;国王;30;1;3080921;201700;1598;0;0;0;0;0;0;0;0;0;0;0;0;0;0;0;0;0;0;0;0;0
523;戴奎翁-普劳登;Daeqwon Plowden;2;3;5;63;62;63;60;70;60;70;58;62;61;62;59;63;61;27;2;国王;30;1;636435;202200;3244;0;0;0;0;0;0;0;0;0;0;0;0;0;0;0;0;0;0;0;0;0
524;以赛亚-史蒂文斯;Isaiah Stevens;1;2;5;62;63;61;61;69;62;63;55;64;62;55;59;59;59;25;1;国王;30;2;657738;202400;3242;0;0;0;0;0;0;0;0;0;0;0;0;0;0;0;0;0;0;0;0;0
525;克里斯-保罗;Chris Paul;1;0;10;84;68;72;80;71;60;65;75;70;75;75;79;69;75;40;20;0;0;0;0;200504;22;0;12;1;4;5;2;0;0;5;0;0;0;6;7;1;0;0;0;0;0;0
526;马利克-比斯利;Malik Beasley;2;1;7;62;73;92;85;78;55;65;68;72;93;85;82;67;75;29;9;0;0;0;0;201619;194;0;0;0;0;0;0;0;0;0;0;0;0;0;0;0;0;0;0;0;0;0
527;斯潘塞-丁威迪;Spencer Dinwiddie;2;1;7;81;71;74;76;78;66;63;77;76;75;70;77;73;75;32;11;0;0;0;0;201438;208;0;0;0;0;0;0;0;0;0;0;0;0;0;0;0;0;0;0;0;0;0
528;马克尔-富尔茨;Markelle Fultz;1;2;8;77;84;65;78;78;68;63;75;82;65;74;77;73;75;27;8;0;0;0;0;201701;215;0;0;0;0;0;0;0;0;0;0;0;0;0;0;0;0;0;0;0;0;0
529;马库斯-莫里斯;Marcus Morris Sr.;4;3;8;65;76;80;78;78;65;74;72;75;76;79;78;73;75;36;14;0;0;0;0;201114;1330;0;0;0;0;0;0;0;0;0;0;0;0;0;0;0;0;0;0;0;0;0
530;韦斯利-马修斯;Wesley Matthews;3;4;7;68;74;82;80;82;45;72;75;71;92;76;79;69;75;39;16;0;0;0;0;200900;273;0;0;0;0;0;0;0;0;0;0;0;0;0;0;0;0;0;0;0;0;0
531;哈米杜-迪亚洛;Hamidou Diallo;3;2;7;71;78;68;74;80;66;70;79;77;70;71;73;76;75;27;7;0;0;0;0;201845;937;0;0;0;0;0;0;0;0;0;0;0;0;0;0;0;0;0;0;0;0;0
532;科迪-马丁;Cody Martin;3;2;7;60;71;75;76;76;71;76;72;74;72;69;70;76;74;30;6;0;0;0;0;201936;1252;0;0;0;0;0;0;0;0;0;0;0;0;0;0;0;0;0;0;0;0;0
533;赛尔吉-伊巴卡;Serge Ibaka;5;4;7;60;74;75;72;75;79;75;62;71;69;70;71;76;74;36;16;0;0;0;0;200824;331;0;0;0;0;0;0;0;2;0;0;0;0;0;3;0;0;0;0;0;1;0
534;雷吉-杰克逊;Reggie Jackson;1;2;7;76;78;71;75;80;50;67;72;76;74;72;77;70;74;35;14;0;0;0;0;201124;240;0;0;0;0;0;0;0;0;0;0;0;0;0;0;0;0;0;0;0;1;0
535;博扬-博格达诺维奇;Bojan Bogdanovic;4;3;7;62;75;86;81;76;50;73;75;75;87;81;80;67;74;36;11;0;0;0;0;201131;198;0;0;0;0;0;0;0;0;0;0;0;0;0;0;0;0;0;0;0;0;0
536;切迪-奥斯曼;Cedi Osman;3;4;7;72;79;78;72;82;62;72;64;70;77;66;75;71;74;30;8;0;0;0;0;201531;359;0;0;0;0;0;0;0;0;0;0;0;0;0;0;0;0;0;0;0;0;0
537;托里-克雷格;Torrey Craig;4;3;6;61;72;77;76;78;70;74;71;66;71;67;70;75;73;35;8;0;0;0;0;201400;1150;0;0;0;0;0;0;0;0;0;0;0;0;0;0;0;0;0;0;0;0;0
538;塔伦-霍顿-塔克;Talen Horton-Tucker;1;2;7;65;74;72;71;80;68;72;76;75;71;65;70;77;73;25;6;0;0;0;0;201948;1065;0;0;0;0;0;0;0;0;0;0;0;0;0;0;0;0;0;0;0;1;0
539;特里斯坦-汤普森;Tristan Thompson;5;4;7;63;79;50;64;82;77;85;65;75;31;65;62;82;73;34;14;0;0;0;0;201104;695;0;0;0;0;0;0;0;0;0;0;0;0;0;0;0;0;0;0;0;1;0
540;马克-麦克朗;Mac McClung;2;1;7;67;71;71;69;90;61;67;82;64;73;69;68;79;73;27;4;0;0;0;0;202100;2021;0;0;0;0;0;0;0;0;0;0;0;0;0;0;0;0;0;0;0;0;0
541;埃尔弗里德-佩顿;Elfrid Payton;1;0;7;78;76;73;78;78;61;71;61;71;75;69;78;68;73;31;11;0;0;0;0;201410;1382;0;0;0;0;0;0;0;0;0;0;0;0;0;0;0;0;0;0;0;0;0
542;布兰登-波士顿;Brandon Boston Jr.;3;2;7;56;76;75;80;78;64;68;72;77;72;74;72;71;73;23;4;0;0;0;0;202151;1719;0;0;0;0;0;0;0;0;0;0;0;0;0;0;0;0;0;0;0;0;0
543;本-西蒙斯;Ben Simmons;1;2;8;84;83;50;58;80;81;80;83;74;30;50;63;86;73;29;9;0;0;0;0;201601;156;0;3;0;0;0;1;0;0;0;0;1;0;1;2;0;0;0;0;0;0;0
544;瓦西里耶-米西奇;Vasilije Micic;1;2;7;77;69;79;74;74;61;64;71;72;73;70;77;68;73;32;11;0;0;0;0;201452;1320;0;0;0;0;0;0;0;0;0;0;0;0;0;0;0;0;0;0;0;0;0
545;特雷-莱尔斯;Trey Lyles;4;5;7;62;70;75;76;77;72;74;67;72;75;74;72;74;73;30;10;0;0;0;0;201512;1183;0;0;0;0;0;0;0;0;0;0;0;0;0;0;0;0;0;0;0;0;0
546;特伦斯-戴维斯;Terence Davis;2;3;6;74;76;70;73;81;69;64;71;65;78;65;73;73;73;28;6;0;0;0;0;201900;432;0;0;0;0;0;0;0;0;0;0;0;0;0;0;0;0;0;0;0;0;0
547;罗伯特-科温顿;Robert Covington;3;4;8;60;72;70;76;74;71;76;74;70;70;70;69;76;73;35;12;0;0;0;0;201300;548;0;0;0;0;0;0;0;0;0;0;0;0;0;1;0;0;0;0;0;0;0
548;纳西尔-利特尔;Nassir Little;3;4;8;70;76;68;76;75;68;72;69;70;74;69;73;72;73;26;6;0;0;0;0;201925;1223;0;0;0;0;0;0;0;0;0;0;0;0;0;0;0;0;0;0;0;0;0
549;帕特里克-贝弗利;Patrick Beverley;2;1;7;74;68;74;68;82;60;65;80;70;74;67;71;75;73;37;16;0;0;0;0;200942;382;0;0;0;0;0;0;0;0;0;0;0;0;0;1;2;0;0;0;0;0;0
550;小以赛亚-托马斯;Isaiah Thomas;1;0;7;73;75;78;80;70;60;60;72;69;80;70;78;66;73;36;14;0;0;0;0;201160;699;0;2;0;0;1;0;0;0;0;0;0;0;0;0;0;0;0;0;0;0;0
551;雷吉-布洛克;Reggie Bullock Jr.;2;3;7;60;73;84;83;85;55;69;70;69;83;70;75;72;73;34;12;0;0;0;0;201325;904;0;0;0;0;0;0;0;0;0;0;0;0;0;0;0;0;0;0;0;0;0
552;克里斯蒂安-伍德;Christian Wood;4;5;7;57;75;73;72;76;72;77;61;79;75;70;72;74;73;30;10;0;0;0;0;201500;717;0;0;0;0;0;0;0;0;0;0;0;0;0;0;0;0;0;0;0;0;0
553;约什-杰克逊;Josh Jackson;2;3;7;70;78;72;77;80;67;70;69;72;73;68;74;73;73;29;8;0;0;0;0;201704;531;0;0;0;0;0;0;0;0;0;0;0;0;0;0;0;0;0;0;0;0;0
554;亚历山大-韦津科夫;Aleksandar Vezenkov;4;3;7;67;78;79;76;71;67;70;65;77;77;73;78;68;73;30;8;0;0;0;0;201757;2942;0;0;0;0;0;0;0;0;0;0;0;0;0;0;0;0;0;0;0;0;0
555;穆罕默德-班巴;Mohamed Bamba;5;0;6;54;75;66;71;77;82;78;56;71;65;63;67;78;73;27;7;猛龙;5;1;636435;201806;372;0;0;0;0;0;0;0;0;0;0;0;0;0;0;0;0;0;0;0;0;0
556;杰伦-霍尔德;Jaylen Hoard;4;3;6;59;79;65;78;77;70;79;71;66;64;70;69;76;73;26;6;0;0;0;0;201900;1067;0;0;0;0;0;0;0;0;0;0;0;0;0;0;0;0;0;0;0;0;0
557;扎维尔-辛普森;Zavier Simpson;2;1;6;70;71;73;73;75;70;77;75;64;74;64;70;77;73;29;5;0;0;0;0;202000;1581;0;0;0;0;0;0;0;0;0;0;0;0;0;0;0;0;0;0;0;0;0
558;卡梅隆-佩恩;Cameron Payne;1;2;7;79;67;79;76;75;50;60;70;70;75;74;78;65;72;31;9;0;0;0;0;201514;647;0;0;0;0;0;0;0;0;0;0;0;0;0;0;0;0;0;0;0;0;0
559;德朗-赖特;Delon Wright;2;1;7;70;69;71;75;77;61;68;78;67;72;66;70;73;72;33;10;0;0;0;0;201520;1190;0;0;0;0;0;0;0;0;0;0;0;0;0;0;0;0;0;0;0;0;0
560;里乔恩-霍姆斯;Richaun Holmes;5;4;7;50;80;55;73;76;73;78;64;73;69;73;68;76;72;32;10;0;0;0;0;201537;519;0;0;0;0;0;0;0;0;0;0;0;0;0;0;0;0;0;0;0;0;0
561;杰雷米亚-罗宾逊-厄尔;Jeremiah Robinson-Earl;4;5;6;54;73;72;68;79;70;79;72;72;67;66;67;77;72;25;4;0;0;0;0;202132;1234;0;0;0;0;0;0;0;0;0;0;0;0;0;0;0;0;0;0;0;0;0
562;狄龙-琼斯;Dillon Jones;2;3;7;66;73;85;74;75;62;66;73;72;75;69;74;70;72;23;1;0;0;0;0;202426;3156;0;0;0;0;0;0;0;0;0;0;0;0;0;0;0;0;0;0;0;1;0
563;小肯扬-马丁;KJ Martin;3;4;6;60;76;70;73;82;67;75;66;72;63;66;68;74;72;24;5;0;0;0;0;202052;1254;0;0;0;0;0;0;0;0;0;0;0;0;0;0;0;0;0;0;0;0;0
564;赛迪斯-杨;Thaddeus Young;5;4;8;64;76;72;72;83;60;70;72;74;65;66;72;71;72;37;18;0;0;0;0;200712;729;0;0;0;0;0;0;0;0;0;0;0;0;0;0;0;0;0;0;0;0;0
565;肯特-贝兹莫尔;Kent Bazemore;2;3;8;65;76;79;76;79;58;68;70;71;79;66;74;70;72;36;13;0;0;0;0;201200;850;0;0;0;0;0;0;0;0;0;0;0;0;0;0;0;0;0;0;0;0;0
566;TJ-沃伦;T.J. Warren;4;3;8;61;74;78;81;78;63;67;71;73;77;72;75;70;72;32;11;0;0;0;0;201414;318;0;0;0;0;0;0;0;0;0;0;0;0;0;0;0;0;0;0;0;0;0
567;乔治-希尔;George Hill;1;2;7;73;71;71;79;78;50;67;72;69;75;75;75;69;72;39;17;0;0;0;0;200826;326;0;0;0;0;0;0;0;0;0;0;0;0;0;0;0;0;0;0;0;0;0
568;杰迈克尔-格林;JaMychal Green;4;5;7;61;71;73;79;83;63;76;61;71;72;72;72;73;72;35;11;0;0;0;0;201200;995;0;0;0;0;0;0;0;0;0;0;0;0;0;0;0;0;0;0;0;0;0
569;贾斯廷-霍勒迪;Justin Holiday;2;1;7;73;72;80;75;75;55;65;72;69;75;75;76;67;72;36;13;0;0;0;0;201210;516;0;0;0;0;0;0;0;0;0;0;0;0;0;0;0;0;0;0;0;0;0
570;托马斯-萨托兰斯基;Tomas Satoransky;1;2;7;76;79;78;74;74;61;62;63;68;80;66;78;64;72;34;9;0;0;0;0;201232;659;0;0;0;0;0;0;0;0;0;0;0;0;0;0;0;0;0;0;0;0;0
571;斯坦利-约翰逊;Stanley Johnson;3;0;7;64;72;70;76;86;47;70;77;72;70;67;70;71;72;29;10;0;0;0;0;201508;1617;0;0;0;0;0;0;0;0;0;0;0;0;0;0;0;0;0;0;0;0;0
572;约什-理查德森;Josh Richardson;2;3;7;65;71;74;70;79;63;67;78;70;72;68;70;74;72;32;10;0;0;0;0;201540;259;0;0;0;0;0;0;0;0;0;0;0;0;0;0;0;0;0;0;0;0;0
573;肯德里克-纳恩;Kendrick Nunn;1;2;7;67;77;75;75;75;64;64;67;72;78;71;75;68;72;30;7;0;0;0;0;201800;635;0;0;0;0;0;0;0;0;0;0;0;0;0;0;0;0;0;0;0;0;0
574;德文特-格雷厄姆;Devonte' Graham;1;2;7;71;75;81;74;80;60;61;65;69;80;64;76;67;72;30;7;0;0;0;0;201834;220;0;0;0;0;0;0;0;0;0;0;0;0;0;0;0;0;0;0;0;0;0
575;奇梅齐耶-梅图;Chimezie Metu;4;5;7;55;80;68;72;79;74;82;51;75;60;70;69;75;72;28;7;0;0;0;0;201849;1305;0;0;0;0;0;0;0;0;0;0;0;0;0;0;0;0;0;0;0;0;0
576;詹姆斯-怀斯曼;James Wiseman;5;0;7;50;82;60;70;80;76;79;57;73;60;67;67;77;72;25;5;0;0;0;0;202002;506;0;0;0;0;0;0;0;0;0;0;0;0;0;0;0;0;0;0;0;1;0
577;马拉奇-弗林;Malachi Flynn;2;1;7;64;75;78;81;75;51;70;77;70;72;75;74;70;72;27;5;0;0;0;0;202029;975;0;0;0;0;0;0;0;0;0;0;0;0;0;0;0;0;0;0;0;0;0
578;克里斯-杜阿尔特;Chris Duarte;3;2;7;68;76;78;78;70;60;64;76;68;75;70;74;67;72;28;4;0;0;0;0;202113;942;0;0;0;0;0;0;0;0;0;0;0;0;0;0;0;0;0;0;0;0;0
579;肯-伯奇;Khem Birch;5;4;6;56;79;56;76;82;76;76;66;67;49;69;65;79;72;33;11;0;0;0;0;201400;865;0;0;0;0;0;0;0;0;0;0;0;0;0;0;0;0;0;0;0;0;0
580;杰伦-麦克丹尼尔斯;Jalen McDaniels;4;3;6;71;75;70;71;76;71;75;61;66;69;66;71;73;72;28;5;0;0;0;0;202028;1286;0;0;0;0;0;0;0;0;0;0;0;0;0;0;0;0;0;0;0;0;0
581;伊莱贾-休斯;Elijah Hughes;2;0;6;67;73;74;78;78;60;71;72;65;75;68;72;72;72;27;5;0;0;0;0;202039;1582;0;0;0;0;0;0;0;0;0;0;0;0;0;0;0;0;0;0;0;0;0
582;朗尼-沃克;Lonnie Walker IV;2;3;8;60;75;74;81;82;57;63;70;75;80;72;73;69;71;27;7;0;0;0;0;201818;2214;0;0;0;0;0;0;0;0;0;0;0;0;0;0;0;0;0;0;0;0;0
583;拉马尔-斯蒂文斯;Lamar Stevens;4;5;7;65;74;69;71;70;55;80;65;85;70;85;75;67;71;28;5;0;0;0;0;202000;1458;0;0;0;0;0;0;0;0;0;0;0;0;0;0;0;0;0;0;0;0;0
584;米卡-波特;Micah Potter;5;4;6;50;73;79;72;75;74;79;59;66;74;50;67;75;71;23;4;步行者;9;1;636435;202100;861;0;0;0;0;0;0;0;0;0;0;0;0;0;0;0;0;0;0;0;0;0
585;杰登-斯普林格;Jaden Springer;2;1;6;65;72;66;72;79;73;64;77;68;70;68;67;76;71;22;4;0;0;0;0;202128;1467;0;0;0;0;0;0;0;0;0;0;0;0;0;0;0;0;0;0;0;1;0
586;凯文-诺克斯;Kevin Knox II;3;4;7;72;72;69;67;77;72;67;66;67;70;59;68;71;71;26;7;0;0;0;0;201809;1366;0;0;0;0;0;0;0;0;0;0;0;0;0;0;0;0;0;0;0;0;0
587;谢克-米尔顿;Shake Milton;2;1;7;68;72;75;76;76;64;64;73;68;74;67;72;70;71;29;7;0;0;0;0;201824;1310;0;0;0;0;0;0;0;0;0;0;0;0;0;0;0;0;0;0;0;0;0
588;杰-克劳德;Jae Crowder;3;4;7;63;72;79;76;77;56;68;72;70;68;70;71;69;71;35;13;0;0;0;0;201234;551;0;0;0;0;0;0;0;0;0;0;0;0;0;0;0;0;0;0;0;0;0
589;埃文-富尼耶;Evan Fournier;3;2;8;63;76;77;78;83;45;66;66;70;80;75;74;65;71;33;13;0;0;0;0;201220;470;0;0;0;0;0;0;0;0;0;0;0;0;0;0;0;0;0;0;0;0;0
590;奥托-波特;Otto Porter Jr.;3;4;8;61;74;74;73;80;51;75;70;75;75;72;71;70;71;32;12;0;0;0;0;201303;394;0;0;0;0;0;0;0;0;0;0;0;0;0;0;0;0;0;0;0;1;0
591;诺伦斯-诺埃尔;Nerlens Noel;5;4;7;59;78;50;61;78;81;85;76;69;31;30;55;85;71;31;12;0;0;0;0;201306;288;0;0;0;0;0;0;0;0;0;0;0;0;0;0;0;0;0;0;0;0;0
592;特雷-伯克;Trey Burke;1;2;7;71;76;84;71;79;45;61;66;71;85;62;77;63;71;32;11;0;0;0;0;201309;397;0;0;0;0;0;0;0;0;0;0;0;0;0;0;0;0;0;0;0;0;0
593;蒙特雷斯-哈雷尔;Montrezl Harrell;5;4;7;59;80;59;74;86;71;73;53;71;52;68;68;75;71;32;10;0;0;0;0;201532;485;0;0;0;0;0;0;0;0;0;0;0;0;0;0;0;0;0;0;0;0;1
594;马基斯-克里斯;Marquese Chriss;4;5;7;57;78;74;72;75;70;70;67;68;72;64;70;71;71;28;9;0;0;0;0;201608;1154;0;0;0;0;0;0;0;0;0;0;0;0;0;0;0;0;0;0;0;0;0
595;达里厄斯-贝兹利;Darius Bazley;4;3;7;60;80;70;75;76;60;75;65;75;70;70;73;69;71;25;6;0;0;0;0;201900;849;0;0;0;0;0;0;0;0;0;0;0;0;0;0;0;0;0;0;0;0;0
596;贾勒特-卡尔弗;Jarrett Culver;2;0;7;70;73;76;77;70;61;60;78;66;77;68;74;68;71;26;6;0;0;0;0;201906;532;0;0;0;0;0;0;0;0;0;0;0;0;0;0;0;0;0;0;0;0;0
597;以赛亚-罗比;Isaiah Roby;3;2;7;61;79;75;71;73;70;71;68;68;75;63;70;71;71;28;6;0;0;0;0;201948;1978;0;0;0;0;0;0;0;0;0;0;0;0;0;0;0;0;0;0;0;0;0
598;莱安德罗-博尔马罗;Leandro Bolmaro;3;2;7;61;71;71;72;73;56;68;88;66;71;63;67;73;71;24;5;0;0;0;0;202023;866;0;0;0;0;0;0;0;0;0;0;0;0;0;0;0;0;0;0;0;0;0
599;RJ-汉普顿;R.J. Hampton;1;2;7;59;70;70;78;78;62;70;76;69;72;66;68;74;71;24;5;0;0;0;0;202024;495;0;0;0;0;0;0;0;0;0;0;0;0;0;0;0;0;0;0;0;0;0
600;詹姆斯-纳吉;James Nnaji;5;0;7;56;78;59;67;79;70;82;66;68;59;61;65;77;71;20;2;0;0;0;0;202331;2880;0;0;0;0;0;0;0;0;0;0;0;0;0;0;0;0;0;0;0;0;0
601;科迪-泽勒;Cody Zeller;5;0;6;59;75;50;75;80;71;77;70;71;50;69;65;77;71;33;12;0;0;0;0;201304;1623;0;0;0;0;0;0;0;0;0;0;0;0;0;0;0;0;0;0;0;0;0
602;劳尔-内托;Raul Neto;1;0;6;70;73;79;79;77;45;65;67;65;80;68;76;64;71;33;10;0;0;0;0;201347;1356;0;0;0;0;0;0;0;0;0;0;0;0;0;0;0;0;0;0;0;0;0
603;周琦;Zhou Qi;4;5;6;55;73;67;66;79;83;81;60;65;66;49;62;80;71;28;9;0;0;0;0;201643;338;0;0;0;0;0;0;0;0;0;0;0;0;0;0;0;0;0;0;0;0;0
604;阿诺达斯-库尔博卡;Arnoldas Kulboka;3;0;6;71;71;60;72;75;73;71;70;64;60;65;66;73;71;27;4;0;0;0;0;201855;1163;0;0;0;0;0;0;0;0;0;0;0;0;0;0;0;0;0;0;0;0;0
605;萨宾-李;Saben Lee;1;0;6;70;76;74;72;73;51;68;76;65;75;64;73;69;71;25;5;0;0;0;0;202038;1209;0;0;0;0;0;0;0;0;0;0;0;0;0;0;0;0;0;0;0;0;0
606;乔丹-沃拉;Jordan Nwora;3;2;6;68;77;78;79;78;55;60;65;75;78;69;77;63;71;26;5;0;0;0;0;202045;2216;0;0;0;0;0;0;0;0;0;0;0;0;0;0;0;0;0;0;0;1;0
607;格雷格-布朗;Greg Brown III;3;4;6;60;75;70;76;75;60;75;70;65;70;66;69;71;71;23;4;0;0;0;0;202143;882;0;0;0;0;0;0;0;0;0;0;0;0;0;0;0;0;0;0;0;0;0
608;基马-莫内克;Chima Moneke;4;0;6;55;73;72;71;78;72;77;61;65;71;62;66;74;71;29;3;0;0;0;0;202200;1332;0;0;0;0;0;0;0;0;0;0;0;0;0;0;0;0;0;0;0;0;0
609;林葳;LIn Wei;2;1;7;74;71;82;76;62;61;61;73;70;80;71;77;63;71;21;0;0;0;0;0;202500;585;0;0;0;0;0;0;0;0;0;0;0;0;0;0;0;0;0;0;0;0;0
610;达里克-怀特黑德;Dariq Whitehead;3;2;7;70;76;71;74;80;53;67;63;69;71;67;72;65;70;21;2;0;0;0;0;202322;509;0;0;0;0;0;0;0;0;0;0;0;0;0;0;0;0;0;0;0;0;0
611;泰-吉布森;Taj Gibson;5;4;6;52;76;50;72;80;78;74;64;73;42;63;60;78;70;40;16;0;0;0;0;200926;522;0;0;0;0;0;0;0;0;0;0;0;0;0;0;0;0;0;0;0;0;0
612;凯-琼斯;Kai Jones;5;0;6;50;80;61;63;79;71;76;55;74;62;65;65;74;70;24;4;0;0;0;0;202119;1415;0;0;0;0;0;0;0;0;0;0;0;0;0;0;0;0;0;0;0;0;0
613;大卫-罗迪;David Roddy;3;4;6;62;78;71;68;78;66;73;63;72;66;55;67;71;70;22;3;0;0;0;0;202223;1240;0;0;0;0;0;0;0;0;0;0;0;0;0;0;0;0;0;0;0;0;0
614;查尔斯-巴锡;Charles Bassey;5;4;6;50;79;50;68;80;77;81;66;74;43;47;59;80;70;24;4;0;0;0;0;202153;1699;0;0;0;0;0;0;0;0;0;0;0;0;0;0;0;0;0;0;0;0;0
615;布拉克斯顿-基;Braxton Key;4;3;6;67;73;73;73;66;71;66;73;63;74;64;71;68;70;29;5;0;0;0;0;202000;1071;0;0;0;0;0;0;0;0;0;0;0;0;0;0;0;0;0;0;0;0;0
616;蒙特-莫里斯;Monte Morris;1;0;7;76;70;72;76;75;52;62;68;70;70;70;74;65;70;30;8;0;0;0;0;201751;1331;0;0;0;0;0;0;0;0;0;0;0;0;0;0;0;0;0;0;0;0;0
617;达尼罗-加里纳利;Danilo Gallinari;5;4;8;50;77;78;80;75;60;71;60;77;80;69;74;67;70;37;17;0;0;0;0;200806;235;0;0;0;0;0;0;0;0;0;0;0;0;0;0;0;0;0;0;0;0;0
618;詹姆斯-伯克奈特;James Bouknight;2;3;8;68;76;72;78;76;64;60;70;65;73;69;72;68;70;25;4;0;0;0;0;202111;863;0;0;0;0;0;0;0;0;0;0;0;0;0;0;0;0;0;0;0;0;0
619;弗兰克-卡明斯基;Frank Kaminsky;5;0;7;60;74;69;76;79;63;74;61;68;66;70;70;71;70;32;10;0;0;0;0;201509;534;0;0;0;0;0;0;0;0;0;0;0;0;0;0;0;0;0;0;0;0;0
620;贾斯蒂斯-温斯洛;Justise Winslow;3;2;7;60;77;64;74;84;58;74;64;70;64;65;67;71;70;29;10;0;0;0;0;201510;1550;0;0;0;0;0;0;0;0;0;0;0;0;0;0;0;0;0;0;0;0;0
621;特洛伊-布朗;Troy Brown Jr.;3;2;7;62;76;75;71;79;54;70;74;68;70;63;69;70;70;26;7;0;0;0;0;201815;889;0;0;0;0;0;0;0;0;0;0;0;0;0;0;0;0;0;0;0;0;0
622;法昆多-坎帕佐;Facundo Campazzo;1;2;7;80;74;75;75;76;48;48;67;73;75;74;79;59;70;34;5;0;0;0;0;202000;1123;0;0;0;0;0;0;0;0;0;0;0;0;0;0;0;0;0;0;0;0;0
623;约翰尼-戴维斯;Johnny Davis;2;3;7;63;70;71;69;79;60;73;72;65;71;69;67;73;70;23;3;0;0;0;0;202210;1761;0;0;0;0;0;0;0;0;0;0;0;0;0;0;0;0;0;0;0;0;0
624;胡安-努涅斯;Juan Nunez;1;0;7;64;73;80;77;73;63;66;64;67;80;66;74;66;70;20;1;0;0;0;0;202436;3165;0;0;0;0;0;0;0;0;0;0;0;0;0;0;0;0;0;0;0;0;0
625;梅尔文-阿金萨;Melvin Ajinca;3;0;7;62;74;79;78;67;65;62;69;67;79;67;73;65;70;20;1;0;0;0;0;202451;3179;0;0;0;0;0;0;0;0;0;0;0;0;0;0;0;0;0;0;0;0;0
626;布兰顿-奈特;Brandon Knight;1;2;6;73;78;76;80;73;53;62;61;65;78;70;77;61;70;34;14;0;0;0;0;201108;284;0;0;0;0;0;0;0;0;0;0;0;0;0;0;0;0;0;0;0;0;0
627;吉列尔莫-埃尔南戈麦斯;Willy Hernangómez;5;4;6;62;80;60;74;77;62;77;67;66;53;69;68;72;70;31;9;0;0;0;0;201535;774;0;0;0;0;0;0;0;0;0;0;0;0;0;0;0;0;0;0;0;0;0
628;大卫-努瓦巴;David Nwaba;3;2;6;60;70;76;77;80;62;66;62;65;75;67;70;67;70;32;9;0;0;0;0;201600;1364;0;0;0;0;0;0;0;0;0;0;0;0;0;0;0;0;0;0;0;0;0
629;达文-里德;Davon Reed;2;1;6;63;74;78;76;74;60;67;70;65;78;65;71;68;70;30;8;0;0;0;0;201732;1962;0;0;0;0;0;0;0;0;0;0;0;0;0;0;0;0;0;0;0;0;0
630;阿尔莫尼-布鲁克斯;Armoni Brooks;1;2;6;62;80;81;82;72;62;60;61;65;82;69;76;62;70;27;5;0;0;0;0;201900;899;0;0;0;0;0;0;0;0;0;0;0;0;0;0;0;0;0;0;0;0;0
631;卡姆-雷迪什;Cam Reddish;2;3;6;55;70;73;68;79;66;71;77;67;72;74;66;76;70;26;6;0;0;0;0;201910;254;0;0;0;0;0;0;0;0;0;0;0;0;0;0;0;0;0;0;0;0;0
632;罗密欧-兰福德;Romeo Langford;2;3;6;68;73;70;75;75;64;72;70;65;72;66;69;71;70;26;6;0;0;0;0;201914;1195;0;0;0;0;0;0;0;0;0;0;0;0;0;0;0;0;0;0;0;0;0
633;马利克-菲茨;Malik Fitts;4;0;6;60;72;78;72;77;68;70;58;65;76;64;70;69;70;28;5;0;0;0;0;202000;961;0;0;0;0;0;0;0;0;0;0;0;0;0;0;0;0;0;0;0;0;0
634;费伦-昆都;Feron Hunt;3;4;6;67;67;71;70;70;72;72;72;63;71;62;67;72;70;26;4;0;0;0;0;202100;1172;0;0;0;0;0;0;0;0;0;0;0;0;0;0;0;0;0;0;0;0;0
635;泽维尔-库克斯;Xavier Cooks;3;0;6;65;67;69;72;70;69;73;72;66;68;71;67;72;70;31;3;0;0;0;0;202200;2114;0;0;0;0;0;0;0;0;0;0;0;0;0;0;0;0;0;0;0;0;0
636;阿米达-布里马;Amida Brimah;5;0;6;61;78;67;70;67;74;69;53;83;66;65;72;67;70;31;3;0;0;0;0;202300;896;0;0;0;0;0;0;0;0;0;0;0;0;0;0;0;0;0;0;0;0;0
637;PJ-塔克;P.J. Tucker;4;3;5;65;68;70;64;73;68;75;73;65;65;50;64;73;69;40;19;0;0;0;0;200635;690;0;0;0;0;0;0;0;0;0;0;0;0;0;0;0;0;0;0;0;1;0
638;乌尔里希-乔姆切;Ulrich Chomche;4;5;6;60;78;60;64;75;74;73;61;70;61;58;64;73;69;19;1;0;0;0;0;202457;3184;0;0;0;0;0;0;0;0;0;0;0;0;0;0;0;0;0;0;0;0;0
639;丘马-奥基基;Chuma Okeke;2;3;7;63;74;75;71;72;71;75;63;68;73;60;69;70;69;27;6;0;0;0;0;201916;807;0;0;0;0;0;0;0;0;0;0;0;0;0;0;0;0;0;0;0;0;0
640;达匡-杰弗里斯;DaQuan Jeffries;3;4;6;63;71;74;70;79;67;59;70;67;71;67;68;69;69;28;4;0;0;0;0;201900;1089;0;0;0;0;0;0;0;0;0;0;0;0;0;0;0;0;0;0;0;0;0
641;亚历克-伯克斯;Alec Burks;2;1;7;55;65;80;78;76;51;69;73;68;75;72;69;68;69;34;14;0;0;0;0;201112;398;0;0;0;0;0;0;0;0;0;0;0;0;0;0;0;0;0;0;0;0;0
642;杰纳森-威廉姆斯;Jeenathan Williams;1;2;6;71;68;72;68;72;69;69;67;63;70;60;69;69;69;27;3;0;0;0;0;202200;2033;0;0;0;0;0;0;0;0;0;0;0;0;0;0;0;0;0;0;0;0;0
643;达拉诺-班顿;Dalano Banton;2;1;6;75;71;65;70;76;68;70;66;64;68;60;68;71;69;23;4;0;0;0;0;202146;835;0;0;0;0;0;0;0;0;0;0;0;0;0;0;0;0;0;0;0;0;0
644;帕蒂-米尔斯;Patty Mills;1;2;7;74;71;80;81;71;45;60;62;69;78;72;79;58;69;37;16;0;0;0;0;200955;619;0;0;0;0;0;0;0;0;0;0;0;0;0;0;0;0;0;0;0;1;0
645;克里斯蒂安-科洛科;Christian Koloko;5;0;6;58;74;53;62;78;74;77;64;64;45;65;60;76;69;25;3;0;0;0;0;202233;1138;0;0;0;0;0;0;0;0;0;0;0;0;0;0;0;0;0;0;0;0;0
646;波尔-波尔;Bol Bol;4;5;7;58;74;67;68;75;72;76;50;71;65;70;67;70;69;26;6;0;0;0;0;201944;391;0;0;0;0;0;0;0;0;0;0;0;0;0;0;0;0;0;0;0;0;0
647;阿列克谢-波库舍夫斯基;Aleksej Pokusevski;5;4;8;65;75;71;70;72;70;70;60;60;60;65;68;69;69;24;5;0;0;0;0;202017;392;0;0;0;0;0;0;0;0;0;0;0;0;0;0;0;0;0;0;0;0;0
648;罗宾-洛佩斯;Robin Lopez;5;0;7;58;85;50;79;81;70;75;45;71;30;73;66;72;69;37;17;0;0;0;0;200815;599;0;0;0;0;0;0;0;0;0;0;0;0;0;0;0;0;0;0;0;0;0
649;德维恩-戴德蒙;Dewayne Dedmon ;5;0;7;50;76;50;75;80;71;81;60;69;37;66;60;77;69;36;12;0;0;0;0;201300;911;0;0;0;0;0;0;0;0;0;0;0;0;0;0;0;0;0;0;0;0;0
650;詹姆斯-恩尼斯;James Ennis;3;2;7;59;71;71;74;78;53;79;61;67;71;64;67;68;69;35;11;0;0;0;0;201350;957;0;0;0;0;0;0;0;0;0;0;0;0;0;0;0;0;0;0;0;0;0
651;伊曼纽尔-穆迪埃;Emmanuel Mudiay;1;0;7;73;74;68;76;77;54;66;62;68;71;66;73;65;69;29;10;0;0;0;0;201507;630;0;0;0;0;0;0;0;0;0;0;0;0;0;0;0;0;0;0;0;0;0
652;朗戴-霍利斯-杰弗森;Rondae Hollis-Jefferson;3;2;7;63;71;70;75;76;64;69;62;67;70;66;68;68;69;31;10;0;0;0;0;201523;518;0;0;0;0;0;0;0;0;0;0;0;0;0;0;0;0;0;0;0;0;0
653;蒂莫泰-卢瓦乌-卡巴罗;Timothe Luwawu-Cabarrot;2;3;7;64;76;74;72;78;67;66;62;68;75;62;70;68;69;30;9;0;0;0;0;201624;1227;0;0;0;0;0;0;0;0;0;0;0;0;0;0;0;0;0;0;0;0;0
654;埃里克-帕斯卡尔;Eric Paschall;4;3;7;50;81;61;75;76;69;76;60;69;60;65;65;72;69;29;6;0;0;0;0;201941;644;0;0;0;0;0;0;0;0;0;0;0;0;0;0;0;0;0;0;0;0;0
655;基利安-海斯;Killian Hayes;1;2;7;76;76;74;79;69;51;49;70;66;75;72;77;59;69;24;5;0;0;0;0;202007;494;0;0;0;0;0;0;0;0;0;0;0;0;0;0;0;0;0;0;0;0;0
656;乌斯曼-加鲁巴;Usman Garuba;4;5;7;61;74;68;70;73;70;71;68;67;66;65;68;71;69;23;4;0;0;0;0;202123;1083;0;0;0;0;0;0;0;0;0;0;0;0;0;0;0;0;0;0;0;0;0
657;小肯尼斯-洛夫顿;Kenneth Lofton Jr.;4;5;7;58;85;65;70;70;65;75;64;80;60;60;70;69;69;23;3;0;0;0;0;202200;1245;0;0;0;0;0;0;0;0;0;0;0;0;0;0;0;0;0;0;0;0;0
658;丹尼尔-泰斯;Daniel Theis;5;0;6;57;72;69;71;74;67;76;56;69;68;73;68;70;69;33;11;0;0;0;0;201300;691;0;0;0;0;0;0;0;0;0;0;0;0;0;0;0;0;0;0;0;0;0
659;托斯卡诺-安德森;Juan Toscano-Anderson;3;2;6;62;71;77;75;71;61;65;71;63;76;66;69;67;69;32;6;0;0;0;0;201500;797;0;0;0;0;0;0;0;0;0;0;0;0;0;0;0;0;0;0;0;1;0
660;博班-马里亚诺维奇;Boban Marjanović;5;0;6;52;80;50;74;75;83;81;45;66;33;66;60;77;69;37;10;0;0;0;0;201500;604;0;0;0;0;0;0;0;0;0;0;0;0;0;0;0;0;0;0;0;0;0
661;加布里埃尔-伦德伯格;Gabriel Lundberg;2;1;6;73;68;68;69;70;71;72;67;63;70;61;67;70;69;31;4;0;0;0;0;201600;1976;0;0;0;0;0;0;0;0;0;0;0;0;0;0;0;0;0;0;0;0;0
662;胡安-埃尔南戈麦斯;Juan Hernangómez;4;3;6;62;72;76;74;78;60;70;60;65;74;66;70;67;69;30;9;0;0;0;0;201615;773;0;0;0;0;0;0;0;0;0;0;0;0;0;0;0;0;0;0;0;0;0
663;德安德烈-本布里;DeAndre' Bembry;2;3;6;70;72;70;72;84;45;67;70;66;72;63;69;68;69;31;9;0;0;0;0;201621;386;0;0;0;0;0;0;0;0;0;0;0;0;0;0;0;0;0;0;0;0;0
664;加布里埃尔-戴克;Gabriel Deck;3;0;6;62;66;66;67;70;71;77;79;62;66;49;61;76;69;30;5;0;0;0;0;201700;1756;0;0;0;0;0;0;0;0;0;0;0;0;0;0;0;0;0;0;0;0;0
665;米查尔-穆尔德;Mychal Mulder;2;1;6;71;74;81;79;73;56;62;59;64;81;70;76;61;69;31;6;0;0;0;0;201700;2049;0;0;0;0;0;0;0;0;0;0;0;0;0;0;0;0;0;0;0;0;0
666;渡边雄太;Yuta Watanabe;4;3;6;60;73;75;65;73;67;73;65;65;69;63;67;70;69;31;7;0;0;0;0;201800;449;0;0;0;0;0;0;0;0;0;0;0;0;0;0;0;0;0;0;0;0;0
667;凯里-托马斯;Khyri Thomas;2;1;6;64;81;80;76;72;46;61;70;66;80;66;75;62;69;29;7;0;0;0;0;201838;2169;0;0;0;0;0;0;0;0;0;0;0;0;0;0;0;0;0;0;0;0;0
668;罗季翁斯-库鲁茨;Rodions Kurucs;3;4;6;64;75;66;70;73;69;67;67;65;66;62;66;69;69;28;7;0;0;0;0;201840;559;0;0;0;0;0;0;0;0;0;0;0;0;0;0;0;0;0;0;0;0;0
669;卡修斯-温斯顿;Cassius Winston;1;0;6;78;78;71;76;70;45;58;70;65;74;68;76;61;69;27;5;0;0;0;0;202053;1549;0;0;0;0;0;0;0;0;0;0;0;0;0;0;0;0;0;0;0;0;0
670;奥努拉尔普-比蒂姆;Onuralp Bitim;3;2;6;72;70;72;69;66;66;61;70;72;71;70;71;65;69;26;2;0;0;0;0;202100;3021;0;0;0;0;0;0;0;0;0;0;0;0;0;0;0;0;0;0;0;0;0
671;泰瑞-泰勒;Terry Taylor ;3;4;6;61;78;70;76;76;62;73;60;66;70;67;69;68;69;26;4;0;0;0;0;202100;1484;0;0;0;0;0;0;0;0;0;0;0;0;0;0;0;0;0;0;0;0;0
672;麦金利-赖特四世;McKinley Wright IV;1;0;6;67;70;78;78;71;50;60;70;63;80;66;73;63;69;26;4;0;0;0;0;202100;1191;0;0;0;0;0;0;0;0;0;0;0;0;0;0;0;0;0;0;0;0;0
673;奥默-尤尔特塞文;Omer Yurtseven;5;0;6;53;74;67;70;76;75;73;58;65;65;62;65;73;69;27;4;0;0;0;0;202100;1600;0;0;0;0;0;0;0;0;0;0;0;0;0;0;0;0;0;0;0;0;0
674;以赛亚-托德;Isaiah Todd;4;0;6;55;70;70;79;78;71;70;55;65;69;69;68;70;69;23;4;0;0;0;0;202131;1499;0;0;0;0;0;0;0;0;0;0;0;0;0;0;0;0;0;0;0;0;0
675;大卫-约翰逊;David Johnson;1;2;6;71;72;72;76;70;55;65;72;63;74;65;72;66;69;24;4;0;0;0;0;202147;2262;0;0;0;0;0;0;0;0;0;0;0;0;0;0;0;0;0;0;0;0;0
676;斯科蒂-刘易斯;Scottie Lewis;2;3;6;59;75;68;72;79;62;63;79;66;70;59;65;73;69;25;4;0;0;0;0;202156;1971;0;0;0;0;0;0;0;0;0;0;0;0;0;0;0;0;0;0;0;0;0
677;凯文-哈里斯;Kevon Harris;2;3;6;71;68;73;68;73;59;66;75;63;74;57;68;69;69;28;3;0;0;0;0;202200;1013;0;0;0;0;0;0;0;0;0;0;0;0;0;0;0;0;0;0;0;0;0
678;科尔-斯威德;Cole Swider;3;4;6;65;69;80;71;71;65;65;67;63;73;63;69;66;69;23;3;0;0;0;0;202200;1472;0;0;0;0;0;0;0;0;0;0;0;0;0;0;0;0;0;0;0;0;0
679;卡梅伦-马修斯;Cam Matthews;3;4;5;75;73;61;61;70;66;71;66;71;65;66;68;68;69;23;0;0;0;0;0;202500;5001;0;0;0;0;0;0;0;0;0;0;0;0;0;0;0;0;0;0;0;0;0
680;基恩-约翰逊;Keon Johnson;2;3;6;60;72;65;72;79;61;63;76;69;66;67;65;72;68;23;4;0;0;0;0;202121;1612;0;0;0;0;0;0;0;0;0;0;0;0;0;0;0;0;0;0;0;0;0
681;马琼-博尚;MarJon Beauchamp;3;2;7;61;76;58;68;76;64;77;74;68;58;47;60;74;68;23;3;76人;4;1;636435;202224;869;0;0;0;0;0;0;0;0;0;0;0;0;0;0;0;0;0;0;0;0;0
682;艾蒙尼-贝茨;Emoni Bates;3;2;6;67;74;69;79;66;58;66;68;63;71;69;71;63;68;22;2;0;0;0;0;202349;2583;0;0;0;0;0;0;0;0;0;0;0;0;0;0;0;0;0;0;0;0;0
683;科比-巴夫金;Kobe Bufkin;2;1;7;71;68;70;72;75;57;62;67;72;70;68;70;65;68;22;2;0;0;0;0;202315;2871;0;0;0;0;0;0;0;0;0;0;0;0;0;0;0;0;0;0;0;0;0
684;约什-克里斯托弗;Josh Christopher;2;1;6;63;72;74;70;76;61;65;67;67;73;66;68;67;68;23;4;0;0;0;0;202124;1160;0;0;0;0;0;0;0;0;0;0;0;0;0;0;0;0;0;0;0;0;0
685;莱斯特-基诺内斯;Lester Quinones;2;3;6;68;63;78;75;69;63;66;65;62;78;65;71;65;68;25;3;0;0;0;0;202200;2109;0;0;0;0;0;0;0;0;0;0;0;0;0;0;0;0;0;0;0;0;0
686;塞斯-伦迪;Seth Lundy;3;4;6;55;68;72;73;76;68;70;64;68;67;64;65;70;68;26;2;0;0;0;0;202346;2930;0;0;0;0;0;0;0;0;0;0;0;0;0;0;0;0;0;0;0;0;0
687;马基夫-莫里斯;Markieff Morris;4;5;6;55;65;70;70;72;65;73;70;68;71;65;65;70;68;36;14;0;0;0;0;201113;626;0;0;0;0;0;0;0;0;0;0;0;0;0;0;0;0;0;0;0;1;0
688;泰泰-华盛顿;TyTy Washington Jr.;1;2;6;68;71;71;73;75;58;63;65;68;74;63;71;65;68;23;3;快船;27;1;636435;202229;1054;0;0;0;0;0;0;0;0;0;0;0;0;0;0;0;0;0;0;0;0;0
689;戴维斯-贝尔坦斯;Davis Bertans;4;5;7;60;73;86;83;76;61;60;52;66;76;71;76;61;68;33;11;0;0;0;0;201142;381;0;0;0;0;0;0;0;0;0;0;0;0;0;0;0;0;0;0;0;0;0
690;莫里斯-哈克利斯;Maurice Harkless;3;2;7;53;79;73;75;81;53;71;61;70;73;64;68;66;68;32;13;0;0;0;0;201215;1005;0;0;0;0;0;0;0;0;0;0;0;0;0;0;0;0;0;0;0;0;0
691;威尔-巴顿;Will Barton;2;3;7;62;68;70;71;73;59;65;70;77;77;71;69;67;68;35;13;0;0;0;0;201240;364;0;0;0;0;0;0;0;0;0;0;0;0;0;0;0;0;0;0;0;0;0
692;托尼-斯内尔;Tony Snell;2;3;7;56;76;76;81;79;51;69;63;69;77;68;70;65;68;34;12;0;0;0;0;201320;1463;0;0;0;0;0;0;0;0;0;0;0;0;0;0;0;0;0;0;0;0;0
693;阿伦-克拉布;Allen Crabbe;2;0;7;63;73;80;83;75;45;63;65;67;80;71;75;61;68;33;12;0;0;0;0;201331;1139;0;0;0;0;0;0;0;0;0;0;0;0;0;0;0;0;0;0;0;0;0
694;泰勒-约翰逊;Tyler Johnson;2;1;7;69;73;73;76;78;53;61;62;68;74;67;72;63;68;33;10;0;0;0;0;201400;740;0;0;0;0;0;0;0;0;0;0;0;0;0;0;0;0;0;0;0;0;0
695;贾斯汀-安德森;Justin Anderson;2;3;7;59;75;66;79;79;59;73;65;68;68;67;67;70;68;31;10;0;0;0;0;201521;793;0;0;0;0;0;0;0;0;0;0;0;0;0;0;0;0;0;0;0;0;0
696;索恩-梅克;Thon Maker;5;4;7;50;70;71;74;77;68;70;57;67;69;65;66;70;68;28;9;0;0;0;0;201610;615;0;0;0;0;0;0;0;0;0;0;0;0;0;0;0;0;0;0;0;0;0
697;弗朗克-尼利基纳;Frank Ntilikina;1;0;7;70;72;74;78;76;50;54;63;67;76;67;74;60;68;27;8;0;0;0;0;201708;1360;0;0;0;0;0;0;0;0;0;0;0;0;0;0;0;0;0;0;0;0;0
698;克里斯-席尔瓦;Chris Silva;3;4;7;61;73;72;70;73;62;69;64;67;72;61;67;67;68;29;6;0;0;0;0;201900;723;0;0;0;0;0;0;0;0;0;0;0;0;0;0;0;0;0;0;0;0;0
699;本-麦克勒摩;Ben McLemore;2;3;6;57;83;77;77;86;45;60;61;69;77;66;72;63;68;33;12;0;0;0;0;201307;1289;0;0;0;0;0;0;0;0;0;0;0;0;0;0;0;0;0;0;0;0;0
700;安德烈-罗伯森;Andre Roberson;2;3;6;56;72;61;65;78;82;74;80;65;62;38;56;82;68;34;12;0;0;0;0;201326;592;0;0;0;0;0;0;0;0;0;0;0;0;0;0;1;0;0;0;0;0;0
701;卢卡-维尔多萨;Luca Vildoza;2;1;6;68;66;71;73;66;70;68;68;62;72;63;68;68;68;30;4;0;0;0;0;201700;2201;0;0;0;0;0;0;0;0;0;0;0;0;0;0;0;0;0;0;0;0;0
702;埃德蒙-萨姆纳;Edmond Sumner;1;2;6;68;70;76;71;75;50;63;66;68;78;57;71;64;68;30;8;0;0;0;0;201752;1430;0;0;0;0;0;0;0;0;0;0;0;0;0;0;0;0;0;0;0;0;0
703;克里斯-奇奥萨;Chris Chiozza;1;2;6;70;70;71;76;70;60;61;67;63;74;65;72;64;68;30;7;0;0;0;0;201800;2096;0;0;0;0;0;0;0;0;0;0;0;0;0;0;0;0;0;0;0;1;0
704;路易斯-金;Louis King;3;2;6;61;75;75;76;72;59;61;70;64;75;67;70;65;68;26;6;0;0;0;0;201900;1899;0;0;0;0;0;0;0;0;0;0;0;0;0;0;0;0;0;0;0;0;0
705;卢卡-沙马尼奇;Luka Šamanić;4;5;6;64;76;68;71;70;67;70;66;64;69;63;69;68;68;26;6;0;0;0;0;201919;1440;0;0;0;0;0;0;0;0;0;0;0;0;0;0;0;0;0;0;0;0;0
706;杰伦-诺埃尔;Jaylen Nowell;2;1;6;71;76;68;81;76;55;59;68;65;70;72;72;64;68;26;6;0;0;0;0;201943;637;0;0;0;0;0;0;0;0;0;0;0;0;0;0;0;0;0;0;0;0;0
707;戴申-尼克斯;Daishen Nix;1;2;6;68;70;71;70;72;53;67;68;65;72;64;69;66;68;23;4;0;0;0;0;202100;1359;0;0;0;0;0;0;0;0;0;0;0;0;0;0;0;0;0;0;0;0;0
708;布罗德里克-托马斯;Brodric Thomas;2;1;6;76;75;73;76;71;48;60;70;64;74;69;74;62;68;28;4;0;0;0;0;202100;2168;0;0;0;0;0;0;0;0;0;0;0;0;0;0;0;0;0;0;0;0;0
709;昌迪-布朗;Chaundee Brown Jr.;2;3;6;72;78;73;71;71;60;59;65;65;74;64;72;63;68;26;4;0;0;0;0;202100;1741;0;0;0;0;0;0;0;0;0;0;0;0;0;0;0;0;0;0;0;0;0
710;乔丹-舍克尔;Jordan Schakel;2;3;6;73;66;71;65;71;70;71;71;63;72;45;65;72;68;27;4;0;0;0;0;202100;1443;0;0;0;0;0;0;0;0;0;0;0;0;0;0;0;0;0;0;0;0;0
711;DJ-斯图尔特;D.J. Stewart;2;3;6;71;70;67;68;65;70;72;73;62;69;55;65;70;68;26;4;0;0;0;0;202100;1470;0;0;0;0;0;0;0;0;0;0;0;0;0;0;0;0;0;0;0;0;0
712;加比-约克;Gabe York;1;2;6;69;71;65;66;68;70;73;73;63;68;41;64;72;68;32;4;0;0;0;0;202100;3338;0;0;0;0;0;0;0;0;0;0;0;0;0;0;0;0;0;0;0;0;0
713;特伦特-弗雷斯特;Trent Forrest;2;1;6;71;74;71;72;75;55;68;66;65;72;64;70;66;68;27;4;0;0;0;0;202100;973;0;0;0;0;0;0;0;0;0;0;0;0;0;0;0;0;0;0;0;0;0
714;布莱斯-威廉斯;Bryson Williams;4;0;6;65;78;69;57;74;69;65;57;77;70;61;69;67;68;27;2;0;0;0;0;202200;5001;0;0;0;0;0;0;0;0;0;0;0;0;0;0;0;0;0;0;0;0;0
715;约翰-巴特勒;John Butler;5;0;6;55;67;79;69;71;71;70;57;63;75;61;67;69;68;23;3;0;0;0;0;202200;2098;0;0;0;0;0;0;0;0;0;0;0;0;0;0;0;0;0;0;0;0;0
716;特雷弗-哈金斯;Trevor Hudgins;2;1;6;72;64;77;66;74;56;67;72;63;77;51;68;68;68;26;3;0;0;0;0;202200;1003;0;0;0;0;0;0;0;0;0;0;0;0;0;0;0;0;0;0;0;0;0
717;杰克-怀特;Jack White;3;4;6;66;69;74;69;72;66;70;60;63;74;61;67;66;68;28;3;0;0;0;0;202200;1057;0;0;0;0;0;0;0;0;0;0;0;0;0;0;0;0;0;0;0;1;0
718;雅各布-吉尔亚德;Jacob Gilyard;1;0;6;70;65;69;68;68;65;70;68;62;72;58;67;68;68;28;3;0;0;0;0;202200;2020;0;0;0;0;0;0;0;0;0;0;0;0;0;0;0;0;0;0;0;0;0
719;伊布-巴吉;Ibou Badji;5;0;6;55;74;58;64;78;75;77;57;71;37;63;60;76;68;23;3;0;0;0;0;202200;367;0;0;0;0;0;0;0;0;0;0;0;0;0;0;0;0;0;0;0;0;0
720;卡利克-琼斯;Carlik Jones;1;0;6;78;63;72;69;68;60;64;69;61;74;60;71;65;68;28;4;0;0;0;0;202200;1833;0;0;0;0;0;0;0;0;0;0;0;0;0;0;0;0;0;0;0;0;0
721;凯勒-凯利;Kylor Kelley;4;5;6;67;77;58;66;76;71;69;55;70;58;67;67;69;68;28;2;0;0;0;0;202300;3250？;0;0;0;0;0;0;0;0;0;0;0;0;0;0;0;0;0;0;0;0;0
722;阿马里-贝利;Amari Bailey;2;1;6;67;70;74;77;75;63;60;67;63;75;64;70;66;68;22;2;0;0;0;0;202341;2928;0;0;0;0;0;0;0;0;0;0;0;0;0;0;0;0;0;0;0;0;0
723;贾里德-巴特勒;Jared Butler;1;2;6;65;74;67;68;73;59;60;69;70;68;65;68;65;67;24;4;0;0;0;0;202140;1696;0;0;0;0;0;0;0;0;0;0;0;0;0;0;0;0;0;0;0;0;0
724;杰伦-胡德-希菲诺;Jalen Hood-Schifino;2;3;6;72;68;68;70;72;62;62;67;64;70;66;68;65;67;21;2;0;0;0;0;202317;2209;0;0;0;0;0;0;0;0;0;0;0;0;0;0;0;0;0;0;0;0;0
725;詹姆斯-约翰逊;James Johnson;4;5;7;63;75;69;72;71;59;70;62;68;70;64;69;65;67;38;16;0;0;0;0;200916;1618;0;0;0;0;0;0;0;0;0;0;0;0;0;0;0;0;0;0;0;0;0
726;科里-约瑟夫;Cory Joseph;1;2;6;73;67;70;71;76;45;65;64;70;72;68;71;63;67;34;14;0;0;0;0;201129;1620;0;0;0;0;0;0;0;0;0;0;0;0;0;0;0;0;0;0;0;0;0
727;科尔比-琼斯;Colby Jones;2;3;6;71;63;67;68;75;63;61;71;70;71;66;67;68;67;22;2;0;0;0;0;202334;2859;0;0;0;0;0;0;0;0;0;0;0;0;0;0;0;0;0;0;0;0;0
728;凯斯勒-爱德华兹;Kessler Edwards;3;4;6;60;68;70;75;71;61;63;67;64;75;65;67;64;67;24;4;0;0;0;0;202144;788;0;0;0;0;0;0;0;0;0;0;0;0;0;0;0;0;0;0;0;0;0
729;杰克-麦克维;Jack McVeigh;3;4;6;62;72;72;61;73;71;73;55;69;70;56;64;68;67;29;1;0;0;0;0;0;3217;0;0;0;0;0;0;0;0;0;0;0;0;0;0;0;0;0;0;0;0;0
730;弗拉特科-钱查尔;Vlatko Čančar;3;2;6;67;76;70;68;67;61;66;61;66;74;69;70;62;67;28;6;0;0;0;0;201749;653;0;0;0;0;0;0;0;0;0;0;0;0;0;0;0;0;0;0;0;1;0
731;贾斯廷-米纳亚;Justin Minaya;2;3;6;58;71;68;72;74;75;71;60;64;69;62;64;70;67;27;3;0;0;0;0;202200;2065;0;0;0;0;0;0;0;0;0;0;0;0;0;0;0;0;0;0;0;0;0
732;塔兰-阿姆斯特朗;Taran Armstrong;1;2;6;62;72;72;61;73;71;73;55;70;70;70;67;66;67;24;1;0;0;0;0;0;3255;0;0;0;0;0;0;0;0;0;0;0;0;0;0;0;0;0;0;0;0;0
733;小帕特里克-鲍德温;Patrick Baldwin Jr.;4;5;6;64;66;59;73;78;61;70;68;64;58;64;63;70;67;22;3;0;0;0;0;202228;840;0;0;0;0;0;0;0;0;0;0;0;0;0;0;0;0;0;0;0;0;0
734;贾维尔-麦基;JaVale McGee;5;0;7;50;80;50;52;74;78;80;50;73;35;71;58;75;67;38;17;0;0;0;0;200818;608;0;0;0;0;0;0;0;0;0;0;0;0;0;0;0;0;0;0;0;3;0
735;泰瑞克-埃文斯;Tyreke Evans;3;2;7;73;76;73;73;67;50;65;60;66;73;67;73;58;67;35;16;0;0;0;0;200904;172;0;0;0;0;0;0;0;0;0;0;1;0;0;0;0;0;0;0;0;0;0
736;埃德-戴维斯;Ed Davis;5;4;7;64;72;50;70;82;60;78;64;68;35;65;61;73;67;36;15;0;0;0;0;201013;428;0;0;0;0;0;0;0;0;0;0;0;0;0;0;0;0;0;0;0;0;0
737;凯尔-奥奎因;Kyle O'Quinn;5;4;7;59;70;53;69;81;70;72;53;68;45;63;60;72;67;35;13;0;0;0;0;201249;812;0;0;0;0;0;0;0;0;0;0;0;0;0;0;0;0;0;0;0;0;0
738;贾希尔-奥卡福;Jahlil Okafor;5;4;7;54;79;60;69;81;62;71;60;70;54;62;65;70;67;30;10;0;0;0;0;201503;357;0;0;0;0;0;0;0;0;0;0;0;0;0;0;0;0;0;0;0;0;0
739;达米安-琼斯;Damian Jones;5;0;7;60;78;50;64;80;70;77;60;69;37;51;59;75;67;30;9;0;0;0;0;201630;1411;0;0;0;0;0;0;0;0;0;0;0;0;0;0;0;0;0;0;0;0;0
740;丹尼斯-史密斯;Dennis Smith Jr.;1;0;7;67;77;69;67;78;47;68;64;67;72;64;69;65;67;28;8;0;0;0;0;201709;670;0;0;0;0;0;0;0;0;0;0;0;0;0;0;0;0;0;0;0;0;0
741;摩西-布朗;Moses Brown;5;0;7;60;76;50;61;79;78;79;51;69;35;39;57;77;67;26;6;0;0;0;0;201900;412;0;0;0;0;0;0;0;0;0;0;0;0;0;0;0;0;0;0;0;0;0
742;泰奥-马勒东;Théo Maledon;1;2;7;72;71;73;72;70;48;62;67;66;75;62;72;62;67;24;5;0;0;0;0;202034;1272;0;0;0;0;0;0;0;0;0;0;0;0;0;0;0;0;0;0;0;0;0
743;约书亚-普里莫;Joshua Primo;2;0;7;65;70;70;75;75;65;60;65;66;72;65;68;66;67;22;4;0;0;0;0;202112;2089;0;0;0;0;0;0;0;0;0;0;0;0;0;0;0;0;0;0;0;0;0
744;郭昊文;Guo Haowen;2;1;7;70;68;71;73;68;58;68;67;64;72;64;69;65;67;25;3;0;0;0;0;202200;482;0;0;0;0;0;0;0;0;0;0;0;0;0;0;0;0;0;0;0;0;0
745;张镇麟;Kevin Zhang;3;4;7;66;78;69;70;75;56;78;50;68;70;63;69;64;67;26;3;0;0;0;0;202200;744;0;0;0;0;0;0;0;0;0;0;0;0;0;0;0;0;0;0;0;0;0
746;基扬泰-约翰逊;Keyontae Johnson;3;2;7;61;73;68;66;73;63;67;65;68;68;63;65;67;67;26;2;0;0;0;0;202350;2933;0;0;0;0;0;0;0;0;0;0;0;0;0;0;0;0;0;0;0;0;0
747;马库斯-巴格利;Marcus Bagley;3;0;6;62;72;72;61;73;71;73;55;69;70;56;64;68;67;24;1;0;0;0;0;0;5001;0;0;0;0;0;0;0;0;0;0;0;0;0;0;0;0;0;0;0;0;0
748;菲利普-惠勒;Phillip Wheeler;3;4;6;62;72;72;61;73;71;73;55;69;70;56;64;68;67;23;1;0;0;0;0;0;5001;0;0;0;0;0;0;0;0;0;0;0;0;0;0;0;0;0;0;0;0;0
749;马修-德拉维多瓦;Matthew Dellavedova;1;2;6;69;70;73;78;70;51;63;61;63;75;66;72;60;67;35;12;0;0;0;0;201300;434;0;0;0;0;0;0;0;0;0;0;0;0;0;0;0;0;0;0;0;0;0
750;所罗门-希尔;Solomon Hill;2;3;6;65;70;68;73;75;55;73;67;64;70;63;67;68;67;34;12;0;0;0;0;201323;1570;0;0;0;0;0;0;0;0;0;0;0;0;0;0;0;0;0;0;0;0;0
751;蒂姆-弗雷泽;Tim Frazier;1;2;6;72;71;69;72;79;45;63;63;65;72;62;71;63;67;35;11;0;0;0;0;201400;974;0;0;0;0;0;0;0;0;0;0;0;0;0;0;0;0;0;0;0;0;0
752;沙奎尔-哈里森;Shaquille Harrison;2;1;6;60;73;73;76;73;61;63;65;64;74;65;68;65;67;32;9;0;0;0;0;201600;1009;0;0;0;0;0;0;0;0;0;0;0;0;0;0;0;0;0;0;0;0;0
753;蒂龙-华莱士;Tyrone Wallace;2;3;6;72;78;74;83;76;45;57;56;66;75;74;76;56;67;31;8;0;0;0;0;201660;1052;0;0;0;0;0;0;0;0;0;0;0;0;0;0;0;0;0;0;0;0;0
754;科比-西蒙斯;Kobi Simmons;1;2;6;67;73;71;74;78;50;62;63;65;74;63;70;63;67;28;8;0;0;0;0;201700;2229;0;0;0;0;0;0;0;0;0;0;0;0;0;0;0;0;0;0;0;0;0
755;TJ-利夫;T.J. Leaf;4;3;6;62;77;72;72;65;66;69;61;63;71;65;70;64;67;28;8;0;0;0;0;201718;1968;0;0;0;0;0;0;0;0;0;0;0;0;0;0;0;0;0;0;0;0;0
756;杰罗姆-罗宾逊;Jerome Robinson;2;1;6;73;71;74;69;71;52;60;70;63;76;57;70;63;67;28;7;0;0;0;0;201813;1980;0;0;0;0;0;0;0;0;0;0;0;0;0;0;0;0;0;0;0;0;0
757;里德-特拉维斯;Reid Travis;4;0;6;68;66;69;67;72;73;68;57;67;65;63;67;68;67;29;2;0;0;0;0;201900;5001;0;0;0;0;0;0;0;0;0;0;0;0;0;0;0;0;0;0;0;0;0
758;凯-鲍曼;Ky Bowman;1;0;6;75;75;78;67;70;45;59;64;64;80;53;73;59;67;28;6;0;0;0;0;201900;841;0;0;0;0;0;0;0;0;0;0;0;0;0;0;0;0;0;0;0;0;0
759;林德尔-威金顿;Lindell Wigginton;1;0;6;73;75;76;77;70;50;53;60;64;78;67;76;56;67;28;6;0;0;0;0;201900;2179;0;0;0;0;0;0;0;0;0;0;0;0;0;0;0;0;0;0;0;0;0
760;奥谢-布里塞特;Oshae Brissett;3;4;6;55;72;68;71;71;71;70;66;64;69;59;63;70;67;27;6;0;0;0;0;201900;897;0;0;0;0;0;0;0;0;0;0;0;0;0;0;0;0;0;0;0;1;0
761;阿德米拉尔-斯科菲尔德;Admiral Schofield;5;4;6;58;69;73;68;73;64;66;70;66;69;60;66;67;67;28;6;0;0;0;0;201942;2136;0;0;0;0;0;0;0;0;0;0;0;0;0;0;0;0;0;0;0;0;0
762;杰梅因-塞缪尔斯;Jermaine Samuels Jr.;3;0;6;65;73;72;73;58;54;70;70;73;73;66;71;61;67;26;2;0;0;0;0;202000;3094;0;0;0;0;0;0;0;0;0;0;0;0;0;0;0;0;0;0;0;0;0
763;乔丹-福特;Jordan Ford;1;2;6;69;72;77;60;66;66;55;71;68;79;60;70;64;67;27;2;0;0;0;0;202000;3090;0;0;0;0;0;0;0;0;0;0;0;0;0;0;0;0;0;0;0;0;0
764;纳坦-奈特;Nathan Knight;4;5;6;51;79;73;82;73;56;76;55;65;72;71;70;65;67;28;5;0;0;0;0;202000;1346;0;0;0;0;0;0;0;0;0;0;0;0;0;0;0;0;0;0;0;0;0
765;基利安-蒂利;Killian Tillie;4;5;6;55;76;63;71;74;73;74;54;65;61;62;64;70;67;27;5;0;0;0;0;202000;445;0;0;0;0;0;0;0;0;0;0;0;0;0;0;0;0;0;0;0;0;0
766;德米特罗-斯卡平采夫;Dmytro Skapintsev;5;0;6;63;72;61;62;72;71;73;54;71;60;55;64;70;67;27;5;0;0;0;0;202000;3096;0;0;0;0;0;0;0;0;0;0;0;0;0;0;0;0;0;0;0;0;0
767;弗雷迪-吉莱斯皮;Freddie Gillespie;4;3;6;51;76;56;76;71;76;76;56;64;50;66;61;72;67;28;5;0;0;0;0;202000;1880;0;0;0;0;0;0;0;0;0;0;0;0;0;0;0;0;0;0;0;0;0
768;小凯拉-刘易斯;Kira Lewis Jr.;2;1;6;71;73;68;79;72;48;68;68;64;70;70;71;64;67;24;5;0;0;0;0;202013;1224;0;0;0;0;0;0;0;0;0;0;0;0;0;0;0;0;0;0;0;0;0
769;斯凯拉-梅斯;Skylar Mays;1;2;6;70;70;74;70;69;48;59;71;63;76;65;71;62;67;28;5;0;0;0;0;202050;2031;0;0;0;0;0;0;0;0;0;0;0;0;0;0;0;0;0;0;0;0;0
770;杰伊-斯库布;Jay Scrubb;2;3;6;63;76;76;78;72;60;68;53;65;77;67;72;61;67;25;5;0;0;0;0;202055;2139;0;0;0;0;0;0;0;0;0;0;0;0;0;0;0;0;0;0;0;0;0
771;摩西-赖特;Moses Wright;2;3;6;67;65;70;73;67;68;68;66;62;72;63;66;67;67;27;4;0;0;0;0;202100;3339;0;0;0;0;0;0;0;0;0;0;0;0;0;0;0;0;0;0;0;0;0
772;奥利维尔-萨尔;Olivier Sarr;5;0;6;58;71;70;72;69;67;69;66;63;68;65;67;67;67;27;4;0;0;0;0;202100;2107;0;0;0;0;0;0;0;0;0;0;0;0;0;0;0;0;0;0;0;0;0
773;菲利普-彼得鲁塞夫;Filip Petrusev;5;4;6;55;74;61;73;74;71;72;50;65;58;66;64;69;67;25;4;0;0;0;0;202150;1716;0;0;0;0;0;0;0;0;0;0;0;0;0;0;0;0;0;0;0;0;0
774;乔丹-霍尔;Jordan Hall;2;0;6;60;69;76;73;66;58;63;76;62;77;62;68;66;67;23;3;0;0;0;0;202200;1868;0;0;0;0;0;0;0;0;0;0;0;0;0;0;0;0;0;0;0;0;0
775;多诺万-威廉姆斯;Donovan Williams;2;0;6;66;68;71;65;75;69;67;65;64;72;56;65;69;67;24;3;0;0;0;0;202200;1854;0;0;0;0;0;0;0;0;0;0;0;0;0;0;0;0;0;0;0;0;0
776;达柳斯-戴斯;Darius Days;3;4;6;60;68;68;76;68;67;71;60;62;69;66;66;66;67;25;3;0;0;0;0;202200;912;0;0;0;0;0;0;0;0;0;0;0;0;0;0;0;0;0;0;0;0;0
777;德瑞-西伯恩;Dereon Seabron;2;3;6;73;65;71;65;71;56;68;77;62;72;46;65;69;67;25;3;0;0;0;0;202200;1565;0;0;0;0;0;0;0;0;0;0;0;0;0;0;0;0;0;0;0;0;0
778;纳丹-门萨;Nathan Mensah;5;0;6;60;68;58;56;73;78;67;61;68;61;61;61;72;67;27;2;0;0;0;0;202300;5001;0;0;0;0;0;0;0;0;0;0;0;0;0;0;0;0;0;0;0;0;0
779;马奎斯-诺厄尔;Markquis Nowell;1;0;6;74;69;68;71;67;61;61;70;64;64;68;70;65;67;25;2;0;0;0;0;202300;3007;0;0;0;0;0;0;0;0;0;0;0;0;0;0;0;0;0;0;0;0;0
780;莫哈维-金;Mojave King;2;0;6;68;72;72;61;73;71;73;55;69;70;56;66;67;67;24;2;0;0;0;0;202347;2931;0;0;0;0;0;0;0;0;0;0;0;0;0;0;0;0;0;0;0;0;0
781;杰伦-斯劳森;Jalen Slawson;3;4;6;62;72;72;61;73;71;73;55;69;70;56;64;68;67;26;2;0;0;0;0;202354;2937;0;0;0;0;0;0;0;0;0;0;0;0;0;0;0;0;0;0;0;0;0
782;马克斯韦尔-刘易斯;Maxwell Lewis;3;2;6;60;65;68;68;70;65;61;70;68;73;66;65;66;66;21;2;0;0;0;0;202340;2858;0;0;0;0;0;0;0;0;0;0;0;0;0;0;0;0;0;0;0;0;0
783;特雷弗林-奎因;Trevelin Queen;2;3;6;65;70;72;71;72;51;68;68;63;73;65;68;65;66;25;5;0;0;0;0;202000;1171;0;0;0;0;0;0;0;0;0;0;0;0;0;0;0;0;0;0;0;0;0
784;JT-索尔;JT Thor;4;5;6;52;70;60;70;76;71;74;60;64;58;63;60;72;66;22;4;0;0;0;0;202137;1501;0;0;0;0;0;0;0;0;0;0;0;0;0;0;0;0;0;0;0;0;0
785;赫塞-爱德华兹;Jesse Edwards;5;0;6;69;67;61;53;72;66;75;56;73;63;57;63;69;66;26;2;0;0;0;0;202400;3221;0;0;0;0;0;0;0;0;0;0;0;0;0;0;0;0;0;0;0;0;0
786;亚历克斯-莱恩;Alex Len;5;0;6;50;79;50;62;79;71;80;51;67;38;58;57;74;66;32;12;0;0;0;0;201305;1182;0;0;0;0;0;0;0;0;0;0;0;0;0;0;0;0;0;0;0;0;0
787;达米恩-李;Damion Lee;2;3;6;58;68;74;68;75;62;60;69;67;73;62;65;67;66;33;8;0;0;0;0;201600;579;0;0;0;0;0;0;0;0;0;0;0;0;0;0;0;0;0;0;0;1;0
788;梅耶斯-伦纳德;Meyers Leonard;4;5;7;56;75;73;68;72;69;67;53;67;72;56;66;66;66;33;13;0;0;0;0;201211;1231;0;0;0;0;0;0;0;0;0;0;0;0;0;0;0;0;0;0;0;0;0
789;乔丹-贝尔;Jordan Bell;4;3;7;69;80;50;62;78;64;75;59;72;42;47;61;70;66;31;8;0;0;0;0;201738;380;0;0;0;0;0;0;0;0;0;0;0;0;0;0;0;0;0;0;0;0;0
790;斯特林-布朗;Sterling Brown;2;3;7;60;74;80;82;67;45;57;69;65;80;70;73;58;66;31;8;0;0;0;0;201746;888;0;0;0;0;0;0;0;0;0;0;0;0;0;0;0;0;0;0;0;0;0
791;塞古-敦布亚;Sekou Doumbouya;4;3;7;56;78;67;66;67;65;74;64;66;66;52;64;67;66;25;6;0;0;0;0;201915;949;0;0;0;0;0;0;0;0;0;0;0;0;0;0;0;0;0;0;0;0;0
792;曾凡博;Zeng Fanbo;3;4;7;58;69;72;68;71;71;71;57;65;72;50;63;67;66;22;3;0;0;0;0;202200;421;0;0;0;0;0;0;0;0;0;0;0;0;0;0;0;0;0;0;0;0;0
793;余嘉豪;Yu Jiahao;5;0;7;55;72;58;68;70;78;73;50;66;52;58;61;71;66;22;3;0;0;0;0;202200;735;0;0;0;0;0;0;0;0;0;0;0;0;0;0;0;0;0;0;0;0;0
794;奎因-库克;Quinn Cook;1;0;6;72;81;75;72;72;45;52;60;66;77;63;75;55;66;32;9;0;0;0;0;201500;1167;0;0;0;0;0;0;0;0;0;0;0;0;0;0;0;0;0;0;0;1;0
795;丹纽尔-豪斯;Danuel House Jr.;3;2;6;58;72;79;74;78;45;60;67;65;79;62;69;61;66;32;9;0;0;0;0;201600;1042;0;0;0;0;0;0;0;0;0;0;0;0;0;0;0;0;0;0;0;0;0
796;DJ-威尔森;D.J. Wilson;4;3;6;52;72;70;78;74;62;72;53;64;69;67;66;65;66;29;8;0;0;0;0;201717;1517;0;0;0;0;0;0;0;0;0;0;0;0;0;0;0;0;0;0;0;0;0
797;凯塔-贝茨-迪奥普;Keita Bates-Diop;3;4;6;55;70;69;79;70;60;69;60;63;70;67;66;63;66;30;7;0;0;0;0;201848;847;0;0;0;0;0;0;0;0;0;0;0;0;0;0;0;0;0;0;0;0;0
798;布鲁诺-费尔南多;Bruno Fernando;5;0;6;50;72;60;74;74;68;71;59;64;58;63;62;69;66;27;6;0;0;0;0;201934;965;0;0;0;0;0;0;0;0;0;0;0;0;0;0;0;0;0;0;0;0;0
799;马特-里安;Matt Ryan;3;2;6;68;69;75;66;60;61;62;72;62;73;63;68;62;66;28;5;0;0;0;0;202000;1211;0;0;0;0;0;0;0;0;0;0;0;0;0;0;0;0;0;0;0;0;0
800;杰莫科-皮克特;Jamorko Pickett;3;4;6;53;70;74;74;79;52;65;63;65;74;62;66;64;66;27;4;0;0;0;0;202100;2080;0;0;0;0;0;0;0;0;0;0;0;0;0;0;0;0;0;0;0;0;0
801;杜安-华盛顿;Duane Washington Jr.;1;0;6;72;77;77;78;75;53;52;51;65;79;68;76;54;66;25;4;0;0;0;0;202100;1858;0;0;0;0;0;0;0;0;0;0;0;0;0;0;0;0;0;0;0;0;0
802;贾斯汀-刘易斯;Justin Lewis;4;0;6;57;72;70;65;69;65;73;70;63;69;57;64;69;66;23;3;0;0;0;0;202200;1879;0;0;0;0;0;0;0;0;0;0;0;0;0;0;0;0;0;0;0;0;0
803;朱尔斯-伯纳德;Jules Bernard;2;0;6;70;65;71;68;64;60;71;68;67;67;70;68;65;66;25;3;0;0;0;0;202200;3133;0;0;0;0;0;0;0;0;0;0;0;0;0;0;0;0;0;0;0;0;0
804;乔丹-沃克;Jordan Walker;2;0;6;65;68;72;70;71;53;67;66;70;68;71;68;64;66;26;2;0;0;0;0;202300;5001;0;0;0;0;0;0;0;0;0;0;0;0;0;0;0;0;0;0;0;0;0
805;贾巴里-莱斯;Sir'Jabari Rice;2;0;6;77;62;70;65;64;64;58;73;63;73;61;68;64;66;26;2;0;0;0;0;202300;3017;0;0;0;0;0;0;0;0;0;0;0;0;0;0;0;0;0;0;0;0;0
806;阿苏拉斯-图贝利斯;Azuolas Tubelis;4;0;6;66;75;68;60;66;72;64;57;74;68;58;68;64;66;23;2;0;0;0;0;202300;3006;0;0;0;0;0;0;0;0;0;0;0;0;0;0;0;0;0;0;0;0;0
807;安德鲁-卡尔;Andrew Carr;4;0;5;65;75;65;64;68;72;65;54;72;65;63;68;65;66;23;0;0;0;0;0;202500;5001;0;0;0;0;0;0;0;0;0;0;0;0;0;0;0;0;0;0;0;0;0
808;贾米尔-泰尔弗特;Jahmyl Telfort;4;3;6;72;70;68;65;75;55;65;65;68;72;62;69;64;66;24;0;0;0;0;0;202500;3386;0;0;0;0;0;0;0;0;0;0;0;0;0;0;0;0;0;0;0;0;0
809;安通-沃特森;Anton Watson;4;0;6;55;73;60;67;76;69;70;57;65;61;59;61;69;65;24;1;0;0;0;0;202454;3182;0;0;0;0;0;0;0;0;0;0;0;0;0;0;0;0;0;0;0;0;0
810;贾里德-罗登;Jared Rhoden;3;2;6;73;65;70;64;62;58;61;71;57;72;68;66;61;65;26;3;0;0;0;0;202200;1239;0;0;0;0;0;0;0;0;0;0;0;0;0;0;0;0;0;0;0;0;0
811;马科-贝里内利;Marco Belinelli;2;3;7;64;69;76;81;75;45;55;62;66;77;69;72;58;65;39;18;0;0;0;0;200718;384;0;0;0;0;0;0;1;0;0;0;0;0;0;0;0;0;0;0;0;0;0
812;肯尼斯-法里德;Kenneth Faried;5;4;7;59;73;50;64;69;74;74;66;66;34;46;56;72;65;35;14;0;0;0;0;201122;453;0;0;0;0;0;0;0;0;0;0;0;0;0;0;0;0;0;0;0;0;0
813;兰斯顿-加洛韦;Langston Galloway;1;2;7;71;68;77;71;73;45;59;59;65;79;61;72;57;65;34;11;0;0;0;0;201400;525;0;0;0;0;0;0;0;0;0;0;0;0;0;0;0;0;0;0;0;0;0
814;贾巴里-帕克;Jabari Parker;4;3;7;63;70;71;69;71;51;72;66;66;70;62;67;63;65;30;11;0;0;0;0;201402;642;0;0;0;0;0;0;0;0;0;0;0;0;0;0;0;0;0;0;0;0;0
815;马里奥-赫佐尼亚;Mario Hezonja;2;3;7;64;74;67;79;70;59;64;59;66;69;68;68;61;65;30;10;0;0;0;0;201505;499;0;0;0;0;0;0;0;0;0;0;0;0;0;0;0;0;0;0;0;0;0
816;卡修斯-斯坦利;Cassius Stanley;3;2;7;50;73;61;68;80;82;65;55;68;61;44;57;71;65;26;5;0;0;0;0;202054;2146;0;0;0;0;0;0;0;0;0;0;0;0;0;0;0;0;0;0;0;0;0
817;谢里夫-奥尼尔;Shareef O'Neal;4;0;7;59;73;63;65;71;68;71;58;66;61;48;62;67;65;25;3;0;0;0;0;202200;1685;0;0;0;0;0;0;0;0;0;0;0;0;0;0;0;0;0;0;0;0;0
818;加布里埃莱-普罗奇达;Gabriele Procida;2;0;7;59;71;73;71;70;59;63;67;66;74;57;66;64;65;23;3;0;0;0;0;202236;2092;0;0;0;0;0;0;0;0;0;0;0;0;0;0;0;0;0;0;0;0;0
819;泰维昂-金赛;Taevion Kinsey;2;3;7;62;72;72;61;73;71;73;55;69;70;56;64;67;65;26;2;0;0;0;0;202300;5001;0;0;0;0;0;0;0;0;0;0;0;0;0;0;0;0;0;0;0;0;0
820;崔永熙;Cui Yongxi;3;2;7;52;65;70;66;73;60;65;70;65;72;70;62;67;65;22;1;0;0;0;0;202400;427;0;0;0;0;0;0;0;0;0;0;0;0;0;0;0;0;0;0;0;0;0
821;布拉德-沃纳梅克;Brad Wanamaker;1;0;6;72;67;70;69;70;49;56;69;63;73;53;68;61;65;36;14;0;0;0;0;201100;1558;0;0;0;0;0;0;0;0;0;0;0;0;0;0;0;0;0;0;0;0;0
822;罗德尼-麦格鲁德;Rodney McGruder;2;3;6;54;72;76;70;76;60;60;68;65;77;50;65;66;65;34;9;0;0;0;0;201300;1278;0;0;0;0;0;0;0;0;0;0;0;0;0;0;0;0;0;0;0;0;0
823;凯弗-塞克斯;Keifer Sykes;2;1;6;66;75;70;73;75;59;51;64;65;72;64;69;61;65;31;4;0;0;0;0;201500;2112;0;0;0;0;0;0;0;0;0;0;0;0;0;0;0;0;0;0;0;0;0
824;谢赫-迪亚洛;Cheick Diallo;4;5;6;50;73;60;66;75;76;73;52;65;57;44;57;71;65;29;9;0;0;0;0;201633;1778;0;0;0;0;0;0;0;0;0;0;0;0;0;0;0;0;0;0;0;0;0
825;泽维尔-穆恩;Xavier Moon;2;1;6;65;72;65;69;69;72;65;66;63;66;55;64;68;65;31;4;0;0;0;0;201700;2048;0;0;0;0;0;0;0;0;0;0;0;0;0;0;0;0;0;0;0;0;0
826;德里克-沃顿;Derrick Walton Jr.;1;0;6;75;65;75;76;62;50;60;56;61;77;66;74;54;65;30;7;0;0;0;0;201700;1551;0;0;0;0;0;0;0;0;0;0;0;0;0;0;0;0;0;0;0;0;0
827;韦尼恩-加布里埃尔;Wenyen Gabriel;4;3;6;51;76;57;71;74;74;76;46;65;52;62;60;70;65;28;6;0;0;0;0;201800;1079;0;0;0;0;0;0;0;0;0;0;0;0;0;0;0;0;0;0;0;0;0
828;德文泰-卡考克;Devontae Cacok;3;4;6;51;71;65;73;73;68;71;60;64;65;59;61;68;65;29;7;0;0;0;0;201800;1903;0;0;0;0;0;0;0;0;0;0;0;0;0;0;0;0;0;0;0;1;0
829;奥马里-斯佩尔曼;Omari Spellman;4;0;6;57;74;61;69;69;73;73;50;64;60;58;62;67;65;28;7;0;0;0;0;201830;2145;0;0;0;0;0;0;0;0;0;0;0;0;0;0;0;0;0;0;0;0;0
830;朱万-摩根;Juwan Morgan;3;0;6;61;69;69;67;70;64;67;68;63;70;49;62;67;65;28;6;0;0;0;0;201900;2040;0;0;0;0;0;0;0;0;0;0;0;0;0;0;0;0;0;0;0;0;0
831;雷琼-塔克;Rayjon Tucker;2;3;6;62;64;73;69;70;61;60;73;62;74;50;64;66;65;28;6;0;0;0;0;201900;2152;0;0;0;0;0;0;0;0;0;0;0;0;0;0;0;0;0;0;0;0;0
832;德文-坎纳迪;Devin Cannady;2;1;6;65;68;66;69;66;71;72;66;62;68;52;63;68;65;29;6;0;0;0;0;201900;1915;0;0;0;0;0;0;0;0;0;0;0;0;0;0;0;0;0;0;0;0;0
833;塔科-法尔;Tacko Fall;5;0;6;50;75;55;65;76;72;77;53;65;49;43;57;73;65;30;6;0;0;0;0;201900;958;0;0;0;0;0;0;0;0;0;0;0;0;0;0;0;0;0;0;0;0;0
834;迪伦-温德勒;Dylan Windler;4;3;6;62;74;70;68;76;52;68;64;65;70;55;67;64;65;29;6;0;0;0;0;201926;1547;0;0;0;0;0;0;0;0;0;0;0;0;0;0;0;0;0;0;0;0;0
835;迈尔斯-鲍威尔;Myles Powell;1;2;6;65;66;69;72;70;60;61;66;62;72;56;66;64;65;26;5;0;0;0;0;202000;1704;0;0;0;0;0;0;0;0;0;0;0;0;0;0;0;0;0;0;0;0;0
836;安东尼-兰姆;Anthony Lamb;3;4;6;60;71;68;72;70;60;65;60;63;69;63;65;62;65;28;5;0;0;0;0;202000;1196;0;0;0;0;0;0;0;0;0;0;0;0;0;0;0;0;0;0;0;0;0
837;泰勒-贝;Tyler Bey;3;0;6;51;70;65;65;72;68;73;75;63;65;39;56;73;65;27;5;0;0;0;0;202036;378;0;0;0;0;0;0;0;0;0;0;0;0;0;0;0;0;0;0;0;0;0
838;马尔科-西蒙诺维奇;Marko Simonovic;4;5;6;58;71;68;72;65;71;70;55;62;68;64;65;65;65;26;5;0;0;0;0;202044;1566;0;0;0;0;0;0;0;0;0;0;0;0;0;0;0;0;0;0;0;0;0
839;CJ-艾勒比;CJ Elleby;3;4;6;56;78;66;74;74;58;78;49;65;66;64;65;64;65;27;5;0;0;0;0;202046;1665;0;0;0;0;0;0;0;0;0;0;0;0;0;0;0;0;0;0;0;0;0
840;尤金-奥莫鲁伊;Eugene Omoruyi;4;3;6;66;72;68;74;74;54;64;59;64;69;66;69;61;65;28;4;0;0;0;0;202100;817;0;0;0;0;0;0;0;0;0;0;0;0;0;0;0;0;0;0;0;0;0
841;克里斯-史密斯;Sean Christian Smith ;4;3;6;60;71;58;62;71;72;75;68;63;52;40;57;73;65;25;4;0;0;0;0;202100;2129;0;0;0;0;0;0;0;0;0;0;0;0;0;0;0;0;0;0;0;0;0
842;乔治斯-卡莱察基斯;Georgios Kalaitzakis;2;3;6;65;70;70;70;70;65;60;65;63;72;56;66;64;65;26;4;0;0;0;0;202160;1907;0;0;0;0;0;0;0;0;0;0;0;0;0;0;0;0;0;0;0;0;0
843;阿隆德斯-威廉姆斯;Alondes Williams;1;2;6;73;71;63;70;70;59;60;63;66;66;60;68;62;65;26;3;0;0;0;0;202200;1519;0;0;0;0;0;0;0;0;0;0;0;0;0;0;0;0;0;0;0;0;0
844;巴迪-伯海姆;Buddy Boeheim;3;0;6;63;66;71;60;70;69;69;70;62;71;36;59;70;65;25;3;0;0;0;0;202200;862;0;0;0;0;0;0;0;0;0;0;0;0;0;0;0;0;0;0;0;0;0
845;肯尼迪-钱德勒;Kennedy Chandler;1;0;6;71;71;64;58;73;59;66;74;64;66;40;62;70;65;22;3;0;0;0;0;202238;1405;0;0;0;0;0;0;0;0;0;0;0;0;0;0;0;0;0;0;0;0;0
846;安德鲁-冯克;Andrew Funk;2;0;6;71;64;75;71;71;62;58;61;62;73;64;69;61;65;26;2;0;0;0;0;202300;3124;0;0;0;0;0;0;0;0;0;0;0;0;0;0;0;0;0;0;0;0;0
847;德克斯特-丹尼斯;Dexter Dennis;1;2;6;77;69;74;71;60;58;52;62;64;69;70;74;55;65;26;2;0;0;0;0;202300;3091;0;0;0;0;0;0;0;0;0;0;0;0;0;0;0;0;0;0;0;0;0
848;大卫-辛格尔顿;David Singleton;2;0;6;74;68;67;67;58;64;67;64;64;68;69;68;61;65;26;2;0;0;0;0;202300;5001;0;0;0;0;0;0;0;0;0;0;0;0;0;0;0;0;0;0;0;0;0
849;特奎维恩-史密斯;Terquavion Smith;2;0;6;61;65;76;73;70;61;64;64;63;70;64;66;64;65;23;2;0;0;0;0;202300;2862;0;0;0;0;0;0;0;0;0;0;0;0;0;0;0;0;0;0;0;0;0
850;以赛亚-王;Isaiah Wong;1;2;6;62;72;72;61;73;71;73;55;69;70;56;65;66;65;25;2;0;0;0;0;202355;2938;0;0;0;0;0;0;0;0;0;0;0;0;0;0;0;0;0;0;0;0;0
851;塔里克-比贝罗维奇;Tarik Biberović;2;3;6;65;68;69;68;70;62;65;63;65;68;69;66;64;65;24;2;0;0;0;0;202356;2939;0;0;0;0;0;0;0;0;0;0;0;0;0;0;0;0;0;0;0;0;0
852;昆西-奥利瓦里;Quincy Olivari;1;0;6;61;67;75;71;75;54;62;73;48;63;62;64;68;65;24;1;0;0;0;0;202400;3231;0;0;0;0;0;0;0;0;0;0;0;0;0;0;0;0;0;0;0;0;0
853;迈尔斯-莫里斯;Miles Norris;4;3;6;68;77;59;63;74;66;59;51;70;60;65;67;62;64;25;2;0;0;0;0;202300;3012;0;0;0;0;0;0;0;0;0;0;0;0;0;0;0;0;0;0;0;0;0
854;达迈-博赫;Damion Baugh;1;0;6;67;66;63;66;69;61;67;60;67;70;61;65;63;64;25;2;0;0;0;0;202200;3253;0;0;0;0;0;0;0;0;0;0;0;0;0;0;0;0;0;0;0;0;0
855;杰伦-马丁;Jaylen Martin;2;0;6;68;65;71;68;70;60;53;71;61;65;68;66;63;64;21;2;0;0;0;0;202300;3004;0;0;0;0;0;0;0;0;0;0;0;0;0;0;0;0;0;0;0;0;0
856;河村勇辉;Yuki Kawamura;1;0;7;79;66;77;76;49;40;58;67;71;66;59;74;51;64;24;1;0;0;0;0;202300;3233;0;0;0;0;0;0;0;0;0;0;0;0;0;0;0;0;0;0;0;0;0
857;PJ-霍尔;PJ Hall;5;4;6;63;76;53;54;66;70;69;60;70;59;58;62;66;64;23;1;黄蜂;12;1;636435;202400;3218;0;0;0;0;0;0;0;0;0;0;0;0;0;0;0;0;0;0;0;0;0
858;特里斯坦-牛顿;Tristen Newton;1;0;7;53;70;76;74;70;60;55;65;63;77;61;66;61;64;23;1;0;0;0;0;202449;3177;0;0;0;0;0;0;0;0;0;0;0;0;0;0;0;0;0;0;0;0;0
859;杰伦-布里奇斯;Jalen Bridges;3;0;6;69;58;68;67;75;63;63;57;59;65;63;63;63;64;24;1;0;0;0;0;202400;3226;0;0;0;0;0;0;0;0;0;0;0;0;0;0;0;0;0;0;0;0;0
860;梅森-琼斯;Mason Jones;2;1;6;62;73;72;70;79;50;60;57;65;73;66;67;60;64;27;5;0;0;0;0;202000;1416;0;0;0;0;0;0;0;0;0;0;0;0;0;0;0;0;0;0;0;0;0
861;迈克尔-弗雷泽;Michael Frazier II;3;4;7;55;71;64;66;69;70;67;69;65;64;41;58;69;64;31;9;0;0;0;0;201500;467;0;0;0;0;0;0;0;0;0;0;0;0;0;0;0;0;0;0;0;0;0
862;威利-考利-斯坦;Willie Cauley-Stein;5;4;7;59;74;50;63;76;61;77;63;68;34;46;56;70;64;32;10;0;0;0;0;201506;1129;0;0;0;0;0;0;0;0;0;0;0;0;0;0;0;0;0;0;0;0;0
863;丹泽尔-瓦伦丁;Denzel Valentine;2;3;7;64;69;72;74;71;50;67;60;65;73;63;68;60;64;32;9;0;0;0;0;201614;703;0;0;0;0;0;0;0;0;0;0;0;0;0;0;0;0;0;0;0;0;0
864;斯卡尔-拉比西埃;Skal Labissière;4;5;7;58;77;61;70;69;60;69;64;67;60;62;65;64;64;29;9;0;0;0;0;201628;1938;0;0;0;0;0;0;0;0;0;0;0;0;0;0;0;0;0;0;0;0;0
865;伊萨克-邦加;Issac Bonga;1;2;7;60;72;70;70;79;54;62;60;68;73;50;66;63;64;26;7;0;0;0;0;201839;373;0;0;0;0;0;0;0;0;0;0;0;0;0;0;0;0;0;0;0;0;0
866;贾里德-哈珀;Jared Harper;1;2;7;72;59;69;66;71;59;59;65;63;72;42;64;63;64;28;6;0;0;0;0;201900;489;0;0;0;0;0;0;0;0;0;0;0;0;0;0;0;0;0;0;0;0;0
867;特里蒙特-沃特斯;Tremont Waters;1;2;7;70;71;69;71;65;50;50;67;64;72;61;70;56;64;28;6;0;0;0;0;201951;2221;0;0;0;0;0;0;0;0;0;0;0;0;0;0;0;0;0;0;0;0;0
868;伊斯梅尔-卡马盖特;Ismael Kamagate;5;0;7;51;77;50;65;74;72;68;64;68;41;47;56;71;64;24;3;0;0;0;0;202246;1110;0;0;0;0;0;0;0;0;0;0;0;0;0;0;0;0;0;0;0;0;0
869;肯德尔-布朗;Kendall Brown;2;0;7;66;75;67;66;68;58;65;66;66;68;52;65;63;64;22;3;0;0;0;0;202248;884;0;0;0;0;0;0;0;0;0;0;0;0;0;0;0;0;0;0;0;0;0
870;贾里德-布朗里奇;Jared Brownridge;2;0;6;72;60;74;69;65;63;59;59;59;76;62;68;59;64;30;1;0;0;0;0;0;5001;0;0;0;0;0;0;0;0;0;0;0;0;0;0;0;0;0;0;0;0;0
871;特雷旺-斯科特;Trevon Scott;3;4;6;58;61;68;68;65;61;68;66;65;66;67;62;64;64;28;1;0;0;0;0;0;5001;0;0;0;0;0;0;0;0;0;0;0;0;0;0;0;0;0;0;0;0;0
872;特雷韦恩-格雷厄姆;Treveon Graham;2;3;6;57;71;74;68;80;50;66;62;65;75;46;63;64;64;32;9;0;0;0;0;201500;477;0;0;0;0;0;0;0;0;0;0;0;0;0;0;0;0;0;0;0;0;0
873;里安-阿尔奇迪亚科诺;Ryan Arcidiacono;2;3;6;68;70;72;74;72;49;51;63;63;73;64;69;57;64;31;8;0;0;0;0;201600;754;0;0;0;0;0;0;0;0;0;0;0;0;0;0;0;0;0;0;0;0;0
874;富尔坎-科尔克马兹;Furkan Korkmaz;2;3;6;64;76;74;72;76;50;54;56;65;75;62;70;57;64;28;8;0;0;0;0;201626;1133;0;0;0;0;0;0;0;0;0;0;0;0;0;0;0;0;0;0;0;0;0
875;杰克-莱曼;Jake Layman;3;4;6;52;72;74;77;77;59;54;54;65;74;65;67;59;64;31;9;0;0;0;0;201647;1949;0;0;0;0;0;0;0;0;0;0;0;0;0;0;0;0;0;0;0;0;0
876;丹伊恩-多特森;Damyean Dotson;2;3;6;66;73;71;68;69;56;61;63;63;72;53;66;61;64;31;8;0;0;0;0;201744;1783;0;0;0;0;0;0;0;0;0;0;0;0;0;0;0;0;0;0;0;0;0
877;菲翁杜-卡本盖莱;Mfiondu Kabengele;4;5;6;53;71;75;62;70;68;72;48;69;73;40;63;65;64;28;6;0;0;0;0;201927;1104;0;0;0;0;0;0;0;0;0;0;0;0;0;0;0;0;0;0;0;0;0
878;马修-迈耶;Matthew Mayer;2;3;6;68;66;79;57;63;57;56;71;65;77;60;67;60;64;27;2;0;0;0;0;202000;5001;0;0;0;0;0;0;0;0;0;0;0;0;0;0;0;0;0;0;0;0;0
879;马克斯-海德格尔;Max Heidegger;1;0;6;71;65;74;58;68;54;55;65;60;73;63;67;59;64;28;2;0;0;0;0;202000;5001;0;0;0;0;0;0;0;0;0;0;0;0;0;0;0;0;0;0;0;0;0
880;乌多卡-阿祖布伊克;Udoka Azubuike;5;0;6;50;71;50;60;78;79;81;45;65;39;30;51;76;64;26;5;0;0;0;0;202027;772;0;0;0;0;0;0;0;0;0;0;0;0;0;0;0;0;0;0;0;0;0
881;小弗农-凯里;Vernon Carey Jr.;5;0;6;50;81;50;55;78;72;76;50;67;41;30;54;73;64;24;5;0;0;0;0;202032;1116;0;0;0;0;0;0;0;0;0;0;0;0;0;0;0;0;0;0;0;0;0
882;杰伦-哈里斯;Jalen Harris;2;3;6;62;78;76;73;73;48;62;52;65;77;63;70;56;64;27;5;0;0;0;0;202059;1826;0;0;0;0;0;0;0;0;0;0;0;0;0;0;0;0;0;0;0;0;0
883;凯文-潘戈斯;Kevin Pangos;1;2;6;72;75;74;76;64;50;49;60;63;76;66;74;53;64;32;4;0;0;0;0;202100;2071;0;0;0;0;0;0;0;0;0;0;0;0;0;0;0;0;0;0;0;0;0
884;戴洪-贾罗;DeJon Jarreau;1;2;6;70;60;64;70;71;59;62;69;61;66;52;63;65;64;27;4;0;0;0;0;202100;1887;0;0;0;0;0;0;0;0;0;0;0;0;0;0;0;0;0;0;0;0;0
885;马库斯-泽加罗斯基;Marcus Zegarowski;1;2;6;69;68;73;68;66;58;64;62;62;75;50;67;61;64;26;4;0;0;0;0;202149;2267;0;0;0;0;0;0;0;0;0;0;0;0;0;0;0;0;0;0;0;0;0
886;乔治-康迪特四世;George Conditt IV;5;4;6;69;71;69;56;61;72;63;47;70;69;55;67;61;64;25;2;0;0;0;0;202200;5001;0;0;0;0;0;0;0;0;0;0;0;0;0;0;0;0;0;0;0;0;0
887;特雷尔-布朗;Terrell Brown Jr.;1;2;6;79;60;68;62;66;47;61;64;58;69;62;68;58;64;27;2;0;0;0;0;202200;5001;0;0;0;0;0;0;0;0;0;0;0;0;0;0;0;0;0;0;0;0;0
888;迈克尔-德沃;Michael Devoe;2;0;6;71;57;65;71;69;51;65;71;58;68;66;64;64;64;25;2;0;0;0;0;202200;5001;0;0;0;0;0;0;0;0;0;0;0;0;0;0;0;0;0;0;0;0;0
889;哈利法-迪奥普;Khalifa Diop;4;5;6;53;70;60;67;77;70;71;55;64;58;48;58;70;64;23;3;0;0;0;0;202239;1773;0;0;0;0;0;0;0;0;0;0;0;0;0;0;0;0;0;0;0;0;0
890;马泰奥-斯帕尼奥洛;Matteo Spagnolo;1;0;6;73;70;66;66;69;56;60;65;63;69;45;66;62;64;22;3;0;0;0;0;202250;2144;0;0;0;0;0;0;0;0;0;0;0;0;0;0;0;0;0;0;0;0;0
891;扬尼克-恩佐萨;Yannick Nzosa;5;0;6;53;72;61;66;73;67;73;56;64;58;51;60;69;64;21;3;0;0;0;0;202254;1786;0;0;0;0;0;0;0;0;0;0;0;0;0;0;0;0;0;0;0;0;0
892;奥马里-摩尔;Omari Moore;2;1;6;63;59;77;59;69;50;67;68;61;77;65;64;63;64;25;2;0;0;0;0;202300;3018;0;0;0;0;0;0;0;0;0;0;0;0;0;0;0;0;0;0;0;0;0
893;布雷克-辛森;Blake Hinson;3;0;6;66;67;69;66;70;63;59;56;65;70;64;66;60;64;25;1;0;0;0;0;202400;5001;0;0;0;0;0;0;0;0;0;0;0;0;0;0;0;0;0;0;0;0;0
894;格兰特-尼尔森;Grant Nelson;4;0;5;59;74;68;54;72;67;67;54;73;66;58;64;65;64;23;0;0;0;0;0;202500;5001;0;0;0;0;0;0;0;0;0;0;0;0;0;0;0;0;0;0;0;0;0
895;海登-格雷;Hayden Gray;1;2;5;80;68;70;62;53;58;51;72;63;72;58;71;57;64;22;0;0;0;0;0;202500;5001;0;0;0;0;0;0;0;0;0;0;0;0;0;0;0;0;0;0;0;0;0
896;小伊戈尔-米里西奇;Igor Miličić Jr.;3;0;5;66;66;61;60;70;57;68;68;63;66;61;61;65;64;22;0;0;0;0;0;202500;5001;0;0;0;0;0;0;0;0;0;0;0;0;0;0;0;0;0;0;0;0;0
897;大卫-杜克;David Duke Jr.;1;2;6;62;62;70;66;67;60;60;70;61;73;41;61;64;63;26;4;0;0;0;0;202100;947;0;0;0;0;0;0;0;0;0;0;0;0;0;0;0;0;0;0;0;0;0
898;亚历克斯-杜卡斯;Alex Ducas;2;0;6;72;56;70;57;72;62;55;65;59;74;59;63;62;63;24;1;0;0;0;0;202400;3222;0;0;0;0;0;0;0;0;0;0;0;0;0;0;0;0;0;0;0;1;0
899;KZ-奥克帕拉;KZ Okpala;3;0;8;60;63;65;64;75;63;67;65;66;65;40;58;67;63;26;6;0;0;0;0;201932;811;0;0;0;0;0;0;0;0;0;0;0;0;0;0;0;0;0;0;0;0;0
900;诺阿-冯莱;Noah Vonleh;4;5;7;52;76;64;65;78;52;74;60;68;62;44;60;66;63;30;11;0;0;0;0;201409;970;0;0;0;0;0;0;0;0;0;0;0;0;0;0;0;0;0;0;0;0;0
901;杰里安-格兰特;Jerian Grant;1;0;7;62;69;68;73;74;45;56;64;66;71;56;66;59;63;32;10;0;0;0;0;201509;1808;0;0;0;0;0;0;0;0;0;0;0;0;0;0;0;0;0;0;0;0;0
902;布林-福布斯;Bryn Forbes;2;1;7;57;72;76;78;77;45;57;52;67;77;65;69;55;63;32;9;0;0;0;0;201600;468;0;0;0;0;0;0;0;0;0;0;0;0;0;0;0;0;0;0;0;1;0
903;以赛亚-莫布里;Isaiah Mobley;4;3;7;56;74;63;69;71;60;68;59;64;61;58;63;64;63;26;3;0;0;0;0;202249;1323;0;0;0;0;0;0;0;0;0;0;0;0;0;0;0;0;0;0;0;0;0
904;尼克-施陶斯卡斯;Nik Stauskas;2;3;6;62;72;71;75;73;51;61;57;64;72;64;67;58;63;31;11;0;0;0;0;201408;669;0;0;0;0;0;0;0;0;0;0;0;0;0;0;0;0;0;0;0;0;0
905;肖恩-麦克德莫特;Sean McDermott;3;4;6;58;70;69;73;70;55;62;58;63;70;63;65;59;63;29;10;0;0;0;0;201411;2019;0;0;0;0;0;0;0;0;0;0;0;0;0;0;0;0;0;0;0;0;0
906;格伦-罗宾逊三世;Glenn Robinson III;2;3;6;53;68;68;73;84;46;65;63;65;70;55;61;65;63;32;11;0;0;0;0;201440;591;0;0;0;0;0;0;0;0;0;0;0;0;0;0;0;0;0;0;0;0;0
907;韦恩-塞尔登;Wayne Selden Jr.;2;3;6;60;74;76;64;80;45;45;72;66;77;39;65;60;63;31;8;0;0;0;0;201600;2111;0;0;0;0;0;0;0;0;0;0;0;0;0;0;0;0;0;0;0;0;0
908;阿卜杜勒-纳迪尔;Abdel Nader;3;2;6;60;76;68;73;71;47;64;59;64;69;64;67;58;63;32;9;0;0;0;0;201658;2053;0;0;0;0;0;0;0;0;0;0;0;0;0;0;0;0;0;0;0;0;0
909;马尔科姆-希尔;Malcolm Hill;4;3;6;51;70;65;68;73;62;71;61;64;64;48;59;67;63;30;4;0;0;0;0;201700;1569;0;0;0;0;0;0;0;0;0;0;0;0;0;0;0;0;0;0;0;0;0
910;马特-托马斯;Matt Thomas;2;1;6;56;70;76;78;71;45;73;50;63;73;76;68;57;63;31;6;0;0;0;0;201700;2171;0;0;0;0;0;0;0;0;0;0;0;0;0;0;0;0;0;0;0;0;0
911;PJ-多齐尔;P.J. Dozier;2;3;6;66;69;72;65;72;61;61;64;63;73;42;63;64;63;29;8;0;0;0;0;201700;451;0;0;0;0;0;0;0;0;0;0;0;0;0;0;0;0;0;0;0;0;0
912;贾斯廷-杰克逊;Justin Jackson;3;2;6;62;75;66;72;73;50;60;59;65;66;63;66;58;63;30;8;0;0;0;0;201715;1094;0;0;0;0;0;0;0;0;0;0;0;0;0;0;0;0;0;0;0;1;0
913;弗兰克-梅森;Frank Mason;1;0;6;76;68;69;67;62;47;62;61;61;72;49;68;56;63;31;8;0;0;0;0;201734;2029;0;0;0;0;0;0;0;0;0;0;0;0;0;0;0;0;0;0;0;0;0
914;乔纳-博尔登;Jonah Bolden;3;4;6;59;60;61;61;74;74;70;64;62;61;35;53;71;63;30;8;0;0;0;0;201736;402;0;0;0;0;0;0;0;0;0;0;0;0;0;0;0;0;0;0;0;0;0
915;特维安-琼斯;Tevian Jones;2;1;6;73;68;69;65;56;59;54;72;61;68;62;66;58;63;24;2;0;0;0;0;201800;5001;0;0;0;0;0;0;0;0;0;0;0;0;0;0;0;0;0;0;0;0;0
916;凯撒-盖茨;Kaiser Gates;4;0;6;71;69;61;63;60;60;68;68;66;66;63;66;61;63;28;2;0;0;0;0;201800;3092;0;0;0;0;0;0;0;0;0;0;0;0;0;0;0;0;0;0;0;0;0
917;加里-克拉克;Gary Clark;3;2;6;56;72;63;70;76;59;71;55;65;64;54;61;64;63;31;7;0;0;0;0;201800;1143;0;0;0;0;0;0;0;0;0;0;0;0;0;0;0;0;0;0;0;0;0
918;扎南-穆萨;Dzanan Musa;2;3;6;68;68;70;70;62;59;63;60;61;72;61;67;58;63;26;7;0;0;0;0;201829;1343;0;0;0;0;0;0;0;0;0;0;0;0;0;0;0;0;0;0;0;0;0
919;阿利兹-约翰逊;Alize Johnson;3;2;6;55;72;50;59;78;69;76;55;65;45;63;54;70;63;29;7;0;0;0;0;201850;1602;0;0;0;0;0;0;0;0;0;0;0;0;0;0;0;0;0;0;0;0;0
920;科斯塔斯-阿德托昆博;Kostas Antetokounmpo;3;4;6;60;71;61;66;68;61;63;65;65;64;63;62;63;63;28;7;0;0;0;0;201860;750;0;0;0;0;0;0;0;0;0;0;0;0;0;0;0;0;0;0;0;1;0
921;克里斯-克莱蒙斯;Chris Clemons;2;3;6;64;69;70;70;74;46;61;65;64;72;56;65;60;63;29;6;0;0;0;0;201900;550;0;0;0;0;0;0;0;0;0;0;0;0;0;0;0;0;0;0;0;0;0
922;查理-布朗;Charlie Brown Jr.;3;0;6;63;68;70;75;65;55;61;60;62;72;64;67;57;63;29;6;0;0;0;0;201900;1740;0;0;0;0;0;0;0;0;0;0;0;0;0;0;0;0;0;0;0;0;0
923;贾斯廷-詹姆斯;Justin James;2;3;6;68;71;68;68;73;60;50;63;64;70;52;65;60;63;29;6;0;0;0;0;201940;2268;0;0;0;0;0;0;0;0;0;0;0;0;0;0;0;0;0;0;0;0;0
924;德万-埃尔南德斯;Dewan Hernandez;5;4;6;50;65;50;66;72;76;77;54;63;38;43;51;73;63;29;6;0;0;0;0;201959;1648;0;0;0;0;0;0;0;0;0;0;0;0;0;0;0;0;0;0;0;0;0
925;兰德斯-诺利二世;Landers Nolley II;2;3;6;72;56;77;60;63;62;67;58;58;74;65;66;60;63;25;2;0;0;0;0;202000;5001;0;0;0;0;0;0;0;0;0;0;0;0;0;0;0;0;0;0;0;0;0
926;马修-赫特;Matt Hurt;4;0;6;56;62;66;60;74;64;68;56;68;63;64;60;66;63;25;3;0;0;0;0;202000;1045;0;0;0;0;0;0;0;0;0;0;0;0;0;0;0;0;0;0;0;0;0
927;亚姆-马达尔;Yam Madar;1;0;6;70;71;70;74;63;45;60;59;62;73;63;71;54;63;24;5;0;0;0;0;202047;1994;0;0;0;0;0;0;0;0;0;0;0;0;0;0;0;0;0;0;0;0;0
928;贾文特-斯玛特;Javonte Smart;1;0;6;69;63;71;68;62;46;61;66;66;67;65;67;58;63;26;2;0;0;0;0;202100;3087;0;0;0;0;0;0;0;0;0;0;0;0;0;0;0;0;0;0;0;0;0
929;RJ-内姆布哈德;RJ Nembhard Jr.;2;1;6;66;65;70;69;70;59;63;68;62;72;33;61;64;63;26;4;0;0;0;0;202100;1349;0;0;0;0;0;0;0;0;0;0;0;0;0;0;0;0;0;0;0;0;0
930;乔尔-阿亚伊;Joel Ayayi;2;1;6;62;75;68;69;65;60;60;66;63;70;52;64;61;63;25;4;0;0;0;0;202100;1646;0;0;0;0;0;0;0;0;0;0;0;0;0;0;0;0;0;0;0;0;0
931;伊夫-庞斯;Yves Pons ;3;4;6;59;70;65;70;69;64;64;58;63;65;54;62;62;63;26;4;0;0;0;0;202100;2072;0;0;0;0;0;0;0;0;0;0;0;0;0;0;0;0;0;0;0;0;0
932;伊什-韦恩莱特;Ish Wainright;4;3;6;50;73;53;61;76;67;78;55;65;46;50;54;71;63;31;4;0;0;0;0;202100;2197;0;0;0;0;0;0;0;0;0;0;0;0;0;0;0;0;0;0;0;0;0
933;杰森-普雷斯顿;Jason Preston;1;0;6;70;67;70;67;70;50;50;60;63;73;64;69;55;63;25;4;0;0;0;0;202133;2088;0;0;0;0;0;0;0;0;0;0;0;0;0;0;0;0;0;0;0;0;0
934;罗卡斯-约库贝蒂斯;Rokas Jokubaitis;1;2;6;72;70;70;72;65;50;45;66;62;73;62;70;54;63;24;4;0;0;0;0;202134;2266;0;0;0;0;0;0;0;0;0;0;0;0;0;0;0;0;0;0;0;0;0
935;乔-维斯坎普;Joe Wieskamp;2;3;6;60;70;85;70;70;55;50;60;63;84;53;70;56;63;25;4;0;0;0;0;202141;2203;0;0;0;0;0;0;0;0;0;0;0;0;0;0;0;0;0;0;0;0;0
936;雅翁-弗里曼;Javon Freeman-Liberty;2;0;6;72;60;79;56;59;51;65;68;65;76;59;67;59;63;25;2;0;0;0;0;202200;3022;0;0;0;0;0;0;0;0;0;0;0;0;0;0;0;0;0;0;0;0;0
937;克肖恩-贾斯蒂斯;Keshawn Justice;3;4;6;73;58;70;58;67;67;57;62;59;65;62;63;61;63;25;2;0;0;0;0;202200;5001;0;0;0;0;0;0;0;0;0;0;0;0;0;0;0;0;0;0;0;0;0
938;默罕莫多-盖伊;Mouhamadou Gueye;5;0;6;53;64;56;61;69;70;69;55;67;60;63;58;67;63;24;2;0;0;0;0;202200;3132;0;0;0;0;0;0;0;0;0;0;0;0;0;0;0;0;0;0;0;0;0
939;小迈克尔-福斯特;Michael Foster Jr.;4;0;6;58;70;63;63;70;70;66;65;63;61;41;59;68;63;25;3;0;0;0;0;202200;1798;0;0;0;0;0;0;0;0;0;0;0;0;0;0;0;0;0;0;0;0;0
940;特雷弗-基尔斯;Trevor Keels;2;0;6;70;64;71;66;70;53;65;63;62;72;45;64;61;63;21;3;0;0;0;0;202242;1875;0;0;0;0;0;0;0;0;0;0;0;0;0;0;0;0;0;0;0;0;0
941;雨果-贝松;Hugo Besson;1;2;6;72;60;69;65;68;56;59;67;61;72;40;64;62;63;24;3;0;0;0;0;202258;1708;0;0;0;0;0;0;0;0;0;0;0;0;0;0;0;0;0;0;0;0;0
942;雅各布-托平;Jacob Toppin;4;3;6;72;62;71;65;59;57;71;57;67;70;68;68;58;63;25;2;0;0;0;0;202300;3005;0;0;0;0;0;0;0;0;0;0;0;0;0;0;0;0;0;0;0;0;0
943;利亚姆-罗宾斯;Liam Robbins;5;0;6;64;71;54;58;69;68;64;56;67;58;53;61;64;63;26;1;0;0;0;0;202300;3234;0;0;0;0;0;0;0;0;0;0;0;0;0;0;0;0;0;0;0;0;0
944;里基-布莱克;Leaky Black;4;3;6;56;68;60;63;72;70;62;59;68;63;58;61;66;63;25;2;0;0;0;0;202300;3020;0;0;0;0;0;0;0;0;0;0;0;0;0;0;0;0;0;0;0;0;0
945;查尔斯-贝迪亚科;Charles Bediako;5;0;6;63;67;54;58;72;72;63;49;70;59;61;61;65;63;23;2;0;0;0;0;202300;3095;0;0;0;0;0;0;0;0;0;0;0;0;0;0;0;0;0;0;0;0;0
946;毛金哈-佩雷拉;Mãozinha Pereira;3;0;6;73;67;61;65;67;63;59;59;66;62;67;65;60;63;25;2;0;0;0;0;202300;5001;0;0;0;0;0;0;0;0;0;0;0;0;0;0;0;0;0;0;0;0;0
947;钱尼-约翰逊;Chaney Johnson;3;4;5;66;62;61;61;73;57;60;68;67;67;61;61;63;63;23;0;篮网;2;1;636435;202500;5001;0;0;0;0;0;0;0;0;0;0;0;0;0;0;0;0;0;0;0;0;0
948;伊赞-阿尔曼萨;Izan Almansa;4;5;5;55;67;61;66;73;68;67;53;63;62;61;60;66;63;20;0;0;0;0;0;202500;5001;0;0;0;0;0;0;0;0;0;0;0;0;0;0;0;0;0;0;0;0;0
949;埃里克-狄克逊;Eric Dixon;4;0;5;71;67;62;56;68;72;61;55;71;64;55;63;63;63;24;0;0;0;0;0;202500;5001;0;0;0;0;0;0;0;0;0;0;0;0;0;0;0;0;0;0;0;0;0
950;凯莱布-葛理渥;Caleb Grill;2;1;5;75;60;79;59;62;57;55;64;63;78;60;69;57;63;25;0;0;0;0;0;202500;5001;0;0;0;0;0;0;0;0;0;0;0;0;0;0;0;0;0;0;0;0;0
951;里斯-比克曼;Reece Beekman;1;0;6;73;62;71;67;57;60;55;63;61;70;64;68;56;62;23;1;0;0;0;0;202400;3223;0;0;0;0;0;0;0;0;0;0;0;0;0;0;0;0;0;0;0;0;0
952;里基-康西尔四世;Ricky Council IV;2;0;6;68;60;69;64;63;61;64;58;60;70;65;64;59;62;24;2;0;0;0;0;202300;2947;0;0;0;0;0;0;0;0;0;0;0;0;0;0;0;0;0;0;0;0;0
953;约吉-费雷尔;Yogi Ferrell;1;0;7;67;68;69;70;67;50;52;64;64;72;53;67;56;62;32;9;0;0;0;0;201600;459;0;0;0;0;0;0;0;0;0;0;0;0;0;0;0;0;0;0;0;0;0
954;乔丹-鲍登;Jordan Bowden;2;0;6;74;68;74;65;53;54;64;56;67;72;66;70;52;62;28;1;0;0;0;0;0;5001;0;0;0;0;0;0;0;0;0;0;0;0;0;0;0;0;0;0;0;0;0
955;乔尔东-尼古拉斯;Joirdon Nicholas;3;4;6;66;65;61;68;64;58;62;66;65;59;64;62;60;62;26;1;0;0;0;0;0;5001;0;0;0;0;0;0;0;0;0;0;0;0;0;0;0;0;0;0;0;0;0
956;蔡斯-杰特;Chase Jeter;5;0;6;63;74;61;49;66;63;66;52;73;60;56;63;61;62;28;1;0;0;0;0;0;5001;0;0;0;0;0;0;0;0;0;0;0;0;0;0;0;0;0;0;0;0;0
957;迈克尔-基德-吉尔克里斯特;Michael Kidd-Gilchrist;4;3;6;62;67;60;63;75;62;64;68;63;56;41;58;67;62;32;13;0;0;0;0;201202;1072;0;0;0;0;0;0;0;0;0;0;0;0;0;0;0;0;0;0;0;0;0
958;布鲁诺-卡博克洛;Bruno Caboclo;3;4;6;57;68;79;70;77;45;60;57;64;78;57;66;57;62;30;11;0;0;0;0;201420;1901;0;0;0;0;0;0;0;0;0;0;0;0;0;0;0;0;0;0;0;0;0
959;克里斯蒂亚诺-费利西奥;Cristiano Felicio;5;4;6;59;71;50;64;78;63;72;53;65;38;47;56;68;62;33;10;0;0;0;0;201500;461;0;0;0;0;0;0;0;0;0;0;0;0;0;0;0;0;0;0;0;0;0
960;萨姆-德克尔;Sam Dekker;3;4;6;63;72;73;60;78;46;66;59;65;73;38;62;61;62;31;9;0;0;0;0;201518;931;0;0;0;0;0;0;0;0;0;0;0;0;0;0;0;0;0;0;0;0;0
961;安特-日日奇;Ante Žižić;5;0;6;60;72;50;64;76;66;69;56;65;37;47;56;68;62;29;8;0;0;0;0;201623;2105;0;0;0;0;0;0;0;0;0;0;0;0;0;0;0;0;0;0;0;0;0
962;弗兰克-杰克逊;Frank Jackson;1;2;6;62;70;75;70;72;50;52;61;63;77;50;67;57;62;27;8;0;0;0;0;201731;1891;0;0;0;0;0;0;0;0;0;0;0;0;0;0;0;0;0;0;0;0;0
963;韦斯利-艾旺杜;Wesley Iwundu;2;3;6;64;74;72;66;72;45;64;61;64;73;46;65;59;62;31;8;0;0;0;0;201733;1668;0;0;0;0;0;0;0;0;0;0;0;0;0;0;0;0;0;0;0;0;0
964;谢米-奥杰莱;Semi Ojeleye;4;5;6;57;71;52;54;77;62;73;61;65;45;54;54;69;62;31;8;0;0;0;0;201737;1682;0;0;0;0;0;0;0;0;0;0;0;0;0;0;0;0;0;0;0;0;0
965;布兰登-古德温;Brandon Goodwin;1;2;6;63;70;70;70;70;50;57;61;63;73;50;66;58;62;30;7;0;0;0;0;201800;1820;0;0;0;0;0;0;0;0;0;0;0;0;0;0;0;0;0;0;0;0;0
966;凯尔金-布莱文斯;Keljin Blevins;2;1;6;71;65;71;70;65;58;62;54;61;72;61;67;56;62;30;5;0;0;0;0;201900;1737;0;0;0;0;0;0;0;0;0;0;0;0;0;0;0;0;0;0;0;0;0
967;泰勒-库克;Tyler Cook;3;4;6;50;70;51;68;73;71;74;65;64;46;43;52;71;62;28;6;0;0;0;0;201900;1935;0;0;0;0;0;0;0;0;0;0;0;0;0;0;0;0;0;0;0;0;0
968;卡森-爱德华兹;Carsen Edwards;2;1;6;69;65;71;70;70;50;55;63;62;72;61;67;57;62;27;6;0;0;0;0;201933;1671;0;0;0;0;0;0;0;0;0;0;0;0;0;0;0;0;0;0;0;0;0
969;马科斯-洛扎达-席尔瓦;Didi Louzada;2;3;6;65;70;65;70;75;65;60;50;64;66;55;64;60;62;28;5;0;0;0;0;201935;1992;0;0;0;0;0;0;0;0;0;0;0;0;0;0;0;0;0;0;0;0;0
970;伊格纳斯-布拉兹代基斯;Ignas Brazdeikis;3;0;6;56;70;64;69;71;56;60;67;63;64;52;60;62;62;27;6;0;0;0;0;201947;1734;0;0;0;0;0;0;0;0;0;0;0;0;0;0;0;0;0;0;0;0;0
971;奎因达里-韦瑟斯庞;Quinndary Weatherspoon;1;2;6;71;69;67;70;72;48;51;61;63;70;55;67;56;62;29;4;0;0;0;0;201949;2199;0;0;0;0;0;0;0;0;0;0;0;0;0;0;0;0;0;0;0;1;0
972;奎因达里-韦瑟斯庞;Quinndary Weatherspoon;2;1;6;69;61;56;74;65;55;60;75;61;54;64;61;63;62;29;6;0;0;0;0;201949;2199;0;0;0;0;0;0;0;0;0;0;0;0;0;0;0;0;0;0;0;1;0
973;德文-多特森;Devon Dotson;1;2;6;69;68;68;66;68;55;60;62;62;71;42;65;60;62;26;5;0;0;0;0;202000;1784;0;0;0;0;0;0;0;0;0;0;0;0;0;0;0;0;0;0;0;0;0
974;罗伯特-伍达德;Robert Woodard II;4;5;6;54;71;61;62;78;62;68;55;65;60;38;57;66;62;26;5;0;0;0;0;202040;2222;0;0;0;0;0;0;0;0;0;0;0;0;0;0;0;0;0;0;0;0;0
975;马库斯-加勒特;Marcus Garrett;2;1;6;68;70;76;64;75;45;45;71;64;77;42;66;58;62;26;4;0;0;0;0;202100;1884;0;0;0;0;0;0;0;0;0;0;0;0;0;0;0;0;0;0;0;0;0
976;泽维尔-斯尼德;Xavier Sneed;2;3;6;65;66;68;67;70;56;56;68;62;70;45;62;61;62;28;4;0;0;0;0;202100;2143;0;0;0;0;0;0;0;0;0;0;0;0;0;0;0;0;0;0;0;0;0
977;朱安-贝加林;Juhann Begarin;1;2;6;66;66;67;65;68;64;62;64;62;70;39;62;63;62;22;4;0;0;0;0;202145;1705;0;0;0;0;0;0;0;0;0;0;0;0;0;0;0;0;0;0;0;0;0
978;巴尔萨-科普里维察;Balsa Koprivica;5;0;6;50;73;50;64;75;75;72;45;65;39;41;53;70;62;25;4;0;0;0;0;202157;1925;0;0;0;0;0;0;0;0;0;0;0;0;0;0;0;0;0;0;0;0;0
979;雷匡-格雷;RaiQuan Gray;4;5;6;66;68;60;63;68;66;67;61;62;58;44;59;65;62;25;4;0;0;0;0;202159;1811;0;0;0;0;0;0;0;0;0;0;0;0;0;0;0;0;0;0;0;0;0
980;亚历克斯-福吉;Alex Fudge;4;0;6;72;55;63;63;79;60;56;61;57;64;61;60;63;62;22;2;0;0;0;0;202200;3052;0;0;0;0;0;0;0;0;0;0;0;0;0;0;0;0;0;0;0;0;0
981;德莫伊-霍奇;D'Moi Hodge;2;1;6;62;65;70;64;65;62;54;66;63;71;68;64;60;62;26;2;0;0;0;0;202200;3014;0;0;0;0;0;0;0;0;0;0;0;0;0;0;0;0;0;0;0;0;0
982;亨利-德雷尔;Henri Drell;2;3;6;72;60;76;56;60;65;65;59;59;70;60;64;59;62;25;2;0;0;0;0;202200;3128;0;0;0;0;0;0;0;0;0;0;0;0;0;0;0;0;0;0;0;0;0
983;D.J.-斯图尔特;D.J. Steward;2;0;6;72;65;70;59;63;54;59;64;67;74;60;66;58;62;23;2;0;0;0;0;202300;3228;0;0;0;0;0;0;0;0;0;0;0;0;0;0;0;0;0;0;0;0;0
984;贾斯廷-鲍威尔;Justin Powell;2;0;6;74;55;69;68;61;53;58;72;57;67;62;64;59;62;24;2;0;0;0;0;202300;5001;0;0;0;0;0;0;0;0;0;0;0;0;0;0;0;0;0;0;0;0;0
985;肯德里克-戴维斯;Kendric Davis;1;0;6;78;54;65;64;54;51;57;69;61;71;64;67;56;62;26;2;0;0;0;0;202300;5001;0;0;0;0;0;0;0;0;0;0;0;0;0;0;0;0;0;0;0;0;0
986;杰伦-克鲁切尔;Jalen Crutcher;1;0;6;69;56;62;58;62;61;52;74;61;70;58;62;62;62;26;2;0;0;0;0;201800;3256;0;0;0;0;0;0;0;0;0;0;0;0;0;0;0;0;0;0;0;0;0
987;丁克-佩特;Dink Pate;1;2;6;78;59;64;56;60;55;60;66;61;63;61;64;59;62;22;0;0;0;0;0;202500;5001;0;0;0;0;0;0;0;0;0;0;0;0;0;0;0;0;0;0;0;0;0
988;史蒂文-阿什沃思;Steven Ashworth;1;0;5;72;60;78;62;57;52;62;61;64;74;59;68;55;62;25;0;0;0;0;0;202500;5001;0;0;0;0;0;0;0;0;0;0;0;0;0;0;0;0;0;0;0;0;0
989;RJ-戴维斯;R.J. Davis;1;2;5;76;55;62;56;67;52;52;73;58;69;62;63;61;62;23;0;0;0;0;0;202500;5001;0;0;0;0;0;0;0;0;0;0;0;0;0;0;0;0;0;0;0;0;0
990;RJ-路易斯;RJ Luis Jr.;2;3;5;68;68;70;67;59;52;63;63;64;73;68;68;56;62;22;0;0;0;0;0;202500;5001;0;0;0;0;0;0;0;0;0;0;0;0;0;0;0;0;0;0;0;0;0
991;马修-克里夫兰;Matthew Cleveland;2;3;5;68;58;73;61;68;64;58;61;58;71;65;64;61;62;22;0;0;0;0;0;202500;5001;0;0;0;0;0;0;0;0;0;0;0;0;0;0;0;0;0;0;0;0;0
992;拉蒙特-巴特勒;Lamont Butler;1;0;5;78;67;63;56;64;50;62;60;68;62;56;65;57;62;23;0;0;0;0;0;202500;5001;0;0;0;0;0;0;0;0;0;0;0;0;0;0;0;0;0;0;0;0;0
993;杰夫-道丁;Jeff Dowtin Jr.;2;3;6;67;68;65;61;65;66;63;62;62;66;37;59;62;61;28;5;0;0;0;0;202000;1764;0;0;0;0;0;0;0;0;0;0;0;0;0;0;0;0;0;0;0;0;0
994;贾齐安-戈特曼;Jazian Gortman;1;2;6;74;63;68;59;62;54;58;60;62;64;59;65;56;61;22;2;0;0;0;0;202300;3011;0;0;0;0;0;0;0;0;0;0;0;0;0;0;0;0;0;0;0;0;0
995;珍恩-普林;Zyon Pullin;1;0;6;73;61;66;57;71;58;53;61;58;67;58;63;59;61;24;1;0;0;0;0;202400;3249;0;0;0;0;0;0;0;0;0;0;0;0;0;0;0;0;0;0;0;0;0
996;迈克-斯科特;Mike Scott;4;0;7;60;72;70;72;69;48;64;50;66;69;64;67;55;61;37;13;0;0;0;0;201243;1460;0;0;0;0;0;0;0;0;0;0;0;0;0;0;0;0;0;0;0;0;0
997;贾斯汀-巴顿;Justin Patton;5;4;7;52;71;50;60;75;61;75;56;69;39;36;53;68;61;28;8;0;0;0;0;201716;363;0;0;0;0;0;0;0;0;0;0;0;0;0;0;0;0;0;0;0;0;0
998;BJ-约翰逊;B.J. Johnson;3;4;7;55;65;63;59;68;62;67;60;66;64;63;58;63;61;30;7;0;0;0;0;201800;2258;0;0;0;0;0;0;0;0;0;0;0;0;0;0;0;0;0;0;0;0;0
999;梅尔文-弗雷泽;Melvin Frazier;2;3;7;69;69;60;64;63;60;59;70;64;61;41;60;62;61;29;7;0;0;0;0;201835;1793;0;0;0;0;0;0;0;0;0;0;0;0;0;0;0;0;0;0;0;0;0
1000;热迈厄斯-拉姆齐;Jahmi'us Ramsey;2;1;7;60;71;67;68;68;48;62;65;65;69;49;62;59;61;23;5;0;0;0;0;202043;1942;0;0;0;0;0;0;0;0;0;0;0;0;0;0;0;0;0;0;0;0;0
1001;摩西-伍德;Moses Wood;4;3;6;66;69;53;55;63;64;68;60;70;54;57;59;62;61;26;1;0;0;0;0;0;5001;0;0;0;0;0;0;0;0;0;0;0;0;0;0;0;0;0;0;0;0;0
1002;罗伯特-贝克;Robert Baker;3;0;6;66;64;69;58;69;60;55;58;65;67;57;62;58;61;27;1;0;0;0;0;0;5001;0;0;0;0;0;0;0;0;0;0;0;0;0;0;0;0;0;0;0;0;0
1003;凯文-奥巴诺;Kevin Obanor;3;0;6;64;61;68;64;67;60;65;54;62;67;61;62;59;61;26;1;0;0;0;0;0;5001;0;0;0;0;0;0;0;0;0;0;0;0;0;0;0;0;0;0;0;0;0
1004;大卫-斯托克顿;David Stockton;1;0;6;73;58;68;59;55;62;55;61;63;69;65;66;54;61;34;3;0;0;0;0;0;5001;0;0;0;0;0;0;0;0;0;0;0;0;0;0;0;0;0;0;0;0;0
1005;亨利-埃伦森;Henry Ellenson;4;0;6;64;68;65;66;73;60;64;47;63;64;51;63;60;61;28;8;0;0;0;0;201618;1652;0;0;0;0;0;0;0;0;0;0;0;0;0;0;0;0;0;0;0;0;0
1006;帕特里克-麦考;Patrick McCaw;2;3;6;62;66;69;66;76;60;60;57;63;71;42;61;62;61;30;9;0;0;0;0;201638;610;0;0;0;0;0;0;0;0;0;0;0;0;0;0;0;0;0;0;0;0;0
1007;哈里-贾尔斯;Harry Giles III;4;5;6;54;74;60;68;55;61;74;68;61;57;51;59;62;61;27;8;0;0;0;0;201720;1087;0;0;0;0;0;0;0;0;0;0;0;0;0;0;0;0;0;0;0;0;0
1008;特伦斯-弗格森;Terrance Ferguson;2;3;6;62;72;65;68;71;57;60;63;64;66;49;62;61;61;27;8;0;0;0;0;201721;1789;0;0;0;0;0;0;0;0;0;0;0;0;0;0;0;0;0;0;0;0;0
1009;伊万-拉布;Ivan Rabb;4;3;6;62;69;57;62;71;64;68;61;63;52;40;57;66;61;29;8;0;0;0;0;201735;1939;0;0;0;0;0;0;0;0;0;0;0;0;0;0;0;0;0;0;0;0;0
1010;辛达里厄斯-桑韦尔;Sindarius Thornwell;2;3;6;67;73;70;73;61;47;59;61;62;72;64;68;54;61;30;7;0;0;0;0;201748;1439;0;0;0;0;0;0;0;0;0;0;0;0;0;0;0;0;0;0;0;0;0
1011;卡迪姆-阿伦;Kadeem Allen;2;3;6;54;75;73;68;73;47;62;61;65;74;46;63;59;61;33;8;0;0;0;0;201753;1642;0;0;0;0;0;0;0;0;0;0;0;0;0;0;0;0;0;0;0;0;0
1012;莫马蒂-迪亚基特;Mamadi Diakite;4;3;6;55;68;64;67;74;60;60;60;63;64;45;60;62;61;28;5;0;0;0;0;202000;1777;0;0;0;0;0;0;0;0;0;0;0;0;0;0;0;0;0;0;0;0;0
1013;马库斯-霍华德;Markus Howard;1;0;6;65;62;68;79;66;50;50;60;61;71;65;67;54;61;26;5;0;0;0;0;202000;1869;0;0;0;0;0;0;0;0;0;0;0;0;0;0;0;0;0;0;0;0;0
1014;丹尼尔-奥图鲁;Daniel Oturu;5;4;6;50;74;50;60;70;75;71;50;64;38;36;52;69;61;26;5;0;0;0;0;202033;1688;0;0;0;0;0;0;0;0;0;0;0;0;0;0;0;0;0;0;0;0;0
1015;DJ-卡尔顿;D.J. Carton;1;0;6;71;60;67;57;69;53;64;57;58;64;61;62;59;61;25;2;0;0;0;0;202100;3129;0;0;0;0;0;0;0;0;0;0;0;0;0;0;0;0;0;0;0;0;0
1016;贾奎里-麦克劳克林;JaQuori McLaughlin;2;1;6;60;68;68;63;69;51;68;66;63;70;37;59;63;61;27;4;0;0;0;0;202100;2022;0;0;0;0;0;0;0;0;0;0;0;0;0;0;0;0;0;0;0;0;0
1017;杰林-加洛韦;Jaylin Galloway;2;0;6;65;60;71;65;62;60;61;61;61;72;63;64;58;61;23;2;0;0;0;0;202200;3130;0;0;0;0;0;0;0;0;0;0;0;0;0;0;0;0;0;0;0;0;0
1018;伊扎亚赫-布洛克顿;Izaiah Brockington;2;0;6;70;55;75;68;61;53;61;61;59;69;64;65;56;61;26;2;0;0;0;0;202200;5001;0;0;0;0;0;0;0;0;0;0;0;0;0;0;0;0;0;0;0;0;0
1019;阿达马-萨诺戈;Adama Sanogo;4;5;6;63;62;69;58;62;60;70;60;62;68;61;62;61;61;25;2;0;0;0;0;202300;3008;0;0;0;0;0;0;0;0;0;0;0;0;0;0;0;0;0;0;0;0;0
1020;马尔科姆-卡扎隆;Malcolm Cazalon;4;2;6;64;68;70;68;56;58;64;60;63;74;64;67;56;61;24;2;0;0;0;0;202300;3010;0;0;0;0;0;0;0;0;0;0;0;0;0;0;0;0;0;0;0;0;0
1021;凯莱布-麦康奈尔;Caleb McConnell;2;3;6;68;59;76;67;62;50;61;55;60;76;67;67;53;61;26;2;0;0;0;0;202300;5001;0;0;0;0;0;0;0;0;0;0;0;0;0;0;0;0;0;0;0;0;0
1022;奥迪斯-托尼;Au'Diese Toney;2;0;6;65;60;74;66;62;65;58;59;61;70;61;64;58;61;25;2;0;0;0;0;202300;5001;0;0;0;0;0;0;0;0;0;0;0;0;0;0;0;0;0;0;0;0;0
1023;苏利-鲍姆;Souley Boum;1;2;6;69;54;70;71;56;49;55;66;58;71;65;66;54;61;26;2;0;0;0;0;202300;5001;0;0;0;0;0;0;0;0;0;0;0;0;0;0;0;0;0;0;0;0;0
1024;贾万-约翰逊;Javan Johnson;3;4;6;60;70;69;66;70;54;56;56;72;64;67;65;56;61;26;2;0;0;0;0;202300;5001;0;0;0;0;0;0;0;0;0;0;0;0;0;0;0;0;0;0;0;0;0
1025;阿尔梅尔-特劳雷;Armel Traoré;3;0;6;63;65;70;61;70;67;54;54;64;63;59;62;58;61;22;1;0;0;0;0;202400;3225;0;0;0;0;0;0;0;0;0;0;0;0;0;0;0;0;0;0;0;0;0
1026;亚历克斯-图希;Alex Toohey;3;0;6;62;69;69;69;70;51;59;55;64;62;64;64;56;61;21;0;0;0;0;0;202552;3310;0;0;0;0;0;0;0;0;0;0;0;0;0;0;0;0;0;0;0;0;0
1027;萨利乌-尼昂;Saliou Niang;2;0;6;65;65;70;56;60;53;56;71;63;68;62;63;58;61;21;0;0;0;0;0;202558;3316;0;0;0;0;0;0;0;0;0;0;0;0;0;0;0;0;0;0;0;0;0
1028;奥古斯塔斯-马修利奥尼斯;Augustas Marčiulionis;1;0;5;75;64;63;65;58;56;59;61;60;64;62;66;55;61;23;0;0;0;0;0;202500;5001;0;0;0;0;0;0;0;0;0;0;0;0;0;0;0;0;0;0;0;0;0
1029;CJ-亨特利;CJ Huntley;3;4;5;61;64;67;62;58;57;71;60;66;62;64;61;59;61;23;0;0;0;0;0;202500;0;0;0;0;0;0;0;0;0;0;0;0;0;0;0;0;0;0;0;0;0;0
1030;亚当-弗拉格勒;Adam Flagler;2;0;6;65;62;71;54;66;62;64;58;58;67;55;60;60;60;25;2;0;0;0;0;202300;3127;0;0;0;0;0;0;0;0;0;0;0;0;0;0;0;0;0;0;0;1;0
1031;小加伦-罗宾逊;Galen Robinson Jr.;1;0;6;70;52;74;66;61;53;52;60;55;68;61;65;53;60;28;1;0;0;0;0;0;5001;0;0;0;0;0;0;0;0;0;0;0;0;0;0;0;0;0;0;0;0;0
1032;埃里克-史蒂文森;Erik Stevenson;2;1;6;69;53;71;57;66;56;49;68;53;72;61;61;58;60;26;1;0;0;0;0;0;5001;0;0;0;0;0;0;0;0;0;0;0;0;0;0;0;0;0;0;0;0;0
1033;达柳斯-米勒;Darius Miller;3;4;6;61;70;70;71;75;45;51;55;64;70;62;65;53;60;35;20;0;0;0;0;200546;1314;0;0;0;0;0;0;0;0;0;0;0;0;0;0;0;0;0;0;0;0;0
1034;特洛伊-丹尼尔斯;Troy Daniels;2;3;6;53;67;80;69;76;45;59;56;64;80;42;64;57;60;34;12;0;0;0;0;201300;923;0;0;0;0;0;0;0;0;0;0;0;0;0;0;0;0;0;0;0;1;0
1035;阿方索-麦金尼;Alfonzo McKinnie;3;4;6;52;74;65;68;74;47;70;55;65;65;48;60;60;60;33;8;0;0;0;0;201500;2011;0;0;0;0;0;0;0;0;0;0;0;0;0;0;0;0;0;0;0;0;0
1036;查森-兰德尔;Chasson Randle;1;2;6;64;63;63;63;64;59;63;66;61;66;36;59;62;60;33;10;0;0;0;0;201500;1952;0;0;0;0;0;0;0;0;0;0;0;0;0;0;0;0;0;0;0;0;0
1037;贾罗德-尤托夫;Jarrod Uthoff;4;3;6;50;65;72;67;70;67;62;45;62;71;45;59;60;60;32;8;0;0;0;0;201600;2256;0;0;0;0;0;0;0;0;0;0;0;0;0;0;0;0;0;0;0;0;0
1038;德翁特-伯顿;Deonte Burton;2;3;6;63;58;71;66;65;62;67;67;59;61;32;57;64;60;32;8;0;0;0;0;201700;1724;0;0;0;0;0;0;0;0;0;0;0;0;0;0;0;0;0;0;0;0;0
1039;保罗-沃特森;Paul Watson;2;1;6;61;65;64;71;64;60;59;63;61;65;54;60;59;60;31;8;0;0;0;0;201700;2219;0;0;0;0;0;0;0;0;0;0;0;0;0;0;0;0;0;0;0;0;0
1040;扎伊尔-史密斯;Zhaire Smith;2;0;6;66;60;69;68;61;57;56;68;60;71;49;62;58;60;26;7;0;0;0;0;201816;2131;0;0;0;0;0;0;0;0;0;0;0;0;0;0;0;0;0;0;0;0;0
1041;杰雷米亚-马丁;Jeremiah Martin;2;1;6;65;59;68;56;64;59;60;72;60;70;33;57;63;60;29;6;0;0;0;0;201900;1995;0;0;0;0;0;0;0;0;0;0;0;0;0;0;0;0;0;0;0;0;0
1042;亚当-莫科卡;Adam Mokoka;2;1;6;66;72;60;68;68;57;60;59;63;61;51;61;59;60;27;6;0;0;0;0;201900;2043;0;0;0;0;0;0;0;0;0;0;0;0;0;0;0;0;0;0;0;0;0
1043;阿伦-斯玛拉基奇;Alen Smailagic;4;3;6;50;74;65;64;69;64;63;56;64;64;40;59;62;60;25;6;0;0;0;0;201939;1462;0;0;0;0;0;0;0;0;0;0;0;0;0;0;0;0;0;0;0;0;0
1044;米耶-奥尼;Miye Oni;2;1;6;53;66;64;74;66;51;65;70;62;65;54;59;62;60;28;6;0;0;0;0;201958;1684;0;0;0;0;0;0;0;0;0;0;0;0;0;0;0;0;0;0;0;0;0
1045;内特-辛顿;Nate Hinton;2;3;6;68;70;59;69;69;50;51;70;63;60;54;62;59;60;26;5;0;0;0;0;202000;2238;0;0;0;0;0;0;0;0;0;0;0;0;0;0;0;0;0;0;0;0;0
1046;格兰特-里勒;Grant Riller;2;3;6;61;78;70;67;71;57;60;50;65;72;49;64;56;60;28;5;0;0;0;0;202056;1965;0;0;0;0;0;0;0;0;0;0;0;0;0;0;0;0;0;0;0;0;0
1047;凯尔-曼加斯;Kyle Mangas;1;2;6;72;65;71;58;65;57;51;57;65;65;56;65;54;60;26;2;0;0;0;0;202100;5001;0;0;0;0;0;0;0;0;0;0;0;0;0;0;0;0;0;0;0;0;0
1048;达顿-霍姆斯;Daulton Hommes;4;3;6;59;68;59;65;70;65;64;56;63;54;44;58;63;60;29;4;0;0;0;0;202100;1873;0;0;0;0;0;0;0;0;0;0;0;0;0;0;0;0;0;0;0;0;0
1049;文森特-瓦莱里奥-博登;Vincent Valerio-Bodon;3;2;6;65;69;61;57;66;54;61;61;69;63;57;61;58;60;24;2;0;0;0;0;202200;5001;0;0;0;0;0;0;0;0;0;0;0;0;0;0;0;0;0;0;0;0;0
1050;马库尔-梅克;Makur Maker;5;0;6;62;63;60;58;63;65;68;48;69;57;57;59;61;60;24;2;0;0;0;0;202200;5001;0;0;0;0;0;0;0;0;0;0;0;0;0;0;0;0;0;0;0;0;0
1051;KJ-威廉姆斯;KJ Williams;4;0;6;62;68;67;53;64;65;60;58;64;65;54;61;60;60;26;2;0;0;0;0;202300;5001;0;0;0;0;0;0;0;0;0;0;0;0;0;0;0;0;0;0;0;0;0
1052;阿玛安-富兰克林;Armaan Franklin;2;0;6;70;56;66;55;68;59;55;66;55;72;62;61;60;60;24;2;0;0;0;0;202300;5001;0;0;0;0;0;0;0;0;0;0;0;0;0;0;0;0;0;0;0;0;0
1053;钱斯-麦克米兰;Chance McMillan;1;2;5;71;54;70;61;65;52;54;63;55;67;61;63;56;60;24;0;0;0;0;0;202500;5001;0;0;0;0;0;0;0;0;0;0;0;0;0;0;0;0;0;0;0;0;0
1054;亚瑟-卡卢马;Arthur Kaluma;4;3;5;60;63;60;55;65;69;61;56;65;59;60;58;61;60;23;0;0;0;0;0;202500;5001;0;0;0;0;0;0;0;0;0;0;0;0;0;0;0;0;0;0;0;0;0
1055;乌加-波普勒;Wooga Poplar;2;1;5;70;55;76;55;55;53;55;70;60;72;55;63;56;60;22;0;0;0;0;0;202500;5001;0;0;0;0;0;0;0;0;0;0;0;0;0;0;0;0;0;0;0;0;0
1056;凯勒-马丁;Kelan Martin ;3;2;7;52;71;65;69;70;61;62;45;66;65;48;59;56;59;30;7;0;0;0;0;201800;601;0;0;0;0;0;0;0;0;0;0;0;0;0;0;0;0;0;0;0;0;0
1057;雷吉-佩里;Reggie Perry;5;4;7;59;74;55;59;68;62;65;50;66;47;38;57;60;59;25;5;0;0;0;0;202057;1386;0;0;0;0;0;0;0;0;0;0;0;0;0;0;0;0;0;0;0;0;0
1058;小本-库佩;Ben Coupet Jr.;3;4;6;69;63;67;60;61;56;62;53;63;60;60;62;54;59;27;1;0;0;0;0;0;5001;0;0;0;0;0;0;0;0;0;0;0;0;0;0;0;0;0;0;0;0;0
1059;盖布-奥萨博伊恩;Gabe Osabuohien;3;4;6;64;58;59;61;64;64;62;57;59;61;62;57;59;59;26;1;0;0;0;0;0;5001;0;0;0;0;0;0;0;0;0;0;0;0;0;0;0;0;0;0;0;0;0
1060;阿尔曼多-巴科特;Armando Bacot;5;4;6;50;73;54;58;66;62;60;54;68;59;56;59;59;59;25;1;0;0;0;0;0;5001;0;0;0;0;0;0;0;0;0;0;0;0;0;0;0;0;0;0;0;0;0
1061;贾克尔-乔伊纳;Jarkel Joiner;1;0;6;73;57;63;62;58;56;61;58;58;67;59;63;55;59;26;1;0;0;0;0;0;5001;0;0;0;0;0;0;0;0;0;0;0;0;0;0;0;0;0;0;0;0;0
1062;马特-布拉德利;Matt Bradley;2;0;6;68;66;64;60;60;45;58;68;62;67;56;62;55;59;26;1;0;0;0;0;0;5001;0;0;0;0;0;0;0;0;0;0;0;0;0;0;0;0;0;0;0;0;0
1063;卡梅伦-麦克格里夫;Cameron McGriff;3;4;6;58;64;62;61;58;64;65;54;64;63;62;59;57;59;28;2;0;0;0;0;0;5001;0;0;0;0;0;0;0;0;0;0;0;0;0;0;0;0;0;0;0;0;0
1064;尼科勒-梅利;Nicolo Melli;4;3;6;59;61;63;60;65;65;67;59;61;61;35;55;63;59;35;12;0;0;0;0;201300;1301;0;0;0;0;0;0;0;0;0;0;0;0;0;0;0;0;0;0;0;0;0
1065;彼得-科尔纳利;Petr Cornelie;4;3;6;50;72;58;66;67;64;63;61;63;53;43;56;62;59;30;4;0;0;0;0;201653;1920;0;0;0;0;0;0;0;0;0;0;0;0;0;0;0;0;0;0;0;0;0
1066;安热伊斯-帕塞奇尼克斯;Anzejs Pasecniks;5;4;6;52;72;62;64;68;57;67;51;63;60;44;59;59;59;30;8;0;0;0;0;201725;2069;0;0;0;0;0;0;0;0;0;0;0;0;0;0;0;0;0;0;0;0;0
1067;钱德勒-哈奇森;Chandler Hutchison;3;4;6;60;65;61;61;69;61;59;63;62;61;35;55;61;59;29;7;0;0;0;0;201822;1830;0;0;0;0;0;0;0;0;0;0;0;0;0;0;0;0;0;0;0;0;0
1068;贾雷尔-布兰特利;Jarrell Brantley;4;0;6;50;69;60;59;72;66;70;45;63;58;31;53;64;59;29;6;0;0;0;0;201950;1738;0;0;0;0;0;0;0;0;0;0;0;0;0;0;0;0;0;0;0;0;0
1069;卡里-惠特尼;Kahlil Whitney;3;0;6;71;55;69;60;64;60;56;52;57;66;64;61;54;59;24;2;0;0;0;0;202000;5001;0;0;0;0;0;0;0;0;0;0;0;0;0;0;0;0;0;0;0;0;0
1070;卡里姆-马内;Karim Mané;1;2;6;64;60;63;67;63;53;62;63;60;66;40;59;58;59;25;5;0;0;0;0;202000;2005;0;0;0;0;0;0;0;0;0;0;0;0;0;0;0;0;0;0;0;0;0
1071;琼泰-波特;Jontay Porter;5;4;6;60;66;58;66;63;62;65;55;61;50;54;59;60;59;26;5;0;0;0;0;202000;1721;0;0;0;0;0;0;0;0;0;0;0;0;0;0;0;0;0;0;0;0;0
1072;阿什顿-黑根斯;Ashton Hagans;2;3;6;63;59;65;66;63;58;62;66;60;66;40;58;60;59;26;5;0;0;0;0;202000;1845;0;0;0;0;0;0;0;0;0;0;0;0;0;0;0;0;0;0;0;0;0
1073;亚历山大-莫拉莱斯;Alex Morales;2;0;6;67;67;75;64;58;55;49;57;60;71;65;66;50;59;27;1;0;0;0;0;202200;5001;0;0;0;0;0;0;0;0;0;0;0;0;0;0;0;0;0;0;0;0;0
1074;阿多尼斯-阿姆斯;Adonis Arms;1;2;6;72;52;63;68;52;49;52;67;60;69;68;65;52;59;27;2;0;0;0;0;202200;5001;0;0;0;0;0;0;0;0;0;0;0;0;0;0;0;0;0;0;0;0;0
1075;泰兹-摩尔;Taze Moore;2;1;6;71;54;67;57;68;56;50;65;54;65;62;60;58;59;27;2;0;0;0;0;202300;3229;0;0;0;0;0;0;0;0;0;0;0;0;0;0;0;0;0;0;0;0;0
1076;乔伊-豪瑟;Joey Hauser;4;0;6;55;62;59;51;68;68;55;61;67;63;58;56;61;59;26;2;0;0;0;0;202300;3013;0;0;0;0;0;0;0;0;0;0;0;0;0;0;0;0;0;0;0;0;0
1077;纳兹-米特鲁-朗;Naz Mitrou-Long;2;1;7;61;61;68;60;64;63;64;59;62;70;33;57;60;58;32;10;0;0;0;0;201500;2038;0;0;0;0;0;0;0;0;0;0;0;0;0;0;0;0;0;0;0;0;0
1078;布-布伊三世;Boo Buie III;1;2;6;74;59;65;52;56;54;49;68;54;66;53;61;54;58;25;1;0;0;0;0;0;3237;0;0;0;0;0;0;0;0;0;0;0;0;0;0;0;0;0;0;0;0;0
1079;泰勒-波利;Tyler Polley;3;0;6;66;55;64;64;64;61;57;56;56;62;63;59;56;58;26;1;0;0;0;0;0;5001;0;0;0;0;0;0;0;0;0;0;0;0;0;0;0;0;0;0;0;0;0
1080;米勒-科普;Miller Kopp;3;4;6;66;53;55;55;58;60;65;65;60;62;61;55;59;58;26;1;0;0;0;0;0;5001;0;0;0;0;0;0;0;0;0;0;0;0;0;0;0;0;0;0;0;0;0
1081;海森-沃德;Hason Ward;5;0;6;50;67;57;55;63;71;59;55;63;56;54;55;61;58;25;1;0;0;0;0;0;5001;0;0;0;0;0;0;0;0;0;0;0;0;0;0;0;0;0;0;0;0;0
1082;特雷-米切尔;Trhae Mitchell;1;0;6;67;63;63;56;55;53;52;69;61;67;59;61;55;58;28;1;0;0;0;0;0;5001;0;0;0;0;0;0;0;0;0;0;0;0;0;0;0;0;0;0;0;0;0
1083;格雷格-惠廷顿;Greg Whittington;3;4;6;58;59;64;63;64;61;61;64;60;64;37;54;60;58;32;5;0;0;0;0;201500;1867;0;0;0;0;0;0;0;0;0;0;0;0;0;0;0;0;0;0;0;0;0
1084;威廉-霍华德;William Howard;3;2;6;59;63;60;56;69;59;65;60;62;60;31;52;61;58;32;10;0;0;0;0;201500;1870;0;0;0;0;0;0;0;0;0;0;0;0;0;0;0;0;0;0;0;0;0
1085;约什-格雷;Josh Gray;1;2;6;66;58;58;54;64;56;58;74;60;60;31;53;63;58;32;9;0;0;0;0;201600;1812;0;0;0;0;0;0;0;0;0;0;0;0;0;0;0;0;0;0;0;0;0
1086;安东尼斯-克利夫兰;Antonius Cleveland;2;1;6;79;57;64;54;61;57;58;66;59;65;33;58;58;58;32;8;0;0;0;0;201700;1929;0;0;0;0;0;0;0;0;0;0;0;0;0;0;0;0;0;0;0;0;0
1087;杰伦-亚当斯;Jaylen Adams;1;2;6;69;60;59;64;70;53;54;64;60;61;35;58;59;58;29;7;0;0;0;0;201800;2246;0;0;0;0;0;0;0;0;0;0;0;0;0;0;0;0;0;0;0;0;0
1088;雷-斯波尔丁;Ray Spalding;3;4;6;59;62;58;66;74;57;64;53;60;54;41;54;60;58;28;7;0;0;0;0;201856;2132;0;0;0;0;0;0;0;0;0;0;0;0;0;0;0;0;0;0;0;0;0
1089;罗伯特-弗兰克斯;Robert Franks;4;5;6;60;65;59;60;68;67;60;54;62;54;36;55;61;58;29;5;0;0;0;0;201900;1790;0;0;0;0;0;0;0;0;0;0;0;0;0;0;0;0;0;0;0;0;0
1090;杰伦-勒丘;Jalen Lecque;2;1;6;63;64;61;63;64;59;61;63;61;62;37;56;60;58;25;6;0;0;0;0;201900;1958;0;0;0;0;0;0;0;0;0;0;0;0;0;0;0;0;0;0;0;0;0
1091;马尔科姆-米勒;Malcolm Miller;2;3;6;60;68;61;64;69;61;60;59;63;62;39;57;60;58;32;6;0;0;0;0;201900;2036;0;0;0;0;0;0;0;0;0;0;0;0;0;0;0;0;0;0;0;0;0
1092;维克-劳;Vic Law;3;2;6;58;66;59;73;62;59;59;55;61;58;62;60;55;58;30;6;0;0;0;0;201900;1956;0;0;0;0;0;0;0;0;0;0;0;0;0;0;0;0;0;0;0;0;0
1093;戴维达斯-西尔维迪斯;Deividas Sirvydis;3;2;6;61;62;64;63;65;55;63;60;61;64;39;56;58;58;25;6;0;0;0;0;201937;2227;0;0;0;0;0;0;0;0;0;0;0;0;0;0;0;0;0;0;0;0;0
1094;贾斯廷-赖特-福尔曼;Justin Wright-Foreman;1;2;6;70;63;68;64;59;56;56;55;60;71;39;63;52;58;28;6;0;0;0;0;201953;1951;0;0;0;0;0;0;0;0;0;0;0;0;0;0;0;0;0;0;0;0;0
1095;约什-哈尔;Josh Hall;3;4;6;64;60;64;63;60;60;64;59;60;64;39;57;58;58;25;5;0;0;0;0;202000;1824;0;0;0;0;0;0;0;0;0;0;0;0;0;0;0;0;0;0;0;0;0
1096;泰肖恩-亚历山大;Ty-Shon Alexander;1;2;6;64;58;61;60;67;57;64;61;60;64;32;55;61;58;27;5;0;0;0;0;202000;2252;0;0;0;0;0;0;0;0;0;0;0;0;0;0;0;0;0;0;0;0;0
1097;尼克-曼尼恩;Nico Mannion;1;0;6;63;69;64;68;62;51;56;61;61;66;45;61;55;58;25;5;0;0;0;0;202048;2025;0;0;0;0;0;0;0;0;0;0;0;0;0;0;0;0;0;0;0;0;0
1098;尤斯蒂尼扬-杰斯普;Justinian Jessup;1;2;6;58;70;62;74;74;50;59;49;64;65;54;62;54;58;26;5;0;0;0;0;202051;1894;0;0;0;0;0;0;0;0;0;0;0;0;0;0;0;0;0;0;0;0;0
1099;亨特-马尔多纳多;Hunter Maldonado;2;0;6;71;59;73;62;53;52;58;57;60;70;59;64;50;58;26;2;0;0;0;0;202300;5001;0;0;0;0;0;0;0;0;0;0;0;0;0;0;0;0;0;0;0;0;0
1100;小迈克-迈尔斯;Mike Miles Jr.;2;1;6;62;69;64;56;57;54;58;64;65;69;58;60;55;58;23;2;0;0;0;0;202300;3016;0;0;0;0;0;0;0;0;0;0;0;0;0;0;0;0;0;0;0;0;0
1101;达里乌斯-麦吉;Darius McGhee;1;0;6;69;56;62;59;56;55;64;60;58;64;57;60;56;58;26;2;0;0;0;0;202300;5001;0;0;0;0;0;0;0;0;0;0;0;0;0;0;0;0;0;0;0;0;0
1102;蒂米-阿伦;Timmy Allen;3;0;6;69;61;61;56;61;55;65;54;65;60;58;59;55;58;25;2;0;0;0;0;202300;3134;0;0;0;0;0;0;0;0;0;0;0;0;0;0;0;0;0;0;0;0;0
1103;小基昂-布鲁克斯;Keion Brooks Jr.;3;4;6;62;63;64;66;63;53;56;50;63;61;67;61;51;57;25;1;0;0;0;0;0;3248;0;0;0;0;0;0;0;0;0;0;0;0;0;0;0;0;0;0;0;0;0
1104;杰克逊-罗维;Jackson Rowe;3;2;6;56;62;60;60;66;61;62;54;61;56;60;55;58;57;28;1;0;0;0;0;0;3251;0;0;0;0;0;0;0;0;0;0;0;0;0;0;0;0;0;0;0;0;0
1105;特里斯坦-伊纳鲁纳;Tristan Enaruna;2;3;6;66;59;64;59;54;51;58;64;62;68;59;60;53;57;24;1;0;0;0;0;0;5001;0;0;0;0;0;0;0;0;0;0;0;0;0;0;0;0;0;0;0;0;0
1106;贾马里翁-夏普;Jamarion Sharp;5;0;6;57;66;50;52;65;59;68;46;70;54;57;56;59;57;27;1;0;0;0;0;0;5001;0;0;0;0;0;0;0;0;0;0;0;0;0;0;0;0;0;0;0;0;0
1107;杰伦-希姆斯;Jaylen Sims;1;2;6;61;61;68;53;54;46;62;69;58;63;56;58;56;57;26;1;0;0;0;0;0;5001;0;0;0;0;0;0;0;0;0;0;0;0;0;0;0;0;0;0;0;0;0
1108;昆西-格里尔;Quincy Guerrier;3;4;6;66;64;67;58;56;54;62;53;60;61;56;60;52;57;26;1;0;0;0;0;0;5001;0;0;0;0;0;0;0;0;0;0;0;0;0;0;0;0;0;0;0;0;0
1109;萨姆-皮克;Sam Peek;4;3;6;57;72;53;63;66;57;53;56;70;58;63;61;54;57;26;1;0;0;0;0;0;5001;0;0;0;0;0;0;0;0;0;0;0;0;0;0;0;0;0;0;0;0;0
1110;德文-希格斯;Devon Higgs;1;2;6;69;60;65;53;60;52;46;63;60;67;57;61;52;57;25;1;0;0;0;0;0;5001;0;0;0;0;0;0;0;0;0;0;0;0;0;0;0;0;0;0;0;0;0
1111;詹姆斯-阿金乔;James Akinjo;1;0;6;69;60;56;60;55;46;55;69;58;56;55;58;54;57;24;1;0;0;0;0;0;5001;0;0;0;0;0;0;0;0;0;0;0;0;0;0;0;0;0;0;0;0;0
1112;布吉-埃利斯;Boogie Ellis;1;2;6;75;49;63;63;58;43;50;64;53;60;61;61;51;57;24;1;0;0;0;0;0;5001;0;0;0;0;0;0;0;0;0;0;0;0;0;0;0;0;0;0;0;0;0
1113;贾文特-麦考伊;Javante McCoy;2;0;6;58;56;70;67;58;50;48;67;58;69;67;60;52;57;27;1;0;0;0;0;0;5001;0;0;0;0;0;0;0;0;0;0;0;0;0;0;0;0;0;0;0;0;0
1114;达里厄斯-布朗二世;Darius Brown;1;2;6;75;60;63;54;55;44;58;61;58;62;55;62;51;57;26;1;0;0;0;0;0;5001;0;0;0;0;0;0;0;0;0;0;0;0;0;0;0;0;0;0;0;0;0
1115;贾米尔-查普林;Jamir Chaplin;1;2;6;64;52;71;59;48;52;58;67;55;67;54;60;53;57;24;1;0;0;0;0;0;5001;0;0;0;0;0;0;0;0;0;0;0;0;0;0;0;0;0;0;0;0;0
1116;杰里米-帕戈;Jeremy Pargo;1;2;6;71;64;61;57;63;57;58;56;61;64;32;58;55;57;39;16;0;0;0;0;200900;1375;0;0;0;0;0;0;0;0;0;0;0;0;0;0;0;0;0;0;0;0;0
1117;诺维尔-佩莱;Norvel Pelle;4;3;6;50;70;50;62;66;62;75;55;62;43;36;50;64;57;33;11;0;0;0;0;201400;2075;0;0;0;0;0;0;0;0;0;0;0;0;0;0;0;0;0;0;0;0;0
1118;马尔科-古杜里奇;Marko Guduric;2;3;6;61;61;64;60;65;60;62;60;61;65;33;55;59;57;30;8;0;0;0;0;201700;1821;0;0;0;0;0;0;0;0;0;0;0;0;0;0;0;0;0;0;0;0;0
1119;塔里克-欧文斯;Tariq Owens;3;4;6;58;60;60;63;64;59;61;64;60;60;37;53;60;57;30;8;0;0;0;0;201700;2064;0;0;0;0;0;0;0;0;0;0;0;0;0;0;0;0;0;0;0;0;0
1120;德维恩-培根;Dwayne Bacon;2;3;6;52;68;69;68;70;50;54;59;63;71;40;58;56;57;30;8;0;0;0;0;201740;2074;0;0;0;0;0;0;0;0;0;0;0;0;0;0;0;0;0;0;0;0;0
1121;尼格尔-威廉姆斯-戈斯;Nigel Williams-Goss;1;2;6;64;64;62;60;63;59;59;58;61;65;33;57;57;57;31;8;0;0;0;0;201755;2187;0;0;0;0;0;0;0;0;0;0;0;0;0;0;0;0;0;0;0;0;0
1122;小扎克-诺维尔;Zach Norvell;2;3;6;60;60;64;56;66;59;60;64;61;65;33;54;60;57;28;7;0;0;0;0;201800;2063;0;0;0;0;0;0;0;0;0;0;0;0;0;0;0;0;0;0;0;0;0
1123;威尔-马格奈;Will Magnay;5;0;6;52;62;57;66;64;62;68;53;61;50;43;53;61;57;27;7;0;0;0;0;201800;1998;0;0;0;0;0;0;0;0;0;0;0;0;0;0;0;0;0;0;0;0;0
1124;雅各布-埃文斯;Jacob Evans;2;3;6;67;61;75;62;72;50;45;56;60;74;34;61;52;57;28;7;0;0;0;0;201828;1657;0;0;0;0;0;0;0;0;0;0;0;0;0;0;0;0;0;0;0;0;0
1125;马奎斯-博尔登;Marques Bolden;5;0;6;56;62;56;56;63;62;71;61;60;49;30;51;63;57;27;6;0;0;0;0;201900;1727;0;0;0;0;0;0;0;0;0;0;0;0;0;0;0;0;0;0;0;0;0
1126;卡姆-雷诺兹;Cameron Reynolds;3;2;6;61;64;60;59;63;59;59;62;61;60;34;54;58;57;31;6;0;0;0;0;201900;1959;0;0;0;0;0;0;0;0;0;0;0;0;0;0;0;0;0;0;0;0;0
1127;马特-穆尼;Matthew Mooney;2;1;6;63;59;59;63;63;61;60;66;60;60;37;54;61;57;29;6;0;0;0;0;201900;2052;0;0;0;0;0;0;0;0;0;0;0;0;0;0;0;0;0;0;0;0;0
1128;马里亚尔-沙约克;Marial Shayok;2;3;6;64;58;59;68;62;57;58;64;60;60;44;56;58;57;30;6;0;0;0;0;201954;2120;0;0;0;0;0;0;0;0;0;0;0;0;0;0;0;0;0;0;0;0;0
1129;内特-达林;Nate Darling;1;2;6;62;58;65;65;64;53;54;63;60;68;37;58;56;57;27;5;0;0;0;0;202000;1754;0;0;0;0;0;0;0;0;0;0;0;0;0;0;0;0;0;0;0;0;0
1130;艾伦-亨利;Aaron Henry;3;4;6;57;66;60;57;63;62;64;63;61;60;31;52;61;57;26;4;0;0;0;0;202100;1850;0;0;0;0;0;0;0;0;0;0;0;0;0;0;0;0;0;0;0;0;0
1131;尤里-科林斯;Yuri Collins;1;0;6;77;50;58;65;60;57;52;56;53;61;60;61;52;57;24;2;0;0;0;0;202300;5001;0;0;0;0;0;0;0;0;0;0;0;0;0;0;0;0;0;0;0;0;0
1132;帕特里克-加德纳;Patrick Gardner;5;0;6;63;61;53;54;60;68;60;54;63;60;55;56;59;57;26;2;0;0;0;0;202300;5001;0;0;0;0;0;0;0;0;0;0;0;0;0;0;0;0;0;0;0;0;0
1133;杰林-威廉姆斯;Jaylin Williams;3;4;6;59;66;66;57;60;57;65;52;61;65;56;58;55;57;25;1;0;0;0;0;202400;5001;0;0;0;0;0;0;0;0;0;0;0;0;0;0;0;0;0;0;0;1;0
1134;乔丹-麦克雷;Jordan McRae;2;1;7;66;68;50;64;63;62;63;59;63;46;39;53;59;56;34;10;0;0;0;0;201458;1290;0;0;0;0;0;0;0;0;0;0;0;0;0;0;0;0;0;0;0;0;0
1135;亚历克斯-奥康奈尔;Alex O'Connell;2;0;6;65;65;61;59;59;54;55;55;64;61;57;59;51;56;26;1;0;0;0;0;0;5001;0;0;0;0;0;0;0;0;0;0;0;0;0;0;0;0;0;0;0;0;0
1136;马克斯-埃斯米斯;Max Abmas;1;2;6;73;52;69;56;49;44;56;64;56;68;52;61;50;56;24;1;0;0;0;0;0;5001;0;0;0;0;0;0;0;0;0;0;0;0;0;0;0;0;0;0;0;0;0
1137;大卫-莫卡;David Muoka;5;0;6;51;64;63;46;60;68;57;49;67;61;53;55;57;56;24;1;0;0;0;0;0;5001;0;0;0;0;0;0;0;0;0;0;0;0;0;0;0;0;0;0;0;0;0
1138;戴恩-古德温;Dane Goodwin;2;1;6;59;62;70;59;56;49;58;60;56;69;61;59;52;56;25;1;0;0;0;0;0;5001;0;0;0;0;0;0;0;0;0;0;0;0;0;0;0;0;0;0;0;0;0
1139;乔尔-索里亚诺;Joel Soriano;5;0;6;50;69;56;51;69;59;56;52;71;56;51;56;57;56;25;1;0;0;0;0;0;5001;0;0;0;0;0;0;0;0;0;0;0;0;0;0;0;0;0;0;0;0;0
1140;东塔-斯科特;Donta Scott;3;0;6;66;64;62;59;55;48;60;60;63;61;59;60;51;56;24;1;0;0;0;0;0;5001;0;0;0;0;0;0;0;0;0;0;0;0;0;0;0;0;0;0;0;0;0
1141;马克斯-菲德勒;Max Fiedler;5;4;6;60;70;52;59;57;59;61;49;68;54;58;59;53;56;24;1;0;0;0;0;0;5001;0;0;0;0;0;0;0;0;0;0;0;0;0;0;0;0;0;0;0;0;0
1142;凯莱布-丹尼尔斯;Caleb Daniels;2;0;6;69;54;64;56;66;47;47;64;53;67;54;58;53;56;26;1;0;0;0;0;0;5001;0;0;0;0;0;0;0;0;0;0;0;0;0;0;0;0;0;0;0;0;0
1143;威尔-理查德森;Will Richardson;1;2;6;70;55;66;53;52;47;49;69;57;62;55;59;52;56;26;1;0;0;0;0;0;5001;0;0;0;0;0;0;0;0;0;0;0;0;0;0;0;0;0;0;0;0;0
1144;贾罗德-卢卡斯;Jarod Lucas;1;2;6;66;56;67;50;63;52;60;56;55;64;56;57;54;56;25;1;0;0;0;0;0;5001;0;0;0;0;0;0;0;0;0;0;0;0;0;0;0;0;0;0;0;0;0
1145;格雷森-墨菲;Grayson Murphy;1;0;6;75;51;62;59;60;52;55;55;50;63;59;61;51;56;26;1;0;0;0;0;0;5001;0;0;0;0;0;0;0;0;0;0;0;0;0;0;0;0;0;0;0;0;0
1146;詹姆斯-农纳利;James Nunnally;3;4;6;57;60;61;62;63;60;62;59;60;61;35;53;58;56;35;8;0;0;0;0;201300;1363;0;0;0;0;0;0;0;0;0;0;0;0;0;0;0;0;0;0;0;0;0
1147;亚卡尔-桑普森;Jakarr Sampson;4;3;6;53;69;55;64;69;59;59;53;63;49;40;54;58;56;32;11;0;0;0;0;201400;2116;0;0;0;0;0;0;0;0;0;0;0;0;0;0;0;0;0;0;0;0;0
1148;贾斯廷-罗宾逊;Justin Robinson;1;2;6;62;61;61;63;61;60;61;57;60;64;34;56;56;56;28;7;0;0;0;0;201800;1979;0;0;0;0;0;0;0;0;0;0;0;0;0;0;0;0;0;0;0;0;0
1149;JP-马楚拉;J.P. Macura;2;1;6;63;79;58;54;60;57;57;62;63;58;31;55;56;56;30;7;0;0;0;0;201800;1993;0;0;0;0;0;0;0;0;0;0;0;0;0;0;0;0;0;0;0;0;0
1150;马利克-纽曼;Malik Newman;2;1;6;57;58;58;58;72;57;57;71;60;58;31;50;64;56;28;7;0;0;0;0;201800;2060;0;0;0;0;0;0;0;0;0;0;0;0;0;0;0;0;0;0;0;0;0
1151;乔纳森-威廉姆斯;Johnathan Williams;4;3;6;58;75;58;57;63;58;63;54;60;53;30;55;57;56;30;7;0;0;0;0;201800;2189;0;0;0;0;0;0;0;0;0;0;0;0;0;0;0;0;0;0;0;0;0
1152;埃利-奥科博;Elie Okobo;2;3;6;62;60;61;59;69;60;60;59;61;62;32;54;60;56;28;7;0;0;0;0;201831;1683;0;0;0;0;0;0;0;0;0;0;0;0;0;0;0;0;0;0;0;0;0
1153;凯文-赫维;Kevin Hervey;3;2;6;58;70;60;61;63;59;60;55;62;60;35;55;56;56;29;7;0;0;0;0;201857;1844;0;0;0;0;0;0;0;0;0;0;0;0;0;0;0;0;0;0;0;0;0
1154;凯尔-亚历山大;Kyle Alexander;3;4;6;61;65;60;61;61;59;59;55;61;60;37;55;55;56;29;6;0;0;0;0;201900;2249;0;0;0;0;0;0;0;0;0;0;0;0;0;0;0;0;0;0;0;0;0
1155;约什-里夫斯;Josh Reaves;2;3;6;59;73;60;56;69;59;59;56;62;61;32;54;58;56;28;6;0;0;0;0;201900;1963;0;0;0;0;0;0;0;0;0;0;0;0;0;0;0;0;0;0;0;0;0
1156;樊尚-普瓦里耶;Vincent Poirier;4;5;6;56;60;50;60;75;55;75;45;62;43;35;49;62;56;32;6;0;0;0;0;201900;2093;0;0;0;0;0;0;0;0;0;0;0;0;0;0;0;0;0;0;0;0;0
1157;阿克塞尔-图帕内;Axel Toupane;2;3;6;57;58;60;57;70;63;62;60;61;61;32;51;62;56;33;5;0;0;0;0;202000;2165;0;0;0;0;0;0;0;0;0;0;0;0;0;0;0;0;0;0;0;1;0
1158;布赖恩-鲍恩二世;Brian Bowen II;3;2;6;58;66;59;56;70;61;59;55;62;58;31;52;59;56;27;5;0;0;0;0;202000;1703;0;0;0;0;0;0;0;0;0;0;0;0;0;0;0;0;0;0;0;0;0
1159;贾登-沙克尔福德;Jaden Shackelford;1;2;6;66;54;58;67;56;43;48;68;59;62;63;59;51;56;24;2;0;0;0;0;202200;5001;0;0;0;0;0;0;0;0;0;0;0;0;0;0;0;0;0;0;0;0;0
1160;布莱斯-威尔斯;Bryce Willis;1;2;6;66;54;69;53;60;58;52;58;58;65;53;58;53;56;25;2;0;0;0;0;202300;5001;0;0;0;0;0;0;0;0;0;0;0;0;0;0;0;0;0;0;0;0;0
1161;马库斯-多马斯克;Marcus Domask;2;3;6;67;61;66;55;65;52;46;54;63;64;59;60;50;55;25;1;0;0;0;0;0;5001;0;0;0;0;0;0;0;0;0;0;0;0;0;0;0;0;0;0;0;0;0
1162;盖伯-麦格洛森;Gabe McGlothan;4;3;6;56;59;65;57;62;58;58;51;60;64;58;56;54;55;26;1;0;0;0;0;0;5001;0;0;0;0;0;0;0;0;0;0;0;0;0;0;0;0;0;0;0;0;0
1163;杰登-勒迪;Jaedon LeDee;4;0;6;54;65;51;54;57;69;64;45;64;52;54;53;57;55;26;1;0;0;0;0;0;5001;0;0;0;0;0;0;0;0;0;0;0;0;0;0;0;0;0;0;0;0;0
1164;约塞亚-乔丹-詹姆斯;Josiah-Jordan James;1;0;6;72;57;59;58;56;43;46;68;59;61;54;59;51;55;25;1;0;0;0;0;0;5001;0;0;0;0;0;0;0;0;0;0;0;0;0;0;0;0;0;0;0;0;0
1165;富永启生;Keisei Tominaga;1;2;6;70;48;62;62;55;46;58;60;55;60;55;58;51;55;24;1;0;0;0;0;0;5001;0;0;0;0;0;0;0;0;0;0;0;0;0;0;0;0;0;0;0;0;0
1166;小贾米尔-尼尔森;Jameer Nelson Jr.;1;0;6;70;52;63;60;52;44;58;58;57;63;54;60;49;55;24;1;0;0;0;0;0;5001;0;0;0;0;0;0;0;0;0;0;0;0;0;0;0;0;0;0;0;0;0
1167;泰瑞斯-萨缪尔;Tyrese Samuel;4;0;6;50;64;65;48;65;62;54;55;60;58;54;53;56;55;25;1;0;0;0;0;0;5001;0;0;0;0;0;0;0;0;0;0;0;0;0;0;0;0;0;0;0;0;0
1168;杰登-沙克尔福德;Jaden Shackelford;1;2;6;70;61;59;56;51;41;61;61;56;57;55;58;50;55;24;1;0;0;0;0;0;5001;0;0;0;0;0;0;0;0;0;0;0;0;0;0;0;0;0;0;0;0;0
1169;雷全-巴特尔;RaeQuan Battle;2;1;6;69;62;59;53;56;44;59;62;57;66;51;57;51;55;24;1;0;0;0;0;0;5001;0;0;0;0;0;0;0;0;0;0;0;0;0;0;0;0;0;0;0;0;0
1170;菲利普-阿尔斯顿;Philip Alston;3;2;6;55;65;58;59;58;61;54;56;64;58;60;56;53;55;24;1;0;0;0;0;0;5001;0;0;0;0;0;0;0;0;0;0;0;0;0;0;0;0;0;0;0;0;0
1171;迪伦-迪苏;Dylan Disu;5;4;6;60;61;48;56;61;66;61;46;63;55;51;54;57;55;24;1;0;0;0;0;0;5001;0;0;0;0;0;0;0;0;0;0;0;0;0;0;0;0;0;0;0;0;0
1172;乔丹-塔克;Jordan Tucker;3;0;6;57;55;58;55;55;54;67;59;58;60;60;53;55;55;27;1;0;0;0;0;0;5001;0;0;0;0;0;0;0;0;0;0;0;0;0;0;0;0;0;0;0;0;0
1173;艾伦-埃斯特拉达;Aaron Estrada;1;2;6;60;58;60;53;54;55;58;66;53;65;57;55;56;55;24;1;0;0;0;0;0;5001;0;0;0;0;0;0;0;0;0;0;0;0;0;0;0;0;0;0;0;0;0
1174;科马克-瑞恩;Cormac Ryan;2;3;6;71;53;64;51;66;51;47;59;57;65;55;57;52;55;26;1;0;0;0;0;0;5001;0;0;0;0;0;0;0;0;0;0;0;0;0;0;0;0;0;0;0;0;0
1175;沃伦-华盛顿;Warren Washington;4;0;6;61;68;61;62;56;60;54;47;68;63;59;62;50;55;25;1;0;0;0;0;0;5001;0;0;0;0;0;0;0;0;0;0;0;0;0;0;0;0;0;0;0;0;0
1176;乔纳森-莫特利;Johnathan Motley;3;2;6;59;60;59;60;63;59;60;58;60;58;34;52;57;55;30;8;0;0;0;0;201700;2045;0;0;0;0;0;0;0;0;0;0;0;0;0;0;0;0;0;0;0;0;0
1177;泽尔-奇特汉;Zylan Cheatham;3;2;6;64;58;57;54;64;59;61;61;60;56;31;50;59;55;30;8;0;0;0;0;201700;2097;0;0;0;0;0;0;0;0;0;0;0;0;0;0;0;0;0;0;0;0;0
1178;阿朗佐-特里尔;Allonzo Trier;2;1;6;64;58;61;57;62;57;58;60;60;62;32;53;56;55;30;7;0;0;0;0;201800;2162;0;0;0;0;0;0;0;0;0;0;0;0;0;0;0;0;0;0;0;0;0
1179;肯尼-伍滕;Kenny Wooten;3;4;6;61;59;60;61;65;59;59;55;60;60;35;53;56;55;27;6;0;0;0;0;201900;718;0;0;0;0;0;0;0;0;0;0;0;0;0;0;0;0;0;0;0;0;0
1180;乔丹-博恩;Jordan Bone;2;1;6;68;59;61;57;58;59;59;58;59;62;32;55;55;55;28;6;0;0;0;0;201957;1726;0;0;0;0;0;0;0;0;0;0;0;0;0;0;0;0;0;0;0;0;0
1181;博戈柳布-马尔科维奇;Bogoljub Marković;4;0;6;54;59;68;52;63;64;56;50;59;61;58;55;56;55;20;0;0;0;0;0;202547;3305;0;0;0;0;0;0;0;0;0;0;0;0;0;0;0;0;0;0;0;0;0
1182;赖利-米尼克斯;Riley Minix;3;4;6;64;56;55;58;58;60;51;54;58;56;62;55;51;54;24;1;0;0;0;0;202400;3232;0;0;0;0;0;0;0;0;0;0;0;0;0;0;0;0;0;0;0;0;0
1183;约什-奥杜罗;Josh Oduro;4;3;6;56;56;62;57;68;60;58;44;61;56;54;54;55;54;25;1;0;0;0;0;0;5001;0;0;0;0;0;0;0;0;0;0;0;0;0;0;0;0;0;0;0;0;0
1184;亚历克斯-里斯;Alex Reese;4;5;6;65;63;51;51;63;55;53;48;62;57;55;55;51;53;26;1;0;0;0;0;202100;3235;0;0;0;0;0;0;0;0;0;0;0;0;0;0;0;0;0;0;0;0;0
1185;以赛亚-史蒂文斯;Isaiah Stevens;1;0;7;61;57;56;51;58;55;56;63;54;56;49;51;55;53;24;1;0;0;0;0;0;3242;0;0;0;0;0;0;0;0;0;0;0;0;0;0;0;0;0;0;0;0;0
1186;布莱森-沃伦;Bryson Warren;2;0;6;62;58;55;52;50;60;63;61;53;58;55;52;54;53;21;1;0;0;0;0;0;5001;0;0;0;0;0;0;0;0;0;0;0;0;0;0;0;0;0;0;0;0;0
1187;马克-阿姆斯特朗;Mark Armstrong;1;0;6;60;61;63;56;54;51;46;62;53;56;56;55;49;53;21;1;0;0;0;0;0;5001;0;0;0;0;0;0;0;0;0;0;0;0;0;0;0;0;0;0;0;0;0
1188;朱达-明茨;Judah Mintz;1;2;6;63;60;60;60;52;40;58;54;60;63;59;59;46;53;22;1;0;0;0;0;0;5001;0;0;0;0;0;0;0;0;0;0;0;0;0;0;0;0;0;0;0;0;0
1189;尼克-穆辛斯基;Nick Muszynski;5;0;6;55;61;57;56;55;59;60;41;62;55;55;55;51;53;26;1;0;0;0;0;0;5001;0;0;0;0;0;0;0;0;0;0;0;0;0;0;0;0;0;0;0;0;0
1190;杰伦-刘易斯;Jalen Lewis;3;4;6;52;52;58;56;68;58;50;56;55;59;58;50;54;53;20;1;0;0;0;0;0;5001;0;0;0;0;0;0;0;0;0;0;0;0;0;0;0;0;0;0;0;0;0
1191;巴巴卡尔-萨内;Babacar Sané;3;0;6;59;58;61;55;54;63;53;50;55;59;52;53;50;52;21;1;0;0;0;0;0;5001;0;0;0;0;0;0;0;0;0;0;0;0;0;0;0;0;0;0;0;0;0
1192;KJ-琼斯二世;KJ Jones II;1;2;6;66;51;65;50;50;48;55;57;50;68;51;56;48;52;25;1;0;0;0;0;0;5001;0;0;0;0;0;0;0;0;0;0;0;0;0;0;0;0;0;0;0;0;0
