image;name;nameBirth;potential;positionFirst;positionSecond;skillPass;skillShotInterior;skillShotExterior;skillShotFree;skillPhysique;skillBlock;skillRebound;skillSteal;tendencyIn;tendencyEx;tendencyFr;ATT;DEF;Ranks;age;draft;info;stateHeight;stateWeight
2001;托德-马克洛奇;Todd MacCulloch;5;5;0;0;0;0;0;0;0;0;0;0;0;0;-25;-25;-25;18;0;0;0;0
2002;特洛伊-威廉姆斯;Troy Williams;5;3;0;0;0;0;0;0;0;0;0;0;0;0;-25;-25;-25;18;0;0;0;0
2003;杰森-马克希尔;Jason Maxiell;5;4;0;0;0;0;0;0;0;0;0;0;0;0;-25;-25;-25;18;0;0;0;0
2004;瓦尼亚-马林科维奇;Vanja Marinkovic;5;2;3;0;0;0;0;0;0;0;0;0;0;0;-25;-25;-25;18;0;0;0;0
2005;卡里姆-马内;Karim Mané;5;1;2;0;0;0;0;0;0;0;0;0;0;0;-25;-25;-25;18;0;0;0;0
2006;昆顿-杰克逊;Quenton Jackson;5;2;3;0;0;0;0;0;0;0;0;0;0;0;-25;-25;-25;18;0;0;0;0
2007;杰特-霍华德;Jett Howard;8;2;0;0;0;0;0;0;0;0;0;0;0;0;-25;-25;-25;18;0;0;0;0
2008;卡洛-马特科维奇;Karlo Matkovic;5;4;5;0;0;0;0;0;0;0;0;0;0;0;-25;-25;-25;18;0;0;0;0
2009;亚历山大-萨尔;Alex Sarr;8;5;0;0;0;0;0;0;0;0;0;0;0;0;-25;-25;-25;18;0;0;0;0
2010;哈罗德-迈纳;Harold Miner;5;2;0;0;0;0;0;0;0;0;0;0;0;0;-25;-25;-25;18;0;0;0;0
2011;阿方索-麦金尼;Alfonzo McKinnie;5;3;4;0;0;0;0;0;0;0;0;0;0;0;-25;-25;-25;18;0;0;0;0
2012;克里斯-麦卡洛;Chris McCullough;5;4;5;0;0;0;0;0;0;0;0;0;0;0;-25;-25;-25;18;0;0;0;0
2013;阿马尔-麦卡斯基尔;Amal McCaskill;5;4;5;0;0;0;0;0;0;0;0;0;0;0;-25;-25;-25;18;0;0;0;0
2014;德里克-麦凯;Derrick McKey;7;3;4;0;0;0;0;0;0;0;0;0;0;0;-25;-25;-25;18;0;0;0;0
2015;鲍伯-麦凯恩;Bob McCann;5;3;4;0;0;0;0;0;0;0;0;0;0;0;-25;-25;-25;18;0;0;0;0
2016;拉沙德-麦坎茨;Rashad McCants;6;2;0;0;0;0;0;0;0;0;0;0;0;0;-25;-25;-25;18;0;0;0;0
2017;马克-麦考恩;Mark Macon;5;2;0;0;0;0;0;0;0;0;0;0;0;0;-25;-25;-25;18;0;0;0;0
2018;克林特-麦克丹尼尔;Clint McDaniel;5;1;0;0;0;0;0;0;0;0;0;0;0;0;-25;-25;-25;18;0;0;0;0
2019;肖恩-麦克德莫特;Sean McDermott;5;3;4;0;0;0;0;0;0;0;0;0;0;0;-25;-25;-25;18;0;0;0;0
2020;雅各布-吉尔亚德;Jacob Gilyard;5;1;0;0;0;0;0;0;0;0;0;0;0;0;-25;-25;-25;18;0;0;0;0
2021;马克-麦克朗;Mac McClung;6;2;1;0;0;0;0;0;0;0;0;0;0;0;-25;-25;-25;18;0;0;0;0
2022;贾奎里-麦克劳克林;JaQuori McLaughlin;5;2;1;0;0;0;0;0;0;0;0;0;0;0;-25;-25;-25;18;0;0;0;0
2023;丹-麦克克林托克;Dan McClintock;5;2;0;0;0;0;0;0;0;0;0;0;0;0;-25;-25;-25;18;0;0;0;0
2024;唐-麦克伦;Don MacLean;5;3;4;0;0;0;0;0;0;0;0;0;0;0;-25;-25;-25;18;0;0;0;0
2025;尼克-曼尼恩;Nico Mannion;5;1;0;0;0;0;0;0;0;0;0;0;0;0;-25;-25;-25;18;0;0;0;0
2026;肖恩-梅;Sean May;5;4;0;0;0;0;0;0;0;0;0;0;0;0;-25;-25;-25;18;0;0;0;0
2027;李-梅贝利;Lee Mayberry;5;1;0;0;0;0;0;0;0;0;0;0;0;0;-25;-25;-25;18;0;0;0;0
2028;萨姆-梅里尔;Sam Merrill;5;2;0;0;0;0;0;0;0;0;0;0;0;0;-25;-25;-25;18;0;0;0;0
2029;弗兰克-梅森;Frank Mason;5;1;0;0;0;0;0;0;0;0;0;0;0;0;-25;-25;-25;18;0;0;0;0
2030;罗杰-梅森;Roger Mason;5;2;0;0;0;0;0;0;0;0;0;0;0;0;-25;-25;-25;18;0;0;0;0
2031;斯凯拉-梅斯;Skylar Mays;5;1;2;0;0;0;0;0;0;0;0;0;0;0;-25;-25;-25;18;0;0;0;0
2032;斯维亚托斯拉夫-米哈伊柳克;Sviatoslav Mykhailiuk;5;2;0;0;0;0;0;0;0;0;0;0;0;0;-25;-25;-25;18;0;0;0;0
2033;杰纳森-威廉姆斯;Nate Williams;5;2;0;0;0;0;0;0;0;0;0;0;0;0;-25;-25;-25;18;0;0;0;0
2034;安东尼-米勒;Anthony Miller;5;4;5;0;0;0;0;0;0;0;0;0;0;0;-25;-25;-25;18;0;0;0;0
2035;昆西-米勒;Quincy Miller;5;3;0;0;0;0;0;0;0;0;0;0;0;0;-25;-25;-25;18;0;0;0;0
2036;马尔科姆-米勒;Malcolm Miller;5;2;3;0;0;0;0;0;0;0;0;0;0;0;-25;-25;-25;18;0;0;0;0
2037;约什-米诺特;Josh Minott;5;4;3;0;0;0;0;0;0;0;0;0;0;0;-25;-25;-25;18;0;0;0;0
2038;纳兹-米特鲁-朗;Naz Mitrou-Long;5;2;1;0;0;0;0;0;0;0;0;0;0;0;-25;-25;-25;18;0;0;0;0
2039;卢卡-米特洛维奇;Luka Mitrovic;5;4;0;0;0;0;0;0;0;0;0;0;0;0;-25;-25;-25;18;0;0;0;0
2040;朱万-摩根;Juwan Morgan;5;3;0;0;0;0;0;0;0;0;0;0;0;0;-25;-25;-25;18;0;0;0;0
2041;劳伦斯-摩腾;Lawrence Moten;5;2;0;0;0;0;0;0;0;0;0;0;0;0;-25;-25;-25;18;0;0;0;0
2042;埃里克-莫布利;Eric Mobley;5;5;0;0;0;0;0;0;0;0;0;0;0;0;-25;-25;-25;18;0;0;0;0
2043;亚当-莫科卡;Adam Mokoka;5;2;1;0;0;0;0;0;0;0;0;0;0;0;-25;-25;-25;18;0;0;0;0
2044;特伦斯-莫里斯;Terence Morris;5;4;0;0;0;0;0;0;0;0;0;0;0;0;-25;-25;-25;18;0;0;0;0
2045;乔纳森-莫特利;Johnathan Motley;5;3;2;0;0;0;0;0;0;0;0;0;0;0;-25;-25;-25;18;0;0;0;0
2046;汉诺-莫托拉;Hanno Möttölä;5;3;0;0;0;0;0;0;0;0;0;0;0;0;-25;-25;-25;18;0;0;0;0
2047;埃里克-默多克;Eric Murdock;5;1;0;0;0;0;0;0;0;0;0;0;0;0;-25;-25;-25;18;0;0;0;0
2048;泽维尔-穆恩;Xavier Moon;5;2;1;0;0;0;0;0;0;0;0;0;0;0;-25;-25;-25;18;0;0;0;0
2049;米查尔-穆尔德;Mychal Mulder;5;2;1;0;0;0;0;0;0;0;0;0;0;0;-25;-25;-25;18;0;0;0;0
2050;马丁-穆尔赛普;Martin Müürsepp;5;4;0;0;0;0;0;0;0;0;0;0;0;0;-25;-25;-25;18;0;0;0;0
2051;罗纳德-穆雷;Ronald Murray;5;2;0;0;0;0;0;0;0;0;0;0;0;0;-25;-25;-25;18;0;0;0;0
2052;马特-穆尼;Matthew Mooney;5;2;1;0;0;0;0;0;0;0;0;0;0;0;-25;-25;-25;18;0;0;0;0
2053;阿卜杜勒-纳迪尔;Abdel Nader;5;3;2;0;0;0;0;0;0;0;0;0;0;0;-25;-25;-25;18;0;0;0;0
2054;波斯简-纳赫巴;Bostjan Nachbar;5;4;0;0;0;0;0;0;0;0;0;0;0;0;-25;-25;-25;18;0;0;0;0
2055;埃东多-纳胡拉;Eduardo Najera;5;4;3;0;0;0;0;0;0;0;0;0;0;0;-25;-25;-25;18;0;0;0;0
2056;齐克-纳吉;Zeke Nnaji;5;5;4;0;0;0;0;0;0;0;0;0;0;0;-25;-25;-25;18;0;0;0;0
2057;李-耐龙;Lee Nailon;5;4;0;0;0;0;0;0;0;0;0;0;0;0;-25;-25;-25;18;0;0;0;0
2058;德梅特里斯-尼克尔斯;Demetris Nichols;5;3;0;0;0;0;0;0;0;0;0;0;0;0;-25;-25;-25;18;0;0;0;0
2059;布拉德-纽利;Brad Newley;5;2;0;0;0;0;0;0;0;0;0;0;0;0;-25;-25;-25;18;0;0;0;0
2060;马利克-纽曼;Malik Newman;5;2;1;0;0;0;0;0;0;0;0;0;0;0;-25;-25;-25;18;0;0;0;0
2061;约翰-纽曼;Johnny Newman;5;3;0;0;0;0;0;0;0;0;0;0;0;0;-25;-25;-25;18;0;0;0;0
2062;穆奇-诺里斯;Moochie Norris;5;1;2;0;0;0;0;0;0;0;0;0;0;0;-25;-25;-25;18;0;0;0;0
2063;小扎克-诺维尔;Zach Norvell;5;2;3;0;0;0;0;0;0;0;0;0;0;0;-25;-25;-25;18;0;0;0;0
2064;塔里克-欧文斯;Tariq Owens;5;3;4;0;0;0;0;0;0;0;0;0;0;0;-25;-25;-25;18;0;0;0;0
2065;贾斯廷-米纳亚;Justin Minaya;5;3;0;0;0;0;0;0;0;0;0;0;0;0;-25;-25;-25;18;0;0;0;0
2066;斯科特-帕吉特;Scott Padgett;5;4;0;0;0;0;0;0;0;0;0;0;0;0;-25;-25;-25;18;0;0;0;0
2067;安东尼-帕克;Anthony Parker;5;2;0;0;0;0;0;0;0;0;0;0;0;0;-25;-25;-25;18;0;0;0;0
2068;科斯塔斯-帕帕尼古拉乌;Kostas Papanikolaou;5;3;0;0;0;0;0;0;0;0;0;0;0;0;-25;-25;-25;18;0;0;0;0
2069;安热伊斯-帕塞奇尼克斯;Anzejs Pasecniks;5;5;4;0;0;0;0;0;0;0;0;0;0;0;-25;-25;-25;18;0;0;0;0
2070;鲁本-帕特森;Ruben Patterson;5;2;3;0;0;0;0;0;0;0;0;0;0;0;-25;-25;-25;18;0;0;0;0
2071;凯文-潘戈斯;Kevin Pangos;5;1;2;0;0;0;0;0;0;0;0;0;0;0;-25;-25;-25;18;0;0;0;0
2072;伊夫-庞斯;Yves Pons;5;3;4;0;0;0;0;0;0;0;0;0;0;0;-25;-25;-25;18;0;0;0;0
2073;多米尼克-庞特;Dominic Pointer;5;2;3;0;0;0;0;0;0;0;0;0;0;0;-25;-25;-25;18;0;0;0;0
2074;德维恩-培根;Dwayne Bacon;5;2;3;0;0;0;0;0;0;0;0;0;0;0;-25;-25;-25;18;0;0;0;0
2075;诺维尔-佩莱;Norvel Pelle;5;4;3;0;0;0;0;0;0;0;0;0;0;0;-25;-25;-25;18;0;0;0;0
2076;埃利奧特-佩里;Elliot Perry;5;1;0;0;0;0;0;0;0;0;0;0;0;0;-25;-25;-25;18;0;0;0;0
2077;蒂姆-佩里;Tim Perry;5;4;0;0;0;0;0;0;0;0;0;0;0;0;-25;-25;-25;18;0;0;0;0
2078;乔汉-佩特洛;Johan Petro;5;5;0;0;0;0;0;0;0;0;0;0;0;0;-25;-25;-25;18;0;0;0;0
2079;蒂姆-皮克特;Tim Pickett;5;2;3;0;0;0;0;0;0;0;0;0;0;0;-25;-25;-25;18;0;0;0;0
2080;杰莫科-皮克特;Jamorko Pickett;5;3;4;0;0;0;0;0;0;0;0;0;0;0;-25;-25;-25;18;0;0;0;0
2081;科斯塔-皮洛维奇;Kosta Perovic;5;5;0;0;0;0;0;0;0;0;0;0;0;0;-25;-25;-25;18;0;0;0;0
2082;莫里斯-皮特森;Morris Peterson;5;2;3;0;0;0;0;0;0;0;0;0;0;0;-25;-25;-25;18;0;0;0;0
2083;艾德-平克尼;Ed Pinckney;5;4;0;0;0;0;0;0;0;0;0;0;0;0;-25;-25;-25;18;0;0;0;0
2084;佐兰-普拉尼尼奇;Zoran Planinic;5;2;3;0;0;0;0;0;0;0;0;0;0;0;-25;-25;-25;18;0;0;0;0
2085;AJ-普莱斯;A.J. Price;5;1;0;0;0;0;0;0;0;0;0;0;0;0;-25;-25;-25;18;0;0;0;0
2086;布伦特-普莱斯;Brent Price;5;1;0;0;0;0;0;0;0;0;0;0;0;0;-25;-25;-25;18;0;0;0;0
2087;特伦特-普莱斯特德;Trent Plaisted;5;4;5;0;0;0;0;0;0;0;0;0;0;0;-25;-25;-25;18;0;0;0;0
2088;杰森-普雷斯顿;Jason Preston;5;1;0;0;0;0;0;0;0;0;0;0;0;0;-25;-25;-25;18;0;0;0;0
2089;约书亚-普里莫;Joshua Primo;6;2;0;0;0;0;0;0;0;0;0;0;0;0;-25;-25;-25;18;0;0;0;0
2090;乔治-普林特基斯;Georgios Printezis;5;3;0;0;0;0;0;0;0;0;0;0;0;0;-25;-25;-25;18;0;0;0;0
2091;拉龙-普罗菲特;Laron Profit;5;2;0;0;0;0;0;0;0;0;0;0;0;0;-25;-25;-25;18;0;0;0;0
2092;加布里埃莱-普罗奇达;Gabriele Procida;5;2;0;0;0;0;0;0;0;0;0;0;0;0;-25;-25;-25;18;0;0;0;0
2093;樊尚-普瓦里耶;Vincent Poirier;5;4;5;0;0;0;0;0;0;0;0;0;0;0;-25;-25;-25;18;0;0;0;0
2094;乔治-齐代克;George Zidek;5;5;0;0;0;0;0;0;0;0;0;0;0;0;-25;-25;-25;18;0;0;0;0
2095;斯蒂芬-齐默尔曼;Stephen Zimmerman;5;4;5;0;0;0;0;0;0;0;0;0;0;0;-25;-25;-25;18;0;0;0;0
2096;克里斯-奇奥萨;Chris Chiozza;5;1;2;0;0;0;0;0;0;0;0;0;0;0;-25;-25;-25;18;0;0;0;0
2097;泽尔-奇特汉;Zylan Cheatham;5;3;2;0;0;0;0;0;0;0;0;0;0;0;-25;-25;-25;18;0;0;0;0
2098;约翰-巴特勒;John Butler;5;5;0;0;0;0;0;0;0;0;0;0;0;0;-25;-25;-25;18;0;0;0;0
2099;以赛亚-乔;Isaiah Joe;7;2;3;0;0;0;0;0;0;0;0;0;0;0;-25;-25;-25;18;0;0;0;0
2100;鲍比-琼斯;Bobby Jones;5;3;0;0;0;0;0;0;0;0;0;0;0;0;-25;-25;-25;18;0;0;0;0
2101;查尔斯-琼斯;Charles Jones;5;5;0;0;0;0;0;0;0;0;0;0;0;0;-25;-25;-25;18;0;0;0;0
2102;多塔尔-琼斯;Dontae' Antijuaine Jones;5;4;0;0;0;0;0;0;0;0;0;0;0;0;-25;-25;-25;18;0;0;0;0
2103;所罗门-琼斯;Solomon Jones;5;4;0;0;0;0;0;0;0;0;0;0;0;0;-25;-25;-25;18;0;0;0;0
2104;朱梅因-琼斯;Jumaine Jones;5;3;4;0;0;0;0;0;0;0;0;0;0;0;-25;-25;-25;18;0;0;0;0
2105;安特-日日奇;Ante Žižić;5;5;0;0;0;0;0;0;0;0;0;0;0;0;-25;-25;-25;18;0;0;0;0
2106;JR-瑞德;J.R. Reid;5;4;0;0;0;0;0;0;0;0;0;0;0;0;-25;-25;-25;18;0;0;0;0
2107;奥利维尔-萨尔;Olivier Sarr;5;5;0;0;0;0;0;0;0;0;0;0;0;0;-25;-25;-25;18;0;0;0;0
2108;索马利亚-萨马基;Soumaila Samake;5;5;0;0;0;0;0;0;0;0;0;0;0;0;-25;-25;-25;18;0;0;0;0
2109;莱斯特-基诺内斯;Lester Quinones;5;2;0;0;0;0;0;0;0;0;0;0;0;0;-25;-25;-25;18;0;0;0;0
2110;贾森-萨瑟;Jason Sasser;5;3;0;0;0;0;0;0;0;0;0;0;0;0;-25;-25;-25;18;0;0;0;0
2111;韦恩-塞尔登;Wayne Selden Jr.;5;2;3;0;0;0;0;0;0;0;0;0;0;0;-25;-25;-25;18;0;0;0;0
2112;凯弗-塞克斯;Keifer Sykes;5;2;1;0;0;0;0;0;0;0;0;0;0;0;-25;-25;-25;18;0;0;0;0
2113;拉蒙-塞申斯;Ramon Sessions;6;1;0;0;0;0;0;0;0;0;0;0;0;0;-25;-25;-25;18;0;0;0;0
2114;泽维尔-库克斯;Xavier Cooks;5;4;0;0;0;0;0;0;0;0;0;0;0;0;-25;-25;-25;18;0;0;0;0
2115;布拉洛-桑德夫;Bruno Sundov;5;5;0;0;0;0;0;0;0;0;0;0;0;0;-25;-25;-25;18;0;0;0;0
2116;亚卡尔-桑普森;Jakarr Sampson;5;4;3;0;0;0;0;0;0;0;0;0;0;0;-25;-25;-25;18;0;0;0;0
2117;桂-桑托斯;Gui Santos;5;3;4;0;0;0;0;0;0;0;0;0;0;0;-25;-25;-25;18;0;0;0;0
2118;安东尼-莫罗;Anthony Morrow;6;2;0;0;0;0;0;0;0;0;0;0;0;0;-25;-25;-25;18;0;0;0;0
2119;雷迪达斯-瑟布蒂斯;Renaldas Seibutis;5;2;0;0;0;0;0;0;0;0;0;0;0;0;-25;-25;-25;18;0;0;0;0
2120;马里亚尔-沙约克;Marial Shayok;5;2;3;0;0;0;0;0;0;0;0;0;0;0;-25;-25;-25;18;0;0;0;0
2121;高德-山姆高德;God Shammgod;5;1;2;0;0;0;0;0;0;0;0;0;0;0;-25;-25;-25;18;0;0;0;0
2122;贾斯汀-尚帕尼;Justin Champagnie;5;3;2;0;0;0;0;0;0;0;0;0;0;0;-25;-25;-25;18;0;0;0;0
2123;托尔尼克-申格利亚;Tornike Shengelia;5;3;0;0;0;0;0;0;0;0;0;0;0;0;-25;-25;-25;18;0;0;0;0
2124;绍柳斯-什托姆贝尔加斯;Saulius Štombergas;5;3;2;0;0;0;0;0;0;0;0;0;0;0;-25;-25;-25;18;0;0;0;0
2125;查尔斯-史密斯;Charles Cornelius Smith;5;2;0;0;0;0;0;0;0;0;0;0;0;0;-25;-25;-25;18;0;0;0;0
2126;查尔斯-史密斯;Charles Daniel Smith;5;3;4;0;0;0;0;0;0;0;0;0;0;0;-25;-25;-25;18;0;0;0;0
2127;道格-史密斯;Doug Smith;5;3;0;0;0;0;0;0;0;0;0;0;0;0;-25;-25;-25;18;0;0;0;0
2128;贾森-史密斯;Jason Smith;5;4;0;0;0;0;0;0;0;0;0;0;0;0;-25;-25;-25;18;0;0;0;0
2129;克里斯-史密斯;Sean Christian Smith;5;4;3;0;0;0;0;0;0;0;0;0;0;0;-25;-25;-25;18;0;0;0;0
2130;迈克尔-史密斯;Michael John Smith;5;3;0;0;0;0;0;0;0;0;0;0;0;0;-25;-25;-25;18;0;0;0;0
2131;扎伊尔-史密斯;Zhaire Smith;5;2;0;0;0;0;0;0;0;0;0;0;0;0;-25;-25;-25;18;0;0;0;0
2132;雷-斯波尔丁;Ray Spalding;5;3;4;0;0;0;0;0;0;0;0;0;0;0;-25;-25;-25;18;0;0;0;0
2133;弗拉迪米尔-斯蒂潘尼亚;Vladimir Stepania;5;5;0;0;0;0;0;0;0;0;0;0;0;0;-25;-25;-25;18;0;0;0;0
2134;尼克罗兹-斯哥蒂什维利;Nikoloz Tskitishvili;5;5;0;0;0;0;0;0;0;0;0;0;0;0;-25;-25;-25;18;0;0;0;0
2135;布莱恩-斯金纳;Brian Skinner;5;4;3;0;0;0;0;0;0;0;0;0;0;0;-25;-25;-25;18;0;0;0;0
2136;阿德米拉尔-斯科菲尔德;Admiral Schofield;5;3;2;0;0;0;0;0;0;0;0;0;0;0;-25;-25;-25;18;0;0;0;0
2137;索夫克里斯-斯科塞尼提斯;Sofoklis Schortsanitis;5;5;0;0;0;0;0;0;0;0;0;0;0;0;-25;-25;-25;18;0;0;0;0
2138;拜伦-斯科特;Byron Scott;5;2;0;0;0;0;0;0;0;0;0;0;0;0;-25;-25;-25;18;0;0;0;0
2139;杰伊-斯库布;Jay Scrubb;5;2;3;0;0;0;0;0;0;0;0;0;0;0;-25;-25;-25;18;0;0;0;0
2140;雷杰-斯莱特;Reggie Slater;5;4;3;0;0;0;0;0;0;0;0;0;0;0;-25;-25;-25;18;0;0;0;0
2141;特马尔-斯利;Tamar Slay;5;2;3;0;0;0;0;0;0;0;0;0;0;0;-25;-25;-25;18;0;0;0;0
2142;尤洛斯-斯洛卡;Uros Slokar;5;4;0;0;0;0;0;0;0;0;0;0;0;0;-25;-25;-25;18;0;0;0;0
2143;泽维尔-斯尼德;Xavier Sneed;5;2;3;0;0;0;0;0;0;0;0;0;0;0;-25;-25;-25;18;0;0;0;0
2144;马泰奥-斯帕尼奥洛;Matteo Spagnolo;5;1;0;0;0;0;0;0;0;0;0;0;0;0;-25;-25;-25;18;0;0;0;0
2145;奥马里-斯佩尔曼;Omari Spellman;5;4;0;0;0;0;0;0;0;0;0;0;0;0;-25;-25;-25;18;0;0;0;0
2146;卡修斯-斯坦利;Cassius Stanley;5;3;2;0;0;0;0;0;0;0;0;0;0;0;-25;-25;-25;18;0;0;0;0
2147;德雷克-斯特朗;Derek Strong;5;4;5;0;0;0;0;0;0;0;0;0;0;0;-25;-25;-25;18;0;0;0;0
2148;DJ-斯特罗贝里;DJ Strawberry;5;1;2;0;0;0;0;0;0;0;0;0;0;0;-25;-25;-25;18;0;0;0;0
2149;拉里-斯图尔特;Larry Stewart;5;4;0;0;0;0;0;0;0;0;0;0;0;0;-25;-25;-25;18;0;0;0;0
2150;凯莱布-斯瓦尼根;Caleb Swanigan;5;4;5;0;0;0;0;0;0;0;0;0;0;0;-25;-25;-25;18;0;0;0;0
2151;迈克尔-斯维特尼;Michael Sweetney;5;3;0;0;0;0;0;0;0;0;0;0;0;0;-25;-25;-25;18;0;0;0;0
2152;雷琼-塔克;Rayjon Tucker;5;2;3;0;0;0;0;0;0;0;0;0;0;0;-25;-25;-25;18;0;0;0;0
2153;迈克-泰勒;Mike Taylor;5;1;2;0;0;0;0;0;0;0;0;0;0;0;-25;-25;-25;18;0;0;0;0
2154;莫里斯-泰勒;Maurice Taylor;5;4;0;0;0;0;0;0;0;0;0;0;0;0;-25;-25;-25;18;0;0;0;0
2155;特雷-汤普金斯;Trey Thompkins;5;4;0;0;0;0;0;0;0;0;0;0;0;0;-25;-25;-25;18;0;0;0;0
2156;布鲁克斯-汤普森;Brooks Thompson;5;1;2;0;0;0;0;0;0;0;0;0;0;0;-25;-25;-25;18;0;0;0;0
2157;迪昂-汤普森;Dijon Thompson;5;2;3;0;0;0;0;0;0;0;0;0;0;0;-25;-25;-25;18;0;0;0;0
2158;卢克-特拉弗斯;Luke Travers;6;2;3;0;0;0;0;0;0;0;0;0;0;0;-25;-25;-25;18;0;0;0;0
2159;塞戴尔-特莱特;Sedale Threatt;5;1;0;0;0;0;0;0;0;0;0;0;0;0;-25;-25;-25;18;0;0;0;0
2160;雷肖恩-特里;Reyshawn Terry;5;3;0;0;0;0;0;0;0;0;0;0;0;0;-25;-25;-25;18;0;0;0;0
2161;泰雷尔-特里;Tyrell Terry;5;1;0;0;0;0;0;0;0;0;0;0;0;0;-25;-25;-25;18;0;0;0;0
2162;阿朗佐-特里尔;Allonzo Trier;5;2;1;0;0;0;0;0;0;0;0;0;0;0;-25;-25;-25;18;0;0;0;0
2163;瓦伊曼-提斯代尔;Wayman Tisdale;5;4;5;0;0;0;0;0;0;0;0;0;0;0;-25;-25;-25;18;0;0;0;0
2164;安迪-图尔森;Andy Toolson;5;2;0;0;0;0;0;0;0;0;0;0;0;0;-25;-25;-25;18;0;0;0;0
2165;阿克塞尔-图帕内;Axel Toupane;5;2;3;0;0;0;0;0;0;0;0;0;0;0;-25;-25;-25;18;0;0;0;0
2166;JP-托克托;J.P. Tokoto;5;3;0;0;0;0;0;0;0;0;0;0;0;0;-25;-25;-25;18;0;0;0;0
2167;德扬-托马舍维奇;Dejan Tomašević;5;5;0;0;0;0;0;0;0;0;0;0;0;0;-25;-25;-25;18;0;0;0;0
2168;布罗德里克-托马斯;Brodric Thomas;5;2;1;0;0;0;0;0;0;0;0;0;0;0;-25;-25;-25;18;0;0;0;0
2169;凯里-托马斯;Khyri Thomas;5;2;1;0;0;0;0;0;0;0;0;0;0;0;-25;-25;-25;18;0;0;0;0
2170;肯尼-托马斯;Kenny Thomas;5;3;0;0;0;0;0;0;0;0;0;0;0;0;-25;-25;-25;18;0;0;0;0
2171;马特-托马斯;Matt Thomas;5;2;1;0;0;0;0;0;0;0;0;0;0;0;-25;-25;-25;18;0;0;0;0
2172;伊坦-托马斯;Etan Thomas;5;5;0;0;0;0;0;0;0;0;0;0;0;0;-25;-25;-25;18;0;0;0;0
2173;约翰-托马斯;John Thomas;5;4;3;0;0;0;0;0;0;0;0;0;0;0;-25;-25;-25;18;0;0;0;0
2174;米伦科-托皮奇;Milenko Topić;5;4;5;0;0;0;0;0;0;0;0;0;0;0;-25;-25;-25;18;0;0;0;0
2175;达胡安-瓦格纳;Dajuan Wagner;5;1;2;0;0;0;0;0;0;0;0;0;0;0;-25;-25;-25;18;0;0;0;0
2176;莫里茨-瓦格纳;Moritz Wagner;7;5;4;0;0;0;0;0;0;0;0;0;0;0;-25;-25;-25;18;0;0;0;0
2177;杰拉德-威尔金斯;Gerald Wilkins;5;3;2;0;0;0;0;0;0;0;0;0;0;0;-25;-25;-25;18;0;0;0;0
2178;克里斯-威尔考克斯;Chris Wilcox;5;4;0;0;0;0;0;0;0;0;0;0;0;0;-25;-25;-25;18;0;0;0;0
2179;林德尔-威金顿;Lindell Wigginton;5;1;2;0;0;0;0;0;0;0;0;0;0;0;-25;-25;-25;18;0;0;0;0
2180;阿尔文-威廉姆斯;Alvin Williams;5;2;1;0;0;0;0;0;0;0;0;0;0;0;-25;-25;-25;18;0;0;0;0
2181;布兰顿-威廉姆斯;Brandon Williams;5;1;2;0;0;0;0;0;0;0;0;0;0;0;-25;-25;-25;18;0;0;0;0
2182;赫伯-威廉姆斯;Herb Williams;5;5;4;0;0;0;0;0;0;0;0;0;0;0;-25;-25;-25;18;0;0;0;0
2183;杰伊-威廉姆斯;Jay Williams;5;1;2;0;0;0;0;0;0;0;0;0;0;0;-25;-25;-25;18;0;0;0;0
2184;罗伦佐-威廉姆斯;Lorenzo Williams;5;5;4;0;0;0;0;0;0;0;0;0;0;0;-25;-25;-25;18;0;0;0;0
2185;蒙蒂-威廉姆斯;Monty Williams;5;3;4;0;0;0;0;0;0;0;0;0;0;0;-25;-25;-25;18;0;0;0;0
2186;米切尔-威廉姆斯;Micheal Douglas Williams;5;1;0;0;0;0;0;0;0;0;0;0;0;0;-25;-25;-25;18;0;0;0;0
2187;尼格尔-威廉姆斯-戈斯;Nigel Williams-Goss;5;1;2;0;0;0;0;0;0;0;0;0;0;0;-25;-25;-25;18;0;0;0;0
2188;乔丹-威廉姆斯;Jordan Williams;5;4;0;0;0;0;0;0;0;0;0;0;0;0;-25;-25;-25;18;0;0;0;0
2189;乔纳森-威廉姆斯;Johnathan Williams;5;4;3;0;0;0;0;0;0;0;0;0;0;0;-25;-25;-25;18;0;0;0;0
2190;沙蒙德-威廉姆斯;Shammond Williams;5;1;2;0;0;0;0;0;0;0;0;0;0;0;-25;-25;-25;18;0;0;0;0
2191;斯格特-威廉姆斯;Scott Williams;5;4;5;0;0;0;0;0;0;0;0;0;0;0;-25;-25;-25;18;0;0;0;0
2192;雅克赫巴-迪亚瓦拉;Yakhouba Diawara;5;2;3;0;0;0;0;0;0;0;0;0;0;0;-25;-25;-25;18;0;0;0;0
2193;索尼-威姆斯;Clarence Weems;5;1;2;0;0;0;0;0;0;0;0;0;0;0;-25;-25;-25;18;0;0;0;0
2194;克莱伦斯-威瑟斯庞;Clarence Weatherspoon;5;4;3;0;0;0;0;0;0;0;0;0;0;0;-25;-25;-25;18;0;0;0;0
2195;杰夫-韦伯斯特;Jeff Webster;5;4;3;0;0;0;0;0;0;0;0;0;0;0;-25;-25;-25;18;0;0;0;0
2196;马泰尔-韦伯斯特;Martell Webster;5;2;3;0;0;0;0;0;0;0;0;0;0;0;-25;-25;-25;18;0;0;0;0
2197;伊什-韦恩莱特;Ish Wainright;5;4;3;0;0;0;0;0;0;0;0;0;0;0;-25;-25;-25;18;0;0;0;0
2198;托马斯-韦尔什;Thomas Welsh;5;5;0;0;0;0;0;0;0;0;0;0;0;0;-25;-25;-25;18;0;0;0;0
2199;奎因达里-韦瑟斯庞;Quinndary Weatherspoon;5;2;1;0;0;0;0;0;0;0;0;0;0;0;-25;-25;-25;18;0;0;0;0
2200;德隆蒂-韦斯特;Delonte West;5;2;1;0;0;0;0;0;0;0;0;0;0;0;-25;-25;-25;18;0;0;0;0
2201;卢卡-维尔多萨;Luca Vildoza;5;2;1;0;0;0;0;0;0;0;0;0;0;0;-25;-25;-25;18;0;0;0;0
2202;查理-维兰纽瓦;Charlie Villanueva;6;4;5;0;0;0;0;0;0;0;0;0;0;0;-25;-25;-25;18;0;0;0;0
2203;乔-维斯坎普;Joe Wieskamp;5;2;3;0;0;0;0;0;0;0;0;0;0;0;-25;-25;-25;18;0;0;0;0
2204;唐图尼奥-温菲尔德;Dontonio Wingfield;5;3;0;0;0;0;0;0;0;0;0;0;0;0;-25;-25;-25;18;0;0;0;0
2205;大卫-温盖特;David Wingate;5;3;2;0;0;0;0;0;0;0;0;0;0;0;-25;-25;-25;18;0;0;0;0
2206;马库斯-文尼休斯;Marcus Vinicius;5;3;0;0;0;0;0;0;0;0;0;0;0;0;-25;-25;-25;18;0;0;0;0
2207;查理-沃德;Charlie Ward;5;1;0;0;0;0;0;0;0;0;0;0;0;0;-25;-25;-25;18;0;0;0;0
2208;大卫-沃恩;David Vaughn;5;4;0;0;0;0;0;0;0;0;0;0;0;0;-25;-25;-25;18;0;0;0;0
2209;杰伦-胡德-希菲诺;Jalen Hood-Schifino;6;1;2;0;0;0;0;0;0;0;0;0;0;0;-25;-25;-25;18;0;0;0;0
2210;拉沙德-沃恩;Rashad Vaughn;5;2;3;0;0;0;0;0;0;0;0;0;0;0;-25;-25;-25;18;0;0;0;0
2211;乔-沃尔夫;Joe Wolf;5;5;0;0;0;0;0;0;0;0;0;0;0;0;-25;-25;-25;18;0;0;0;0
2212;乔-沃格尔;Joe Vogel;5;5;0;0;0;0;0;0;0;0;0;0;0;0;-25;-25;-25;18;0;0;0;0
2213;贾巴里-沃克;Jabari Walker;5;3;4;0;0;0;0;0;0;0;0;0;0;0;-25;-25;-25;18;0;0;0;0
2214;朗尼-沃克;Lonnie Walker;6;1;2;0;0;0;0;0;0;0;0;0;0;0;-25;-25;-25;18;0;0;0;0
2215;海伍德-沃克曼;Haywoode Workman;5;1;0;0;0;0;0;0;0;0;0;0;0;0;-25;-25;-25;18;0;0;0;0
2216;乔丹-沃拉;Jordan Nwora;6;4;3;0;0;0;0;0;0;0;0;0;0;0;-25;-25;-25;18;0;0;0;0
2217;杰克-沃斯库尔;Jake Voskuhl;5;5;0;0;0;0;0;0;0;0;0;0;0;0;-25;-25;-25;18;0;0;0;0
2218;特伦登-沃特福特;Trendon Watford;6;4;3;0;0;0;0;0;0;0;0;0;0;0;-25;-25;-25;18;0;0;0;0
2219;保罗-沃特森;Paul Watson;5;2;1;0;0;0;0;0;0;0;0;0;0;0;-25;-25;-25;18;0;0;0;0
2220;贾米尔-沃特森;Jamie Watson;5;3;2;0;0;0;0;0;0;0;0;0;0;0;-25;-25;-25;18;0;0;0;0
2221;特里蒙特-沃特斯;Tremont Waters;5;1;2;0;0;0;0;0;0;0;0;0;0;0;-25;-25;-25;18;0;0;0;0
2222;罗伯特-伍达德;Robert Woodard II;5;4;5;0;0;0;0;0;0;0;0;0;0;0;-25;-25;-25;18;0;0;0;0
2223;大卫-伍德;David Wood;5;4;3;0;0;0;0;0;0;0;0;0;0;0;-25;-25;-25;18;0;0;0;0
2224;罗科-伍基奇;Roko Ukić;5;2;0;0;0;0;0;0;0;0;0;0;0;0;-25;-25;-25;18;0;0;0;0
2225;昆特尔-伍兹;Qyntel Woods;5;3;4;0;0;0;0;0;0;0;0;0;0;0;-25;-25;-25;18;0;0;0;0
2226;劳伦-伍兹;Loren Woods;5;4;5;0;0;0;0;0;0;0;0;0;0;0;-25;-25;-25;18;0;0;0;0
2227;戴维达斯-西尔维迪斯;Deividas Sirvydis;5;3;2;0;0;0;0;0;0;0;0;0;0;0;-25;-25;-25;18;0;0;0;0
2228;鲍比-西蒙斯;Bobby Simmons;5;2;3;0;0;0;0;0;0;0;0;0;0;0;-25;-25;-25;18;0;0;0;0
2229;科比-西蒙斯;Kobi Simmons;5;1;2;0;0;0;0;0;0;0;0;0;0;0;-25;-25;-25;18;0;0;0;0
2230;莱昂内尔-西蒙斯;Lionel Simmons;5;3;0;0;0;0;0;0;0;0;0;0;0;0;-25;-25;-25;18;0;0;0;0
2231;塞德里克-西蒙斯;Cedric Simmons;5;4;0;0;0;0;0;0;0;0;0;0;0;0;-25;-25;-25;18;0;0;0;0
2232;赫伯特-希尔;Herbert Hill;5;4;0;0;0;0;0;0;0;0;0;0;0;0;-25;-25;-25;18;0;0;0;0
2233;达伦-希尔拉德;Darrun Hilliard;5;2;3;0;0;0;0;0;0;0;0;0;0;0;-25;-25;-25;18;0;0;0;0
2234;马里克-希利;Malik Sealy;5;2;3;0;0;0;0;0;0;0;0;0;0;0;-25;-25;-25;18;0;0;0;0
2235;拉扬-吕佩尔;Rayan Rupert;6;2;0;0;0;0;0;0;0;0;0;0;0;0;-25;-25;-25;18;0;0;0;0
2236;沃尔特-夏普;Walter Sharpe;5;4;0;0;0;0;0;0;0;0;0;0;0;0;-25;-25;-25;18;0;0;0;0
2237;史蒂夫-谢夫勒;Steve Scheffler;5;5;4;0;0;0;0;0;0;0;0;0;0;0;-25;-25;-25;18;0;0;0;0
2238;内特-辛顿;Nate Hinton;5;2;3;0;0;0;0;0;0;0;0;0;0;0;-25;-25;-25;18;0;0;0;0
2239;萨特南-辛格-巴马拉;Satnam Singh Bhamara;5;5;0;0;0;0;0;0;0;0;0;0;0;0;-25;-25;-25;18;0;0;0;0
2240;凯尔-辛格勒;Kyle Singler;5;3;0;0;0;0;0;0;0;0;0;0;0;0;-25;-25;-25;18;0;0;0;0
2241;肖恩-辛格特里;Sean Singletary;5;2;1;0;0;0;0;0;0;0;0;0;0;0;-25;-25;-25;18;0;0;0;0
2242;拜伦-休斯顿;Byron Houston;5;3;0;0;0;0;0;0;0;0;0;0;0;0;-25;-25;-25;18;0;0;0;0
2243;萨姆-雅各布森;Sam Jacobson;5;2;3;0;0;0;0;0;0;0;0;0;0;0;-25;-25;-25;18;0;0;0;0
2244;凯西-雅克布森;Casey Jacobsen;5;2;3;0;0;0;0;0;0;0;0;0;0;0;-25;-25;-25;18;0;0;0;0
2245;文森特-亚伯勒;Vincent Yarbrough;5;2;3;0;0;0;0;0;0;0;0;0;0;0;-25;-25;-25;18;0;0;0;0
2246;杰伦-亚当斯;Jaylen Adams;5;1;2;0;0;0;0;0;0;0;0;0;0;0;-25;-25;-25;18;0;0;0;0
2247;迈克尔-亚当斯;Michael Adams;5;1;0;0;0;0;0;0;0;0;0;0;0;0;-25;-25;-25;18;0;0;0;0
2248;罗伯卡斯-亚夫托卡斯;Robertas Javtokas;5;5;0;0;0;0;0;0;0;0;0;0;0;0;-25;-25;-25;18;0;0;0;0
2249;凯尔-亚历山大;Kyle Alexander;5;3;4;0;0;0;0;0;0;0;0;0;0;0;-25;-25;-25;18;0;0;0;0
2250;康特尼-亚历山大;Courtney Alexander;5;2;0;0;0;0;0;0;0;0;0;0;0;0;-25;-25;-25;18;0;0;0;0
2251;科里-亚历山大;Cory Alexander;5;1;0;0;0;0;0;0;0;0;0;0;0;0;-25;-25;-25;18;0;0;0;0
2252;泰肖恩-亚历山大;Ty-Shon Alexander;5;1;2;0;0;0;0;0;0;0;0;0;0;0;-25;-25;-25;18;0;0;0;0
2253;维克多-亚历山大;Victor Alexander;5;5;0;0;0;0;0;0;0;0;0;0;0;0;-25;-25;-25;18;0;0;0;0
2254;约瑟夫-杨;Joseph Young;5;1;0;0;0;0;0;0;0;0;0;0;0;0;-25;-25;-25;18;0;0;0;0
2255;杜峰;Du Feng;8;4;0;0;0;0;0;0;0;0;0;0;0;0;-25;-25;-25;18;0;0;0;0
2256;贾罗德-尤托夫;Jarrod Uthoff;5;4;3;0;0;0;0;0;0;0;0;0;0;0;-25;-25;-25;18;0;0;0;0
2257;小帕特里克-尤因;Patrick Ewing Jr.;5;3;4;0;0;0;0;0;0;0;0;0;0;0;-25;-25;-25;18;0;0;0;0
2258;BJ-约翰逊;B.J. Johnson;5;3;4;0;0;0;0;0;0;0;0;0;0;0;-25;-25;-25;18;0;0;0;0
2259;埃尔文-约翰逊;Ervin Johnson;5;5;0;0;0;0;0;0;0;0;0;0;0;0;-25;-25;-25;18;0;0;0;0
2260;达卡里-约翰逊;Dakari Johnson;5;4;0;0;0;0;0;0;0;0;0;0;0;0;-25;-25;-25;18;0;0;0;0
2261;达柳斯-约翰逊-奥多姆;Darius Johnson-Odom;5;2;0;0;0;0;0;0;0;0;0;0;0;0;-25;-25;-25;18;0;0;0;0
2262;大卫-约翰逊;David Johnson;5;1;2;0;0;0;0;0;0;0;0;0;0;0;-25;-25;-25;18;0;0;0;0
2263;德马克-约翰逊;DeMarco Johnson;5;4;0;0;0;0;0;0;0;0;0;0;0;0;-25;-25;-25;18;0;0;0;0
2264;肯-约翰逊;Kenyatta Allen Johnson;5;4;5;0;0;0;0;0;0;0;0;0;0;0;-25;-25;-25;18;0;0;0;0
2265;亚历山大-约翰逊;Alexander Johnson;5;4;3;0;0;0;0;0;0;0;0;0;0;0;-25;-25;-25;18;0;0;0;0
2266;罗卡斯-约库拜蒂斯;Rokas Jokubaitis;5;1;2;0;0;0;0;0;0;0;0;0;0;0;-25;-25;-25;18;0;0;0;0
2267;马库斯-泽加罗斯基;Marcus Zegarowski;5;1;2;0;0;0;0;0;0;0;0;0;0;0;-25;-25;-25;18;0;0;0;0
2268;贾斯廷-詹姆斯;Justin James;5;2;3;0;0;0;0;0;0;0;0;0;0;0;-25;-25;-25;18;0;0;0;0
2269;明道加斯-祖考斯卡斯;Mindaugas Zukauskas;5;3;2;0;0;0;0;0;0;0;0;0;0;0;-25;-25;-25;18;0;0;0;0
2270;欧乌雷利乌斯-祖考斯卡斯;Eurelijus Žukauskas;5;5;0;0;0;0;0;0;0;0;0;0;0;0;-25;-25;-25;18;0;0;0;0
2271;托米斯拉夫-佐比奇;Tomislav Zubcic;5;3;0;0;0;0;0;0;0;0;0;0;0;0;-25;-25;-25;18;0;0;0;0
2272;里基-索伯斯;Ricky Sobers;7;2;0;0;0;0;0;0;0;0;0;0;0;0;-25;-25;-25;18;0;0;0;0
2273;杰夫-卢兰德;Jeff Ruland;8;5;0;0;0;0;0;0;0;0;0;0;0;0;-25;-25;-25;18;0;0;0;0
2274;汤姆-麦克米伦;Tom McMillen;7;5;0;0;0;0;0;0;0;0;0;0;0;0;-25;-25;-25;18;0;0;0;0
2275;格雷格-巴拉德;Gregory Ballard;5;4;0;0;0;0;0;0;0;0;0;0;0;0;-25;-25;-25;18;0;0;0;0
2276;弗兰克-约翰逊;Frank Johnson;7;1;2;0;0;0;0;0;0;0;0;0;0;0;-25;-25;-25;18;0;0;0;0
2277;瑟尔-贝利;Thurl Bailey;7;5;4;0;0;0;0;0;0;0;0;0;0;0;-25;-25;-25;18;0;0;0;0
2278;约翰-德鲁;John Drew;7;3;2;0;0;0;0;0;0;0;0;0;0;0;-25;-25;-25;18;0;0;0;0
2279;达雷尔-格里菲斯;Darrell Griffith;8;2;3;0;0;0;0;0;0;0;0;0;0;0;-25;-25;-25;18;0;0;0;0
2280;里基-格林;Rickey Green;7;1;0;0;0;0;0;0;0;0;0;0;0;0;-25;-25;-25;18;0;0;0;0
2281;杰夫-威尔金斯;Jeff Wilkins;7;4;0;0;0;0;0;0;0;0;0;0;0;0;-25;-25;-25;18;0;0;0;0
2282;鲍勃-汉森;Bob Hansen;6;1;2;0;0;0;0;0;0;0;0;0;0;0;-25;-25;-25;18;0;0;0;0
2283;马克-伊顿;Mark Eaton;8;5;0;0;0;0;0;0;0;0;0;0;0;0;-25;-25;-25;18;0;0;0;0
2284;迈克-米切尔;Michael Mitchell;7;4;5;0;0;0;0;0;0;0;0;0;0;0;-25;-25;-25;18;0;0;0;0
2285;阿尔提尔-吉尔莫尔;Artis Gilmore;10;5;4;0;0;0;0;0;0;0;0;0;0;0;-25;-25;-25;18;0;0;0;0
2286;约翰-卢卡斯二世;John Lucas II;9;1;0;0;0;0;0;0;0;0;0;0;0;0;-25;-25;-25;18;0;0;0;0
2287;杰纳-班克斯;Gene Banks;7;2;3;0;0;0;0;0;0;0;0;0;0;0;-25;-25;-25;18;0;0;0;0
2288;埃德加-琼斯;Edgar Jones;7;5;4;0;0;0;0;0;0;0;0;0;0;0;-25;-25;-25;18;0;0;0;0
2289;约翰尼-摩尔;Johnny Moore;6;1;0;0;0;0;0;0;0;0;0;0;0;0;-25;-25;-25;18;0;0;0;0
2290;凯文-威廉姆斯;Kevin Williams;6;3;2;0;0;0;0;0;0;0;0;0;0;0;-25;-25;-25;18;0;0;0;0
2291;约翰-帕克森;John Paxson;5;1;2;0;0;0;0;0;0;0;0;0;0;0;-25;-25;-25;18;0;0;0;0
2292;麦克-麦克纳玛纳;Mark McNamara;6;5;0;0;0;0;0;0;0;0;0;0;0;0;-25;-25;-25;18;0;0;0;0
2293;罗恩-布鲁尔;Ron Brewer;6;2;0;0;0;0;0;0;0;0;0;0;0;0;-25;-25;-25;18;0;0;0;0
2294;拉萨尔-汤普森;LaSalle Thompson;7;5;4;0;0;0;0;0;0;0;0;0;0;0;-25;-25;-25;18;0;0;0;0
2295;拉里-德鲁;Larry Drew;7;1;2;0;0;0;0;0;0;0;0;0;0;0;-25;-25;-25;18;0;0;0;0
2296;乔-梅里维尔瑟;Joe Meriweather;7;5;0;0;0;0;0;0;0;0;0;0;0;0;-25;-25;-25;18;0;0;0;0
2297;雷杰-瑟乌斯;Reggie Theus;7;2;1;0;0;0;0;0;0;0;0;0;0;0;-25;-25;-25;18;0;0;0;0
2298;比利-奈特;Billy Knight;7;2;3;0;0;0;0;0;0;0;0;0;0;0;-25;-25;-25;18;0;0;0;0
2299;迈克-伍德森;Mike Woodson;7;2;3;0;0;0;0;0;0;0;0;0;0;0;-25;-25;-25;18;0;0;0;0
2300;艾德-内里;Eddie Nealy;5;4;3;0;0;0;0;0;0;0;0;0;0;0;-25;-25;-25;18;0;0;0;0
2301;唐-布斯;Don Buse;7;1;2;0;0;0;0;0;0;0;0;0;0;0;-25;-25;-25;18;0;0;0;0
2302;达夫-罗比斯;Dave Robisch;7;5;4;0;0;0;0;0;0;0;0;0;0;0;-25;-25;-25;18;0;0;0;0
2303;马克-奥伯丁;Mark Olberding;6;3;4;0;0;0;0;0;0;0;0;0;0;0;-25;-25;-25;18;0;0;0;0
2304;史蒂夫-约翰逊;Steve Johnson;6;5;4;0;0;0;0;0;0;0;0;0;0;0;-25;-25;-25;18;0;0;0;0
2305;达内尔-瓦伦丁;Darnell Valentine;7;1;0;0;0;0;0;0;0;0;0;0;0;0;-25;-25;-25;18;0;0;0;0
2306;卡尔文-奈特;Calvin Natt;7;3;4;0;0;0;0;0;0;0;0;0;0;0;-25;-25;-25;18;0;0;0;0
2307;迈克尔-汤普森;Mychal Thompson;7;5;0;0;0;0;0;0;0;0;0;0;0;0;-25;-25;-25;18;0;0;0;0
2308;维恩-库珀;Wayne Cooper;7;5;4;0;0;0;0;0;0;0;0;0;0;0;-25;-25;-25;18;0;0;0;0
2309;吉姆-帕克森;Jim Paxson;7;2;3;0;0;0;0;0;0;0;0;0;0;0;-25;-25;-25;18;0;0;0;0
2310;阿代尔-诺里斯;Audie Norris;5;5;0;0;0;0;0;0;0;0;0;0;0;0;-25;-25;-25;18;0;0;0;0
2311;拉斐特-利弗;Lafayette Lever;7;3;0;0;0;0;0;0;0;0;0;0;0;0;-25;-25;-25;18;0;0;0;0
2312;王立彬;wang libin;8;5;4;0;0;0;0;0;0;0;0;0;0;0;-25;-25;-25;18;0;0;0;0
2313;匡鲁彬;KuangLubin;8;2;0;0;0;0;0;0;0;0;0;0;0;0;-25;-25;-25;18;0;0;0;0
2314;刘建立;LiuJianli;8;2;1;0;0;0;0;0;0;0;0;0;0;0;-25;-25;-25;18;0;0;0;0
2315;孙凤武;SunFengwu;8;1;0;0;0;0;0;0;0;0;0;0;0;0;-25;-25;-25;18;0;0;0;0
2316;李亚光;Li Yaguang;8;2;0;0;0;0;0;0;0;0;0;0;0;0;-25;-25;-25;18;0;0;0;0
2317;吕锦清;LvJinqing;8;1;0;0;0;0;0;0;0;0;0;0;0;0;-25;-25;-25;18;0;0;0;0
2318;张斌;SunBin;7;3;4;0;0;0;0;0;0;0;0;0;0;0;-25;-25;-25;18;0;0;0;0
2319;郭永林;GuoYonglin;8;3;4;0;0;0;0;0;0;0;0;0;0;0;-25;-25;-25;18;0;0;0;0
2320;黄云龙;Huang Yunlong;7;5;0;0;0;0;0;0;0;0;0;0;0;0;-25;-25;-25;18;0;0;0;0
2321;沃尔特-戴维斯;Walter Davis;7;2;3;0;0;0;0;0;0;0;0;0;0;0;-25;-25;-25;18;0;0;0;0
2322;拉里-南斯;Larry Nance;8;4;5;0;0;0;0;0;0;0;0;0;0;0;-25;-25;-25;18;0;0;0;0
2323;里克-罗比;Rick Robey;5;4;5;0;0;0;0;0;0;0;0;0;0;0;-25;-25;-25;18;0;0;0;0
2324;莫里斯-卢卡斯;Maurice Lucas;8;4;5;0;0;0;0;0;0;0;0;0;0;0;-25;-25;-25;18;0;0;0;0
2325;阿尔万-亚当斯;Alvan Adams;7;4;0;0;0;0;0;0;0;0;0;0;0;0;-25;-25;-25;18;0;0;0;0
2326;保罗-韦斯特法尔;Paul Westphal;8;2;0;0;0;0;0;0;0;0;0;0;0;0;-25;-25;-25;18;0;0;0;0
2327;阿尔文-斯科特;Alvin Scott;5;3;2;0;0;0;0;0;0;0;0;0;0;0;-25;-25;-25;18;0;0;0;0
2328;查尔斯-戴维斯;Charles Davis;6;3;0;0;0;0;0;0;0;0;0;0;0;0;-25;-25;-25;18;0;0;0;0
2329;布莱恩-瓦里克;Bryan Warrick;6;1;0;0;0;0;0;0;0;0;0;0;0;0;-25;-25;-25;18;0;0;0;0
2330;达伦-达耶;Darren Daye;6;3;2;0;0;0;0;0;0;0;0;0;0;0;-25;-25;-25;18;0;0;0;0
2331;乔-科佩吉;Joe Kopicki;6;4;0;0;0;0;0;0;0;0;0;0;0;0;-25;-25;-25;18;0;0;0;0
2332;迈克-吉布森;Mike Gibson;6;4;0;0;0;0;0;0;0;0;0;0;0;0;-25;-25;-25;18;0;0;0;0
2333;迈克尔-威尔森;Michael Wilson;5;2;1;0;0;0;0;0;0;0;0;0;0;0;-25;-25;-25;18;0;0;0;0
2334;德维恩-斯凯尔斯;DeWayne Scales;5;4;0;0;0;0;0;0;0;0;0;0;0;0;-25;-25;-25;18;0;0;0;0
2335;杰里-伊维斯;Jerry Eaves;7;1;0;0;0;0;0;0;0;0;0;0;0;0;-25;-25;-25;18;0;0;0;0
2336;里奇-凯雷;Rich Kelley;7;5;0;0;0;0;0;0;0;0;0;0;0;0;-25;-25;-25;18;0;0;0;0
2337;JJ-安德森;J. J. Anderson;5;3;0;0;0;0;0;0;0;0;0;0;0;0;-25;-25;-25;18;0;0;0;0
2338;汤姆-博斯威尔;Tom Boswell;5;4;3;0;0;0;0;0;0;0;0;0;0;0;-25;-25;-25;18;0;0;0;0
2339;基斯-埃德蒙森;Keith Edmonson;7;2;0;0;0;0;0;0;0;0;0;0;0;0;-25;-25;-25;18;0;0;0;0
2340;达夫-巴顿;Dave Batton;5;5;0;0;0;0;0;0;0;0;0;0;0;0;-25;-25;-25;18;0;0;0;0
2341;罗杰-菲格利;Roger Phegley;6;2;0;0;0;0;0;0;0;0;0;0;0;0;-25;-25;-25;18;0;0;0;0
2342;达内尔-洛克哈特;Darrell Lockhart;5;5;0;0;0;0;0;0;0;0;0;0;0;0;-25;-25;-25;18;0;0;0;0
2343;达恩-萨特;Dane Suttle;5;2;0;0;0;0;0;0;0;0;0;0;0;0;-25;-25;-25;18;0;0;0;0
2344;凯文-洛德;Kevin Loder;5;3;2;0;0;0;0;0;0;0;0;0;0;0;-25;-25;-25;18;0;0;0;0
2345;拉里-米绍;Larry Micheaux;7;4;0;0;0;0;0;0;0;0;0;0;0;0;-25;-25;-25;18;0;0;0;0
2346;肯尼-凯尔;Kenny Carr;7;4;3;0;0;0;0;0;0;0;0;0;0;0;-25;-25;-25;18;0;0;0;0
2347;杰夫-兰普;Jeff Lamp;6;3;2;0;0;0;0;0;0;0;0;0;0;0;-25;-25;-25;18;0;0;0;0
2348;汤姆-皮奥特洛斯基;Tom Piotrowski;7;5;0;0;0;0;0;0;0;0;0;0;0;0;-25;-25;-25;18;0;0;0;0
2349;彼得-费尔胡芬;Pete Verhoeven;5;4;3;0;0;0;0;0;0;0;0;0;0;0;-25;-25;-25;18;0;0;0;0
2350;凯尔-迈西;Kyle Macy;7;1;0;0;0;0;0;0;0;0;0;0;0;0;-25;-25;-25;18;0;0;0;0
2351;罗德-福斯特;Rod Foster;7;1;0;0;0;0;0;0;0;0;0;0;0;0;-25;-25;-25;18;0;0;0;0
2352;约翰-海;Johnny High;5;1;2;0;0;0;0;0;0;0;0;0;0;0;-25;-25;-25;18;0;0;0;0
2353;罗伊-怀特;Rory White;5;3;4;0;0;0;0;0;0;0;0;0;0;0;-25;-25;-25;18;0;0;0;0
2354;迈克-桑德斯;Mike Sanders;6;3;4;0;0;0;0;0;0;0;0;0;0;0;-25;-25;-25;18;0;0;0;0
2355;查尔斯-皮特曼;Charles Pittman;5;4;3;0;0;0;0;0;0;0;0;0;0;0;-25;-25;-25;18;0;0;0;0
2356;莫里斯-奇克斯;Maurice Cheeks;7;1;0;0;0;0;0;0;0;0;0;0;0;0;-25;-25;-25;18;0;0;0;0
2357;安德鲁-托尼;Andrew Toney;7;2;0;0;0;0;0;0;0;0;0;0;0;0;-25;-25;-25;18;0;0;0;0
2358;克林特-理查德森;Clint Richardson;7;2;0;0;0;0;0;0;0;0;0;0;0;0;-25;-25;-25;18;0;0;0;0
2359;科勒姆恩-约翰逊;Clemon Johnson;5;5;0;0;0;0;0;0;0;0;0;0;0;0;-25;-25;-25;18;0;0;0;0
2360;马克-雅法罗尼;Marc Iavaroni;6;4;3;0;0;0;0;0;0;0;0;0;0;0;-25;-25;-25;18;0;0;0;0
2361;萨姆-威廉姆斯;Sam Williams;6;4;0;0;0;0;0;0;0;0;0;0;0;0;-25;-25;-25;18;0;0;0;0
2362;维斯-马修斯;Wes Matthews;6;1;0;0;0;0;0;0;0;0;0;0;0;0;-25;-25;-25;18;0;0;0;0
2363;赛达勒-斯瑞特;Sedale Threatt;7;1;2;0;0;0;0;0;0;0;0;0;0;0;-25;-25;-25;18;0;0;0;0
2364;富兰克林-爱德华兹;Franklin Edwards;5;1;0;0;0;0;0;0;0;0;0;0;0;0;-25;-25;-25;18;0;0;0;0
2365;莱劳-奥斯丁;Leo Rautins;7;3;0;0;0;0;0;0;0;0;0;0;0;0;-25;-25;-25;18;0;0;0;0
2366;杰克-西科马;Jack Sikma;7;5;4;0;0;0;0;0;0;0;0;0;0;0;-25;-25;-25;18;0;0;0;0
2367;盖斯-威廉姆斯;Gus Williams;8;1;2;0;0;0;0;0;0;0;0;0;0;0;-25;-25;-25;18;0;0;0;0
2368;汤姆-钱伯斯;Tom Chambers;9;4;0;0;0;0;0;0;0;0;0;0;0;0;-25;-25;-25;18;0;0;0;0
2369;大卫-汤普森;David Thompson;9;2;3;0;0;0;0;0;0;0;0;0;0;0;-25;-25;-25;18;0;0;0;0
2370;弗莱德-布朗;Fred Brown;7;2;1;0;0;0;0;0;0;0;0;0;0;0;-25;-25;-25;18;0;0;0;0
2371;克莱-约翰逊;Clay Johnson;5;2;0;0;0;0;0;0;0;0;0;0;0;0;-25;-25;-25;18;0;0;0;0
2372;丹尼-沃尼斯;Danny Vranes;5;4;3;0;0;0;0;0;0;0;0;0;0;0;-25;-25;-25;18;0;0;0;0
2373;史蒂夫-霍伊斯;Steve Hawes;6;5;4;0;0;0;0;0;0;0;0;0;0;0;-25;-25;-25;18;0;0;0;0
2374;乔恩-桑德沃德;Jon Sundvold;7;1;2;0;0;0;0;0;0;0;0;0;0;0;-25;-25;-25;18;0;0;0;0
2375;查尔斯-布拉德利;Charles Bradley;5;2;0;0;0;0;0;0;0;0;0;0;0;0;-25;-25;-25;18;0;0;0;0
2376;雷吉-金;Reggie King;7;4;3;0;0;0;0;0;0;0;0;0;0;0;-25;-25;-25;18;0;0;0;0
2377;斯科奥特-麦克雷;Scooter McCray;6;3;2;0;0;0;0;0;0;0;0;0;0;0;-25;-25;-25;18;0;0;0;0
2378;史蒂夫-海耶斯;Steve Hayes;7;5;0;0;0;0;0;0;0;0;0;0;0;0;-25;-25;-25;18;0;0;0;0
2379;伯纳德-金;Bernard King;9;3;4;0;0;0;0;0;0;0;0;0;0;0;-25;-25;-25;18;0;0;0;0
2380;雷-威廉姆斯;Ray Williams;7;1;2;0;0;0;0;0;0;0;0;0;0;0;-25;-25;-25;18;0;0;0;0
2381;特鲁克-罗宾逊;Truck Robinson;6;4;0;0;0;0;0;0;0;0;0;0;0;0;-25;-25;-25;18;0;0;0;0
2382;罗伊-斯帕罗;Rory Sparrow;7;1;0;0;0;0;0;0;0;0;0;0;0;0;-25;-25;-25;18;0;0;0;0
2383;路易斯-奥尔;Louis Orr;6;4;3;0;0;0;0;0;0;0;0;0;0;0;-25;-25;-25;18;0;0;0;0
2384;达雷尔-沃克;Darrell Walker;6;2;1;0;0;0;0;0;0;0;0;0;0;0;-25;-25;-25;18;0;0;0;0
2385;特伦特-塔克;Trent Tucker;6;2;0;0;0;0;0;0;0;0;0;0;0;0;-25;-25;-25;18;0;0;0;0
2386;厄尔尼-格伦菲尔德;Ernie Grunfeld;5;3;2;0;0;0;0;0;0;0;0;0;0;0;-25;-25;-25;18;0;0;0;0
2387;鲁迪-麦克林;Rudy Macklin;5;3;2;0;0;0;0;0;0;0;0;0;0;0;-25;-25;-25;18;0;0;0;0
2388;马尔文-韦伯斯特;Marvin Webster;5;5;0;0;0;0;0;0;0;0;0;0;0;0;-25;-25;-25;18;0;0;0;0
2389;埃里克-费恩斯腾;Eric Fernsten;5;5;4;0;0;0;0;0;0;0;0;0;0;0;-25;-25;-25;18;0;0;0;0
2390;莱恩-埃尔摩尔;Len Elmore;5;5;4;0;0;0;0;0;0;0;0;0;0;0;-25;-25;-25;18;0;0;0;0
2391;西德尼-蒙克利夫;Sidney Moncrief;9;2;1;0;0;0;0;0;0;0;0;0;0;0;-25;-25;-25;18;0;0;0;0
2392;马奎斯-约翰逊;Marques Johnson;7;3;2;0;0;0;0;0;0;0;0;0;0;0;-25;-25;-25;18;0;0;0;0
2393;朱尼奥-布里奇曼;Junior Bridgeman;7;3;2;0;0;0;0;0;0;0;0;0;0;0;-25;-25;-25;18;0;0;0;0
2394;鲍勃-兰尼尔;Bob Lanier;9;5;0;0;0;0;0;0;0;0;0;0;0;0;-25;-25;-25;18;0;0;0;0
2395;保罗-普莱西;Paul Pressey;6;2;3;0;0;0;0;0;0;0;0;0;0;0;-25;-25;-25;18;0;0;0;0
2396;凯文-格里文;Kevin Grevey;6;2;3;0;0;0;0;0;0;0;0;0;0;0;-25;-25;-25;18;0;0;0;0
2397;洛伦佐-洛马尔;Lorenzo Romar;5;1;0;0;0;0;0;0;0;0;0;0;0;0;-25;-25;-25;18;0;0;0;0
2398;查理-克里斯;Charlie Criss;5;1;0;0;0;0;0;0;0;0;0;0;0;0;-25;-25;-25;18;0;0;0;0
2399;保罗-莫克斯基;Paul Mokeski;5;5;0;0;0;0;0;0;0;0;0;0;0;0;-25;-25;-25;18;0;0;0;0
2400;兰迪-布鲁尔;Randy Breuer;7;5;0;0;0;0;0;0;0;0;0;0;0;0;-25;-25;-25;18;0;0;0;0
2401;哈维-凯奇;Harvey Catchings;5;5;4;0;0;0;0;0;0;0;0;0;0;0;-25;-25;-25;18;0;0;0;0
2402;迈克-麦基;Mike McGee;5;2;3;0;0;0;0;0;0;0;0;0;0;0;-25;-25;-25;18;0;0;0;0
2403;拉里-斯普里格斯;Larry Spriggs;5;4;3;0;0;0;0;0;0;0;0;0;0;0;-25;-25;-25;18;0;0;0;0
2404;凯尔文-加勒特;Calvin Garrett;5;3;4;0;0;0;0;0;0;0;0;0;0;0;-25;-25;-25;18;0;0;0;0
2405;米切-库普切克;Mitchell Kupchak;6;4;5;0;0;0;0;0;0;0;0;0;0;0;-25;-25;-25;18;0;0;0;0
2406;斯温-纳特;Swen Nater;5;5;0;0;0;0;0;0;0;0;0;0;0;0;-25;-25;-25;18;0;0;0;0
2407;埃迪-乔丹;Eddie Jordan;6;2;0;0;0;0;0;0;0;0;0;0;0;0;-25;-25;-25;18;0;0;0;0
2408;诺姆-尼克森;Norman Ellard Nixon;8;1;0;0;0;0;0;0;0;0;0;0;0;0;-25;-25;-25;18;0;0;0;0
2409;詹姆斯-唐纳森;James Donaldson;7;5;0;0;0;0;0;0;0;0;0;0;0;0;-25;-25;-25;18;0;0;0;0
2410;德里克-史密斯;Derek Smith;7;2;3;0;0;0;0;0;0;0;0;0;0;0;-25;-25;-25;18;0;0;0;0
2411;克莱格-霍奇斯;Craig Hodges;6;2;1;0;0;0;0;0;0;0;0;0;0;0;-25;-25;-25;18;0;0;0;0
2412;迈克尔-布鲁克斯;Michael Brooks;6;3;4;0;0;0;0;0;0;0;0;0;0;0;-25;-25;-25;18;0;0;0;0
2413;格雷格-凯尔瑟;Greg Kelser;7;3;0;0;0;0;0;0;0;0;0;0;0;0;-25;-25;-25;18;0;0;0;0
2414;杰洛姆-怀特海德;Jerome Whitehead;5;5;4;0;0;0;0;0;0;0;0;0;0;0;-25;-25;-25;18;0;0;0;0
2415;汉克-麦克多维尔;Hank McDowell;5;4;5;0;0;0;0;0;0;0;0;0;0;0;-25;-25;-25;18;0;0;0;0
2416;比利-麦金尼;Billy McKinney;6;1;0;0;0;0;0;0;0;0;0;0;0;0;-25;-25;-25;18;0;0;0;0
2417;克拉克-凯洛格;Clark Kellogg;7;4;3;0;0;0;0;0;0;0;0;0;0;0;-25;-25;-25;18;0;0;0;0
2418;布奇-卡特;Butch Carter;7;2;3;0;0;0;0;0;0;0;0;0;0;0;-25;-25;-25;18;0;0;0;0
2419;乔治-约翰逊;George Lee Johnson;6;4;3;0;0;0;0;0;0;0;0;0;0;0;-25;-25;-25;18;0;0;0;0
2420;史蒂夫-斯蒂帕诺维奇;Steve Stipanovich;5;5;0;0;0;0;0;0;0;0;0;0;0;0;-25;-25;-25;18;0;0;0;0
2421;杰里-希汀;Jerry Sichting;5;1;0;0;0;0;0;0;0;0;0;0;0;0;-25;-25;-25;18;0;0;0;0
2422;布鲁克-斯蒂帕;Brook Steppe;6;2;1;0;0;0;0;0;0;0;0;0;0;0;-25;-25;-25;18;0;0;0;0
2423;凯文-麦肯纳;Kevin McKenna;5;2;0;0;0;0;0;0;0;0;0;0;0;0;-25;-25;-25;18;0;0;0;0
2424;吉姆-托马斯;Jim Thomas;5;2;0;0;0;0;0;0;0;0;0;0;0;0;-25;-25;-25;18;0;0;0;0
2425;莱罗伊-康布斯;Leroy Combs;5;3;4;0;0;0;0;0;0;0;0;0;0;0;-25;-25;-25;18;0;0;0;0
2426;西德尼-洛维;Sidney Lowe;5;1;2;0;0;0;0;0;0;0;0;0;0;0;-25;-25;-25;18;0;0;0;0
2427;格兰维尔-维特斯;Granville Waiters;5;5;0;0;0;0;0;0;0;0;0;0;0;0;-25;-25;-25;18;0;0;0;0
2428;特雷西-杰克逊;Tracy Jackson;5;2;0;0;0;0;0;0;0;0;0;0;0;0;-25;-25;-25;18;0;0;0;0
2429;刘易斯-劳埃德;Lewis Lloyd;7;2;0;0;0;0;0;0;0;0;0;0;0;0;-25;-25;-25;18;0;0;0;0
2430;阿伦-利维尔;Allen Leavell;7;1;2;0;0;0;0;0;0;0;0;0;0;0;-25;-25;-25;18;0;0;0;0
2431;罗伯特-瑞德;Robert Reid;6;3;2;0;0;0;0;0;0;0;0;0;0;0;-25;-25;-25;18;0;0;0;0
2432;罗德尼-麦克雷;Rodney McCray;7;3;4;0;0;0;0;0;0;0;0;0;0;0;-25;-25;-25;18;0;0;0;0
2433;菲尔-福特;Phil Ford;7;1;0;0;0;0;0;0;0;0;0;0;0;0;-25;-25;-25;18;0;0;0;0
2434;特里-蒂格;Terry Teagle;5;2;3;0;0;0;0;0;0;0;0;0;0;0;-25;-25;-25;18;0;0;0;0
2435;卡尔迪维尔-琼斯;Caldwell Jones;5;5;4;0;0;0;0;0;0;0;0;0;0;0;-25;-25;-25;18;0;0;0;0
2436;詹姆斯-贝利;James Bailey;6;4;0;0;0;0;0;0;0;0;0;0;0;0;-25;-25;-25;18;0;0;0;0
2437;沃利-沃克;Wally Walker;7;3;4;0;0;0;0;0;0;0;0;0;0;0;-25;-25;-25;18;0;0;0;0
2438;梅杰-琼斯;Major Jones;7;4;3;0;0;0;0;0;0;0;0;0;0;0;-25;-25;-25;18;0;0;0;0
2439;克里斯-恩格拉;Chris Engler;5;5;0;0;0;0;0;0;0;0;0;0;0;0;-25;-25;-25;18;0;0;0;0
2440;唐-柯林斯;Don Collins;5;3;2;0;0;0;0;0;0;0;0;0;0;0;-25;-25;-25;18;0;0;0;0
2441;莱斯特-康纳;Lester Conner;7;2;3;0;0;0;0;0;0;0;0;0;0;0;-25;-25;-25;18;0;0;0;0
2442;米奇-约翰逊;Mickey Johnson;7;4;3;0;0;0;0;0;0;0;0;0;0;0;-25;-25;-25;18;0;0;0;0
2443;普维斯-绍特;Purvis Short;7;3;0;0;0;0;0;0;0;0;0;0;0;0;-25;-25;-25;18;0;0;0;0
2444;斯里谱-弗洛伊德;Sleepy Floyd;7;1;2;0;0;0;0;0;0;0;0;0;0;0;-25;-25;-25;18;0;0;0;0
2445;拉里-史密斯;Larry Smith;6;4;5;0;0;0;0;0;0;0;0;0;0;0;-25;-25;-25;18;0;0;0;0
2446;迈克-布拉茨;Mike Bratz;5;1;0;0;0;0;0;0;0;0;0;0;0;0;-25;-25;-25;18;0;0;0;0
2447;达伦-提里斯;Darren Tillis;7;5;4;0;0;0;0;0;0;0;0;0;0;0;-25;-25;-25;18;0;0;0;0
2448;乔伊-巴里-卡罗尔;Joe Barry Carroll;7;5;0;0;0;0;0;0;0;0;0;0;0;0;-25;-25;-25;18;0;0;0;0
2449;帕瑟-曼尼恩;Pace Mannion;7;3;0;0;0;0;0;0;0;0;0;0;0;0;-25;-25;-25;18;0;0;0;0
2450;萨姆-威廉姆斯;Sam Williams;5;4;0;0;0;0;0;0;0;0;0;0;0;0;-25;-25;-25;18;0;0;0;0
2451;拉塞尔-克洛斯;Russell Cross;5;5;0;0;0;0;0;0;0;0;0;0;0;0;-25;-25;-25;18;0;0;0;0
2452;洛伦佐-诺马尔;Lorenzo Romar;5;1;0;0;0;0;0;0;0;0;0;0;0;0;-25;-25;-25;18;0;0;0;0
2453;凯利-特里普卡;Kelly Tripucka;7;3;0;0;0;0;0;0;0;0;0;0;0;0;-25;-25;-25;18;0;0;0;0
2454;约翰-朗;John Long;7;2;3;0;0;0;0;0;0;0;0;0;0;0;-25;-25;-25;18;0;0;0;0
2455;维尼尔-约翰逊;Vinnie Johnson;6;2;1;0;0;0;0;0;0;0;0;0;0;0;-25;-25;-25;18;0;0;0;0
2456;特里-泰勒;Terry Tyler;6;3;4;0;0;0;0;0;0;0;0;0;0;0;-25;-25;-25;18;0;0;0;0
2457;克里夫-莱温斯顿;Cliff Levingston;7;4;0;0;0;0;0;0;0;0;0;0;0;0;-25;-25;-25;18;0;0;0;0
2458;肯特-本森;Kent Benson;5;5;0;0;0;0;0;0;0;0;0;0;0;0;-25;-25;-25;18;0;0;0;0
2459;雷-托尔波特;Ray Tolbert;5;4;0;0;0;0;0;0;0;0;0;0;0;0;-25;-25;-25;18;0;0;0;0
2460;厄尔-克雷顿;Earl Cureton;5;4;5;0;0;0;0;0;0;0;0;0;0;0;-25;-25;-25;18;0;0;0;0
2461;沃克-拉塞尔;Walker Russell Sr.;5;2;0;0;0;0;0;0;0;0;0;0;0;0;-25;-25;-25;18;0;0;0;0
2462;莱昂内尔-霍林斯;Lionel Hollins;7;1;2;0;0;0;0;0;0;0;0;0;0;0;-25;-25;-25;18;0;0;0;0
2463;肯-奥斯汀;Ken Austin;5;4;3;0;0;0;0;0;0;0;0;0;0;0;-25;-25;-25;18;0;0;0;0
2464;大卫-瑟德基尔;David Thirdkill;5;3;4;0;0;0;0;0;0;0;0;0;0;0;-25;-25;-25;18;0;0;0;0
2465;奇奇-范德维奇;Kiki Vandeweghe;9;4;3;0;0;0;0;0;0;0;0;0;0;0;-25;-25;-25;18;0;0;0;0
2466;阿历克斯-英格利什;Alex English;10;3;4;0;0;0;0;0;0;0;0;0;0;0;-25;-25;-25;18;0;0;0;0
2467;丹-伊赛尔;Dan Issel;10;5;4;0;0;0;0;0;0;0;0;0;0;0;-25;-25;-25;18;0;0;0;0
2468;罗伯-威廉姆斯;Rob Williams;6;1;0;0;0;0;0;0;0;0;0;0;0;0;-25;-25;-25;18;0;0;0;0
2469;理查德-安德森;Richard Anderson;7;4;5;0;0;0;0;0;0;0;0;0;0;0;-25;-25;-25;18;0;0;0;0
2470;迈克-埃文斯;Mike Evans;7;1;0;0;0;0;0;0;0;0;0;0;0;0;-25;-25;-25;18;0;0;0;0
2471;丹尼-谢伊斯;Danny Schayes;5;5;4;0;0;0;0;0;0;0;0;0;0;0;-25;-25;-25;18;0;0;0;0
2472;霍华德-卡特;Howard Carter;6;2;1;0;0;0;0;0;0;0;0;0;0;0;-25;-25;-25;18;0;0;0;0
2473;TR-邓恩;T. R. Dunn;5;2;3;0;0;0;0;0;0;0;0;0;0;0;-25;-25;-25;18;0;0;0;0
2474;比尔-汉兹里克;Bill Hanzlik;7;2;3;0;0;0;0;0;0;0;0;0;0;0;-25;-25;-25;18;0;0;0;0
2475;王睿泽;Wang Ruize;7;3;0;0;0;0;0;0;0;0;0;0;0;0;-25;-25;-25;18;0;0;0;0
2476;安东尼-罗伯茨;Anthony Roberts;5;3;0;0;0;0;0;0;0;0;0;0;0;0;-25;-25;-25;18;0;0;0;0
2477;肯尼-登纳德;Kenny Dennard;5;4;0;0;0;0;0;0;0;0;0;0;0;0;-25;-25;-25;18;0;0;0;0
2478;罗兰多-布莱克曼;Rolando Blackman;7;2;0;0;0;0;0;0;0;0;0;0;0;0;-25;-25;-25;18;0;0;0;0
2479;帕特-卡明斯;Pat Cummings;7;4;5;0;0;0;0;0;0;0;0;0;0;0;-25;-25;-25;18;0;0;0;0
2480;科特-尼姆费斯;Kurt Nimphius;7;5;4;0;0;0;0;0;0;0;0;0;0;0;-25;-25;-25;18;0;0;0;0
2481;布拉德-戴维斯;Brad Davis;7;1;0;0;0;0;0;0;0;0;0;0;0;0;-25;-25;-25;18;0;0;0;0
2482;比尔-加内特;Bill Garnett;6;4;5;0;0;0;0;0;0;0;0;0;0;0;-25;-25;-25;18;0;0;0;0
2483;简-文森特;Jay Vincent;7;3;4;0;0;0;0;0;0;0;0;0;0;0;-25;-25;-25;18;0;0;0;0
2484;马克-维斯特;Mark West;7;5;0;0;0;0;0;0;0;0;0;0;0;0;-25;-25;-25;18;0;0;0;0
2485;吉姆-斯帕纳科;Jim Spanarkel;5;2;3;0;0;0;0;0;0;0;0;0;0;0;-25;-25;-25;18;0;0;0;0
2486;艾尔斯通-特纳;Elston Turner;7;3;2;0;0;0;0;0;0;0;0;0;0;0;-25;-25;-25;18;0;0;0;0
2487;克里夫-罗宾逊;Cliff Robinson;7;4;5;0;0;0;0;0;0;0;0;0;0;0;-25;-25;-25;18;0;0;0;0
2488;沃尔德-B-弗里;World B. Free;8;2;0;0;0;0;0;0;0;0;0;0;0;0;-25;-25;-25;18;0;0;0;0
2489;菲尔-哈巴顿;Phil Hubbard;7;3;4;0;0;0;0;0;0;0;0;0;0;0;-25;-25;-25;18;0;0;0;0
2490;保罗-汤普森;Paul Thompson;7;3;0;0;0;0;0;0;0;0;0;0;0;0;-25;-25;-25;18;0;0;0;0
2491;隆尼-谢尔顿;Lonnie Shelton;5;4;0;0;0;0;0;0;0;0;0;0;0;0;-25;-25;-25;18;0;0;0;0
2492;杰夫-哈斯顿;Geoff Huston;6;1;0;0;0;0;0;0;0;0;0;0;0;0;-25;-25;-25;18;0;0;0;0
2493;约翰-加里斯;John Garris;7;4;0;0;0;0;0;0;0;0;0;0;0;0;-25;-25;-25;18;0;0;0;0
2494;斯特瓦尔特-格兰杰;Stewart Granger;6;1;0;0;0;0;0;0;0;0;0;0;0;0;-25;-25;-25;18;0;0;0;0
2495;约翰-巴格莱;John Bagley;5;1;0;0;0;0;0;0;0;0;0;0;0;0;-25;-25;-25;18;0;0;0;0
2496;罗伊-辛森;Roy Hinson;7;3;4;0;0;0;0;0;0;0;0;0;0;0;-25;-25;-25;18;0;0;0;0
2497;本-波奎特;Ben Poquette;5;3;0;0;0;0;0;0;0;0;0;0;0;0;-25;-25;-25;18;0;0;0;0
2498;杰夫-库克;Jeff Cook;6;4;5;0;0;0;0;0;0;0;0;0;0;0;-25;-25;-25;18;0;0;0;0
2499;奥兰多-伍里奇;Orlando Woolridge;7;3;0;0;0;0;0;0;0;0;0;0;0;0;-25;-25;-25;18;0;0;0;0
2500;奎因汀-戴利;Quintin Dailey;7;2;0;0;0;0;0;0;0;0;0;0;0;0;-25;-25;-25;18;0;0;0;0
2501;米切尔-威金斯;Mitchell Wiggins;7;2;0;0;0;0;0;0;0;0;0;0;0;0;-25;-25;-25;18;0;0;0;0
2502;达夫-科尔沁;Dave Corzine;7;5;0;0;0;0;0;0;0;0;0;0;0;0;-25;-25;-25;18;0;0;0;0
2503;戴夫-格林伍德;Dave Greenwood;6;4;0;0;0;0;0;0;0;0;0;0;0;0;-25;-25;-25;18;0;0;0;0
2504;埃尼斯-威特利;Ennis Whatley;5;1;0;0;0;0;0;0;0;0;0;0;0;0;-25;-25;-25;18;0;0;0;0
2505;罗尼-莱斯特;Ronnie Lester;6;1;0;0;0;0;0;0;0;0;0;0;0;0;-25;-25;-25;18;0;0;0;0
2506;罗德-希金斯;Rod Higgins;5;3;4;0;0;0;0;0;0;0;0;0;0;0;-25;-25;-25;18;0;0;0;0
2507;西德尼-格林;Sidney Green;6;4;5;0;0;0;0;0;0;0;0;0;0;0;-25;-25;-25;18;0;0;0;0
2508;华莱士-布莱恩特;Wallace Bryant;5;5;0;0;0;0;0;0;0;0;0;0;0;0;-25;-25;-25;18;0;0;0;0
2509;贾万-欧德汉姆;Jawann Oldham;5;5;0;0;0;0;0;0;0;0;0;0;0;0;-25;-25;-25;18;0;0;0;0
2510;奥蒂斯-彼尔德松;Otis Birdsong;7;2;0;0;0;0;0;0;0;0;0;0;0;0;-25;-25;-25;18;0;0;0;0
2511;达里尔-道金斯;Darryl Dawkins;7;5;0;0;0;0;0;0;0;0;0;0;0;0;-25;-25;-25;18;0;0;0;0
2512;艾尔伯特-金;Albert King;7;3;0;0;0;0;0;0;0;0;0;0;0;0;-25;-25;-25;18;0;0;0;0
2513;米切尔-雷-理查德森;Michael Ray Richardson;8;1;2;0;0;0;0;0;0;0;0;0;0;0;-25;-25;-25;18;0;0;0;0
2514;迈克-戈明斯基;Mike Gminski;7;5;0;0;0;0;0;0;0;0;0;0;0;0;-25;-25;-25;18;0;0;0;0
2515;达尔文-库克;Darwin Cook;6;1;2;0;0;0;0;0;0;0;0;0;0;0;-25;-25;-25;18;0;0;0;0
2516;凯文-兰西;Kelvin Ransey;6;1;0;0;0;0;0;0;0;0;0;0;0;0;-25;-25;-25;18;0;0;0;0
2517;迈克-奥克洛;Mike O'Koren;7;3;0;0;0;0;0;0;0;0;0;0;0;0;-25;-25;-25;18;0;0;0;0
2518;雷吉-约翰逊;Reggie Johnson;6;4;3;0;0;0;0;0;0;0;0;0;0;0;-25;-25;-25;18;0;0;0;0
2519;福特斯-沃克;Foots Walker;7;1;0;0;0;0;0;0;0;0;0;0;0;0;-25;-25;-25;18;0;0;0;0
2520;比尔-威洛比;Bill Willoughby;7;3;0;0;0;0;0;0;0;0;0;0;0;0;-25;-25;-25;18;0;0;0;0
2521;塞得里克-麦克斯维尔;Cedric Maxwell;9;3;4;0;0;0;0;0;0;0;0;0;0;0;-25;-25;-25;18;0;0;0;0
2522;杰拉德-亨德森;Gerald Henderson;7;2;1;0;0;0;0;0;0;0;0;0;0;0;-25;-25;-25;18;0;0;0;0
2523;斯科特-威德曼;Scott Wedman;7;3;2;0;0;0;0;0;0;0;0;0;0;0;-25;-25;-25;18;0;0;0;0
2524;奎因-巴克纳;Quinn Buckner;7;1;2;0;0;0;0;0;0;0;0;0;0;0;-25;-25;-25;18;0;0;0;0
2525;ML-凯尔;M.L. Carr;5;3;0;0;0;0;0;0;0;0;0;0;0;0;-25;-25;-25;18;0;0;0;0
2526;格雷格-凯特;Greg Kite;5;5;0;0;0;0;0;0;0;0;0;0;0;0;-25;-25;-25;18;0;0;0;0
2527;卡洛斯-克拉克;Carlos Clark;5;2;0;0;0;0;0;0;0;0;0;0;0;0;-25;-25;-25;18;0;0;0;0
2528;丹-劳恩德菲尔德;Dan Roundfield;7;4;0;0;0;0;0;0;0;0;0;0;0;0;-25;-25;-25;18;0;0;0;0
2529;约翰-戴维斯;Johnny Davis;7;2;1;0;0;0;0;0;0;0;0;0;0;0;-25;-25;-25;18;0;0;0;0
2530;特里-罗林斯;Tree Rollins;7;5;0;0;0;0;0;0;0;0;0;0;0;0;-25;-25;-25;18;0;0;0;0
2531;迈克-格伦;Mike Glenn;6;2;1;0;0;0;0;0;0;0;0;0;0;0;-25;-25;-25;18;0;0;0;0
2532;斯莱-威廉姆斯;Sly Williams;5;3;4;0;0;0;0;0;0;0;0;0;0;0;-25;-25;-25;18;0;0;0;0
2533;兰迪-惠特曼;Randy Wittman;7;2;3;0;0;0;0;0;0;0;0;0;0;0;-25;-25;-25;18;0;0;0;0
2534;斯科特-黑斯廷斯;Scott Hastings;5;4;5;0;0;0;0;0;0;0;0;0;0;0;-25;-25;-25;18;0;0;0;0
2535;里基-布朗;Rickey Brown;6;5;0;0;0;0;0;0;0;0;0;0;0;0;-25;-25;-25;18;0;0;0;0
2536;阿尔蒙德-希尔;Armond Hill;6;1;0;0;0;0;0;0;0;0;0;0;0;0;-25;-25;-25;18;0;0;0;0
2537;比利-鲍尔兹;Billy Paultz;6;5;4;0;0;0;0;0;0;0;0;0;0;0;-25;-25;-25;18;0;0;0;0
2538;马克-兰斯伯格;Mark Landsberger;6;4;5;0;0;0;0;0;0;0;0;0;0;0;-25;-25;-25;18;0;0;0;0
2539;萨姆-鲍维;Sam Bowie;7;5;0;0;0;0;0;0;0;0;0;0;0;0;-25;-25;-25;18;0;0;0;0
2540;梅尔文-特平;Melvin Turpin;6;5;0;0;0;0;0;0;0;0;0;0;0;0;-25;-25;-25;18;0;0;0;0
2541;兰卡斯特-戈登;Lancaster Gordon;6;2;0;0;0;0;0;0;0;0;0;0;0;0;-25;-25;-25;18;0;0;0;0
2542;里昂-伍德;Leon Wood;6;1;2;0;0;0;0;0;0;0;0;0;0;0;-25;-25;-25;18;0;0;0;0
2543;蒂姆-麦考密克;Tim McCormick;7;5;0;0;0;0;0;0;0;0;0;0;0;0;-25;-25;-25;18;0;0;0;0
2544;杰伊-亨弗里斯;Jay Humphries;7;1;2;0;0;0;0;0;0;0;0;0;0;0;-25;-25;-25;18;0;0;0;0
2545;特伦斯-斯坦斯布里;Terence Stansbury;6;2;0;0;0;0;0;0;0;0;0;0;0;0;-25;-25;-25;18;0;0;0;0
2546;维恩-弗莱明;Vern Fleming;7;1;0;0;0;0;0;0;0;0;0;0;0;0;-25;-25;-25;18;0;0;0;0
2547;伯纳德-汤普森;Bernard Thompson;6;3;2;0;0;0;0;0;0;0;0;0;0;0;-25;-25;-25;18;0;0;0;0
2548;托尼-坎贝尔;Tony Campbell;7;3;2;0;0;0;0;0;0;0;0;0;0;0;-25;-25;-25;18;0;0;0;0
2549;肯尼-菲尔兹;Kenny Fields;6;3;0;0;0;0;0;0;0;0;0;0;0;0;-25;-25;-25;18;0;0;0;0
2550;汤姆-塞维尔;Tom Sewell;5;2;0;0;0;0;0;0;0;0;0;0;0;0;-25;-25;-25;18;0;0;0;0
2551;厄尔-琼斯;Earl Jones;5;5;0;0;0;0;0;0;0;0;0;0;0;0;-25;-25;-25;18;0;0;0;0
2552;迈克尔-杨;Michael Young;5;3;0;0;0;0;0;0;0;0;0;0;0;0;-25;-25;-25;18;0;0;0;0
2553;德文-杜兰特;Devin Durrant;5;3;0;0;0;0;0;0;0;0;0;0;0;0;-25;-25;-25;18;0;0;0;0
2554;维克托-弗莱明;Victor Fleming;5;2;1;0;0;0;0;0;0;0;0;0;0;0;-25;-25;-25;18;0;0;0;0
2555;罗恩-安德森;Ron Anderson;6;3;0;0;0;0;0;0;0;0;0;0;0;0;-25;-25;-25;18;0;0;0;0
2556;科里-布莱克威尔;Cory Blackwell;5;3;0;0;0;0;0;0;0;0;0;0;0;0;-25;-25;-25;18;0;0;0;0
2557;斯图尔特-格雷;Stuart Gray;6;5;0;0;0;0;0;0;0;0;0;0;0;0;-25;-25;-25;18;0;0;0;0
2558;史蒂夫-波特;Steve Burtt;5;2;0;0;0;0;0;0;0;0;0;0;0;0;-25;-25;-25;18;0;0;0;0
2559;杰伊-墨菲;Jay Murphy;5;4;3;0;0;0;0;0;0;0;0;0;0;0;-25;-25;-25;18;0;0;0;0
2560;史蒂夫-柯尔特;Steve Colter;6;1;0;0;0;0;0;0;0;0;0;0;0;0;-25;-25;-25;18;0;0;0;0
2561;奥瑟尔-威尔森;Othell Wilson;5;1;0;0;0;0;0;0;0;0;0;0;0;0;-25;-25;-25;18;0;0;0;0
2562;本-科尔曼;Ben Coleman;6;4;5;0;0;0;0;0;0;0;0;0;0;0;-25;-25;-25;18;0;0;0;0
2563;查理-希顿;Charlie Sitton;5;3;0;0;0;0;0;0;0;0;0;0;0;0;-25;-25;-25;18;0;0;0;0
2564;丹尼-杨;Danny Young;6;1;0;0;0;0;0;0;0;0;0;0;0;0;-25;-25;-25;18;0;0;0;0
2565;汤姆-斯卢比;Tom Sluby;5;2;0;0;0;0;0;0;0;0;0;0;0;0;-25;-25;-25;18;0;0;0;0
2566;威利-怀特;Willie White;5;2;0;0;0;0;0;0;0;0;0;0;0;0;-25;-25;-25;18;0;0;0;0
2567;加里-普拉莫;Gary Plummer;5;4;0;0;0;0;0;0;0;0;0;0;0;0;-25;-25;-25;18;0;0;0;0
2568;吉姆-皮特森;Jim Petersen;6;4;5;0;0;0;0;0;0;0;0;0;0;0;-25;-25;-25;18;0;0;0;0
2569;鲍伯-索顿;Bob Thornton;6;4;0;0;0;0;0;0;0;0;0;0;0;0;-25;-25;-25;18;0;0;0;0
2570;埃迪-维金斯;Eddie Lee Wilkins;6;5;4;0;0;0;0;0;0;0;0;0;0;0;-25;-25;-25;18;0;0;0;0
2571;肯-班尼斯特;Ken Bannister;5;4;0;0;0;0;0;0;0;0;0;0;0;0;-25;-25;-25;18;0;0;0;0
2572;泽维尔-麦克丹尼尔;Xavier McDaniel;7;3;0;0;0;0;0;0;0;0;0;0;0;0;-25;-25;-25;18;0;0;0;0
2573;乔恩-考恩凯克;Jon Koncak;5;5;0;0;0;0;0;0;0;0;0;0;0;0;-25;-25;-25;18;0;0;0;0
2574;基斯-李;Keith Lee;5;4;0;0;0;0;0;0;0;0;0;0;0;0;-25;-25;-25;18;0;0;0;0
2575;肯尼-格林;Kenny Green;5;3;0;0;0;0;0;0;0;0;0;0;0;0;-25;-25;-25;18;0;0;0;0
2576;阿尔弗莱德里克-休斯;Alfredrick Hughes;5;2;0;0;0;0;0;0;0;0;0;0;0;0;-25;-25;-25;18;0;0;0;0
2577;布莱尔-拉斯姆森;Blair Rasmussen;6;5;0;0;0;0;0;0;0;0;0;0;0;0;-25;-25;-25;18;0;0;0;0
2578;尤维-普莱;Uwe Blab;5;0;0;0;0;0;0;0;0;0;0;0;0;0;#N/A;#N/A;#N/A;18;0;0;0;0
2579;史蒂夫-哈里斯;Steve Harris;5;2;0;0;0;0;0;0;0;0;0;0;0;0;-25;-25;-25;18;0;0;0;0
2580;萨姆-文森特;Sam Vincent;6;1;2;0;0;0;0;0;0;0;0;0;0;0;-25;-25;-25;18;0;0;0;0
2581;特里-卡特利奇;Terry Catledge;7;3;0;0;0;0;0;0;0;0;0;0;0;0;-25;-25;-25;18;0;0;0;0
2582;杰里-雷诺兹;Jerry Reynolds;5;3;2;0;0;0;0;0;0;0;0;0;0;0;-25;-25;-25;18;0;0;0;0
2583;艾蒙尼-贝茨;Emoni Bates;7;3;0;0;0;0;0;0;0;0;0;0;0;0;-25;-25;-25;18;0;0;0;0
2584;迈克-斯姆瑞克;Mike Smrek;5;5;4;0;0;0;0;0;0;0;0;0;0;0;-25;-25;-25;18;0;0;0;0
2585;比尔-马丁;Bill Martin;5;3;0;0;0;0;0;0;0;0;0;0;0;0;-25;-25;-25;18;0;0;0;0
2586;德怀恩-麦克莱恩;Dwayne McClain;5;3;0;0;0;0;0;0;0;0;0;0;0;0;-25;-25;-25;18;0;0;0;0
2587;迈克-布里坦;Mike Brittain;5;5;0;0;0;0;0;0;0;0;0;0;0;0;-25;-25;-25;18;0;0;0;0
2588;马努特-波尔;Manute Bol;7;5;0;0;0;0;0;0;0;0;0;0;0;0;-25;-25;-25;18;0;0;0;0
2589;赵继伟;Zhao Jiwei;7;1;0;0;0;0;0;0;0;0;0;0;0;0;-25;-25;-25;18;0;0;0;0
2590;约翰-巴特尔;John Battle;6;1;0;0;0;0;0;0;0;0;0;0;0;0;-25;-25;-25;18;0;0;0;0
2591;布拉德-多赫蒂;Brad Daugherty;7;5;0;0;0;0;0;0;0;0;0;0;0;0;-25;-25;-25;18;0;0;0;0
2592;克里斯-沃什布恩;Chris Washburn;5;5;0;0;0;0;0;0;0;0;0;0;0;0;-25;-25;-25;18;0;0;0;0
2593;肯尼-沃克;Kenny Walker;6;3;0;0;0;0;0;0;0;0;0;0;0;0;-25;-25;-25;18;0;0;0;0
2594;威廉-贝德福特;William Bedford;5;5;0;0;0;0;0;0;0;0;0;0;0;0;-25;-25;-25;18;0;0;0;0
2595;罗伊-塔普雷;Roy Tarpley;7;4;5;0;0;0;0;0;0;0;0;0;0;0;-25;-25;-25;18;0;0;0;0
2596;布拉德-塞勒斯;Brad Sellers;6;4;3;0;0;0;0;0;0;0;0;0;0;0;-25;-25;-25;18;0;0;0;0
2597;约翰-道金斯;Johnny Dawkins;7;1;0;0;0;0;0;0;0;0;0;0;0;0;-25;-25;-25;18;0;0;0;0
2598;约翰-威廉姆斯;John Sam Williams;6;3;0;0;0;0;0;0;0;0;0;0;0;0;-25;-25;-25;18;0;0;0;0
2599;皮埃尔-华盛顿;Pearl Washington;5;1;0;0;0;0;0;0;0;0;0;0;0;0;-25;-25;-25;18;0;0;0;0
2600;沃尔特-贝里;Walter Berry;7;3;4;0;0;0;0;0;0;0;0;0;0;0;-25;-25;-25;18;0;0;0;0
2601;莫里斯-马丁;Maurice Martin;5;3;0;0;0;0;0;0;0;0;0;0;0;0;-25;-25;-25;18;0;0;0;0
2602;哈罗德-普莱斯利;Harold Pressley;6;3;4;0;0;0;0;0;0;0;0;0;0;0;-25;-25;-25;18;0;0;0;0
2603;马克-阿赖瑞;Mark Alarie;6;4;0;0;0;0;0;0;0;0;0;0;0;0;-25;-25;-25;18;0;0;0;0
2604;比利-汤普森;Billy Thompson;5;3;0;0;0;0;0;0;0;0;0;0;0;0;-25;-25;-25;18;0;0;0;0
2605;布克-约翰逊;Buck Johnson;6;3;0;0;0;0;0;0;0;0;0;0;0;0;-25;-25;-25;18;0;0;0;0
2606;安东尼-琼斯;Anthony Jones;5;2;3;0;0;0;0;0;0;0;0;0;0;0;-25;-25;-25;18;0;0;0;0
2607;斯科特-斯凯尔斯;Scott Skiles;7;1;0;0;0;0;0;0;0;0;0;0;0;0;-25;-25;-25;18;0;0;0;0
2608;格雷格-德莱琳;Greg Dreiling;5;5;0;0;0;0;0;0;0;0;0;0;0;0;-25;-25;-25;18;0;0;0;0
2609;拉里-克里斯科维亚克;Larry Krystkowiak;6;4;0;0;0;0;0;0;0;0;0;0;0;0;-25;-25;-25;18;0;0;0;0
2610;德尼斯-霍普森;Dennis Hopson;6;2;3;0;0;0;0;0;0;0;0;0;0;0;-25;-25;-25;18;0;0;0;0
2611;泰利斯-弗兰克;Tellis Frank;5;4;0;0;0;0;0;0;0;0;0;0;0;0;-25;-25;-25;18;0;0;0;0
2612;何塞-奥特兹;José Ortiz;5;4;0;0;0;0;0;0;0;0;0;0;0;0;-25;-25;-25;18;0;0;0;0
2613;克里斯-威尔普;Chris Welp;5;5;0;0;0;0;0;0;0;0;0;0;0;0;-25;-25;-25;18;0;0;0;0
2614;罗尼-墨菲;Ronnie Murphy;5;3;0;0;0;0;0;0;0;0;0;0;0;0;-25;-25;-25;18;0;0;0;0
2615;吉姆-法玛尔;Jim Farmer;5;2;0;0;0;0;0;0;0;0;0;0;0;0;-25;-25;-25;18;0;0;0;0
2616;达拉斯-科米基斯;Dallas Comegys;5;4;0;0;0;0;0;0;0;0;0;0;0;0;-25;-25;-25;18;0;0;0;0
2617;雷杰-刘易斯;Reggie Lewis;8;2;3;0;0;0;0;0;0;0;0;0;0;0;-25;-25;-25;18;0;0;0;0
2618;温斯顿-加兰;Winston Garland;6;1;0;0;0;0;0;0;0;0;0;0;0;0;-25;-25;-25;18;0;0;0;0
2619;杰夫-格雷尔;Jeff Grayer;6;2;3;0;0;0;0;0;0;0;0;0;0;0;-25;-25;-25;18;0;0;0;0
2620;加里-格兰特;Gary Grant;6;1;0;0;0;0;0;0;0;0;0;0;0;0;-25;-25;-25;18;0;0;0;0
2621;德里克-齐沃斯;Derrick Chievous;5;3;0;0;0;0;0;0;0;0;0;0;0;0;-25;-25;-25;18;0;0;0;0
2622;里基-贝里;Ricky Berry;5;2;0;0;0;0;0;0;0;0;0;0;0;0;-25;-25;-25;18;0;0;0;0
2623;杰罗米-雷恩;Jerome Lane;5;4;0;0;0;0;0;0;0;0;0;0;0;0;-25;-25;-25;18;0;0;0;0
2624;大卫-里弗斯;David Rivers;5;1;0;0;0;0;0;0;0;0;0;0;0;0;-25;-25;-25;18;0;0;0;0
2625;罗兰多-费雷拉;Rolando Ferreira;5;5;0;0;0;0;0;0;0;0;0;0;0;0;-25;-25;-25;18;0;0;0;0
2626;谢尔顿-琼斯;Shelton Jones;5;3;0;0;0;0;0;0;0;0;0;0;0;0;-25;-25;-25;18;0;0;0;0
2627;赵睿;Zhao Rui;7;2;0;0;0;0;0;0;0;0;0;0;0;0;-25;-25;-25;18;0;0;0;0
2628;兰迪-怀特;Randy White;6;4;0;0;0;0;0;0;0;0;0;0;0;0;-25;-25;-25;18;0;0;0;0
2629;托德-里希蒂;Todd Lichti;6;2;0;0;0;0;0;0;0;0;0;0;0;0;-25;-25;-25;18;0;0;0;0
2630;肯尼-佩恩;Kenny Payne;5;3;0;0;0;0;0;0;0;0;0;0;0;0;-25;-25;-25;18;0;0;0;0
2631;杰夫-桑德斯;Jeff Sanders;5;4;3;0;0;0;0;0;0;0;0;0;0;0;-25;-25;-25;18;0;0;0;0
2632;拜伦-埃尔文;Byron Irvin;5;2;0;0;0;0;0;0;0;0;0;0;0;0;-25;-25;-25;18;0;0;0;0
2633;罗伊-马布尔;Roy Marble;5;3;2;0;0;0;0;0;0;0;0;0;0;0;-25;-25;-25;18;0;0;0;0
2634;约翰-莫顿;John Morton;5;3;2;0;0;0;0;0;0;0;0;0;0;0;-25;-25;-25;18;0;0;0;0
2635;肯尼-巴特尔;Kenny Battle;5;2;0;0;0;0;0;0;0;0;0;0;0;0;-25;-25;-25;18;0;0;0;0
2636;伯-金贝尔;Bo Kimble;5;2;0;0;0;0;0;0;0;0;0;0;0;0;-25;-25;-25;18;0;0;0;0
2637;威利-伯顿;Willie Burton;6;3;0;0;0;0;0;0;0;0;0;0;0;0;-25;-25;-25;18;0;0;0;0
2638;鲁米尔-罗宾逊;Rumeal Robinson;6;1;0;0;0;0;0;0;0;0;0;0;0;0;-25;-25;-25;18;0;0;0;0
2639;亚历克-科斯勒;Alec Kessler;5;4;5;0;0;0;0;0;0;0;0;0;0;0;-25;-25;-25;18;0;0;0;0
2640;泰瑞斯-梅斯;Travis Mays;6;1;0;0;0;0;0;0;0;0;0;0;0;0;-25;-25;-25;18;0;0;0;0
2641;达夫-詹姆森;Dave Jamerson;5;2;0;0;0;0;0;0;0;0;0;0;0;0;-25;-25;-25;18;0;0;0;0
2642;杰罗德-穆斯塔夫;Jerrod Mustaf;5;4;0;0;0;0;0;0;0;0;0;0;0;0;-25;-25;-25;18;0;0;0;0
2643;塔特-乔治;Tate George;5;2;1;0;0;0;0;0;0;0;0;0;0;0;-25;-25;-25;18;0;0;0;0
2644;安东尼-邦纳;Anthony Bonner;5;4;3;0;0;0;0;0;0;0;0;0;0;0;-25;-25;-25;18;0;0;0;0
2645;德怀恩-辛特祖斯;Dwayne Schintzius;5;5;0;0;0;0;0;0;0;0;0;0;0;0;-25;-25;-25;18;0;0;0;0
2646;阿拉-阿卜杜勒纳比;Alaa Abdelnaby;6;4;0;0;0;0;0;0;0;0;0;0;0;0;-25;-25;-25;18;0;0;0;0
2647;兰斯-布兰克斯;Lance Blanks;5;2;0;0;0;0;0;0;0;0;0;0;0;0;-25;-25;-25;18;0;0;0;0
2648;莱斯-杰布森;Les Jepsen;5;5;0;0;0;0;0;0;0;0;0;0;0;0;-25;-25;-25;18;0;0;0;0
2649;里奇-金;Rich King;5;5;0;0;0;0;0;0;0;0;0;0;0;0;-25;-25;-25;18;0;0;0;0
2650;凯文-布鲁克斯;Kevin Brooks;5;3;0;0;0;0;0;0;0;0;0;0;0;0;-25;-25;-25;18;0;0;0;0
2651;拉布莱德福德-史密斯;LaBradford Smith;5;2;0;0;0;0;0;0;0;0;0;0;0;0;-25;-25;-25;18;0;0;0;0
2652;约翰-特纳;John Turner;5;3;0;0;0;0;0;0;0;0;0;0;0;0;-25;-25;-25;18;0;0;0;0
2653;马克-兰道尔;Mark Randall;5;4;0;0;0;0;0;0;0;0;0;0;0;0;-25;-25;-25;18;0;0;0;0
2654;凯文-林奇;Kevin Lynch;5;2;0;0;0;0;0;0;0;0;0;0;0;0;-25;-25;-25;18;0;0;0;0
2655;罗德尼-门罗;Rodney Monroe;5;2;0;0;0;0;0;0;0;0;0;0;0;0;-25;-25;-25;18;0;0;0;0
2656;兰迪-伍兹;Randy Woods;5;1;0;0;0;0;0;0;0;0;0;0;0;0;-25;-25;-25;18;0;0;0;0
2657;唐-马克伦;Don MacLean;7;3;4;0;0;0;0;0;0;0;0;0;0;0;-25;-25;-25;18;0;0;0;0
2658;达夫-约翰逊;Dave Johnson;5;2;0;0;0;0;0;0;0;0;0;0;0;0;-25;-25;-25;18;0;0;0;0
2659;马龙-马克西;Marlon Maxey;5;4;0;0;0;0;0;0;0;0;0;0;0;0;-25;-25;-25;18;0;0;0;0
2660;莱恩-迈尔;Ryan Minor;6;3;0;0;0;0;0;0;0;0;0;0;0;0;-25;-25;-25;18;0;0;0;0
2661;肖恩-哈维;Shawn Harvey;6;1;2;0;0;0;0;0;0;0;0;0;0;0;-25;-25;-25;18;0;0;0;0
2662;多伦-谢弗;Doron Sheffer;6;2;1;0;0;0;0;0;0;0;0;0;0;0;-25;-25;-25;18;0;0;0;0
2663;拉斯-米拉德;Russ Millard;6;5;0;0;0;0;0;0;0;0;0;0;0;0;-25;-25;-25;18;0;0;0;0
2664;马库斯-曼;Marcus Mann;6;5;0;0;0;0;0;0;0;0;0;0;0;0;-25;-25;-25;18;0;0;0;0
2665;马库斯-布朗;Marcus Brown;6;2;1;0;0;0;0;0;0;0;0;0;0;0;-25;-25;-25;18;0;0;0;0
2666;罗恩-莱利;Ronald Jay Riley;6;3;4;0;0;0;0;0;0;0;0;0;0;0;-25;-25;-25;18;0;0;0;0
2667;贾米尔-法伊克;Jamie Feick;6;5;4;0;0;0;0;0;0;0;0;0;0;0;-25;-25;-25;18;0;0;0;0
2668;特雷尔-比尔;Terrell Bell;6;5;0;0;0;0;0;0;0;0;0;0;0;0;-25;-25;-25;18;0;0;0;0
2669;杰夫-诺德加德;Jeff Nordgaard;6;4;0;0;0;0;0;0;0;0;0;0;0;0;-25;-25;-25;18;0;0;0;0
2670;罗尼-亨德森;Ronnie Henderson;6;1;2;0;0;0;0;0;0;0;0;0;0;0;-25;-25;-25;18;0;0;0;0
2671;达内尔-罗宾逊;Darnell Robinson;6;5;0;0;0;0;0;0;0;0;0;0;0;0;-25;-25;-25;18;0;0;0;0
2672;约翰-泰勒;Johnny Taylor;6;3;0;0;0;0;0;0;0;0;0;0;0;0;-25;-25;-25;18;0;0;0;0
2673;基斯-布斯;Keith Booth;6;3;0;0;0;0;0;0;0;0;0;0;0;0;-25;-25;-25;18;0;0;0;0
2674;塞尔日-兹维克尔;Serge Zwikker;6;5;0;0;0;0;0;0;0;0;0;0;0;0;-25;-25;-25;18;0;0;0;0
2675;马克-桑福德;Mark Sanford;6;4;3;0;0;0;0;0;0;0;0;0;0;0;-25;-25;-25;18;0;0;0;0
2676;查尔斯-奥班农;Charles-O′Bannon;6;2;0;0;0;0;0;0;0;0;0;0;0;0;-25;-25;-25;18;0;0;0;0
2677;詹姆斯-柯顿;James Cotton;6;2;0;0;0;0;0;0;0;0;0;0;0;0;-25;-25;-25;18;0;0;0;0
2678;马科-米利奇;Marko Milič;6;2;3;0;0;0;0;0;0;0;0;0;0;0;-25;-25;-25;18;0;0;0;0
2679;布博巴-威尔斯;Bubba Wells;6;2;3;0;0;0;0;0;0;0;0;0;0;0;-25;-25;-25;18;0;0;0;0
2680;凯布-斯图尔特;Kebu Stewart;6;4;0;0;0;0;0;0;0;0;0;0;0;0;-25;-25;-25;18;0;0;0;0
2681;詹姆斯-科林斯;James Collins;6;2;0;0;0;0;0;0;0;0;0;0;0;0;-25;-25;-25;18;0;0;0;0
2682;杰拉德-霍尼卡特;Jerald Honeycutt;6;4;0;0;0;0;0;0;0;0;0;0;0;0;-25;-25;-25;18;0;0;0;0
2683;埃德-埃利斯马;Eddie Elisma;6;5;0;0;0;0;0;0;0;0;0;0;0;0;-25;-25;-25;18;0;0;0;0
2684;贾森-劳森;Jason Lawson;6;5;0;0;0;0;0;0;0;0;0;0;0;0;-25;-25;-25;18;0;0;0;0
2685;戈登-马龙;Gordon Malone;6;4;3;0;0;0;0;0;0;0;0;0;0;0;-25;-25;-25;18;0;0;0;0
2686;阿兰-迪格博;Alain Digbeu;6;3;4;0;0;0;0;0;0;0;0;0;0;0;-25;-25;-25;18;0;0;0;0
2687;陈国豪;Chen Guohao;7;5;0;0;0;0;0;0;0;0;0;0;0;0;-25;-25;-25;18;0;0;0;0
2688;CJ-布鲁顿;C.J. Bruton;6;1;2;0;0;0;0;0;0;0;0;0;0;0;-25;-25;-25;18;0;0;0;0
2689;保罗-罗杰斯;Paul Rogers;6;5;0;0;0;0;0;0;0;0;0;0;0;0;-25;-25;-25;18;0;0;0;0
2690;本-佩珀;Ben Pepper;6;5;0;0;0;0;0;0;0;0;0;0;0;0;-25;-25;-25;18;0;0;0;0
2691;内特-厄德曼;Nate Erdmann;6;2;1;0;0;0;0;0;0;0;0;0;0;0;-25;-25;-25;18;0;0;0;0
2692;罗伯托-杜恩纳斯;Roberto Duenas;6;5;0;0;0;0;0;0;0;0;0;0;0;0;-25;-25;-25;18;0;0;0;0
2693;米萨德-特坎;Mirsad Türkcan;6;4;0;0;0;0;0;0;0;0;0;0;0;0;-25;-25;-25;18;0;0;0;0
2694;菲利普-洛佩斯;Felipe López;6;2;1;0;0;0;0;0;0;0;0;0;0;0;-25;-25;-25;18;0;0;0;0
2695;安苏-瑟塞;Ansu Sesay;6;3;0;0;0;0;0;0;0;0;0;0;0;0;-25;-25;-25;18;0;0;0;0
2696;凯西-肖;Casey Shaw;6;5;0;0;0;0;0;0;0;0;0;0;0;0;-25;-25;-25;18;0;0;0;0
2697;克莱昂-杨;Korleone Young;6;3;0;0;0;0;0;0;0;0;0;0;0;0;-25;-25;-25;18;0;0;0;0
2698;米勒斯-西蒙;Miles Simon;6;2;0;0;0;0;0;0;0;0;0;0;0;0;-25;-25;-25;18;0;0;0;0
2699;托比-贝利;Toby Bailey;6;2;0;0;0;0;0;0;0;0;0;0;0;0;-25;-25;-25;18;0;0;0;0
2700;安德雷-帕特森;Andrae Patterson;6;4;0;0;0;0;0;0;0;0;0;0;0;0;-25;-25;-25;18;0;0;0;0
2701;莱恩-斯塔克;Ryan Stack;6;4;0;0;0;0;0;0;0;0;0;0;0;0;-25;-25;-25;18;0;0;0;0
2702;科里-凯尔;Cory Carr;6;2;0;0;0;0;0;0;0;0;0;0;0;0;-25;-25;-25;18;0;0;0;0
2703;安德鲁-贝茨;Andrew Betts;6;5;0;0;0;0;0;0;0;0;0;0;0;0;-25;-25;-25;18;0;0;0;0
2704;卡雷-布鲁尔;Corey Lavelle Brewer;6;1;0;0;0;0;0;0;0;0;0;0;0;0;-25;-25;-25;18;0;0;0;0
2705;德里克-蒂亚尔;Derrick Dial;6;2;0;0;0;0;0;0;0;0;0;0;0;0;-25;-25;-25;18;0;0;0;0
2706;特拉简-朗顿;Trajan Langdon;6;2;0;0;0;0;0;0;0;0;0;0;0;0;-25;-25;-25;18;0;0;0;0
2707;卡尔-鲍德勒;Cal Bowdler;6;3;4;0;0;0;0;0;0;0;0;0;0;0;-25;-25;-25;18;0;0;0;0
2708;里昂-史密斯;Leon Smith;6;5;0;0;0;0;0;0;0;0;0;0;0;0;-25;-25;-25;18;0;0;0;0
2709;约翰-塞莱斯坦德;John Celestand;6;1;0;0;0;0;0;0;0;0;0;0;0;0;-25;-25;-25;18;0;0;0;0
2710;里克-希尔;Rico Hill;6;3;4;0;0;0;0;0;0;0;0;0;0;0;-25;-25;-25;18;0;0;0;0
2711;路易斯-布洛克;Louis Bullock;6;1;2;0;0;0;0;0;0;0;0;0;0;0;-25;-25;-25;18;0;0;0;0
2712;泰隆-华盛顿;Tyrone Washington;6;5;0;0;0;0;0;0;0;0;0;0;0;0;-25;-25;-25;18;0;0;0;0
2713;莱恩-罗波特森;Ryan Robertson;6;2;0;0;0;0;0;0;0;0;0;0;0;0;-25;-25;-25;18;0;0;0;0
2714;JR-科勒;J.R. Koch;6;4;3;0;0;0;0;0;0;0;0;0;0;0;-25;-25;-25;18;0;0;0;0
2715;盖伦-扬;Galen Young;6;3;4;0;0;0;0;0;0;0;0;0;0;0;-25;-25;-25;18;0;0;0;0
2716;拉里-凯特纳;Lari Ketner;6;4;0;0;0;0;0;0;0;0;0;0;0;0;-25;-25;-25;18;0;0;0;0
2717;维森-汉密尔顿;Venson Hamilton;6;5;0;0;0;0;0;0;0;0;0;0;0;0;-25;-25;-25;18;0;0;0;0
2718;安托万-史密斯;Antwain Smith;6;2;3;0;0;0;0;0;0;0;0;0;0;0;-25;-25;-25;18;0;0;0;0
2719;罗伯托-伯格森;Roberto Bergersen;6;3;4;0;0;0;0;0;0;0;0;0;0;0;-25;-25;-25;18;0;0;0;0
2720;梅尔文-莱维特;Melvin Levett;6;1;2;0;0;0;0;0;0;0;0;0;0;0;-25;-25;-25;18;0;0;0;0
2721;克里斯-克拉克;Kris Clack;6;1;2;0;0;0;0;0;0;0;0;0;0;0;-25;-25;-25;18;0;0;0;0
2722;蒂姆-杨;Tim Young;6;5;0;0;0;0;0;0;0;0;0;0;0;0;-25;-25;-25;18;0;0;0;0
2723;埃迪-卢卡斯;Eddie Lucas;6;2;1;0;0;0;0;0;0;0;0;0;0;0;-25;-25;-25;18;0;0;0;0
2724;玛玛多-恩迪亚耶;Mamadou N'diaye;6;5;0;0;0;0;0;0;0;0;0;0;0;0;-25;-25;-25;18;0;0;0;0
2725;AJ-盖顿;A.J. Guyton;6;1;0;0;0;0;0;0;0;0;0;0;0;0;-25;-25;-25;18;0;0;0;0
2726;克哈里德-艾尔-阿敏;Khalid El-Amin;6;1;0;0;0;0;0;0;0;0;0;0;0;0;-25;-25;-25;18;0;0;0;0
2727;迈克-史密斯;Mike Smith;6;3;0;0;0;0;0;0;0;0;0;0;0;0;-25;-25;-25;18;0;0;0;0
2728;拉沃-波斯特尔;Lavor Postell;6;2;0;0;0;0;0;0;0;0;0;0;0;0;-25;-25;-25;18;0;0;0;0
2729;克里斯-卡拉维尔;Chris Carrawell;6;3;4;0;0;0;0;0;0;0;0;0;0;0;-25;-25;-25;18;0;0;0;0
2730;贾巴里-史密斯;Jabari Smith;6;5;4;0;0;0;0;0;0;0;0;0;0;0;-25;-25;-25;18;0;0;0;0
2731;迪安德烈-休利特;DeeAndre Hulett;6;3;4;0;0;0;0;0;0;0;0;0;0;0;-25;-25;-25;18;0;0;0;0
2732;加斯帕-塞萨尔;Josip Sesar;6;2;1;0;0;0;0;0;0;0;0;0;0;0;-25;-25;-25;18;0;0;0;0
2733;马克-卡彻;Mark Karcher;6;3;4;0;0;0;0;0;0;0;0;0;0;0;-25;-25;-25;18;0;0;0;0
2734;卡尼尔-狄更斯;Kaniel Dickens;6;4;3;0;0;0;0;0;0;0;0;0;0;0;-25;-25;-25;18;0;0;0;0
2735;伊戈尔-拉科塞维奇;Igor Rakočević;6;1;0;0;0;0;0;0;0;0;0;0;0;0;-25;-25;-25;18;0;0;0;0
2736;科里-海托华;Cory Hightower;6;4;3;0;0;0;0;0;0;0;0;0;0;0;-25;-25;-25;18;0;0;0;0
2737;杰奎-沃尔斯;Jaquay Walls;6;1;2;0;0;0;0;0;0;0;0;0;0;0;-25;-25;-25;18;0;0;0;0
2738;斯库尼-佩恩;Scoonie Penn;6;3;4;0;0;0;0;0;0;0;0;0;0;0;-25;-25;-25;18;0;0;0;0
2739;皮特-迈克尔;Pete Mickeal;6;4;3;0;0;0;0;0;0;0;0;0;0;0;-25;-25;-25;18;0;0;0;0
2740;柯克-哈斯顿;Kirk Haston;6;3;4;0;0;0;0;0;0;0;0;0;0;0;-25;-25;-25;18;0;0;0;0
2741;迈克尔-布拉德利;Michael Bradley;6;4;5;0;0;0;0;0;0;0;0;0;0;0;-25;-25;-25;18;0;0;0;0
2742;杰伊尔-萨瑟;Jeryl Sasser;6;2;0;0;0;0;0;0;0;0;0;0;0;0;-25;-25;-25;18;0;0;0;0
2743;布兰登-阿姆斯特朗;Brandon Armstrong;6;2;0;0;0;0;0;0;0;0;0;0;0;0;-25;-25;-25;18;0;0;0;0
2744;威尔-所罗门;Will Solomon;6;1;2;0;0;0;0;0;0;0;0;0;0;0;-25;-25;-25;18;0;0;0;0
2745;杰夫-特雷帕格尼尔;Jeff Trepagnier;6;2;0;0;0;0;0;0;0;0;0;0;0;0;-25;-25;-25;18;0;0;0;0
2746;达文-布朗;Damone Brown;6;4;3;0;0;0;0;0;0;0;0;0;0;0;-25;-25;-25;18;0;0;0;0
2747;迈克尔-赖特;Michael Wright;6;3;4;0;0;0;0;0;0;0;0;0;0;0;-25;-25;-25;18;0;0;0;0
2748;埃里克-切诺维;Eric Chenowith;6;5;0;0;0;0;0;0;0;0;0;0;0;0;-25;-25;-25;18;0;0;0;0
2749;凯尔-希尔;Kyle Hill;6;1;2;0;0;0;0;0;0;0;0;0;0;0;-25;-25;-25;18;0;0;0;0
2750;奥斯曼-西塞;Ousmane Cisse;6;3;4;0;0;0;0;0;0;0;0;0;0;0;-25;-25;-25;18;0;0;0;0
2751;安东尼斯-福特西斯;Antonis Fotsis;6;4;0;0;0;0;0;0;0;0;0;0;0;0;-25;-25;-25;18;0;0;0;0
2752;鲁本-邦特杰-邦特杰;Ruben Boumtje-Boumtje;6;5;0;0;0;0;0;0;0;0;0;0;0;0;-25;-25;-25;18;0;0;0;0
2753;安德鲁-赫特森;Andre Hutson;6;3;4;0;0;0;0;0;0;0;0;0;0;0;-25;-25;-25;18;0;0;0;0
2754;杰隆-科林斯;Jarron Collins;6;5;0;0;0;0;0;0;0;0;0;0;0;0;-25;-25;-25;18;0;0;0;0
2755;肯尼-塞得菲尔德;Kenny Satterfield;6;1;0;0;0;0;0;0;0;0;0;0;0;0;-25;-25;-25;18;0;0;0;0
2756;莫里斯-杰弗森;Maurice Jeffers;6;2;1;0;0;0;0;0;0;0;0;0;0;0;-25;-25;-25;18;0;0;0;0
2757;布莱恩-布雷西;Bryan Bracey;6;3;4;0;0;0;0;0;0;0;0;0;0;0;-25;-25;-25;18;0;0;0;0
2758;弗瑞德-琼斯;Fred Jones;6;2;3;0;0;0;0;0;0;0;0;0;0;0;-25;-25;-25;18;0;0;0;0
2759;耶里-维尔什科;Jiří Welsch;6;3;2;0;0;0;0;0;0;0;0;0;0;0;-25;-25;-25;18;0;0;0;0
2760;库蒂斯-布查德特;Curtis Borchardt;6;5;0;0;0;0;0;0;0;0;0;0;0;0;-25;-25;-25;18;0;0;0;0
2761;弗兰克-威廉姆斯;Frank Williams;6;1;2;0;0;0;0;0;0;0;0;0;0;0;-25;-25;-25;18;0;0;0;0
2762;斯蒂夫-洛根;Steve Logan;6;1;2;0;0;0;0;0;0;0;0;0;0;0;-25;-25;-25;18;0;0;0;0
2763;米洛斯-武贾尼奇;Milos Vujanic;6;1;2;0;0;0;0;0;0;0;0;0;0;0;-25;-25;-25;18;0;0;0;0
2764;蒂图-麦多克斯;Tito Maddox;6;2;0;0;0;0;0;0;0;0;0;0;0;0;-25;-25;-25;18;0;0;0;0
2765;罗德-格利扎德;Rod Grizzard;6;2;1;0;0;0;0;0;0;0;0;0;0;0;-25;-25;-25;18;0;0;0;0
2766;贾森-詹宁斯;Jason Jennings;6;5;0;0;0;0;0;0;0;0;0;0;0;0;-25;-25;-25;18;0;0;0;0
2767;萨姆-克兰西;Sam Clancy;7;3;4;0;0;0;0;0;0;0;0;0;0;0;-25;-25;-25;18;0;0;0;0
2768;克里斯-欧文斯;Chris Owens;6;3;4;0;0;0;0;0;0;0;0;0;0;0;-25;-25;-25;18;0;0;0;0
2769;彼得-费塞;Peter Fehse;6;4;0;0;0;0;0;0;0;0;0;0;0;0;-25;-25;-25;18;0;0;0;0
2770;马库斯-泰勒;Marcus Taylor;6;2;1;0;0;0;0;0;0;0;0;0;0;0;-25;-25;-25;18;0;0;0;0
2771;穆拉登-塞库拉茨;Mladen Sekularac;6;3;4;0;0;0;0;0;0;0;0;0;0;0;-25;-25;-25;18;0;0;0;0
2772;兰迪-霍尔科姆;Randy Holcomb;6;3;0;0;0;0;0;0;0;0;0;0;0;0;-25;-25;-25;18;0;0;0;0
2773;特洛伊-贝尔;Troy Bell;6;1;0;0;0;0;0;0;0;0;0;0;0;0;-25;-25;-25;18;0;0;0;0
2774;西蒙-瑟夫奇克;Szymon Szewczyk;6;4;5;0;0;0;0;0;0;0;0;0;0;0;-25;-25;-25;18;0;0;0;0
2775;泰瑞斯-汉森;Travis Hansen;6;3;0;0;0;0;0;0;0;0;0;0;0;0;-25;-25;-25;18;0;0;0;0
2776;詹姆斯-朗;James Lang;6;5;0;0;0;0;0;0;0;0;0;0;0;0;-25;-25;-25;18;0;0;0;0
2777;帕奇里斯-莫伦德;Paccelis Morlende;6;1;2;0;0;0;0;0;0;0;0;0;0;0;-25;-25;-25;18;0;0;0;0
2778;雷蒙-范德海尔;Remon van de Hare;6;5;0;0;0;0;0;0;0;0;0;0;0;0;-25;-25;-25;18;0;0;0;0
2779;内扎德-西纳诺维奇;Nedžad Sinanović;6;5;0;0;0;0;0;0;0;0;0;0;0;0;-25;-25;-25;18;0;0;0;0
2780;里克-里克特;Rick Rickert;6;4;3;0;0;0;0;0;0;0;0;0;0;0;-25;-25;-25;18;0;0;0;0
2781;布兰登-亨特;Brandon Hunter;6;4;0;0;0;0;0;0;0;0;0;0;0;0;-25;-25;-25;18;0;0;0;0
2782;柯克-施耐德;Kirk Snyder;6;2;3;0;0;0;0;0;0;0;0;0;0;0;-25;-25;-25;18;0;0;0;0
2783;瑟盖-蒙尼亚;Sergei Monia;6;3;0;0;0;0;0;0;0;0;0;0;0;0;-25;-25;-25;18;0;0;0;0
2784;杰克逊-瓦尔曼;Jackson Vroman;6;4;5;0;0;0;0;0;0;0;0;0;0;0;-25;-25;-25;18;0;0;0;0
2785;PJ-拉莫斯;Peter John Ramos;6;5;0;0;0;0;0;0;0;0;0;0;0;0;-25;-25;-25;18;0;0;0;0
2786;莱那尔-钱莫斯;Lionel Chalmers;6;1;0;0;0;0;0;0;0;0;0;0;0;0;-25;-25;-25;18;0;0;0;0
2787;多塔-史密斯;Donta Smith;6;2;0;0;0;0;0;0;0;0;0;0;0;0;-25;-25;-25;18;0;0;0;0
2788;艾伯特-米拉莱斯;Albert Miralles;6;5;0;0;0;0;0;0;0;0;0;0;0;0;-25;-25;-25;18;0;0;0;0
2789;大卫-杨;David Young;6;2;1;0;0;0;0;0;0;0;0;0;0;0;-25;-25;-25;18;0;0;0;0
2790;维克多-萨尼启泽;Viktor Sanikidze;6;3;4;0;0;0;0;0;0;0;0;0;0;0;-25;-25;-25;18;0;0;0;0
2791;佩普-索;Pape Sow;6;5;0;0;0;0;0;0;0;0;0;0;0;0;-25;-25;-25;18;0;0;0;0
2792;瑞奇-米纳尔;Ricky Minard;6;2;1;0;0;0;0;0;0;0;0;0;0;0;-25;-25;-25;18;0;0;0;0
2793;谢尔盖-利舒克;Sergei Lishouk;6;5;4;0;0;0;0;0;0;0;0;0;0;0;-25;-25;-25;18;0;0;0;0
2794;克里斯蒂安-德雷耶;Christian Drejer;6;1;2;0;0;0;0;0;0;0;0;0;0;0;-25;-25;-25;18;0;0;0;0
2795;罗曼-萨托;Romain Sato;6;3;2;0;0;0;0;0;0;0;0;0;0;0;-25;-25;-25;18;0;0;0;0
2796;瑞奇-保丁;Rickey Paulding;6;2;1;0;0;0;0;0;0;0;0;0;0;0;-25;-25;-25;18;0;0;0;0
2797;卢斯-福罗雷斯;Luis Flores;6;1;0;0;0;0;0;0;0;0;0;0;0;0;-25;-25;-25;18;0;0;0;0
2798;谢尔盖-卡拉洛夫;Sergei Karaulov;6;5;0;0;0;0;0;0;0;0;0;0;0;0;-25;-25;-25;18;0;0;0;0
2799;布拉克-斯特普;Blake Stepp;6;1;2;0;0;0;0;0;0;0;0;0;0;0;-25;-25;-25;18;0;0;0;0
2800;拉沙德-赖特;Rashad Wright;6;1;0;0;0;0;0;0;0;0;0;0;0;0;-25;-25;-25;18;0;0;0;0
2801;雅洛斯拉弗-科若列夫;Yaroslav Korolev;6;3;0;0;0;0;0;0;0;0;0;0;0;0;-25;-25;-25;18;0;0;0;0
2802;丹尼尔-尤因;Daniel Ewing;6;1;2;0;0;0;0;0;0;0;0;0;0;0;-25;-25;-25;18;0;0;0;0
2803;克里斯-塔夫特;Chris Taft;6;5;0;0;0;0;0;0;0;0;0;0;0;0;-25;-25;-25;18;0;0;0;0
2804;麦尔-伊利奇;Mile Ilić;6;5;4;0;0;0;0;0;0;0;0;0;0;0;-25;-25;-25;18;0;0;0;0
2805;罗波特-威利;Robert Whaley;6;5;0;0;0;0;0;0;0;0;0;0;0;0;-25;-25;-25;18;0;0;0;0
2806;阿克塞尔-贺维尔;Axel Hervelle;6;4;3;0;0;0;0;0;0;0;0;0;0;0;-25;-25;-25;18;0;0;0;0
2807;劳伦斯-罗伯茨;Lawrence Roberts;6;4;5;0;0;0;0;0;0;0;0;0;0;0;-25;-25;-25;18;0;0;0;0
2808;里奥-伊莱乌;Lior Eliyahu;6;3;4;0;0;0;0;0;0;0;0;0;0;0;-25;-25;-25;18;0;0;0;0
2809;维拉德玛-威勒明科;Vladimir Veremeenko;6;4;3;0;0;0;0;0;0;0;0;0;0;0;-25;-25;-25;18;0;0;0;0
2810;切克-撒伯;Cheikh Samb;6;5;0;0;0;0;0;0;0;0;0;0;0;0;-25;-25;-25;18;0;0;0;0
2811;吉勒莫-迪亚兹;Guillermo Díaz;6;2;0;0;0;0;0;0;0;0;0;0;0;0;-25;-25;-25;18;0;0;0;0
2812;威塔姆-哈尔佩林;Yotam Halperin;6;2;1;0;0;0;0;0;0;0;0;0;0;0;-25;-25;-25;18;0;0;0;0
2813;艾克-尤波亚;Ejike Ugboaja;6;3;4;0;0;0;0;0;0;0;0;0;0;0;-25;-25;-25;18;0;0;0;0
2814;艾丁-巴夫切齐;Edin Bavčić;6;5;4;0;0;0;0;0;0;0;0;0;0;0;-25;-25;-25;18;0;0;0;0
2815;JR-平诺克;J.R. Pinnock;6;2;1;0;0;0;0;0;0;0;0;0;0;0;-25;-25;-25;18;0;0;0;0
2816;希恩-威廉姆斯;Sean Williams;6;4;0;0;0;0;0;0;0;0;0;0;0;0;-25;-25;-25;18;0;0;0;0
2817;斯坦科-巴拉奇;Stanko Barać;6;5;0;0;0;0;0;0;0;0;0;0;0;0;-25;-25;-25;18;0;0;0;0
2818;贾雷德-乔丹;Jared Jordan;6;1;0;0;0;0;0;0;0;0;0;0;0;0;-25;-25;-25;18;0;0;0;0
2819;多米尼克-麦克奎尔;Dominic McGuire;6;3;2;0;0;0;0;0;0;0;0;0;0;0;-25;-25;-25;18;0;0;0;0
2820;萨米-梅希亚;Sammy Mejia;6;1;0;0;0;0;0;0;0;0;0;0;0;0;-25;-25;-25;18;0;0;0;0
2821;凯尔-韦弗;Kyle Weaver;6;2;0;0;0;0;0;0;0;0;0;0;0;0;-25;-25;-25;18;0;0;0;0
2822;桑-福斯特;Shan Foster;6;2;0;0;0;0;0;0;0;0;0;0;0;0;-25;-25;-25;18;0;0;0;0
2823;杰拉德-亨德森二世;Gerald Henderson Jr.;7;2;0;0;0;0;0;0;0;0;0;0;0;0;-25;-25;-25;18;0;0;0;0
2824;塞尔吉-格拉蒂尔;Sergiy Gladyr;6;2;1;0;0;0;0;0;0;0;0;0;0;0;-25;-25;-25;18;0;0;0;0
2825;罗伯特-瓦登;Robert Vaden;7;2;3;0;0;0;0;0;0;0;0;0;0;0;-25;-25;-25;18;0;0;0;0
2826;保罗-普雷斯特斯;Paulão Prestes;7;5;0;0;0;0;0;0;0;0;0;0;0;0;-25;-25;-25;18;0;0;0;0
2827;瑞安-理查兹;Ryan Richards;6;4;5;0;0;0;0;0;0;0;0;0;0;0;-25;-25;-25;18;0;0;0;0
2828;唐吉-恩贡博;Tanguy Ngombo;7;3;4;0;0;0;0;0;0;0;0;0;0;0;-25;-25;-25;18;0;0;0;0
2829;罗比-赫梅尔;Robbie Hummel;7;3;0;0;0;0;0;0;0;0;0;0;0;0;-25;-25;-25;18;0;0;0;0
2830;安东尼-布朗;Anthony Brown;7;3;0;0;0;0;0;0;0;0;0;0;0;0;-25;-25;-25;18;0;0;0;0
2831;卡迪-拉朗;Cady Lalanne;7;5;0;0;0;0;0;0;0;0;0;0;0;0;-25;-25;-25;18;0;0;0;0
2832;尼古拉-拉蒂切维奇;Nikola Radičević;7;1;0;0;0;0;0;0;0;0;0;0;0;0;-25;-25;-25;18;0;0;0;0
2833;伊苏夫-撒农;Issuf Sanon;6;1;0;0;0;0;0;0;0;0;0;0;0;0;-25;-25;-25;18;0;0;0;0
2834;吉登-汉密尔顿;Zendon Hamilton;5;5;4;0;0;0;0;0;0;0;0;0;0;0;-25;-25;-25;18;0;0;0;0
2835;陶汉林;Tao Hanlin;7;5;4;0;0;0;0;0;0;0;0;0;0;0;-25;-25;-25;18;0;0;0;0
2836;李根;Ligen;7;2;3;0;0;0;0;0;0;0;0;0;0;0;-25;-25;-25;18;0;0;0;0
2837;刘晓宇;LEO;7;1;2;0;0;0;0;0;0;0;0;0;0;0;-25;-25;-25;18;0;0;0;0
2838;赵泰隆;Zhao Tailong;7;2;3;0;0;0;0;0;0;0;0;0;0;0;-25;-25;-25;18;0;0;0;0
2839;罗凯文;Luo Kaiwen;7;2;3;0;0;0;0;0;0;0;0;0;0;0;-25;-25;-25;18;0;0;0;0
2840;李晓旭;Li Xiaoxu;7;4;5;0;0;0;0;0;0;0;0;0;0;0;-25;-25;-25;18;0;0;0;0
2841;丁锦辉;Ding Jin hui;7;4;3;0;0;0;0;0;0;0;0;0;0;0;-25;-25;-25;18;0;0;0;0
2842;达蒙-琼斯;Damon Jones;6;1;2;0;0;0;0;0;0;0;0;0;0;0;-25;-25;-25;18;0;0;0;0
2843;埃里克-斯特里克兰;Erick Strickland;6;1;2;0;0;0;0;0;0;0;0;0;0;0;-25;-25;-25;18;0;0;0;0
2844;马库斯-海斯利普;Marcus Haislip;6;4;5;0;0;0;0;0;0;0;0;0;0;0;-25;-25;-25;18;0;0;0;0
2845;乔丹-霍金斯;Jordan Hawkins;7;2;0;0;0;0;0;0;0;0;0;0;0;0;-25;-25;-25;18;0;0;0;0
2846;艾迪-罗宾逊;Eddie Robinson;7;3;2;0;0;0;0;0;0;0;0;0;0;0;-25;-25;-25;18;0;0;0;0
2847;罗纳德-杜普里;Ronald Dupree;6;3;2;0;0;0;0;0;0;0;0;0;0;0;-25;-25;-25;18;0;0;0;0
2848;杰尼罗-帕戈;Jannero Pargo;6;1;2;0;0;0;0;0;0;0;0;0;0;0;-25;-25;-25;18;0;0;0;0
2849;凯尔-菲利波夫斯基;Kyle Filipowski;7;4;0;0;0;0;0;0;0;0;0;0;0;0;-25;-25;-25;18;0;0;0;0
2850;保尔-薛利;Paul Shirley;5;4;3;0;0;0;0;0;0;0;0;0;0;0;-25;-25;-25;18;0;0;0;0
2851;伊拉-纽贝尔;Ira Newble;5;3;2;0;0;0;0;0;0;0;0;0;0;0;-25;-25;-25;18;0;0;0;0
2852;凯文-奥利;Kevin Ollie;5;1;0;0;0;0;0;0;0;0;0;0;0;0;-25;-25;-25;18;0;0;0;0
2853;耶里-维尔什科;Jiri Welsch;6;2;3;0;0;0;0;0;0;0;0;0;0;0;-25;-25;-25;18;0;0;0;0
2854;沃尔特-麦卡蒂;Walter McCarty;6;4;3;0;0;0;0;0;0;0;0;0;0;0;-25;-25;-25;18;0;0;0;0
2855;GG-杰克逊;GG Jackson;6;4;0;0;0;0;0;0;0;0;0;0;0;0;-25;-25;-25;18;0;0;0;0
2856;迈克尔-斯图尔特;Michael Stewart;5;5;0;0;0;0;0;0;0;0;0;0;0;0;-25;-25;-25;18;0;0;0;0
2857;普雷德拉格-德罗布尼亚克;Predrag Drobnjak;5;5;4;0;0;0;0;0;0;0;0;0;0;0;-25;-25;-25;18;0;0;0;0
2858;马克斯韦尔-刘易斯;Maxwell Lewis;7;3;0;0;0;0;0;0;0;0;0;0;0;0;-25;-25;-25;18;0;0;0;0
2859;科尔比-琼斯;Colby Jones;7;2;0;0;0;0;0;0;0;0;0;0;0;0;-25;-25;-25;18;0;0;0;0
2860;朱俊龙;Zhu Junlong;7;3;4;0;0;0;0;0;0;0;0;0;0;0;-25;-25;-25;18;0;0;0;0
2861;塞尔克-雷布拉夏;Zeljko Rebraca;5;5;0;0;0;0;0;0;0;0;0;0;0;0;-25;-25;-25;18;0;0;190;95
2862;特奎维恩-史密斯;Terquavion Smith;6;2;0;0;0;0;0;0;0;0;0;0;0;0;-25;-25;-25;18;0;0;0;0
2863;伦纳德-米勒;Leonard Miller;8;3;0;0;0;0;0;0;0;0;0;0;0;0;-25;-25;-25;18;0;0;0;0
2864;约什-戴维斯;Josh Davis;5;4;3;0;0;0;0;0;0;0;0;0;0;0;-25;-25;-25;18;0;0;0;0
2865;马里克-阿伦;Malik Allen;5;4;5;0;0;0;0;0;0;0;0;0;0;0;-25;-25;-25;18;0;0;0;0
2866;比姆博-科尔斯;Bimbo Coles;5;1;2;0;0;0;0;0;0;0;0;0;0;0;-25;-25;-25;18;0;0;0;0
2867;西耶-西索科;Sidy Cissoko;6;2;0;0;0;0;0;0;0;0;0;0;0;0;-25;-25;-25;18;0;0;0;0
2868;特里-布朗;Tierre Brown;5;1;0;0;0;0;0;0;0;0;0;0;0;0;-25;-25;-25;18;0;0;0;0
2869;马库斯-萨瑟;Marcus Sasser;7;1;2;0;0;0;0;0;0;0;0;0;0;0;-25;-25;-25;18;0;0;0;0
2870;米基-莫尔;Mikki Moore;5;4;5;0;0;0;0;0;0;0;0;0;0;0;-25;-25;-25;18;0;0;0;0
2871;科比-巴夫金;Kobe Bufkin;7;2;0;0;0;0;0;0;0;0;0;0;0;0;-25;-25;-25;18;0;0;0;0
2872;艾米-尤杜卡;Ime Udoka;5;3;2;0;0;0;0;0;0;0;0;0;0;0;-25;-25;-25;18;0;0;0;0
2873;德里克-戴尔;Derrick Dial;5;2;1;0;0;0;0;0;0;0;0;0;0;0;-25;-25;-25;18;0;0;0;0
2874;威尔-拜纳姆;Will Bynum;6;1;2;0;0;0;0;0;0;0;0;0;0;0;-25;-25;-25;18;0;0;0;0
2875;沈梓捷;Shen Zijie;7;5;4;0;0;0;0;0;0;0;0;0;0;0;-25;-25;-25;18;0;0;0;0
2876;马奎斯-丹尼尔斯;Marquis Daniels;6;2;3;0;0;0;0;0;0;0;0;0;0;0;-25;-25;-25;18;0;0;0;0
2877;斯科特-威廉姆斯;Scott Williams;6;5;4;0;0;0;0;0;0;0;0;0;0;0;-25;-25;-25;18;0;0;0;0
2878;克里-基特尔斯;Kerry Kittles;7;2;3;0;0;0;0;0;0;0;0;0;0;0;-25;-25;-25;18;0;0;190;90
2879;阿隆-威廉姆斯;Aaron Williams;6;5;4;0;0;0;0;0;0;0;0;0;0;0;-25;-25;-25;18;0;0;0;0
2880;詹姆斯-纳吉;James Nnaji;7;5;0;0;0;0;0;0;0;0;0;0;0;0;-25;-25;-25;18;0;0;0;0
2881;沃什-莱纳德;Voshon Lenard;7;2;0;0;0;0;0;0;0;0;0;0;0;0;-25;-25;-25;18;0;0;0;0
2882;里安-鲍文;Ryan Bowen;5;3;4;0;0;0;0;0;0;0;0;0;0;0;-25;-25;-25;18;0;0;190;90
2883;徐杰;Xu Jie;7;1;0;0;0;0;0;0;0;0;0;0;0;0;-25;-25;-25;18;0;0;0;0
2884;孙铭徽;Sun Minghui;7;1;0;0;0;0;0;0;0;0;0;0;0;0;-25;-25;-25;18;0;0;0;0
2885;贾马尔-汀斯利;Jamaal Tinsley;6;1;0;0;0;0;0;0;0;0;0;0;0;0;-25;-25;-25;18;0;0;0;0
2886;奥斯汀-克罗希尔;Austin Croshere;5;4;3;0;0;0;0;0;0;0;0;0;0;0;-25;-25;-25;18;0;0;0;0
2887;方硕;Fang Shuo;7;1;0;0;0;0;0;0;0;0;0;0;0;0;-25;-25;-25;18;0;0;0;0
2888;米尔特-帕勒西奥;Milt Palacio;5;1;0;0;0;0;0;0;0;0;0;0;0;0;-25;-25;-25;18;0;0;0;0
2889;迈克尔-库里;Michael Curry;5;3;2;0;0;0;0;0;0;0;0;0;0;0;-25;-25;-25;18;0;0;0;0
2890;付豪;Fu Hao;7;5;0;0;0;0;0;0;0;0;0;0;0;0;-25;-25;-25;18;0;0;0;0
2891;麦克-维尔克斯;Mike Wilks;5;1;0;0;0;0;0;0;0;0;0;0;0;0;-25;-25;-25;18;0;0;0;0
2892;顾全;Gu Quan;7;4;3;0;0;0;0;0;0;0;0;0;0;0;-25;-25;-25;18;0;0;0;0
2893;阿德里安-格里芬;Adrian Griffin;5;2;3;0;0;0;0;0;0;0;0;0;0;0;-25;-25;-25;18;0;0;0;0
2894;安东尼-卡特;Anthony Carter;6;1;0;0;0;0;0;0;0;0;0;0;0;0;-25;-25;-25;18;0;0;0;0
2895;杰森-哈特;Jason Hart;6;1;0;0;0;0;0;0;0;0;0;0;0;0;-25;-25;-25;18;0;0;0;0
2896;马特-卡罗尔;Matt Carroll;5;2;0;0;0;0;0;0;0;0;0;0;0;0;-25;-25;-25;18;0;0;0;0
2897;霍华德-埃斯利;Howard Eisley;6;1;2;0;0;0;0;0;0;0;0;0;0;0;-25;-25;-25;18;0;0;0;0
2898;扎卡里-里萨谢;Zaccharie Risacher;8;3;0;0;0;0;0;0;0;0;0;0;0;0;-25;-25;-25;18;0;0;0;0
2899;帕特-伯克;Pat Burke;5;5;4;0;0;0;0;0;0;0;0;0;0;0;-25;-25;-25;18;0;0;0;0
2900;里奇-弗拉姆;Richie Frahm;5;3;2;0;0;0;0;0;0;0;0;0;0;0;-25;-25;-25;18;0;0;0;0
2901;特洛伊-哈德森;Troy Hudson;5;1;0;0;0;0;0;0;0;0;0;0;0;0;-25;-25;-25;18;0;0;0;0
2902;李添荣;Li Tianrong;7;2;0;0;0;0;0;0;0;0;0;0;0;0;-25;-25;-25;18;0;0;0;0
2903;刘泽一;Liu Zeyi;7;4;0;0;0;0;0;0;0;0;0;0;0;0;-25;-25;-25;18;0;0;0;0
2904;埃迪-吉尔;Eddie Gill;6;1;0;0;0;0;0;0;0;0;0;0;0;0;-25;-25;-25;18;0;0;0;0
2905;高诗岩;Gao Shiyan;7;1;0;0;0;0;0;0;0;0;0;0;0;0;-25;-25;-25;18;0;0;0;0
2906;戴尔-埃利斯;Dale Ellis;7;3;2;0;0;0;0;0;0;0;0;0;0;0;-25;-25;-25;18;0;0;0;0
2907;乔-考德威尔;Joe Caldwell;8;3;2;0;0;0;0;0;0;0;0;0;0;0;-25;-25;-25;18;0;0;0;0
2908;道格-科林斯;Doug Collins;8;2;0;0;0;0;0;0;0;0;0;0;0;0;-25;-25;-25;18;0;0;0;0
2909;鲍比-琼斯;Robert Clyde Jones;9;3;4;0;0;0;0;0;0;0;0;0;0;0;-25;-25;-25;18;0;0;0;0
2910;克里斯-惠特尼;Chris Whitney;6;1;0;0;0;0;0;0;0;0;0;0;0;0;-25;-25;-25;18;0;0;0;0
2911;柯克-施耐德;Kirk Snyder;6;2;1;0;0;0;0;0;0;0;0;0;0;0;-25;-25;-25;18;0;0;0;0
2912;陈林坚;Chen Linjian;7;3;0;0;0;0;0;0;0;0;0;0;0;0;-25;-25;-25;18;0;0;0;0
2913;特雷斯-杰克逊-戴维斯;Trayce Jackson-Davis;7;4;5;0;0;0;0;0;0;0;0;0;0;0;-25;-25;-25;18;0;0;0;0
2914;比拉尔-库利巴利;Bilal Coulibaly;7;3;0;0;0;0;0;0;0;0;0;0;0;0;-25;-25;-25;18;0;0;0;0
2915;小海梅-哈克斯;Jaime Jaquez Jr.;7;2;3;0;0;0;0;0;0;0;0;0;0;0;-25;-25;-25;18;0;0;0;0
2916;布兰丁-波杰姆斯基;Brandin Podziemski;7;2;0;0;0;0;0;0;0;0;0;0;0;0;-25;-25;-25;18;0;0;0;0
2917;诺阿-克洛尼;Noah Clowney;7;4;0;0;0;0;0;0;0;0;0;0;0;0;-25;-25;-25;18;0;0;0;0
2918;奥利维尔-马克尚斯-普罗斯珀;Olivier-Maxence Prosper;6;3;4;0;0;0;0;0;0;0;0;0;0;0;-25;-25;-25;18;0;0;0;0
2919;本-谢泼德;Ben Sheppard;7;2;0;0;0;0;0;0;0;0;0;0;0;0;-25;-25;-25;18;0;0;0;0
2920;朱利安-斯特劳瑟;Julian Strawther;6;3;0;0;0;0;0;0;0;0;0;0;0;0;-25;-25;-25;18;0;0;0;0
2921;科比-布朗;Kobe Brown;6;4;3;0;0;0;0;0;0;0;0;0;0;0;-25;-25;-25;18;0;0;0;0
2922;杰伦-皮克特;Jalen Pickett;6;2;0;0;0;0;0;0;0;0;0;0;0;0;-25;-25;-25;18;0;0;0;0
2923;朱利安-菲利普斯;Julian Phillips;7;3;0;0;0;0;0;0;0;0;0;0;0;0;-25;-25;-25;18;0;0;0;0
2924;小安德烈-杰克逊;Andre Jackson Jr.;7;2;0;0;0;0;0;0;0;0;0;0;0;0;-25;-25;-25;18;0;0;0;0
2925;亨特-泰森;Hunter Tyson;6;3;0;0;0;0;0;0;0;0;0;0;0;0;-25;-25;-25;18;0;0;0;0
2926;乔丹-沃尔什;Jordan Walsh;6;3;0;0;0;0;0;0;0;0;0;0;0;0;-25;-25;-25;18;0;0;0;0
2927;穆罕穆德-盖耶;Mouhamed Gueye;6;4;0;0;0;0;0;0;0;0;0;0;0;0;-25;-25;-25;18;0;0;0;0
2928;阿马里-贝利;Amari Bailey;6;2;0;0;0;0;0;0;0;0;0;0;0;0;-25;-25;-25;18;0;0;0;0
2929;特里斯坦-武克切维奇;Tristan Vukčević;6;4;5;0;0;0;0;0;0;0;0;0;0;0;-25;-25;-25;18;0;0;0;0
2930;塞斯-伦迪;Seth Lundy;6;2;0;0;0;0;0;0;0;0;0;0;0;0;-25;-25;-25;18;0;0;0;0
2931;莫哈维-金;Mojave King;6;2;0;0;0;0;0;0;0;0;0;0;0;0;-25;-25;-25;18;0;0;0;0
2932;乔丹-米勒;Jordan Miller;6;3;0;0;0;0;0;0;0;0;0;0;0;0;-25;-25;-25;18;0;0;0;0
2933;基扬泰-约翰逊;Keyontae Johnson;6;3;2;0;0;0;0;0;0;0;0;0;0;0;-25;-25;-25;18;0;0;0;0
2934;杰伦-威尔森;Jalen Wilson;7;3;4;0;0;0;0;0;0;0;0;0;0;0;-25;-25;-25;18;0;0;0;0
2935;图马尼-卡马拉;Toumani Camara;7;3;4;0;0;0;0;0;0;0;0;0;0;0;-25;-25;-25;18;0;0;0;0
2936;杰伦-克拉克;Jaylen Clark;6;2;0;0;0;0;0;0;0;0;0;0;0;0;-25;-25;-25;18;0;0;0;0
2937;杰伦-斯劳森;Jalen Slawson;6;3;0;0;0;0;0;0;0;0;0;0;0;0;-25;-25;-25;18;0;0;0;0
2938;以赛亚-王;Isaiah Wong;6;1;2;0;0;0;0;0;0;0;0;0;0;0;-25;-25;-25;18;0;0;0;0
2939;塔里克-比贝罗维奇;Tarik Biberović;6;3;2;0;0;0;0;0;0;0;0;0;0;0;-25;-25;-25;18;0;0;0;0
2940;克里斯-利文斯顿;Chris Livingston;6;3;4;0;0;0;0;0;0;0;0;0;0;0;-25;-25;-25;18;0;0;0;0
2941;贾马雷-布耶亚;Jamaree Bouyea;6;1;0;0;0;0;0;0;0;0;0;0;0;0;-25;-25;-25;18;0;0;0;0
2942;亚历山大-韦津科夫;Sasha Vezenkov;7;4;0;0;0;0;0;0;0;0;0;0;0;0;-25;-25;-25;18;0;0;0;0
2943;王浩然;Wang Haoran;7;3;4;0;0;0;0;0;0;0;0;0;0;0;-25;-25;-25;18;0;0;0;0
2944;庞清方;Pang Qingfang;7;4;3;0;0;0;0;0;0;0;0;0;0;0;-25;-25;-25;18;0;0;0;0
2945;王俊杰;Wang Junjie;7;4;3;0;0;0;0;0;0;0;0;0;0;0;-25;-25;-25;18;0;0;0;0
2946;淡厚然;Dan Houran;7;4;0;0;0;0;0;0;0;0;0;0;0;0;-25;-25;-25;18;0;0;0;0
2947;里基-康西尔四世;Ricky Council IV;7;2;0;0;0;0;0;0;0;0;0;0;0;0;-25;-25;-25;18;0;0;0;0
2948;罗尼-珀维斯;Rodney Purvis;5;2;0;0;0;0;0;0;0;0;0;0;0;0;-25;-25;-25;18;0;0;0;0
2949;德文-罗宾逊;Devin Robinson;6;3;0;0;0;0;0;0;0;0;0;0;0;0;-25;-25;-25;18;0;0;0;0
2950;丹尼尔-奥谢富;Daniel Ochefu;5;5;0;0;0;0;0;0;0;0;0;0;0;0;-25;-25;-25;18;0;0;0;0
2951;米尔扎-泰勒托维奇;Mirza Teletović;6;4;3;0;0;0;0;0;0;0;0;0;0;0;-25;-25;-25;18;0;0;0;0
2952;杰伦-莫里斯;Jaylen Morris;6;2;0;0;0;0;0;0;0;0;0;0;0;0;-25;-25;-25;18;0;0;0;0
2953;马蒂亚斯-莱索尔;Mathias Lessort;5;5;0;0;0;0;0;0;0;0;0;0;0;0;-25;-25;-25;18;0;0;0;0
2954;亚特-马腾;Yante Maten;5;4;0;0;0;0;0;0;0;0;0;0;0;0;-25;-25;-25;18;0;0;0;0
2955;约翰-霍兰;John Holland;5;3;0;0;0;0;0;0;0;0;0;0;0;0;-25;-25;-25;18;0;0;0;0
2956;比利-普雷斯顿;Billy Preston;5;4;0;0;0;0;0;0;0;0;0;0;0;0;-25;-25;-25;18;0;0;0;0
2957;扎克-洛夫顿;Zach Lofton;5;2;0;0;0;0;0;0;0;0;0;0;0;0;-25;-25;-25;18;0;0;0;0
2958;路易斯-蒙特罗;Luis Montero;5;2;0;0;0;0;0;0;0;0;0;0;0;0;-25;-25;-25;18;0;0;0;0
2959;基南-埃文斯;Keenan Evans;5;1;2;0;0;0;0;0;0;0;0;0;0;0;-25;-25;-25;18;0;0;0;0
2960;本-摩尔;Ben Moore;5;4;0;0;0;0;0;0;0;0;0;0;0;0;-25;-25;-25;18;0;0;0;0
2961;亚历克斯-波伊思雷斯;Alex Poythress;6;4;0;0;0;0;0;0;0;0;0;0;0;0;-25;-25;-25;18;0;0;0;0
2962;马尔科姆-德莱尼;Malcolm Delaney;6;1;0;0;0;0;0;0;0;0;0;0;0;0;-25;-25;-25;18;0;0;0;0
2963;尼古拉斯-布鲁西诺;Nicolás Brussino;6;3;2;0;0;0;0;0;0;0;0;0;0;0;-25;-25;-25;18;0;0;0;0
2964;约什-马盖蒂;Josh Magette;6;1;0;0;0;0;0;0;0;0;0;0;0;0;-25;-25;-25;18;0;0;0;0
2965;乔-切里;Joe Chealey;6;1;0;0;0;0;0;0;0;0;0;0;0;0;-25;-25;-25;18;0;0;0;0
2966;安东尼奥-布莱克尼;Antonio Blakeney;6;2;0;0;0;0;0;0;0;0;0;0;0;0;-25;-25;-25;18;0;0;0;0
2967;劳尔-阿尔金斯;Rawle Alkins;5;2;0;0;0;0;0;0;0;0;0;0;0;0;-25;-25;-25;18;0;0;0;0
2968;朱里安-斯通;Julyan Stone;6;2;1;0;0;0;0;0;0;0;0;0;0;0;-25;-25;-25;18;0;0;0;0
2969;布朗森-凯尼格;Bronson Koenig;5;1;2;0;0;0;0;0;0;0;0;0;0;0;-25;-25;-25;18;0;0;0;0
2970;以赛亚-布里斯科;Isaiah Briscoe;5;1;0;0;0;0;0;0;0;0;0;0;0;0;-25;-25;-25;18;0;0;0;0
2971;阿米尔-杰弗森;Amile Jefferson;6;4;0;0;0;0;0;0;0;0;0;0;0;0;-25;-25;-25;18;0;0;0;0
2972;特洛伊-科佩恩;Troy Caupain;5;1;0;0;0;0;0;0;0;0;0;0;0;0;-25;-25;-25;18;0;0;0;0
2973;以赛亚-希克斯;Isaiah Hicks;5;4;0;0;0;0;0;0;0;0;0;0;0;0;-25;-25;-25;18;0;0;0;0
2974;奥格年-亚拉马兹;Ognjen Jaramaz;5;2;1;0;0;0;0;0;0;0;0;0;0;0;-25;-25;-25;18;0;0;0;0
2975;罗恩-贝克;Ron Baker;6;2;0;0;0;0;0;0;0;0;0;0;0;0;-25;-25;-25;18;0;0;0;0
2976;马库斯-德里克森;Marcus Derrickson;5;4;0;0;0;0;0;0;0;0;0;0;0;0;-25;-25;-25;18;0;0;0;0
2977;肖恩-基尔帕特里克;Sean Kilpatrick;6;2;0;0;0;0;0;0;0;0;0;0;0;0;-25;-25;-25;18;0;0;0;0
2978;以赛亚-泰勒;Isaiah Taylor;6;1;0;0;0;0;0;0;0;0;0;0;0;0;-25;-25;-25;18;0;0;190;88
2979;特拉维斯-韦尔;Travis Wear;6;3;0;0;0;0;0;0;0;0;0;0;0;0;-25;-25;-25;18;0;0;0;0
2980;CJ-威廉姆斯;C.J. Williams;5;2;0;0;0;0;0;0;0;0;0;0;0;0;-25;-25;-25;18;0;0;0;0
2981;贾里德-特雷尔;Jared Terrell;5;2;0;0;0;0;0;0;0;0;0;0;0;0;-25;-25;-25;18;0;0;0;0
2982;泰勒-戴维斯;Tyler Davis;5;5;0;0;0;0;0;0;0;0;0;0;0;0;-25;-25;-25;18;0;0;0;0
2983;扬尼斯-莫兰;Yannis Morin;5;4;5;0;0;0;0;0;0;0;0;0;0;0;-25;-25;-25;18;0;0;0;0
2984;布兰登-保罗;Brandon Paul;5;2;0;0;0;0;0;0;0;0;0;0;0;0;-25;-25;-25;18;0;0;0;0
2985;马特-科斯特洛;Matt Costello;5;5;0;0;0;0;0;0;0;0;0;0;0;0;-25;-25;-25;18;0;0;0;0
2986;德沃恩-库恩-珀塞尔;DeVaughn Akoon-Purcell;6;2;0;0;0;0;0;0;0;0;0;0;0;0;-25;-25;-25;18;0;0;0;0
2987;米洛斯-特奥多西奇;Miloš Teodosić;6;1;0;0;0;0;0;0;0;0;0;0;0;0;-25;-25;-25;18;0;0;0;0
2988;安赫尔-德尔加多;Ángel Delgado;5;5;0;0;0;0;0;0;0;0;0;0;0;0;-25;-25;-25;18;0;0;0;0
2989;DJ-史蒂芬斯;D.J. Stephens;5;2;0;0;0;0;0;0;0;0;0;0;0;0;-25;-25;-25;18;0;0;0;0
2990;特里文-布罗伊特;Trevon Bluiett;5;2;3;0;0;0;0;0;0;0;0;0;0;0;-25;-25;-25;18;0;0;0;0
2991;杰伦-琼斯;Jalen Jones;6;3;4;0;0;0;0;0;0;0;0;0;0;0;-25;-25;-25;18;0;0;0;0
2992;查尔斯-库克;Charles Cooke;5;2;0;0;0;0;0;0;0;0;0;0;0;0;-25;-25;-25;18;0;0;0;0
2993;莱恩-布罗克霍夫;Ryan Broekhoff;5;3;2;0;0;0;0;0;0;0;0;0;0;0;-25;-25;-25;18;0;0;0;0
2994;达里尔-梅肯;Daryl Macon;5;1;2;0;0;0;0;0;0;0;0;0;0;0;-25;-25;-25;18;0;0;0;0
2995;萨拉赫-梅杰里;Salah Mejri;6;5;0;0;0;0;0;0;0;0;0;0;0;0;-25;-25;-25;18;0;0;0;0
2996;乔治-金;George King;5;3;0;0;0;0;0;0;0;0;0;0;0;0;-25;-25;-25;18;0;0;190;85
2997;亚历克-彼得斯;Alec Peters;5;4;0;0;0;0;0;0;0;0;0;0;0;0;-25;-25;-25;18;0;0;0;0
2998;泰勒-卡瓦诺;Tyler Cavanaugh;6;4;0;0;0;0;0;0;0;0;0;0;0;0;-25;-25;-25;18;0;0;0;0
2999;沃尔特-莱蒙;Walt Lemon Jr.;6;1;0;0;0;0;0;0;0;0;0;0;0;0;-25;-25;-25;18;0;0;0;0
3000;特雷旺-杜瓦尔;Trevon Duval;5;1;0;0;0;0;0;0;0;0;0;0;0;0;-25;-25;-25;18;0;0;0;0
3001;阿兰-威廉姆斯;Alan Williams;6;4;5;0;0;0;0;0;0;0;0;0;0;0;-25;-25;-25;18;0;0;0;0
3002;乔纳森-西蒙斯;Jonathon Simmons;6;2;3;0;0;0;0;0;0;0;0;0;0;0;-25;-25;-25;18;0;0;0;0
3003;兰斯-托马斯;Lance Thomas;6;4;3;0;0;0;0;0;0;0;0;0;0;0;-25;-25;-25;18;0;0;0;0
3004;杰伦-马丁;Jaylen Martin;6;3;4;0;0;0;0;0;0;0;0;0;0;0;-25;-25;-25;18;0;0;0;0
3005;雅各布-托平;Jacob Toppin;6;3;0;0;0;0;0;0;0;0;0;0;0;0;-25;-25;-25;18;0;0;0;0
3006;阿佐拉斯-图波利斯;Azuolas Tubelis;6;4;0;0;0;0;0;0;0;0;0;0;0;0;-25;-25;-25;18;0;0;0;0
3007;马奎斯-诺威尔;Markquis Nowell;6;1;0;0;0;0;0;0;0;0;0;0;0;0;-25;-25;-25;18;0;0;0;0
3008;阿达马-萨诺戈;Adama Sanogo;6;4;0;0;0;0;0;0;0;0;0;0;0;0;-25;-25;-25;18;0;0;0;0
3009;小克雷格-波特;Craig Porter Jr.;6;1;0;0;0;0;0;0;0;0;0;0;0;0;-25;-25;-25;18;0;0;0;0
3010;马尔科姆-卡扎隆;Malcolm Cazalon;6;2;0;0;0;0;0;0;0;0;0;0;0;0;-25;-25;-25;18;0;0;0;0
3011;贾齐安-戈特曼;Jazian Gortman;6;2;1;0;0;0;0;0;0;0;0;0;0;0;-25;-25;-25;18;0;0;0;0
3012;迈尔斯-诺里斯;Miles Norris;6;4;0;0;0;0;0;0;0;0;0;0;0;0;-25;-25;-25;18;0;0;0;0
3013;乔伊-豪瑟;Joey Hauser;6;4;0;0;0;0;0;0;0;0;0;0;0;0;-25;-25;-25;18;0;0;0;0
3014;德莫伊-霍奇;D'Moi Hodge;6;2;3;0;0;0;0;0;0;0;0;0;0;0;-25;-25;-25;18;0;0;0;0
3015;科林-卡斯尔顿;Colin Castleton;6;5;4;0;0;0;0;0;0;0;0;0;0;0;-25;-25;-25;18;0;0;0;0
3016;小迈克-迈尔斯;Mike Miles Jr.;6;1;0;0;0;0;0;0;0;0;0;0;0;0;-25;-25;-25;18;0;0;0;0
3017;贾巴里-莱斯;Sir'Jabari Rice;6;2;0;0;0;0;0;0;0;0;0;0;0;0;-25;-25;-25;18;0;0;0;0
3018;奥马里-摩尔;Omari Moore;6;2;1;0;0;0;0;0;0;0;0;0;0;0;-25;-25;-25;18;0;0;0;0
3019;奥斯卡-希布维;Oscar Tshiebwe;6;5;0;0;0;0;0;0;0;0;0;0;0;0;-25;-25;-25;18;0;0;0;0
3020;里基-布莱克;Leaky Black;6;3;0;0;0;0;0;0;0;0;0;0;0;0;-25;-25;-25;18;0;0;0;0
3021;奥努拉尔普-比蒂姆;Onuralp Bitim;6;3;2;0;0;0;0;0;0;0;0;0;0;0;-25;-25;-25;18;0;0;0;0
3022;雅翁-弗里曼-利伯蒂;Javon Freeman-Liberty;6;2;0;0;0;0;0;0;0;0;0;0;0;0;-25;-25;-25;18;0;0;0;0
3023;沃尔特-赫尔曼;Walter Herrmann;5;4;3;0;0;0;0;0;0;0;0;0;0;0;-25;-25;-25;18;0;0;0;0
3024;德马库斯-尼尔森;DeMarcus Nelson;5;1;0;0;0;0;0;0;0;0;0;0;0;0;-25;-25;-25;18;0;0;0;0
3025;CJ-沃特森;C.J. Watson;6;1;0;0;0;0;0;0;0;0;0;0;0;0;-25;-25;-25;18;0;0;0;0
3026;罗伯-库兹;Rob Kurz;5;4;0;0;0;0;0;0;0;0;0;0;0;0;-25;-25;-25;18;0;0;0;0
3027;斯蒂芬-格拉汉姆;Stephen Graham;5;2;3;0;0;0;0;0;0;0;0;0;0;0;-25;-25;-25;18;0;0;0;0
3028;哈米德-哈达迪;Hamed Haddadi;5;5;0;0;0;0;0;0;0;0;0;0;0;0;-25;-25;-25;18;0;0;0;0
3029;昆顿-罗斯;Quinton Ross;6;3;2;0;0;0;0;0;0;0;0;0;0;0;-25;-25;-25;18;0;0;0;0
3030;克里斯-奎因;Chris Quinn;5;1;2;0;0;0;0;0;0;0;0;0;0;0;-25;-25;-25;18;0;0;0;0
3031;查理-贝尔;Charlie Bell;6;2;0;0;0;0;0;0;0;0;0;0;0;0;-25;-25;-25;18;0;0;0;0
3032;安东尼-罗伯森;Anthony Roberson;5;1;0;0;0;0;0;0;0;0;0;0;0;0;-25;-25;-25;18;0;0;0;0
3033;马库斯-桑顿;Marcus Alexander Thornton;6;2;0;0;0;0;0;0;0;0;0;0;0;0;-25;-25;-25;18;0;0;0;0
3034;约翰-卢卡斯;John Lucas III;6;1;0;0;0;0;0;0;0;0;0;0;0;0;-25;-25;-25;18;0;0;0;0
3035;史蒂文-希尔;Steven Hill;5;4;0;0;0;0;0;0;0;0;0;0;0;0;-25;-25;-25;18;0;0;0;0
3036;达米恩-威尔金斯;Damien Wilkins;6;3;2;0;0;0;0;0;0;0;0;0;0;0;-25;-25;-25;18;0;0;0;0
3037;杰里米-理查德森;Jeremy Richardson;5;3;2;0;0;0;0;0;0;0;0;0;0;0;-25;-25;-25;18;0;0;0;0
3038;路易斯-阿蒙德森;Lou Amundson;6;4;0;0;0;0;0;0;0;0;0;0;0;0;-25;-25;-25;18;0;0;0;0
3039;沙福里克-兰多夫;Shavlik Randolph;5;4;0;0;0;0;0;0;0;0;0;0;0;0;-25;-25;-25;18;0;0;0;0
3040;戴斯蒙-法玛尔;Desmon Farmer;5;2;0;0;0;0;0;0;0;0;0;0;0;0;-25;-25;-25;18;0;0;0;0
3041;贾马里奥-穆恩;Jamario Moon;5;3;0;0;0;0;0;0;0;0;0;0;0;0;-25;-25;-25;18;0;0;0;0
3042;罗尼-普莱斯;Ronnie Price;6;1;2;0;0;0;0;0;0;0;0;0;0;0;-25;-25;-25;18;0;0;0;0
3043;莫里斯-埃文斯;Maurice Evans;6;2;3;0;0;0;0;0;0;0;0;0;0;0;-25;-25;-25;18;0;0;0;0
3044;托马斯-加德纳;Thomas Gardner;5;2;0;0;0;0;0;0;0;0;0;0;0;0;-25;-25;-25;18;0;0;0;0
3045;奥赛罗-亨特;Othello Hunter;5;3;4;0;0;0;0;0;0;0;0;0;0;0;-25;-25;-25;18;0;0;0;0
3046;兰多夫-莫里斯;Randolph Morris;5;5;4;0;0;0;0;0;0;0;0;0;0;0;-25;-25;-25;18;0;0;0;0
3047;马里奥-韦斯特;Mario West;5;2;0;0;0;0;0;0;0;0;0;0;0;0;-25;-25;-25;18;0;0;0;0
3048;安德雷-布朗;Andre Brown;5;4;0;0;0;0;0;0;0;0;0;0;0;0;-25;-25;-25;18;0;0;0;0
3049;塔伦斯-金塞;Tarence Kinsey;5;2;0;0;0;0;0;0;0;0;0;0;0;0;-25;-25;-25;18;0;0;0;0
3050;贾瓦德-威廉姆斯;Jawad Williams;5;3;1;0;0;0;0;0;0;0;0;0;0;0;-25;-25;-25;18;0;0;0;0
3051;詹姆斯-辛格尔顿;James Singleton;5;4;3;0;0;0;0;0;0;0;0;0;0;0;-25;-25;-25;18;0;0;0;0
3052;亚历克斯-富奇;Alex Fudge;6;3;0;0;0;0;0;0;0;0;0;0;0;0;-25;-25;-25;18;0;0;0;0
3053;伊万-约翰逊;Ivan Johnson;6;4;0;0;0;0;0;0;0;0;0;0;0;0;-25;-25;-25;18;0;0;0;0
3054;唐纳德-斯隆;Donald Sloan;6;1;2;0;0;0;0;0;0;0;0;0;0;0;-25;-25;-25;18;0;0;0;0
3055;格雷格-斯蒂恩斯玛;Greg Stiemsma;6;5;0;0;0;0;0;0;0;0;0;0;0;0;-25;-25;-25;18;0;0;0;0
3056;科里-希金斯;Cory Higgins;5;2;1;0;0;0;0;0;0;0;0;0;0;0;-25;-25;-25;18;0;0;0;0
3057;曼尼-哈里斯;Manny Harris;6;2;0;0;0;0;0;0;0;0;0;0;0;0;-25;-25;-25;18;0;0;0;0
3058;萨马尔多-萨谬尔斯;Samardo Samuels;5;5;4;0;0;0;0;0;0;0;0;0;0;0;-25;-25;-25;18;0;0;0;0
3059;本-尤佐;Ben Uzoh;5;1;0;0;0;0;0;0;0;0;0;0;0;0;-25;-25;-25;18;0;0;0;0
3060;迈切尔-汤普森;Mychel Thompson;5;2;0;0;0;0;0;0;0;0;0;0;0;0;-25;-25;-25;18;0;0;0;0
3061;DJ-肯尼迪;D.J. Kennedy;5;3;0;0;0;0;0;0;0;0;0;0;0;0;-25;-25;-25;18;0;0;0;0
3062;杰夫-阿德里恩;Jeff Adrien;6;4;0;0;0;0;0;0;0;0;0;0;0;0;-25;-25;-25;18;0;0;0;0
3063;考特尼-福特森;Courtney Fortson;5;1;0;0;0;0;0;0;0;0;0;0;0;0;-25;-25;-25;18;0;0;0;0
3064;桑迪亚塔-盖恩斯;Sundiata Gaines;6;1;2;0;0;0;0;0;0;0;0;0;0;0;-25;-25;-25;18;0;0;0;0
3065;丹尼斯-霍纳;Dennis Horner;5;4;0;0;0;0;0;0;0;0;0;0;0;0;-25;-25;-25;18;0;0;0;0
3066;杰里-史密斯;Jerry Smith;5;1;0;0;0;0;0;0;0;0;0;0;0;0;-25;-25;-25;18;0;0;0;0
3067;拉里-欧文斯;Larry Owens;5;3;0;0;0;0;0;0;0;0;0;0;0;0;-25;-25;-25;18;0;0;0;0
3068;古斯塔沃-阿永;Gustavo Ayón;6;4;5;0;0;0;0;0;0;0;0;0;0;0;-25;-25;-25;18;0;0;0;0
3069;杰罗姆-戴森;Jerome Dyson;5;1;0;0;0;0;0;0;0;0;0;0;0;0;-25;-25;-25;18;0;0;0;0
3070;达瑞尔-沃特金斯;Darryl Watkins;5;5;0;0;0;0;0;0;0;0;0;0;0;0;-25;-25;-25;18;0;0;0;0
3071;卡尔戴尔-约翰逊;Carldell Johnson;5;1;0;0;0;0;0;0;0;0;0;0;0;0;-25;-25;-25;18;0;0;0;0
3072;特雷-约翰逊;Trey Johnson;5;2;0;0;0;0;0;0;0;0;0;0;0;0;-25;-25;-25;18;0;0;0;0
3073;杰夫-福特;Jeff Foote;5;5;0;0;0;0;0;0;0;0;0;0;0;0;-25;-25;-25;18;0;0;0;0
3074;泽维尔-希拉斯;Xavier Silas;5;2;0;0;0;0;0;0;0;0;0;0;0;0;-25;-25;-25;18;0;0;0;0
3075;克里斯-约翰逊;Chris Johnson;6;5;0;0;0;0;0;0;0;0;0;0;0;0;-25;-25;-25;18;0;0;0;0
3076;加里-尼尔;Gary Neal;6;2;0;0;0;0;0;0;0;0;0;0;0;0;-25;-25;-25;18;0;0;0;0
3077;埃里克-道森;Eric Dawson;5;5;0;0;0;0;0;0;0;0;0;0;0;0;-25;-25;-25;18;0;0;0;0
3078;贾斯汀-邓特蒙;Justin Dentmon;5;1;0;0;0;0;0;0;0;0;0;0;0;0;-25;-25;-25;18;0;0;0;0
3079;加里-福布斯;Gary Forbes;6;2;3;0;0;0;0;0;0;0;0;0;0;0;-25;-25;-25;18;0;0;0;0
3080;阿兰-亨德森;Alan Henderson;6;3;2;0;0;0;0;0;0;0;0;0;0;0;-25;-25;-25;18;0;0;206;108
3081;布雷克-阿赫恩;Blake Ahearn;5;1;0;0;0;0;0;0;0;0;0;0;0;0;-25;-25;-25;18;0;0;0;0
3082;卡蒂尔-马丁;Cartier Martin;6;3;0;0;0;0;0;0;0;0;0;0;0;0;-25;-25;-25;18;0;0;0;0
3083;埃德温-乌维莱斯;Edwin Ubiles;5;3;0;0;0;0;0;0;0;0;0;0;0;0;-25;-25;-25;18;0;0;0;0
3084;克里斯-赖特;Chris Wright;5;3;0;0;0;0;0;0;0;0;0;0;0;0;-25;-25;-25;18;0;0;0;0
3085;格雷格-史密斯;Greg Smith;6;5;4;0;0;0;0;0;0;0;0;0;0;0;-25;-25;-25;18;0;0;0;0
3086;阿兰-安德森;Alan Anderson;6;2;3;0;0;0;0;0;0;0;0;0;0;0;-25;-25;-25;18;0;0;0;0
3087;贾文特-斯玛特;Javonte Smart;6;1;0;0;0;0;0;0;0;0;0;0;0;0;-25;-25;-25;18;0;0;0;0
3088;罗恩-霍兰德;Ronald Holland II;7;4;0;0;0;0;0;0;0;0;0;0;0;0;-25;-25;-25;18;0;0;0;0
3089;斯坦利-乌穆德;Stanley Umude;6;2;0;0;0;0;0;0;0;0;0;0;0;0;-25;-25;-25;18;0;0;0;0
3090;乔丹-福特;Jordan Ford;6;2;0;0;0;0;0;0;0;0;0;0;0;0;-25;-25;-25;18;0;0;0;0
3091;德克斯特-丹尼斯;Dexter Dennis;6;1;2;0;0;0;0;0;0;0;0;0;0;0;-25;-25;-25;18;0;0;0;0
3092;凯撒-盖茨;Kaiser Gates;6;3;0;0;0;0;0;0;0;0;0;0;0;0;-25;-25;-25;18;0;0;0;0
3093;杜普-里斯;Duop Reath;6;5;0;0;0;0;0;0;0;0;0;0;0;0;-25;-25;-25;18;0;0;0;0
3094;杰梅因-塞缪尔斯;Jermaine Samuels Jr.;6;3;0;0;0;0;0;0;0;0;0;0;0;0;-25;-25;-25;18;0;0;0;0
3095;查尔斯-贝迪亚科;Charles Bediako;6;5;0;0;0;0;0;0;0;0;0;0;0;0;-25;-25;-25;18;0;0;0;0
3096;德米特罗-斯卡平采夫;Dmytro Skapintsev;5;5;0;0;0;0;0;0;0;0;0;0;0;0;-25;-25;-25;18;0;0;0;0
3097;德鲁-彼得森;Drew Peterson;5;3;4;0;0;0;0;0;0;0;0;0;0;0;-25;-25;-25;18;0;0;0;0
3098;尼古拉-托皮奇;Nikola Topić;8;1;0;0;0;0;0;0;0;0;0;0;0;0;-25;-25;-25;18;0;0;0;0
3099;特雷-杰米森;Trey Jemison;6;5;0;0;0;0;0;0;0;0;0;0;0;0;-25;-25;-25;18;0;0;0;0
3100;贾迈尔-托马斯;Jamel Thomas;5;3;0;0;0;0;0;0;0;0;0;0;0;0;-25;-25;-25;18;0;0;0;0
3101;马克-斯特里克兰;Mark Strickland;6;3;4;0;0;0;0;0;0;0;0;0;0;0;-25;-25;-25;18;0;0;0;0
3102;里克-布朗森;Rick Brunson;6;1;0;0;0;0;0;0;0;0;0;0;0;0;-25;-25;-25;18;0;0;0;0
3103;多拉甘-塔拉克;Dragan Tarlać;5;5;0;0;0;0;0;0;0;0;0;0;0;0;-25;-25;-25;18;0;0;0;0
3104;史蒂夫-古德里奇;Steve Goodrich;5;3;4;0;0;0;0;0;0;0;0;0;0;0;-25;-25;-25;18;0;0;0;0
3105;克罗内-大卫;Kornel David;6;3;0;0;0;0;0;0;0;0;0;0;0;0;-25;-25;-25;18;0;0;0;0
3106;迪恩-葛洛弗;Dion Glover;6;2;0;0;0;0;0;0;0;0;0;0;0;0;-25;-25;-25;18;0;0;0;0
3107;马特-马龙尼;Matt Maloney;6;1;0;0;0;0;0;0;0;0;0;0;0;0;-25;-25;-25;18;0;0;0;0
3108;安东尼-梅森;Anthony Mason;7;4;3;0;0;0;0;0;0;0;0;0;0;0;-25;-25;-25;18;0;0;0;0
3109;特伊隆-内斯比;Tyrone Nesby;6;3;2;0;0;0;0;0;0;0;0;0;0;0;-25;-25;-25;18;0;0;0;0
3110;大卫-范德普尔;David Vanterpool;5;1;0;0;0;0;0;0;0;0;0;0;0;0;-25;-25;-25;18;0;0;0;0
3111;肖恩-科尔森;Sean Colson;5;1;0;0;0;0;0;0;0;0;0;0;0;0;-25;-25;-25;18;0;0;0;0
3112;伊萨克-奥斯丁;Isaac Austin;6;5;0;0;0;0;0;0;0;0;0;0;0;0;-25;-25;-25;18;0;0;0;0
3113;肖奈勒-斯科特;Shawnelle Scott;6;5;0;0;0;0;0;0;0;0;0;0;0;0;-25;-25;-25;18;0;0;0;0
3114;安东尼-戈尔德怀尔;Anthony Goldwire;6;1;0;0;0;0;0;0;0;0;0;0;0;0;-25;-25;-25;18;0;0;0;0
3115;迪恩-加勒特;Dean Garrett;6;5;0;0;0;0;0;0;0;0;0;0;0;0;-25;-25;-25;18;0;0;0;0
3116;埃玛奴奥尔-戴维斯;Emanual Davis;6;1;2;0;0;0;0;0;0;0;0;0;0;0;-25;-25;-25;18;0;0;0;0
3117;鲁本-沃克沃斯基;Ruben Wolkowyski;5;4;0;0;0;0;0;0;0;0;0;0;0;0;-25;-25;-25;18;0;0;0;0
3118;克里斯-加纳;Chris Garner;5;1;0;0;0;0;0;0;0;0;0;0;0;0;-25;-25;-25;18;0;0;0;0
3119;保罗-麦克费恩森;Paul McPherson;5;1;0;0;0;0;0;0;0;0;0;0;0;0;-25;-25;-25;18;0;0;0;0
3120;基斯-克洛斯;Keith Closs;5;5;0;0;0;0;0;0;0;0;0;0;0;0;-25;-25;-25;18;0;0;0;0
3121;罗伯特-霍里;Robert Horry;7;4;3;0;0;0;0;0;0;0;0;0;0;0;-25;-25;-25;18;0;0;0;0
3122;丹尼尔-圣蒂亚哥;Daniel Santiago;5;5;0;0;0;0;0;0;0;0;0;0;0;0;-25;-25;-25;18;0;0;0;0
3123;劳伦斯-方德伯克;Lawrence Funderburke;6;4;0;0;0;0;0;0;0;0;0;0;0;0;-25;-25;-25;18;0;0;0;0
3124;安德鲁-冯克;Andrew Funk;5;2;0;0;0;0;0;0;0;0;0;0;0;0;-25;-25;-25;18;0;0;0;0
3125;托桑-厄沃马;Tosan Evbuomwan;5;4;3;0;0;0;0;0;0;0;0;0;0;0;-25;-25;-25;18;0;0;0;0
3126;皮特-南斯;Pete Nance;5;4;0;0;0;0;0;0;0;0;0;0;0;0;-25;-25;-25;18;0;0;0;0
3127;亚当-弗拉格勒;Adam Flagler;5;2;0;0;0;0;0;0;0;0;0;0;0;0;-25;-25;-25;18;0;0;0;0
3128;亨利-德雷尔;Henri Drell;5;3;0;0;0;0;0;0;0;0;0;0;0;0;-25;-25;-25;18;0;0;0;0
3129;DJ-卡尔顿;D.J. Carton;5;1;0;0;0;0;0;0;0;0;0;0;0;0;-25;-25;-25;18;0;0;0;0
3130;杰林-加洛韦;Jaylin Galloway;5;2;0;0;0;0;0;0;0;0;0;0;0;0;-25;-25;-25;18;0;0;0;0
3131;帕特-斯宾塞;Pat Spencer;5;1;0;0;0;0;0;0;0;0;0;0;0;0;-25;-25;-25;18;0;0;0;0
3132;穆罕默德-古耶;Mouhamadou Gueye;5;5;0;0;0;0;0;0;0;0;0;0;0;0;-25;-25;-25;18;0;0;0;0
3133;朱尔斯-伯纳德;Jules Bernard;5;1;2;0;0;0;0;0;0;0;0;0;0;0;-25;-25;-25;18;0;0;0;0
3134;蒂米-阿伦;Timmy Allen;5;3;0;0;0;0;0;0;0;0;0;0;0;0;-25;-25;-25;18;0;0;0;0
3135;杜润旺;Du Runwang;7;4;0;0;0;0;0;0;0;0;0;0;0;0;-25;-25;-25;18;0;0;0;0
3136;廖三宁;Liao Sanning;7;1;2;0;0;0;0;0;0;0;0;0;0;0;-25;-25;-25;18;0;0;0;0
3137;里德-谢泼德;Reed Sheppard;7;2;0;0;0;0;0;0;0;0;0;0;0;0;-25;-25;-25;18;0;0;0;0
3138;斯蒂芬-卡斯尔;Stephon Castle;8;2;0;0;0;0;0;0;0;0;0;0;0;0;-25;-25;-25;18;0;0;0;0
3139;提贾尼-萨隆;Tidjane Salaun;7;4;0;0;0;0;0;0;0;0;0;0;0;0;-25;-25;-25;18;0;0;0;0
3140;罗伯特-迪林厄姆;Rob Dillingham;7;1;0;0;0;0;0;0;0;0;0;0;0;0;-25;-25;-25;18;0;0;0;0
3141;科迪-威廉姆斯;Cody Williams;6;3;0;0;0;0;0;0;0;0;0;0;0;0;-25;-25;-25;18;0;0;0;0
3142;马塔斯-布泽利斯;Matas Buzelis;7;3;0;0;0;0;0;0;0;0;0;0;0;0;-25;-25;-25;18;0;0;0;0
3143;德文-卡特;Devin Carter;7;2;0;0;0;0;0;0;0;0;0;0;0;0;-25;-25;-25;18;0;0;0;0
3144;尼古拉-久里希奇;Nikola Durišić;6;1;0;0;0;0;0;0;0;0;0;0;0;0;-25;-25;-25;18;0;0;0;0
3145;卡尔顿-卡林顿;Bub Carrington;7;1;0;0;0;0;0;0;0;0;0;0;0;0;-25;-25;-25;18;0;0;0;0
3146;贾里德-麦凯恩;Jared McCain;7;2;0;0;0;0;0;0;0;0;0;0;0;0;-25;-25;-25;18;0;0;0;0
3147;多尔顿-克内克特;Dalton Knecht;7;2;0;0;0;0;0;0;0;0;0;0;0;0;-25;-25;-25;18;0;0;0;0
3148;特里斯坦-达-席尔瓦;Tristan da Silva;7;4;0;0;0;0;0;0;0;0;0;0;0;0;-25;-25;-25;18;0;0;0;0
3149;贾科比-沃尔特;Ja'Kobe Walter;7;2;0;0;0;0;0;0;0;0;0;0;0;0;-25;-25;-25;18;0;0;0;0
3150;杰隆-泰森;Jaylon Tyson;7;3;0;0;0;0;0;0;0;0;0;0;0;0;-25;-25;-25;18;0;0;0;0
3151;伊夫-米西;Yves Missi;7;5;0;0;0;0;0;0;0;0;0;0;0;0;-25;-25;-25;18;0;0;0;0
3152;达龙-霍姆斯二世;DaRon Holmes II;7;4;0;0;0;0;0;0;0;0;0;0;0;0;-25;-25;-25;18;0;0;0;0
3153;AJ-约翰逊;AJ Johnson;7;1;0;0;0;0;0;0;0;0;0;0;0;0;-25;-25;-25;18;0;0;0;0
3154;凯肖恩-乔治;Kyshawn George;7;2;0;0;0;0;0;0;0;0;0;0;0;0;-25;-25;-25;18;0;0;0;0
3155;帕科姆-达迪耶;Pacome Dadiet;7;3;0;0;0;0;0;0;0;0;0;0;0;0;-25;-25;-25;18;0;0;0;0
3156;狄龙-琼斯;Dillon Jones;7;3;0;0;0;0;0;0;0;0;0;0;0;0;-25;-25;-25;18;0;0;0;0
3157;小特伦斯-香农;Terrence Shannon Jr.;7;3;0;0;0;0;0;0;0;0;0;0;0;0;-25;-25;-25;18;0;0;0;0
3158;瑞安-邓恩;Ryan Dunn;8;3;0;0;0;0;0;0;0;0;0;0;0;0;-25;-25;-25;18;0;0;0;0
3159;以赛亚-科利尔;Isaiah Collier;7;1;0;0;0;0;0;0;0;0;0;0;0;0;-25;-25;-25;18;0;0;0;0
3160;贝勒-沙伊尔曼;Baylor Scheierman;7;2;0;0;0;0;0;0;0;0;0;0;0;0;-25;-25;-25;18;0;0;0;0
3161;乔纳森-莫格博;Jonathan Mogbo;7;4;0;0;0;0;0;0;0;0;0;0;0;0;-25;-25;-25;18;0;0;0;0
3162;泰勒-史密斯;Tyler Smith;7;4;0;0;0;0;0;0;0;0;0;0;0;0;-25;-25;-25;18;0;0;0;0
3163;泰勒-科莱克;Tyler Kolek;6;1;0;0;0;0;0;0;0;0;0;0;0;0;-25;-25;-25;18;0;0;0;0
3164;约翰尼-弗菲;Johnny Furphy;7;2;0;0;0;0;0;0;0;0;0;0;0;0;-25;-25;-25;18;0;0;0;0
3165;胡安-努涅斯;Juan Nunez;6;1;0;0;0;0;0;0;0;0;0;0;0;0;-25;-25;-25;18;0;0;0;0
3166;博比-克林特曼;Bobi Klintman;6;4;0;0;0;0;0;0;0;0;0;0;0;0;-25;-25;-25;18;0;0;0;0
3167;阿杰伊-米切尔;Ajay Mitchell;7;2;0;0;0;0;0;0;0;0;0;0;0;0;-25;-25;-25;18;0;0;0;0
3168;杰伦-威尔斯;Jaylen Wells;7;3;0;0;0;0;0;0;0;0;0;0;0;0;-25;-25;-25;18;0;0;0;0
3169;奥索-伊戈达罗;Oso Ighodaro;6;4;0;0;0;0;0;0;0;0;0;0;0;0;-25;-25;-25;18;0;0;0;0
3170;阿德姆-博纳;Adem Bona;6;4;0;0;0;0;0;0;0;0;0;0;0;0;-25;-25;-25;18;0;0;0;0
3171;KJ-辛普森;KJ Simpson;6;1;0;0;0;0;0;0;0;0;0;0;0;0;-25;-25;-25;18;0;0;0;0
3172;佩莱-拉尔森;Pelle Larsson;6;2;0;0;0;0;0;0;0;0;0;0;0;0;-25;-25;-25;18;0;0;0;0
3173;贾马尔-谢德;Jamal Shead;6;2;0;0;0;0;0;0;0;0;0;0;0;0;-25;-25;-25;18;0;0;0;0
3174;卡梅隆-克里斯蒂;Cameron Christie;6;2;0;0;0;0;0;0;0;0;0;0;0;0;-25;-25;-25;18;0;0;0;0
3175;安东尼奥-里夫斯;Antonio Reeves;6;2;0;0;0;0;0;0;0;0;0;0;0;0;-25;-25;-25;18;0;0;0;0
3176;哈里森-英格拉姆;Harrison Ingram;6;2;0;0;0;0;0;0;0;0;0;0;0;0;-25;-25;-25;18;0;0;0;0
3177;特里斯坦-牛顿;Tristen Newton;6;1;0;0;0;0;0;0;0;0;0;0;0;0;-25;-25;-25;18;0;0;0;0
3178;恩里克-弗里曼;Enrique Freeman;6;4;0;0;0;0;0;0;0;0;0;0;0;0;-25;-25;-25;18;0;0;0;0
3179;梅尔文-阿金萨;Melvin Ajinca;6;3;0;0;0;0;0;0;0;0;0;0;0;0;-25;-25;-25;18;0;0;0;0
3180;昆滕-波斯特;Quinton Post;6;5;0;0;0;0;0;0;0;0;0;0;0;0;-25;-25;-25;18;0;0;0;0
3181;卡姆-斯潘塞;Cam Spencer;6;2;0;0;0;0;0;0;0;0;0;0;0;0;-25;-25;-25;18;0;0;0;0
3182;安通-沃特森;Anton Watson;6;4;0;0;0;0;0;0;0;0;0;0;0;0;-25;-25;-25;18;0;0;0;0
3183;小凯文-麦卡勒;Kevin McCullar Jr.;6;2;0;0;0;0;0;0;0;0;0;0;0;0;-25;-25;-25;18;0;0;0;0
3184;乌尔里希-乔姆切;Ulrich Chomche;6;5;0;0;0;0;0;0;0;0;0;0;0;0;-25;-25;-25;18;0;0;0;0
3185;阿里尔-胡克波尔蒂;Ariel Hukporti;6;5;0;0;0;0;0;0;0;0;0;0;0;0;-25;-25;-25;18;0;0;0;0
3186;泽维尔-孟福德;Xavier Munford;6;2;0;0;0;0;0;0;0;0;0;0;0;0;-25;-25;-25;18;0;0;0;0
3187;阿莱克斯-史蒂芬森;Alex Stepheson;6;2;0;0;0;0;0;0;0;0;0;0;0;0;-25;-25;-25;18;0;0;0;0
3188;布莱斯-科顿;Bryce Cotton;6;1;2;0;0;0;0;0;0;0;0;0;0;0;-25;-25;-25;18;0;0;0;0
3189;布莱斯-德贾恩-琼斯;Bryce Dejean-Jones;6;2;0;0;0;0;0;0;0;0;0;0;0;0;-25;-25;-25;18;0;0;0;0
3190;达米扬-鲁代日;Damjan Rudez;6;3;4;0;0;0;0;0;0;0;0;0;0;0;-25;-25;-25;18;0;0;0;0
3191;布莱恩-罗伯茨;Brian Roberts;6;1;0;0;0;0;0;0;0;0;0;0;0;0;-25;-25;-25;18;0;0;0;0
3192;克里夫-亚历山大;Cliff Alexander;6;5;0;0;0;0;0;0;0;0;0;0;0;0;-25;-25;-25;18;0;0;0;0
3193;伊利亚-米尔萨普;2;6;2;3;0;0;0;0;0;0;0;0;0;0;0;-25;-25;-25;18;0;0;0;0
3194;J.J.奥布莱恩;J.J. O'Brien;6;3;0;0;0;0;0;0;0;0;0;0;0;0;-25;-25;-25;18;0;0;0;0
3195;巴勃罗-普里吉奥尼;Pablo Prigioni;6;1;0;0;0;0;0;0;0;0;0;0;0;0;-25;-25;-25;18;0;0;0;0
3196;马塞洛-胡尔塔斯;Marcelo Huertas;6;1;2;0;0;0;0;0;0;0;0;0;0;0;-25;-25;-25;18;0;0;0;0
3197;菲尔-普莱西;Phil Pressey;6;1;0;0;0;0;0;0;0;0;0;0;0;0;-25;-25;-25;18;0;0;0;0
3198;杜赫-杜卡恩;Duje Dukan;6;4;0;0;0;0;0;0;0;0;0;0;0;0;-25;-25;-25;18;0;0;0;0
3199;科迪-克拉克;Coty Clarke;6;3;0;0;0;0;0;0;0;0;0;0;0;0;-25;-25;-25;18;0;0;0;0
3200;亨利-希姆斯;Henry Sims;6;5;4;0;0;0;0;0;0;0;0;0;0;0;-25;-25;-25;18;0;0;0;0
3201;威利-里德;Willie Reed;6;5;0;0;0;0;0;0;0;0;0;0;0;0;-25;-25;-25;18;0;0;0;0
3202;霍利斯-汤普森;Hollis Thompson;6;2;3;0;0;0;0;0;0;0;0;0;0;0;-25;-25;-25;18;0;0;0;0
3203;谢恩-惠廷顿;Shayne Whittington;6;4;5;0;0;0;0;0;0;0;0;0;0;0;-25;-25;-25;18;0;0;0;0
3204;克里斯-科普兰;Chris Copeland;6;3;4;0;0;0;0;0;0;0;0;0;0;0;-25;-25;-25;18;0;0;0;0
3205;豪尔赫-古铁雷斯;Jorge Gutierrez;6;2;1;0;0;0;0;0;0;0;0;0;0;0;-25;-25;-25;18;0;0;0;0
3206;阿隆-哈里森;Aaron Harrison;6;2;3;0;0;0;0;0;0;0;0;0;0;0;-25;-25;-25;18;0;0;0;0
3207;基斯-阿普林;Keith Appling;6;1;0;0;0;0;0;0;0;0;0;0;0;0;-25;-25;-25;18;0;0;0;0
3208;马库斯-索顿;Marcus Terrell Thornton;6;2;0;0;0;0;0;0;0;0;0;0;0;0;-25;-25;-25;18;0;0;0;0
3209;贾雷尔-埃迪;Jarell Eddie;6;3;0;0;0;0;0;0;0;0;0;0;0;0;-25;-25;-25;18;0;0;0;0
3210;贾斯汀-爱德华兹;Justin Edwards;6;3;0;0;0;0;0;0;0;0;0;0;0;0;-25;-25;-25;18;0;0;0;0
3211;布兰登-卡尔森;Branden Carlson;6;5;0;0;0;0;0;0;0;0;0;0;0;0;-25;-25;-25;18;0;0;0;0
3212;库珀-弗拉格;Cooper Flagg;8;4;0;0;0;0;0;0;0;0;0;0;0;0;-25;-25;-25;18;0;0;0;0
3213;丹尼斯-詹金斯;Daniss Jenkins;6;1;0;0;0;0;0;0;0;0;0;0;0;0;-25;-25;-25;18;0;0;0;0
3214;基顿-华莱士;Keaton Wallace;6;1;0;0;0;0;0;0;0;0;0;0;0;0;-25;-25;-25;18;0;0;0;0
3215;克沙德-约翰逊;Keshad Johnson;6;3;4;0;0;0;0;0;0;0;0;0;0;0;-25;-25;-25;18;0;0;0;0
3216;恩法利-丹特;N'Faly Dante;6;5;0;0;0;0;0;0;0;0;0;0;0;0;-25;-25;-25;18;0;0;0;0
3217;杰克-麦克维;Jack McVeigh;6;3;4;0;0;0;0;0;0;0;0;0;0;0;-25;-25;-25;18;0;0;0;0
3218;PJ-霍尔;PJ Hall;6;5;4;0;0;0;0;0;0;0;0;0;0;0;-25;-25;-25;18;0;0;0;0
3219;特雷-亚历山大;Trey Alexander;6;1;2;0;0;0;0;0;0;0;0;0;0;0;-25;-25;-25;18;0;0;0;0
3220;斯宾塞-琼斯;Spencer Jones;6;3;0;0;0;0;0;0;0;0;0;0;0;0;-25;-25;-25;18;0;0;0;0
3221;赫塞-爱德华兹;Jesse Edwards;6;5;0;0;0;0;0;0;0;0;0;0;0;0;-25;-25;-25;18;0;0;0;0
3222;亚历克斯-杜卡斯;Alex Ducas;6;2;0;0;0;0;0;0;0;0;0;0;0;0;-25;-25;-25;18;0;0;0;0
3223;里斯-比克曼;Reece Beekman;6;1;0;0;0;0;0;0;0;0;0;0;0;0;-25;-25;-25;18;0;0;0;0
3224;特伦廷-弗劳尔斯;Trentyn Flowers;6;3;0;0;0;0;0;0;0;0;0;0;0;0;-25;-25;-25;18;0;0;0;0
3225;阿尔梅尔-特劳雷;Armel Traoré;6;2;0;0;0;0;0;0;0;0;0;0;0;0;-25;-25;-25;18;0;0;0;0
3226;杰伦-布里奇斯;Jalen Bridges;6;3;0;0;0;0;0;0;0;0;0;0;0;0;-25;-25;-25;18;0;0;0;0
3227;以赛亚-克劳福德;Isaiah Crawford;6;1;2;0;0;0;0;0;0;0;0;0;0;0;-25;-25;-25;18;0;0;0;0
3228;D.J.-斯图尔特;DJ Steward;6;2;0;0;0;0;0;0;0;0;0;0;0;0;-25;-25;-25;18;0;0;0;0
3229;泰兹-摩尔;Taze Moore;6;2;1;0;0;0;0;0;0;0;0;0;0;0;-25;-25;-25;18;0;0;0;0
3230;贾米森-巴特尔;Jamison Battle;6;3;0;0;0;0;0;0;0;0;0;0;0;0;-25;-25;-25;18;0;0;0;0
3231;昆西-奥利瓦里;Quincy Olivari;6;1;0;0;0;0;0;0;0;0;0;0;0;0;-25;-25;-25;18;0;0;0;0
3232;赖利-米尼克斯;Riley Minix;6;3;0;0;0;0;0;0;0;0;0;0;0;0;-25;-25;-25;18;0;0;0;0
3233;河村勇辉;Yuki Kawamura;6;1;0;0;0;0;0;0;0;0;0;0;0;0;-25;-25;-25;18;0;0;0;0
3234;利亚姆-罗宾斯;Liam Robbins;6;5;0;0;0;0;0;0;0;0;0;0;0;0;-25;-25;-25;18;0;0;0;0
3235;亚历克斯-里斯;Alex Reese;6;4;5;0;0;0;0;0;0;0;0;0;0;0;-25;-25;-25;18;0;0;0;0
3236;马莱维-莱昂斯;Malevy Leons;6;4;0;0;0;0;0;0;0;0;0;0;0;0;-25;-25;-25;18;0;0;0;0
3237;布-布伊三世;Boo Buie III;6;1;2;0;0;0;0;0;0;0;0;0;0;0;-25;-25;-25;18;0;0;0;0
3238;艾萨克-琼斯;Isaac Jones;6;2;3;0;0;0;0;0;0;0;0;0;0;0;-25;-25;-25;18;0;0;0;0
3239;大卫-琼斯-加西亚;David Jones García;6;1;0;0;0;0;0;0;0;0;0;0;0;0;-25;-25;-25;18;0;0;0;0
3240;艾斯-贝利;Ace Bailey;7;2;3;0;0;0;0;0;0;0;0;0;0;0;-25;-25;-25;18;0;0;0;0
3241;赵岩昊;Zhao Yanhao;7;2;1;0;0;0;0;0;0;0;0;0;0;0;-25;-25;-25;18;0;0;0;0
3242;以赛亚-史蒂文斯;Isaiah Stevens;6;1;0;0;0;0;0;0;0;0;0;0;0;0;-25;-25;-25;18;0;0;0;0
3243;伊曼纽尔-米勒;Emanuel Miller;6;3;4;0;0;0;0;0;0;0;0;0;0;0;-25;-25;-25;18;0;0;0;0
3244;戴奎翁-普劳登;Daeqwon Plowden;6;2;3;0;0;0;0;0;0;0;0;0;0;0;-25;-25;-25;18;0;0;0;0
3245;雷伊-丹尼斯;RayJ Dennis;6;1;0;0;0;0;0;0;0;0;0;0;0;0;-25;-25;-25;18;0;0;0;0
3246;伊莱贾-哈克利斯;Elijah Harkless;6;2;0;0;0;0;0;0;0;0;0;0;0;0;-25;-25;-25;18;0;0;0;0
3247;托卢-史密斯;Tolu Smith;6;3;4;0;0;0;0;0;0;0;0;0;0;0;-25;-25;-25;18;0;0;0;0
3248;小基昂-布鲁克斯;Keion Brooks Jr.;6;3;4;0;0;0;0;0;0;0;0;0;0;0;-25;-25;-25;18;0;0;0;0
3249;锡安-普林;Zyon Pullin;6;1;0;0;0;0;0;0;0;0;0;0;0;0;-25;-25;-25;18;0;0;0;0
3250;凯勒-凯利;Kylor Kelley;6;4;5;0;0;0;0;0;0;0;0;0;0;0;-25;-25;-25;18;0;0;0;0
3251;杰克逊-罗维;Jackson Rowe;6;4;3;0;0;0;0;0;0;0;0;0;0;0;-25;-25;-25;18;0;0;0;0
3252;伊桑-汤普森;Ethan Thompson;6;2;0;0;0;0;0;0;0;0;0;0;0;0;-25;-25;-25;18;0;0;0;0
3253;达迈-博赫;Damion Baugh;6;1;0;0;0;0;0;0;0;0;0;0;0;0;-25;-25;-25;18;0;0;0;0
3254;贾米尔-杨;Jahmir Young;6;1;0;0;0;0;0;0;0;0;0;0;0;0;-25;-25;-25;18;0;0;0;0
3255;塔兰-阿姆斯特朗;Taran Armstrong;6;1;2;0;0;0;0;0;0;0;0;0;0;0;-25;-25;-25;18;0;0;0;0
3256;杰伦-克鲁切尔;Jalen Crutcher;6;1;0;0;0;0;0;0;0;0;0;0;0;0;-25;-25;-25;18;0;0;0;0
3257;内匡-汤姆林;Nae'Qwan Tomlin;6;4;3;0;0;0;0;0;0;0;0;0;0;0;-25;-25;-25;18;0;0;0;0
3258;泰森-艾蒂安;Tyson Etienne;6;1;2;0;0;0;0;0;0;0;0;0;0;0;-25;-25;-25;18;0;0;0;0
3259;德鲁-提米;Drew Timme;6;4;5;0;0;0;0;0;0;0;0;0;0;0;-25;-25;-25;18;0;0;0;0
3260;迪伦-哈珀;Dylan Harper;7;1;2;0;0;0;0;0;0;0;0;0;0;0;-25;-25;-25;18;0;0;0;0
3261;VJ-埃奇库姆;VJ Edgecombe;7;2;0;0;0;0;0;0;0;0;0;0;0;0;-25;-25;-25;18;0;0;0;0
3262;特雷-约翰逊;Tre Johnson;8;2;0;0;0;0;0;0;0;0;0;0;0;0;-25;-25;-25;18;0;0;0;0
3263;康-克努佩尔;Kon Knueppel;8;2;3;0;0;0;0;0;0;0;0;0;0;0;-25;-25;-25;18;0;0;0;0
3264;杰里米亚-费尔斯;Jeremiah Fears;8;1;0;0;0;0;0;0;0;0;0;0;0;0;-25;-25;-25;18;0;0;0;0
3265;诺阿-埃森格;Noa Essengue;8;3;4;0;0;0;0;0;0;0;0;0;0;0;-25;-25;-25;18;0;0;0;0
3266;塞德里克-科沃德;Cedric Coward;8;2;0;0;0;0;0;0;0;0;0;0;0;0;-25;-25;-25;18;0;0;0;0
3267;卡特-布莱恩特;Carter Bryant;8;4;0;0;0;0;0;0;0;0;0;0;0;0;-25;-25;-25;18;0;0;0;0
3268;安特-托米奇;Ante Tomić;6;4;5;0;0;0;0;0;0;0;0;0;0;0;-25;-25;-25;18;0;0;0;0
3269;卡斯帕拉斯-雅库西奥尼斯;Kasparas Jakucionis;8;1;0;0;0;0;0;0;0;0;0;0;0;0;-25;-25;-25;18;0;0;0;0
3270;卡曼-马卢阿奇;Khaman Maluach;8;5;0;0;0;0;0;0;0;0;0;0;0;0;-25;-25;-25;18;0;0;0;0
3271;杰斯-理查德森;Jase Richardson;8;2;1;0;0;0;0;0;0;0;0;0;0;0;-25;-25;-25;18;0;0;0;0
3272;叶戈尔-杰明;Egor Demin;8;1;2;0;0;0;0;0;0;0;0;0;0;0;-25;-25;-25;18;0;0;0;0
3273;科林-默里-博伊尔斯;Collin Murray-Boyles;8;4;0;0;0;0;0;0;0;0;0;0;0;0;-25;-25;-25;18;0;0;0;0
3274;AJ-迪班察;AJ Dybantsa;8;3;0;0;0;0;0;0;0;0;0;0;0;0;-25;-25;-25;18;0;0;0;0
3275;德里克-奎因;Derik Queen;8;4;5;0;0;0;0;0;0;0;0;0;0;0;-25;-25;-25;18;0;0;0;0
3276;托马斯-索伯;Thomas Sorber;8;5;4;0;0;0;0;0;0;0;0;0;0;0;-25;-25;-25;18;0;0;0;0
3277;若昂-贝兰热;Joan Beringer;8;5;0;0;0;0;0;0;0;0;0;0;0;0;-25;-25;-25;18;0;0;0;0
3278;小沃尔特-克莱顿;Walter Clayton Jr.;8;1;2;0;0;0;0;0;0;0;0;0;0;0;-25;-25;-25;18;0;0;0;0
3279;诺兰-特拉奥雷;Nolan Traore;8;1;0;0;0;0;0;0;0;0;0;0;0;0;-25;-25;-25;18;0;0;0;0
3280;威尔-莱利;Will Riley;8;2;0;0;0;0;0;0;0;0;0;0;0;0;-25;-25;-25;18;0;0;0;0
3281;德雷克-鲍威尔;Drake Powell;8;2;0;0;0;0;0;0;0;0;0;0;0;0;-25;-25;-25;18;0;0;0;0
3282;阿萨-纽厄尔;Asa Newell;8;4;0;0;0;0;0;0;0;0;0;0;0;0;-25;-25;-25;18;0;0;0;0
3283;尼克-克利福德;Nique Clifford;8;2;3;0;0;0;0;0;0;0;0;0;0;0;-25;-25;-25;18;0;0;0;0
3284;本-萨拉夫;Ben Saraf;8;1;2;0;0;0;0;0;0;0;0;0;0;0;-25;-25;-25;18;0;0;0;0
3285;丹尼-沃尔夫;Danny Wolf;8;5;0;0;0;0;0;0;0;0;0;0;0;0;-25;-25;-25;18;0;0;0;0
3286;乌戈-冈萨雷斯;Hugo Gonzalez;8;2;0;0;0;0;0;0;0;0;0;0;0;0;-25;-25;-25;18;0;0;0;0
3287;利亚姆-麦克尼利;Liam McNeeley;8;3;0;0;0;0;0;0;0;0;0;0;0;0;-25;-25;-25;18;0;0;0;0
3288;亚尼克-科南-尼德豪泽;Yanic Konan Niederhauser;8;5;0;0;0;0;0;0;0;0;0;0;0;0;-25;-25;-25;18;0;0;0;0
3289;拉希尔-弗莱明;Rasheer Fleming;7;4;0;0;0;0;0;0;0;0;0;0;0;0;-25;-25;-25;18;0;0;0;0
3290;诺阿-庞达;Noah Penda;7;4;0;0;0;0;0;0;0;0;0;0;0;0;-25;-25;-25;18;0;0;0;0
3291;西恩-詹姆斯;Sion James;7;2;0;0;0;0;0;0;0;0;0;0;0;0;-25;-25;-25;18;0;0;0;0
3292;瑞安-卡尔克布伦纳;Ryan Kalkbrenner;7;5;0;0;0;0;0;0;0;0;0;0;0;0;-25;-25;-25;18;0;0;0;0
3293;乔奈-布鲁姆;Johni Broome;7;4;0;0;0;0;0;0;0;0;0;0;0;0;-25;-25;-25;18;0;0;0;0
3294;阿杜-蒂耶罗;Adou Thiero;7;3;0;0;0;0;0;0;0;0;0;0;0;0;-25;-25;-25;18;0;0;0;0
3295;查兹-兰尼尔;Chaz Lanier;7;2;0;0;0;0;0;0;0;0;0;0;0;0;-25;-25;-25;18;0;0;0;0
3296;卡姆-琼斯;Kam Jones;7;1;2;0;0;0;0;0;0;0;0;0;0;0;-25;-25;-25;18;0;0;0;0
3297;阿莱贾-马丁;Alijah Martin;7;2;0;0;0;0;0;0;0;0;0;0;0;0;-25;-25;-25;18;0;0;0;0
3298;迈卡-皮维;Micah Peavy;7;3;0;0;0;0;0;0;0;0;0;0;0;0;-25;-25;-25;18;0;0;0;0
3299;科比-布雷亚;Koby Brea;7;2;0;0;0;0;0;0;0;0;0;0;0;0;-25;-25;-25;18;0;0;0;0
3300;马克西姆-雷诺;Maxime Raynaud;7;5;0;0;0;0;0;0;0;0;0;0;0;0;-25;-25;-25;18;0;0;0;0
3301;贾米尔-沃特金斯;Jamir Watkins;7;2;3;0;0;0;0;0;0;0;0;0;0;0;-25;-25;-25;18;0;0;0;0
3302;布鲁克斯-巴恩海泽;Brooks Barnhizer;7;3;2;0;0;0;0;0;0;0;0;0;0;0;-25;-25;-25;18;0;0;0;0
3303;罗科-齐卡尔斯基;Rocco Zikarsky;7;5;0;0;0;0;0;0;0;0;0;0;0;0;-25;-25;-25;18;0;0;0;0
3304;阿马里-威廉姆斯;Amari Williams;7;5;0;0;0;0;0;0;0;0;0;0;0;0;-25;-25;-25;18;0;0;0;0
3305;博戈柳布-马尔科维奇;Bogoljub Markovic;7;1;2;0;0;0;0;0;0;0;0;0;0;0;-25;-25;-25;18;0;0;0;0
3306;贾冯-斯莫尔;Javon Small;7;1;0;0;0;0;0;0;0;0;0;0;0;0;-25;-25;-25;18;0;0;0;0
3307;泰瑞斯-普罗克特;Tyrese Proctor;7;1;0;0;0;0;0;0;0;0;0;0;0;0;-25;-25;-25;18;0;0;0;0
3308;科比-桑德斯;Kobe Sanders;7;2;0;0;0;0;0;0;0;0;0;0;0;0;-25;-25;-25;18;0;0;0;0
3309;穆罕默德-迪亚瓦拉;Mohamed Diawara;7;2;0;0;0;0;0;0;0;0;0;0;0;0;-25;-25;-25;18;0;0;0;0
3310;亚历克斯-图希;Alex Toohey;7;1;2;0;0;0;0;0;0;0;0;0;0;0;-25;-25;-25;18;0;0;0;0
3311;约翰-汤杰;John Tonje;7;2;0;0;0;0;0;0;0;0;0;0;0;0;-25;-25;-25;18;0;0;0;0
3312;泰伦-皮特;Taelon Peter;7;2;0;0;0;0;0;0;0;0;0;0;0;0;-25;-25;-25;18;0;0;0;0
3313;拉克兰-欧尔布里希;Lachlan Olbrich;7;4;5;0;0;0;0;0;0;0;0;0;0;0;-25;-25;-25;18;0;0;0;0
3314;威尔-理查德;Will Richard;7;5;0;0;0;0;0;0;0;0;0;0;0;0;-25;-25;-25;18;0;0;0;0
3315;马克斯-舒尔加;Max Shulga;7;3;0;0;0;0;0;0;0;0;0;0;0;0;-25;-25;-25;18;0;0;0;0
3316;萨利乌-尼昂;Saliou Niang;7;2;0;0;0;0;0;0;0;0;0;0;0;0;-25;-25;-25;18;0;0;0;0
3317;贾哈迈-马沙克;Jahmai Mashack;7;5;0;0;0;0;0;0;0;0;0;0;0;0;-25;-25;-25;18;0;0;0;0
3318;奈杰尔-海斯-戴维斯;Nigel Hayes-Davis;6;4;0;0;0;0;0;0;0;0;0;0;0;0;-25;-25;-25;18;0;0;0;0
3319;恰奇-赫本;Chucky Hepburn;6;4;3;0;0;0;0;0;0;0;0;0;0;0;-25;-25;-25;18;0;0;0;0
3320;阿莱贾-马丁;Alijah Martin;6;2;0;0;0;0;0;0;0;0;0;0;0;0;-25;-25;-25;18;0;0;0;0
3321;马克-西尔斯;Mark Sears;6;1;0;0;0;0;0;0;0;0;0;0;0;0;-25;-25;-25;18;0;0;0;0
3322;伊莱-约翰-恩迪亚耶;Eli John Ndiaye;6;4;0;0;0;0;0;0;0;0;0;0;0;0;-25;-25;-25;18;0;0;0;0
3323;弗拉季斯拉夫-戈尔金;Vladislav Goldin;6;5;0;0;0;0;0;0;0;0;0;0;0;0;-25;-25;-25;18;0;0;0;0
3324;塔玛-贝茨;Tamar Bates;6;1;2;0;0;0;0;0;0;0;0;0;0;0;-25;-25;-25;18;0;0;0;0
3325;柯蒂斯-琼斯;Curtis Jones;6;2;0;0;0;0;0;0;0;0;0;0;0;0;-25;-25;-25;18;0;0;0;0
3326;凯莱布-乐福;Caleb Love;6;1;2;0;0;0;0;0;0;0;0;0;0;0;-25;-25;-25;18;0;0;0;0
3327;克里斯-扬布拉德;Chris Youngblood;6;2;0;0;0;0;0;0;0;0;0;0;0;0;-25;-25;-25;18;0;0;0;0
3328;达林-彼得森;Darryn Peterson;7;2;0;0;0;0;0;0;0;0;0;0;0;0;-25;-25;-25;18;0;0;0;0
3329;迪伦-考德威尔;Dylan Cardwell;6;5;0;0;0;0;0;0;0;0;0;0;0;0;-25;-25;-25;18;0;0;0;0
3330;迈尔斯-凯利;Miles Kelly;6;2;0;0;0;0;0;0;0;0;0;0;0;0;-25;-25;-25;18;0;0;0;0
3331;瑞安-内姆布哈德;Ryan Nembhard;6;1;0;0;0;0;0;0;0;0;0;0;0;0;-25;-25;-25;18;0;0;0;0
3332;克里斯-马农;Chris Manon;6;2;3;0;0;0;0;0;0;0;0;0;0;0;-25;-25;-25;18;0;0;0;0
3333;亨特-迪金森;Hunter Dickinson;6;5;0;0;0;0;0;0;0;0;0;0;0;0;-25;-25;-25;18;0;0;0;0
3334;赵嘉义;Zhao Jiayi;7;4;3;0;0;0;0;0;0;0;0;0;0;0;-25;-25;-25;18;0;0;0;0
3335;雷蒙;Lei Meng;7;2;3;0;0;0;0;0;0;0;0;0;0;0;-25;-25;-25;18;0;0;0;0
3336;李祥波;Li Xiangbo;7;4;0;0;0;0;0;0;0;0;0;0;0;0;-25;-25;-25;18;0;0;0;0
3337;纳丹-门萨;Nathan Mensah;6;5;0;0;0;0;0;0;0;0;0;0;0;0;-25;-25;-25;18;0;0;0;0
3338;盖比-约克;Gabe York;6;1;2;0;0;0;0;0;0;0;0;0;0;0;-25;-25;-25;18;0;0;0;0
3339;摩西-赖特;Moses Wright;6;5;0;0;0;0;0;0;0;0;0;0;0;0;-25;-25;-25;18;0;0;0;0
3340;雅各伯-威利;Jacob Wiley;6;4;5;0;0;0;0;0;0;0;0;0;0;0;-25;-25;-25;18;0;0;0;0
3341;明道加斯-库兹明斯卡斯;Mindaugas Kuzminskas;6;4;3;0;0;0;0;0;0;0;0;0;0;0;-25;-25;-25;18;0;0;0;0
3342;拉里-德鲁二世;Larry Drew II;6;1;0;0;0;0;0;0;0;0;0;0;0;0;-25;-25;-25;18;0;0;0;0
3343;雅各伯-普伦;Jacob Pullen;6;1;0;0;0;0;0;0;0;0;0;0;0;0;-25;-25;-25;18;0;0;0;0
3344;德怀特-拜克斯;Dwight Buycks;6;1;2;0;0;0;0;0;0;0;0;0;0;0;-25;-25;-25;18;0;0;0;0
3345;曼戈-马蒂安;Mangok Mathiang;6;4;5;0;0;0;0;0;0;0;0;0;0;0;-25;-25;-25;18;0;0;0;0
3346;奥卡罗-怀特;Okaro White;6;4;0;0;0;0;0;0;0;0;0;0;0;0;-25;-25;-25;18;0;0;0;0
3347;吉安-克拉维尔;Gian Clavell;6;2;1;0;0;0;0;0;0;0;0;0;0;0;-25;-25;-25;18;0;0;0;0
3348;迈克-亨利;Myke Henry;6;3;2;0;0;0;0;0;0;0;0;0;0;0;-25;-25;-25;18;0;0;0;0
3349;马库斯-乔治-亨特;Marcus Georges-Hunt;6;2;0;0;0;0;0;0;0;0;0;0;0;0;-25;-25;-25;18;0;0;0;0
3350;贾米尔-威尔森;Jamil Wilson;6;3;0;0;0;0;0;0;0;0;0;0;0;0;-25;-25;-25;18;0;0;0;0
3351;范德-布鲁;Vander Blue;6;2;0;0;0;0;0;0;0;0;0;0;0;0;-25;-25;-25;18;0;0;0;0
3352;杰克-库利;Jack Cooley;6;4;5;0;0;0;0;0;0;0;0;0;0;0;-25;-25;-25;18;0;0;0;0
3353;瓦斯里斯-斯潘诺里斯;Vassilis Spanoulis;6;1;0;0;0;0;0;0;0;0;0;0;0;0;-25;-25;-25;18;0;0;0;0
3354;斯马什-帕克;Smush Parker;6;1;2;0;0;0;0;0;0;0;0;0;0;0;-25;-25;-25;18;0;0;0;0
3355;唐尼-马绍尔;Donny Marshall;6;3;0;0;0;0;0;0;0;0;0;0;0;0;-25;-25;-25;18;0;0;0;0
3356;汤姆-霍金斯;Tom Hawkins;6;3;4;0;0;0;0;0;0;0;0;0;0;0;-25;-25;-25;18;0;0;0;0
3357;汤姆-桑德斯;Tom Sanders;8;4;3;0;0;0;0;0;0;0;0;0;0;0;-25;-25;-25;18;0;0;0;0
3358;李-沙夫;Lee Shaffer;7;3;2;0;0;0;0;0;0;0;0;0;0;0;-25;-25;-25;18;0;0;0;0
3359;沃尔特-贝拉米;Walt Bellamy;8;5;0;0;0;0;0;0;0;0;0;0;0;0;-25;-25;-25;18;0;0;0;0
3360;特里-狄辛格;Terry Dischinger;8;3;2;0;0;0;0;0;0;0;0;0;0;0;-25;-25;-25;18;0;0;0;0
3361;唐-尼尔森;Don Nelson;7;4;3;0;0;0;0;0;0;0;0;0;0;0;-25;-25;-25;18;0;0;0;0
3362;盖斯-约翰逊;Gus Johnson;9;4;3;0;0;0;0;0;0;0;0;0;0;0;-25;-25;-25;18;0;0;0;0
3363;吉姆-金;Jim King;7;1;2;0;0;0;0;0;0;0;0;0;0;0;-25;-25;-25;18;0;0;0;0
3364;拉里-布朗;Larry Brown;8;1;0;0;0;0;0;0;0;0;0;0;0;0;-25;-25;-25;18;0;0;0;0
3365;杰夫-穆林斯;Jeff Mullins;8;2;1;0;0;0;0;0;0;0;0;0;0;0;-25;-25;-25;18;0;0;0;0
3366;弗莱德-黑特泽尔;Fred Hetzel;7;3;4;0;0;0;0;0;0;0;0;0;0;0;-25;-25;-25;18;0;0;0;0
3367;比尔-布拉德利;Bill Bradley;8;3;2;0;0;0;0;0;0;0;0;0;0;0;-25;-25;-25;18;0;0;0;0
3368;吉姆-华盛顿;Jim Washington;7;4;5;0;0;0;0;0;0;0;0;0;0;0;-25;-25;-25;18;0;0;0;0
3369;汤姆-范阿斯戴尔;Tom Van Arsdale;8;3;2;0;0;0;0;0;0;0;0;0;0;0;-25;-25;-25;18;0;0;0;0
3370;吉姆-福克斯;Jim Fox;7;5;0;0;0;0;0;0;0;0;0;0;0;0;-25;-25;-25;18;0;0;0;0
3371;阿尔奇-克拉克;Archie Clark;8;1;2;0;0;0;0;0;0;0;0;0;0;0;-25;-25;-25;18;0;0;0;0
3372;卡兹-拉塞尔;Cazzie Russell;8;3;0;0;0;0;0;0;0;0;0;0;0;0;-25;-25;-25;18;0;0;0;0
3373;克莱德-李;Clyde Lee;7;5;4;0;0;0;0;0;0;0;0;0;0;0;-25;-25;-25;18;0;0;0;0
3374;吉姆-巴奈特;Jim Barnett;6;2;1;0;0;0;0;0;0;0;0;0;0;0;-25;-25;-25;18;0;0;0;0
3375;沃尔特-韦斯利;Walt Wesley;6;5;0;0;0;0;0;0;0;0;0;0;0;0;-25;-25;-25;18;0;0;0;0
3376;杰里-钱伯斯;Jerry Chambers;6;4;3;0;0;0;0;0;0;0;0;0;0;0;-25;-25;-25;18;0;0;0;0
3377;多利斯-穆雷;Dorie Murrey;6;5;4;0;0;0;0;0;0;0;0;0;0;0;-25;-25;-25;18;0;0;0;0
3378;菲尔-杰克逊;Phil Jackson;7;4;0;0;0;0;0;0;0;0;0;0;0;0;-25;-25;-25;18;0;0;0;0
3379;阿尔法-卡巴;Alaba Kaba;6;5;0;0;0;0;0;0;0;0;0;0;0;0;-25;-25;-25;18;0;0;0;0
3380;乔-布莱恩特;Joe Bryant;6;4;3;0;0;0;0;0;0;0;0;0;0;0;-25;-25;-25;18;0;0;0;0
3381;罗恩-莱利;Ron Riley;6;4;0;0;0;0;0;0;0;0;0;0;0;0;-25;-25;-25;18;0;0;0;0
3382;亨特-萨利斯;Hunter Sallis;6;2;0;0;0;0;0;0;0;0;0;0;0;0;-25;-25;-25;18;0;0;0;0
3384;亚历克斯-阿德托昆博;Alex Antetokounmpo;6;3;4;0;0;0;0;0;0;0;0;0;0;0;-25;-25;-25;18;0;0;0;0
3385;穆萨-西塞;Moussa Cisse;6;5;0;0;0;0;0;0;0;0;0;0;0;0;-25;-25;-25;18;0;0;0;0
3386;贾米尔-泰尔弗特;Jahmyl Telfort;6;4;3;0;0;0;0;0;0;0;0;0;0;0;-25;-25;-25;18;0;0;0;0
3387;贾文特-库克;Javonte Cooke;6;1;0;0;0;0;0;0;0;0;0;0;0;0;-25;-25;-25;18;0;0;0;0
3388;LJ-克赖尔;LJ Cryer;6;1;0;0;0;0;0;0;0;0;0;0;0;0;-25;-25;-25;18;0;0;0;0
3389;卡梅伦-布泽尔;Cameron Boozer;7;4;0;0;0;0;0;0;0;0;0;0;0;0;-25;-25;-25;18;0;0;0;0
3390;马利克-威廉姆斯;Malik Williams;6;4;5;0;0;0;0;0;0;0;0;0;0;0;-25;-25;-25;18;0;0;0;0