No;name;nameBirth;positionFirst;positionSecond;potential;skillPass;skillShotInterior;skillShotExterior;skillShotFree;skillPhysique;skillBlock;skillRebound;skillSteal;tendencyIn;tendencyEx;tendencyFr;ATT;DEF;Ranks;age;yearsLeague;team;teamID;yearsContract;salary;stateInjury;draft;image;info;rings;mvps;fmvps;allTeam1;allTeam2;allTeam3
1;杰森-塔图姆;Jayson Tatum;3;4;10;79;91;90;84;89;71;81;84;88;91;85;92;86;90;24;5;凯尔特人;1;4;32600000;0;201703;146;0;0;0;0;1;0;3
2;杰伦-布朗;Jaylen Brown;2;3;10;74;87;87;89;91;72;72;81;85;89;85;89;84;87;26;6;凯尔特人;1;2;22740000;0;201603;96;0;0;0;0;0;0;0
3;布雷克-格里芬;Blake Griffin;4;5;8;65;76;72;67;74;66;75;66;73;72;75;73;71;72;33;13;凯尔特人;1;1;2800000;0;200901;103;0;0;0;0;0;2;3
4;马尔科姆-布罗格登;Malcolm Brogdon;2;1;8;73;82;86;85;84;60;69;80;81;86;76;85;77;81;30;6;凯尔特人;1;1;19760000;0;201636;202;0;0;0;0;0;0;0
5;德里克-怀特;Derrick White;2;1;7;78;77;83;82;81;65;63;72;74;80;75;82;72;77;28;5;凯尔特人;1;2;3520000;0;201729;507;0;0;0;0;0;0;0
6;达尼罗-加里纳利;Danilo Gallinari;3;4;8;50;75;83;80;80;60;71;60;77;80;69;72;68;71;34;14;凯尔特人;1;2;7500000;0;200806;235;0;0;0;0;0;0;0
7;艾尔-霍福德;Al Horford;5;4;9;70;79;83;80;79;73;83;70;76;81;83;83;80;81;36;15;凯尔特人;1;3;10000000;0;200703;110;0;0;0;0;0;0;1
8;马库斯-斯玛特;Marcus Smart;1;2;9;82;72;76;73;85;72;71;88;75;78;67;79;85;82;28;8;凯尔特人;1;3;18580000;0;201406;300;0;0;0;0;0;0;0
9;萨姆-豪瑟;Sam Hauser;3;4;6;60;71;68;70;71;60;58;61;63;69;59;64;60;63;24;1;凯尔特人;1;3;2000000;0;202100;1040;0;0;0;0;0;0;0
10;迈克-穆斯卡拉;Mike Muscala;4;5;7;56;77;79;71;76;61;73;63;69;77;66;71;69;70;31;9;凯尔特人;1;1;3500000;0;201344;1344;0;0;0;0;0;0;0
11;卢克-科内特;Luke Kornet;4;5;7;57;68;74;80;76;72;74;57;66;72;70;69;72;71;27;5;凯尔特人;1;1;3000000;0;201700;546;0;0;0;0;0;0;0
12;佩顿-普理查德;Payton Pritchard;1;0;8;78;77;78;79;73;55;71;60;70;80;70;80;64;73;24;2;凯尔特人;1;2;3200000;0;202026;1400;0;0;0;0;0;0;0
13;格兰特-威廉姆斯;Grant Williams;4;3;7;61;77;75;79;78;80;73;70;69;73;71;73;78;76;24;3;凯尔特人;1;2;4000000;0;201922;1523;0;0;0;0;0;0;0
14;菲翁杜-卡本盖莱;Mfiondu Kabengele;4;5;6;53;71;75;62;70;68;72;48;69;73;40;63;65;64;25;3;凯尔特人;1;1;1920000;0;201927;1104;0;0;0;0;0;0;0
15;贾斯汀-尚帕尼;Justin Champagnie;3;2;6;63;73;70;69;73;56;70;61;64;70;59;66;64;66;21;1;凯尔特人;1;1;53176;0;202100;2122;0;0;0;0;0;0;0
16;罗伯特-威廉姆斯;Robert Williams;4;5;9;60;84;67;71;88;90;85;68;80;66;65;72;90;81;25;4;凯尔特人;1;4;12050000;0;201827;314;0;0;0;0;0;0;0
17;JD-戴维森;JD Davison;1;0;6;69;60;68;67;68;71;60;69;61;71;42;63;66;65;22;0;凯尔特人;1;2;1350000;0;202253;1757;0;0;0;0;0;0;0
18;本-西蒙斯;Ben Simmons;4;5;9;85;84;50;55;85;80;84;85;75;30;40;64;88;77;26;6;篮网;2;3;30560000;0;201601;156;0;0;0;0;0;0;1
19;塞斯-库里;Seth Curry;2;1;8;74;74;88;80;79;45;68;70;71;87;76;82;66;75;32;9;篮网;2;1;7810000;0;201300;558;0;0;0;0;0;0;0
20;米卡尔-布里奇斯;Mikal Bridges;3;0;9;60;69;90;75;88;82;81;85;63;80;73;73;90;82;26;4;篮网;2;3;21700000;0;201810;415;0;0;0;0;0;0;0
21;斯潘塞-丁威迪;Spencer Dinwiddie;1;2;8;81;81;85;81;84;57;63;69;79;88;78;87;70;79;29;8;篮网;2;2;21000000;0;201438;208;0;0;0;0;0;0;0
22;卡梅伦-约翰逊;Cameron Johnson;4;3;7;55;72;86;74;76;74;74;65;85;77;68;75;74;75;26;3;篮网;2;1;5000000;0;201911;737;0;0;0;0;0;0;0
23;帕蒂-米尔斯;Patty Mills;1;0;7;72;74;84;82;80;45;60;60;69;87;74;81;61;72;34;13;篮网;2;2;7250000;0;200955;619;0;1;0;0;0;0;0
24;乔-哈里斯;Joe Harris;3;2;7;66;74;84;79;79;45;66;69;69;83;69;76;64;71;31;8;篮网;2;2;16070000;0;201433;486;0;0;0;0;0;0;0
25;卡梅隆-托马斯;Cam Thomas;2;0;9;76;81;87;84;85;61;65;73;86;83;74;85;73;80;20;1;篮网;2;3;3250000;0;202127;1504;0;0;0;0;0;0;0
26;多里安-芬尼-史密斯;Dorian Finney-Smith;3;4;8;65;74;84;80;82;63;74;80;71;72;70;75;77;77;29;6;篮网;2;3;13390000;0;201600;464;0;0;0;0;0;0;0
27;罗伊斯-奥尼尔;Royce O'Neale;3;2;8;62;77;79;76;80;75;76;79;69;77;67;73;81;78;29;7;篮网;2;2;9300000;0;201500;818;0;0;0;0;0;0;0
28;埃德蒙-萨姆纳;Edmond Sumner;1;2;6;68;70;76;71;75;50;63;66;68;78;57;71;64;68;27;5;篮网;2;1;3210000;0;201752;1430;0;0;0;0;0;0;0
29;摩西-布朗;Moses Brown;5;4;7;55;76;50;61;79;78;79;51;69;35;39;55;77;67;23;3;篮网;2;1;53176;0;201900;412;0;0;0;0;0;0;0
30;尼古拉斯-克拉克斯顿;Nicolas Claxton;5;4;8;60;86;62;70;88;89;85;73;69;60;65;70;91;81;23;3;篮网;2;2;10000000;0;201931;1145;0;0;0;0;0;0;0
31;戴罗恩-夏普;Day'Ron Sharpe;4;5;6;59;77;50;59;79;73;81;51;66;42;36;54;74;65;20;1;篮网;2;3;2750000;0;202129;1577;0;0;0;0;0;0;0
32;大卫-杜克;David Duke Jr.;1;2;6;62;62;70;66;67;60;60;70;61;73;41;61;64;63;23;1;篮网;2;1;53176;0;202100;947;0;0;0;0;0;0;0
33;渡边雄太;Yuta Watanabe;4;3;6;60;73;75;65;73;67;73;65;65;69;63;67;70;69;28;4;篮网;2;1;1970000;0;201800;449;0;0;0;0;0;0;0
34;德鲁-史密斯;Dru Smith;2;1;6;70;65;72;69;72;57;62;72;63;73;56;67;66;66;24;0;篮网;2;1;53176;0;202200;1445;0;0;0;0;0;0;0
35;朱利叶斯-兰德尔;Julius Randle;4;5;10;75;87;83;79;87;67;88;66;86;81;77;87;81;84;28;8;尼克斯;3;3;23760000;0;201407;252;0;0;0;0;0;1;0
36;德里克-罗斯;Derrick Rose;1;2;9;75;78;77;80;78;50;63;70;77;76;75;80;67;74;34;14;尼克斯;3;2;14520730;0;200801;50;0;0;1;0;1;0;0
37;RJ-巴雷特;RJ Barrett;3;2;9;73;82;79;82;86;65;70;80;84;83;77;83;78;82;22;3;尼克斯;3;5;20880000;0;201903;184;0;0;0;0;0;0;0
38;埃文-富尼耶;Evan Fournier;3;2;8;63;76;77;78;83;45;66;66;70;80;75;74;65;71;30;10;尼克斯;3;3;18000000;0;201220;470;0;0;0;0;0;0;0
39;伊曼纽尔-奎克利;Immanuel Quickley;1;2;8;78;77;77;80;79;55;70;60;73;82;75;82;66;75;23;2;尼克斯;3;2;2310000;0;202025;563;0;0;0;0;0;0;0
40;约什-哈特;Josh Hart;3;2;7;73;81;79;76;80;63;81;79;70;74;74;78;79;79;27;5;尼克斯;3;1;6390000;0;201730;493;0;0;0;0;0;0;0
41;昆汀-格莱姆斯;Quentin Grimes;2;1;6;70;70;75;76;78;65;70;67;65;76;67;72;71;72;22;1;尼克斯;3;3;2280000;0;202125;987;0;0;0;0;0;0;0
42;米切尔-罗宾逊;Mitchell Robinson;5;0;9;55;78;55;67;80;85;85;60;80;47;58;64;84;74;24;4;尼克斯;3;4;15000000;0;201836;263;0;0;0;0;0;0;0
43;杰伦-布伦森;Jalen Brunson;1;2;9;85;78;88;87;81;64;69;90;80;87;78;90;82;86;26;4;尼克斯;3;4;25000000;0;201833;419;0;0;0;0;0;0;0
44;奥比-托平;Obi Toppin;4;3;8;60;83;65;73;81;74;75;54;74;64;66;71;74;72;24;2;尼克斯;3;2;4860000;0;202008;700;0;0;0;0;0;0;0
45;迈尔斯-麦克布莱德;Miles McBride;1;2;6;71;72;73;76;72;60;52;61;64;75;65;72;59;66;21;1;尼克斯;3;2;15600000;0;202136;1283;0;0;0;0;0;0;0
46;以赛亚-哈尔滕施泰因;Isaiah Hartenstein;4;5;7;70;78;73;70;79;74;79;55;69;72;65;73;75;74;24;4;尼克斯;3;2;7800000;0;201743;484;0;0;0;0;0;0;0
47;杜安-华盛顿;Duane Washington Jr.;1;0;6;72;77;77;78;75;53;52;51;65;79;68;76;54;66;22;1;尼克斯;3;1;53176;0;202100;1858;0;0;0;0;0;0;0
48;杰里科-西姆斯;Jericho Sims;5;4;6;53;78;50;56;75;74;74;49;66;41;30;53;71;63;23;1;尼克斯;3;4;1640000;0;202158;1568;0;0;0;0;0;0;0
49;达匡-杰弗里斯;DaQuan Jeffries;2;3;6;63;67;71;70;69;59;59;66;61;68;61;64;62;63;25;1;尼克斯;3;1;53176;0;201900;1089;0;0;0;0;0;0;0
50;特雷弗-基尔斯;Trevor Keels;2;0;6;70;64;71;66;70;53;65;63;62;72;45;64;61;63;18;0;尼克斯;3;1;53176;0;202242;1875;0;0;0;0;0;0;0
51;乔尔-恩比德;Joel Embiid;5;4;10;73;94;80;88;95;84;90;70;91;79;87;92;93;92;28;8;76人;4;5;33300000;0;201403;100;0;0;0;0;0;4;0
52;詹姆斯-哈登;James Harden;1;2;10;96;88;87;85;85;65;74;72;84;86;85;96;77;88;33;13;76人;4;2;33000000;0;200903;33;0;0;1;0;6;0;1
53;托拜厄斯-哈里斯;Tobias Harris;3;4;9;63;83;86;81;83;68;75;73;81;84;79;81;77;80;30;11;76人;4;2;34360000;0;201119;487;0;0;0;0;0;0;0
54;乔治-尼昂;Georges Niang;4;3;6;71;79;76;80;78;67;61;68;66;74;75;77;69;73;29;6;76人;4;1;3350000;0;201650;1357;0;0;0;0;0;0;0
55;杰登-斯普林格;Jaden Springer;2;1;7;65;75;76;78;79;75;64;79;68;77;68;73;77;75;19;1;76人;4;3;3000000;0;202128;1467;0;0;0;0;0;0;0
56;泰雷斯-马克西;Tyrese Maxey;2;1;9;78;80;83;85;79;57;65;70;75;85;81;85;69;77;21;2;76人;4;2;2480000;0;202021;603;0;0;0;0;0;0;0
57;PJ-塔克;P.J. Tucker;4;5;8;65;73;83;75;80;65;75;73;70;72;74;75;75;75;37;16;76人;4;3;11060000;0;200635;690;0;1;0;0;0;0;0
58;谢克-米尔顿;Shake Milton;2;3;7;68;76;80;76;76;73;64;76;68;81;67;75;74;75;26;4;76人;4;1;1900000;0;201824;1310;0;0;0;0;0;0;0
59;蒙特雷斯-哈雷尔;Montrezl Harrell;5;4;7;59;80;59;74;86;71;73;53;71;52;68;68;75;71;29;7;76人;4;2;2600000;0;201532;485;0;0;0;0;0;0;0
60;路易斯-金;Louis King;3;2;6;61;75;75;76;72;59;61;70;64;75;67;70;65;68;23;3;76人;4;1;53176;0;201900;1899;0;0;0;0;0;0;0
61;德安东尼-梅尔顿;De'Anthony Melton;2;1;7;81;70;81;77;76;63;71;82;67;75;69;77;76;76;24;4;76人;4;2;8750000;0;201846;1300;0;0;0;0;0;0;0
62;丹纽尔-豪斯;Danuel House Jr.;2;3;6;58;72;79;74;78;45;60;67;65;79;62;69;62;66;29;6;76人;4;2;4250000;0;201600;1042;0;0;0;0;0;0;0
63;富尔坎-科尔克马兹;Furkan Korkmaz;2;3;6;64;76;74;72;76;50;54;56;65;75;62;70;57;64;25;5;76人;4;2;5000000;0;201626;1133;0;0;0;0;0;0;0
64;德维恩-戴德蒙;Dewayne Dedmon ;5;0;7;50;76;50;75;80;71;81;60;69;37;66;60;77;69;33;9;76人;4;1;1600000;0;201300;911;0;0;0;0;0;0;0
65;杰伦-麦克丹尼尔斯;Jalen McDaniels;4;5;6;60;78;70;73;78;71;78;59;66;69;66;70;74;72;25;2;76人;4;1;1000000;0;202028;1286;0;0;0;0;0;0;0
66;保罗-里德;Paul Reed;5;4;6;50;76;50;59;80;81;75;45;66;39;34;53;76;65;23;2;76人;4;1;1740000;0;202058;1212;0;0;0;0;0;0;0
67;马克-麦克朗;Mac McClung;2;1;6;73;78;71;69;79;61;67;69;64;73;64;71;70;71;24;1;76人;4;1;53176;0;202100;2021;0;0;0;0;0;0;0
68;帕斯卡尔-西亚卡姆;Pascal Siakam;4;5;10;85;89;79;83;88;75;84;71;89;80;83;91;84;88;28;6;猛龙;5;2;30560000;0;201627;157;0;1;0;0;0;1;1
69;威尔-巴顿;Will Barton;2;3;7;68;74;77;80;83;59;73;70;77;77;71;76;73;75;32;10;猛龙;5;1;3400000;0;201240;364;0;0;0;0;0;0;0
70;弗雷德-范弗利特;Fred VanVleet;1;2;10;85;78;86;83;85;62;73;83;76;88;81;89;81;85;28;6;猛龙;5;2;21250000;0;201600;210;0;1;0;0;0;0;0
71;奥托-波特;Otto Porter Jr.;3;4;8;61;76;79;78;80;51;78;73;75;75;72;74;72;74;29;9;猛龙;5;2;6200000;0;201303;394;0;1;0;0;0;0;0
72;OG-阿奴诺比;OG Anunoby;3;4;9;55;83;81;80;84;73;75;85;75;81;74;76;83;80;25;5;猛龙;5;2;18000000;0;201723;344;0;1;0;0;0;0;0
73;克里斯-布歇;Chris Boucher;4;5;8;60;83;76;71;85;79;73;60;80;71;65;74;78;76;30;5;猛龙;5;3;11750000;0;201700;420;0;2;0;0;0;0;0
74;小加里-特伦特;Gary Trent Jr.;2;3;7;70;78;81;82;80;60;66;76;69;79;73;78;73;76;24;4;猛龙;5;2;18000000;0;201837;1493;0;0;0;0;0;0;0
75;马拉奇-弗林;Malachi Flynn;2;1;6;69;75;72;76;75;51;69;78;65;73;67;72;70;71;24;2;猛龙;5;2;3200000;0;202029;975;0;0;0;0;0;0;0
76;赛迪斯-杨;Thaddeus Young;4;3;8;64;82;72;72;83;60;80;72;74;71;66;73;76;75;34;15;猛龙;5;2;8500000;0;200712;729;0;0;0;0;0;0;0
77;斯科蒂-巴恩斯;Scottie Barnes;3;4;9;75;79;70;69;80;77;76;77;75;62;64;72;81;77;21;1;猛龙;5;3;9000000;0;202104;182;0;0;0;0;0;0;0
78;达拉诺-班顿;Dalano Banton;1;0;6;75;71;65;70;76;68;70;66;64;68;60;70;70;70;20;1;猛龙;5;2;1700000;0;202146;835;0;0;0;0;0;0;0
79;大卫-约翰逊;David Johnson;1;2;6;71;72;72;76;70;55;65;72;63;74;65;72;66;69;21;1;猛龙;5;2;1650000;0;202147;2262;0;0;0;0;0;0;0
80;普雷舍斯-阿丘瓦;Precious Achiuwa;5;4;7;65;82;76;70;79;78;81;45;70;73;66;75;76;76;22;2;猛龙;5;2;3300000;0;202020;767;0;0;0;0;0;0;0
81;雅各布-珀尔特尔;Jakob Poeltl;5;4;8;50;77;50;64;80;88;87;65;72;34;43;56;87;72;27;6;猛龙;5;1;8100000;0;201609;650;0;0;0;0;0;0;0
82;乔-维斯坎普;Joe Wieskamp;2;3;6;60;70;85;70;70;55;50;60;63;84;53;70;56;63;22;1;猛龙;5;1;53176;0;202141;2203;0;0;0;0;0;0;0
83;克里斯蒂安-科洛科;Christian Koloko;5;0;6;58;74;53;71;70;68;70;64;64;45;65;61;68;65;22;0;猛龙;5;3;1780000;0;202233;1138;0;0;0;0;0;0;0
84;小罗恩-哈珀;Ron Harper Jr.;4;3;6;59;72;68;60;76;68;72;66;65;68;37;61;72;66;22;0;猛龙;5;1;53176;0;202200;1022;0;0;0;0;0;0;0
85;扎克-拉文;Zach LaVine;2;3;10;82;84;88;85;90;66;71;73;87;88;84;90;78;85;27;8;公牛;6;5;43000000;0;201413;119;0;0;0;0;0;0;0
86;尼古拉-武切维奇;Nikola Vucevic;5;0;9;70;83;80;76;82;67;89;71;84;78;79;84;81;82;32;11;公牛;6;1;26000000;0;201116;322;0;0;0;0;0;0;0
87;德马尔-德罗赞;DeMar DeRozan;3;2;10;78;91;75;94;85;65;74;76;89;75;93;90;78;85;33;13;公牛;6;2;27300000;0;200909;98;0;0;0;0;0;2;1
88;朗佐-鲍尔;Lonzo Ball;1;2;9;84;72;83;71;76;70;81;83;72;84;65;81;82;82;25;5;公牛;6;3;21250000;0;201702;191;0;0;0;0;0;0;1
89;帕特里克-贝弗利;Patrick Beverly;1;2;8;74;71;74;68;86;60;75;83;68;78;67;73;82;77;34;13;公牛;6;1;2300000;0;200942;382;0;0;0;0;0;0;0
90;科比-怀特;Coby White;1;2;7;75;76;74;75;80;56;62;77;76;80;69;78;72;75;22;3;公牛;6;1;6500000;0;201907;508;0;0;0;0;0;0;0
91;亚历克斯-卡鲁索;Alex Caruso;2;1;8;78;78;76;72;80;79;68;87;71;77;66;76;83;79;28;5;公牛;6;3;9250000;0;201600;1108;0;1;0;0;0;0;0
92;阿约-多桑姆;Ayo Dosunmu;2;3;8;71;82;77;81;78;60;64;67;67;77;73;77;68;73;22;1;公牛;6;2;2100000;0;202138;951;0;0;0;0;0;0;0
93;安德烈-德拉蒙德;Andre Drummond;5;4;9;53;81;51;70;79;75;90;56;76;42;63;63;81;72;29;10;公牛;6;2;3300000;0;201209;206;0;0;0;0;0;0;1
94;贾文特-格林;Javonte Green;2;3;6;59;74;72;75;76;60;71;70;65;73;64;67;70;69;29;3;公牛;6;1;590000;0;201900;993;0;0;0;0;0;0;0
95;小德里克-琼斯;Derrick Jones Jr.;3;4;7;50;77;66;74;90;68;74;75;72;66;62;65;80;73;25;6;公牛;6;2;3300000;0;201600;657;0;0;0;0;0;0;0
96;帕特里克-威廉姆斯;Patrick Williams;4;3;8;65;76;78;72;81;65;70;83;69;76;66;74;76;75;21;2;公牛;6;2;7500000;0;202004;711;0;0;0;0;0;0;0
97;马尔科-西蒙诺维奇;Marko Simonovic;4;5;6;58;71;68;72;65;71;70;55;62;68;64;65;65;65;23;2;公牛;6;1;2180000;0;202044;1566;0;0;0;0;0;0;0
98;泰瑞-泰勒;Terry Taylor ;3;4;6;61;78;70;76;76;62;73;60;66;70;67;69;68;69;23;1;公牛;6;1;53176;0;202100;1484;0;0;0;0;0;0;0
99;达伦-特里;Dalen Terry;2;1;8;62;77;69;73;79;64;67;70;72;71;63;68;71;70;19;0;公牛;6;4;5500000;0;202218;697;0;0;0;0;0;0;0
100;卡利克-琼斯;Carlik Jones;1;0;6;78;63;72;69;68;60;64;69;61;74;60;71;65;68;25;1;公牛;6;1;53176;0;202200;1833;2020-21赛季ACC第一阵容/2020-21ACC年度新秀/2019-20赛季NCAA一级分区唯一的场均20+5+5球员/两届大南联盟第一阵容/2017-18赛季大南联盟年度新秀;0;0;0;0;0;0
101;贾斯汀-刘易斯;Justin Lewis;4;0;6;57;72;70;65;69;65;73;70;63;69;57;64;69;66;20;0;公牛;6;1;53176;0;202200;1879;贾斯汀-刘易斯是一位臂展不错、能力全面的前锋， 他身高臂长，力量很足，具备不错的投篮能力，无论是三分线外还是中远投抑或是篮下进攻能力都具备，防守端也有着不错的篮板球和协防能力，是一个攻防两端都相对比较全面的球员。;0;0;0;0;0;0
102;多诺万-米切尔;Donovan Mitchell;2;1;10;81;89;92;84;89;71;70;76;88;91;82;92;80;87;26;5;骑士;7;3;32600000;0;201713;131;0;0;0;0;0;0;0
103;卡里斯-勒韦尔;Caris LeVert;3;2;7;70;80;83;82;82;58;64;68;82;82;74;81;68;76;28;6;骑士;7;1;18150000;0;201620;576;0;0;0;0;0;0;0
104;丹尼-格林;Danny Green;2;3;8;65;70;83;76;78;58;68;68;72;80;76;75;69;72;35;13;骑士;7;1;1800000;0;200946;221;0;3;0;0;0;0;0
105;里基-卢比奥;Ricky Rubio;1;2;8;81;76;70;79;76;45;73;71;71;73;71;78;68;74;32;11;骑士;7;3;6200000;0;200905;262;0;0;0;0;0;0;0
106;达里厄斯-加兰;Darius Garland;1;2;9;87;81;84;83;83;55;71;75;82;86;81;90;74;83;23;3;骑士;7;6;38600000;0;201905;234;0;0;0;0;0;0;0
107;切迪-奥斯曼;Cedi Osman;3;2;7;72;79;78;72;82;62;72;64;70;77;66;75;71;74;27;5;骑士;7;2;8840000;0;201531;359;0;0;0;0;0;0;0
108;艾萨克-奥科罗;Isaac Okoro;2;3;8;67;76;78;71;81;71;67;83;69;78;62;72;79;75;21;2;骑士;7;2;6400000;0;202005;810;0;0;0;0;0;0;0
109;埃文-莫布里;Evan Mobley;4;5;10;69;84;71;75;83;81;80;66;81;70;66;77;82;80;21;1;骑士;7;3;9500000;0;202103;624;0;0;0;0;0;0;0
110;迪恩-韦德;Dean Wade;3;4;6;60;78;72;76;71;71;76;60;65;72;67;70;70;71;26;3;骑士;7;1;1800000;0;201900;1540;0;0;0;0;0;0;0
111;罗宾-洛佩斯;Robin Lopez;5;0;7;58;85;50;79;81;75;86;45;71;30;73;66;78;72;34;14;骑士;7;1;3000000;0;200815;599;0;0;0;0;0;0;0
112;贾勒特-阿伦;Jarrett Allen;5;4;9;52;87;60;70;87;85;88;59;80;53;64;69;88;79;24;5;骑士;7;4;20000000;0;201722;342;0;0;0;0;0;0;0
113;萨姆-梅里尔;Sam Merrill;2;0;6;64;78;79;78;72;50;64;60;65;79;68;74;60;67;26;2;骑士;7;3;1050000;0;202060;2028;0;0;0;0;0;0;0
114;劳尔-内托;Raul Neto;1;0;6;70;73;79;79;77;45;65;67;65;80;68;76;64;71;30;7;骑士;7;1;3000000;0;201347;1356;0;0;0;0;0;0;0
115;迪伦-温德勒;Dylan Windler;3;2;6;62;74;70;68;76;52;68;64;65;70;55;65;64;66;26;3;骑士;7;1;2130000;0;201926;1547;0;0;0;0;0;0;0
116;拉马尔-斯蒂文斯;Lamar Stevens;3;4;6;65;73;69;75;70;55;60;60;64;70;67;69;59;65;25;2;骑士;7;2;1750000;0;202000;1458;0;0;0;0;0;0;0
117;以赛亚-莫布里;Isaiah Mobley;4;0;7;56;74;63;69;71;60;68;59;64;61;58;63;64;63;23;0;骑士;7;2;1550000;0;202249;1323;0;0;0;0;0;0;0
118;凯德-康宁汉姆;Cade Cunningham;1;2;10;85;80;79;85;80;65;73;80;81;82;85;88;79;84;21;1;活塞;8;3;10500000;0;202101;117;0;0;0;0;0;0;0
119;哈米杜-迪亚洛;Hamidou Diallo;2;1;7;71;78;68;74;80;66;70;79;77;70;71;72;77;74;24;4;活塞;8;1;5200000;0;201845;937;0;0;0;0;0;0;0
120;博扬-博格达诺维奇;Bojan Bogdanovic;3;4;9;62;78;87;84;81;50;73;75;75;87;81;80;71;77;33;8;活塞;8;3;17850000;0;201131;198;0;0;0;0;0;0;0
121;亚历克-伯克斯;Alec Burks;1;2;7;63;80;81;82;83;51;69;73;71;81;72;77;72;75;31;11;活塞;8;2;10000000;0;201112;398;0;0;0;0;0;0;0
122;科里-约瑟夫;Cory Joseph;1;2;7;73;79;75;77;83;45;65;64;70;77;68;77;65;71;31;11;活塞;8;1;5000000;0;201129;1620;0;0;0;0;0;0;0
123;马文-巴格利;Marvin Bagley;4;5;8;57;78;72;77;81;77;77;56;73;71;69;72;76;74;23;4;活塞;8;3;12000000;0;201802;183;0;0;0;0;0;0;0
124;RJ-汉普顿;R.J. Hampton;2;3;7;59;70;70;78;78;62;70;76;69;72;66;67;74;70;21;2;活塞;8;2;2190000;0;202024;495;0;0;0;0;0;0;0
125;詹姆斯-怀斯曼;James Wiseman;5;0;8;54;75;70;76;84;78;70;57;75;68;68;71;76;74;22;2;活塞;8;2;8500000;0;202002;506;0;1;0;0;0;0;0
126;基利安-海斯;Killian Hayes;2;1;7;76;76;74;79;69;51;49;70;66;75;72;76;58;68;21;2;活塞;8;2;6000000;0;202007;494;0;0;0;0;0;0;0
127;以赛亚-里维尔斯;Isaiah Livers;3;4;6;59;77;78;82;75;60;70;61;65;77;72;73;66;71;23;1;活塞;8;2;1900000;0;202142;1219;0;0;0;0;0;0;0
128;尤金-奥莫鲁伊;Eugene Omoruyi;3;4;6;66;72;68;74;74;54;64;59;64;69;66;68;61;65;25;1;活塞;8;1;970000;0;202100;817;0;0;0;0;0;0;0
129;以赛亚-斯图尔特;Isaiah Stewart;5;0;8;57;79;70;70;86;83;81;55;74;68;64;71;83;77;21;2;活塞;8;2;3700000;0;202016;684;0;0;0;0;0;0;0
130;罗德尼-麦格鲁德;Rodney McGruder;2;3;6;54;72;76;70;76;51;60;59;65;77;50;65;60;63;31;6;活塞;8;1;2200000;0;201300;1278;0;0;0;0;0;0;0
131;贾登-艾维;Jaden Ivey;2;0;9;73;79;75;77;81;62;65;67;76;76;69;76;70;73;20;0;活塞;8;4;8750000;0;202205;175;0;0;0;0;0;0;0
132;杰伦-杜伦;Jalen Duren;5;4;8;55;77;50;62;81;80;83;60;74;41;41;57;82;70;18;0;活塞;8;4;6750000;0;202213;448;0;0;0;0;0;0;0
133;巴迪-伯海姆;Buddy Boeheim;3;0;6;63;66;71;60;70;69;69;70;62;71;36;59;70;65;22;0;活塞;8;1;53176;0;202200;862;0;0;0;0;0;0;0
134;贾里德-罗登;Jared Rhoden;1;2;6;73;65;70;64;62;58;61;71;57;72;68;68;63;66;23;0;活塞;8;1;53176;0;202200;1239;0;0;0;0;0;0;0
135;乔治-希尔;George Hill;1;2;7;73;71;71;79;78;50;67;72;69;75;75;75;69;72;36;14;步行者;9;1;4000000;0;200826;326;0;0;0;0;0;0;0
136;巴迪-希尔德;Buddy Hield;2;3;8;65;79;89;80;78;60;70;73;75;90;76;81;72;77;30;6;步行者;9;2;24430000;0;201606;720;0;0;0;0;0;0;0
137;阿隆-内史密斯;Aaron Nesmith;2;3;7;51;79;84;78;79;70;67;70;69;83;65;72;73;72;22;2;步行者;9;2;3900000;0;202014;1353;0;0;0;0;0;0;0
138;TJ-麦康奈尔;T.J. McConnell;1;0;6;77;75;79;78;77;45;71;69;65;80;69;79;67;74;30;7;步行者;9;3;8750000;0;201500;609;0;0;0;0;0;0;0
139;泰雷斯-哈利伯顿;Tyrese Haliburton;1;0;10;97;81;87;87;80;55;73;80;85;82;74;94;76;86;22;2;步行者;9;2;4250000;0;202012;226;0;0;0;0;0;0;0
140;克里斯-杜阿尔特;Chris Duarte;2;3;8;68;84;83;78;70;60;64;78;68;80;70;77;69;74;25;1;步行者;9;3;6750000;0;202113;942;0;0;0;0;0;0;0
141;迈尔斯-特纳;Myles Turner;5;0;9;50;87;75;70;84;87;85;61;83;75;69;75;87;81;26;7;步行者;9;3;17000000;0;201511;307;0;0;0;0;0;0;0
142;丹尼尔-泰斯;Daniel Theis;4;5;7;57;82;69;81;74;67;76;56;69;68;73;72;69;71;30;8;步行者;9;3;9000000;0;201300;691;0;0;0;0;0;0;0
143;奥谢-布里塞特;Oshae Brissett;3;2;6;55;72;68;71;71;71;70;66;64;69;59;63;70;67;24;3;步行者;9;1;1800000;0;201900;897;0;0;0;0;0;0;0
144;以赛亚-杰克逊;Isaiah Jackson;5;4;7;50;80;50;79;76;81;79;55;69;34;70;62;78;70;20;1;步行者;9;3;4500000;0;202122;1097;0;0;0;0;0;0;0
145;杰伦-史密斯;Jalen Smith;4;5;7;61;75;79;76;76;75;76;69;68;77;68;73;76;75;22;2;步行者;9;2;4250000;0;202010;1446;0;0;0;0;0;0;0
146;乔丹-沃拉;Jordan Nwora;2;3;6;68;77;78;72;78;55;50;55;66;78;63;73;57;66;23;2;步行者;9;2;3200000;0;202045;2216;0;1;0;0;0;0;0
147;特雷弗林-奎因;Trevelin Queen;2;3;6;65;70;72;75;72;51;68;68;63;73;65;69;65;67;22;2;步行者;9;2;1650000;0;202000;1171;0;0;0;0;0;0;0
148;本尼迪克特-马图林;Bennedict Mathurin;3;2;9;63;77;84;75;79;63;70;70;79;81;69;76;71;75;20;0;步行者;9;4;8500000;0;202206;605;0;0;0;0;0;0;0
149;肯德尔-布朗;Kendall Brown;3;2;7;66;75;67;66;68;58;65;66;66;68;52;65;63;65;19;0;步行者;9;2;1600000;0;202248;884;0;0;0;0;0;0;0
150;安德鲁-内姆布哈德;Andrew Nembhard;1;2;7;76;61;69;66;69;56;63;63;63;72;46;67;62;64;22;0;步行者;9;4;2450000;0;202231;1350;0;0;0;0;0;0;0
151;扬尼斯-阿德托昆博;Giannis Antetokounmpo;4;5;11;83;98;70;73;97;85;91;87;97;69;71;87;98;93;28;9;雄鹿;10;4;42500000;0;201315;13;0;1;2;1;4;2;0
152;朱-霍乐迪;Jrue Holiday;1;2;10;83;82;85;80;84;78;73;89;80;83;75;87;87;87;32;13;雄鹿;10;3;32540000;0;200917;111;0;1;0;0;0;0;0
153;克里斯-米德尔顿;Khris Middleton;3;2;10;75;88;89;91;86;60;64;75;80;92;86;91;73;83;31;10;雄鹿;10;2;35600000;0;201239;276;0;1;0;0;0;0;0
154;戈兰-德拉季奇;Goran Dragic;1;2;8;79;75;82;80;75;49;60;69;71;80;78;83;64;74;36;14;雄鹿;10;1;1420000;0;200845;205;0;0;0;0;0;0;0
155;杰-克劳德;Jae Crowder;4;3;7;63;72;79;76;83;56;75;75;72;81;76;75;73;74;32;10;雄鹿;10;1;9260000;0;201234;551;0;0;0;0;0;0;0
156;鲍比-波蒂斯;Bobby Portis;5;4;8;60;80;81;80;82;68;85;68;76;78;73;78;79;79;28;7;雄鹿;10;4;12250000;0;201522;390;0;1;0;0;0;0;0
157;韦斯利-马修斯;Wesley Matthews;2;3;7;68;74;80;80;82;45;72;75;71;76;76;76;71;73;36;13;雄鹿;10;1;2500000;0;200900;273;0;0;0;0;0;0;0
158;布鲁克-洛佩斯;Brook Lopez;5;4;9;57;81;90;72;83;94;85;75;76;83;66;78;92;85;34;14;雄鹿;10;1;12700000;0;200810;265;0;1;0;0;0;0;0
159;乔-英格尔斯;Joe Ingles;3;2;8;72;75;82;76;82;45;68;62;72;80;70;77;64;71;35;8;雄鹿;10;1;6500000;0;200900;333;0;0;0;0;0;0;0
160;杰文-卡特;Jevon Carter;1;2;6;76;72;71;70;70;50;58;68;63;74;61;72;61;67;27;4;雄鹿;10;3;3920000;0;201832;1912;0;0;0;0;0;0;0
161;梅耶斯-伦纳德;Meyers Leonard;4;5;7;56;75;73;68;72;69;67;53;67;72;56;66;66;66;30;10;雄鹿;10;1;1200000;0;201211;1231;0;0;0;0;0;0;0
162;萨纳西斯-阿德托昆博;Thanasis Antetokounmpo;3;2;6;55;81;60;70;70;78;68;58;65;60;58;62;68;66;30;7;雄鹿;10;1;3610000;0;201451;751;0;1;0;0;0;0;0
163;帕特-康诺顿;Pat Connaughton;2;3;7;70;77;79;80;78;60;73;75;69;79;71;77;74;75;30;7;雄鹿;10;1;4940000;0;201541;1127;0;1;0;0;0;0;0
164;格雷森-阿伦;Grayson Allen;2;0;7;70;76;80;82;81;60;68;71;69;80;73;78;72;75;27;4;雄鹿;10;2;8500000;0;201821;761;0;0;0;0;0;0;0
165;林德尔-威金顿;Lindell Wigginton;1;2;6;73;75;76;77;70;50;53;60;64;78;67;76;56;67;25;3;雄鹿;10;1;53176;0;201900;2179;0;0;0;0;0;0;0
166;马琼-博尚;MarJon Beauchamp ;2;0;7;61;76;58;68;76;64;77;74;68;58;47;59;75;66;20;0;雄鹿;10;4;4000000;0;202224;869;0;0;0;0;0;0;0
167;AJ-格林;A.J. Green;2;0;6;68;64;75;72;70;58;68;73;62;76;62;69;68;68;23;1;雄鹿;10;1;53176;0;202100;991;0;0;0;0;0;0;0
168;特雷-杨;Trae Young;1;2;10;92;87;94;89;87;60;63;67;86;92;86;98;71;86;24;4;老鹰;11;4;40140000;0;201805;160;0;0;0;0;0;0;1
169;约翰-科林斯;John Collins;4;5;9;55;86;75;78;87;75;83;61;80;75;77;77;81;79;25;5;老鹰;11;4;25000000;0;201719;248;0;0;0;0;0;0;0
170;杰伦-约翰逊;Jalen Johnson;4;3;7;66;79;69;73;77;70;73;64;75;64;67;72;73;72;20;1;老鹰;11;3;5000000;0;202120;1614;0;0;0;0;0;0;0
171;德安德烈-亨特;De'Andre Hunter;3;4;8;54;80;81;84;79;65;72;76;78;78;81;76;75;77;25;3;老鹰;11;5;21000000;0;201904;504;0;0;0;0;0;0;0
172;博格丹-博格达诺维奇;Bogdan Bogdanovic;2;3;8;77;78;82;84;81;55;70;63;73;84;77;82;68;76;30;5;老鹰;11;5;13500000;0;201427;403;0;0;0;0;0;0;0
173;德章泰-默里;Dejounte Murray;2;1;10;88;83;80;83;79;70;75;88;83;80;80;87;83;85;26;6;老鹰;11;2;16570000;0;201629;281;0;0;0;0;0;0;0
174;萨迪克-贝;Saddiq Bey;3;4;9;65;74;78;81;79;74;76;73;71;79;72;75;78;78;23;2;老鹰;11;2;3400000;0;202019;377;0;0;0;0;0;0;0
175;奥涅卡-奥孔古;Onyeka Okongwu;4;5;8;50;81;67;80;71;81;78;47;71;66;70;70;72;71;21;2;老鹰;11;2;6500000;0;202006;358;0;0;0;0;0;0;0
176;特伦特-弗雷斯特;Trent Forrest;2;1;6;71;74;71;72;75;55;68;66;65;72;64;70;66;68;24;1;老鹰;11;1;1830000;0;202100;973;0;0;0;0;0;0;0
177;克林特-卡佩拉;Clint Capela;5;4;8;53;86;50;63;86;83;93;53;80;31;43;60;87;74;28;8;老鹰;11;1;16000000;0;201425;535;0;0;0;0;0;0;0
178;加里森-马修斯;Garrison Mathews;2;1;6;72;73;71;74;74;51;56;70;64;72;66;71;62;67;26;3;老鹰;11;1;2470000;0;201900;1270;0;0;0;0;0;0;0
179;阿龙-霍乐迪;Aaron Holiday;1;2;6;71;75;77;65;77;45;50;74;65;79;42;70;63;67;26;4;老鹰;11;1;2800000;0;201823;515;0;0;0;0;0;0;0
180;布鲁诺-费尔南多;Bruno Fernando;4;5;6;50;72;60;74;74;68;71;59;64;58;63;61;69;65;24;3;老鹰;11;4;2500000;0;201934;965;0;0;0;0;0;0;0
181;维特-克雷伊奇;Vit Krejci;3;2;6;71;72;70;71;70;51;58;70;63;70;64;69;60;66;21;2;老鹰;11;3;930000;0;202037;1151;0;0;0;0;0;0;0
182;AJ-格里芬;AJ Griffin;3;0;8;61;78;66;77;78;63;65;68;72;66;68;69;69;70;18;0;老鹰;11;4;6000000;0;202216;478;0;0;0;0;0;0;0
183;泰里斯-马丁;Tyrese Martin;2;3;6;64;63;70;68;71;55;66;70;62;72;50;63;65;64;23;0;老鹰;11;2;1450000;0;202251;1253;0;0;0;0;0;0;0
184;多诺万-威廉姆斯;Donovan Williams;2;0;6;66;68;71;65;75;69;67;65;64;72;56;65;69;67;21;0;老鹰;11;1;53176;0;202200;1854;来自内华达大学拉斯维加斯分校的大三侧翼球员多诺万-威廉姆斯(Donovan Williams)现年21岁，身高198cm，体重86kg，是一名运动能力出色的锋卫摇摆人，本赛季他代表球队在NCAA赛场出场27次，在场均22.1分钟的出场时间内，他可以为球队贡献12.7分3.3篮板1.1助攻0.7抢断0.4盖帽，还有1.7失误，投篮命中率达到48.8%，三分命中率高达43.6%，罚球命中率63.8%。他在本赛季取得了肉眼可见的巨大进步，如果他能得到更多的出场时间和更高的球队地位，他的数据也会变得更好。;0;0;0;0;0;0
185;戈登-海沃德;Gordon Hayward;3;4;9;75;82;82;85;78;63;68;66;81;80;83;85;69;78;32;12;黄蜂;12;2;28500000;0;201009;227;0;0;0;0;0;0;0
186;特里-罗齐尔;Terry Rozier;2;1;9;75;79;86;83;83;60;65;76;79;88;78;85;73;80;28;7;黄蜂;12;4;21490000;0;201516;595;0;0;0;0;0;0;0
187;拉梅洛-鲍尔;LaMelo Ball;1;2;10;84;79;82;79;87;51;70;72;81;83;74;86;73;80;21;2;黄蜂;12;2;7840000;0;202003;90;0;0;0;0;0;0;0
188;丹尼斯-史密斯;Dennis Smith Jr.;1;0;7;67;74;69;75;74;47;68;64;67;72;64;70;63;67;25;5;黄蜂;12;1;2490000;0;201709;670;0;0;0;0;0;0;0
189;詹姆斯-伯克奈特;James Bouknight;2;1;8;68;76;72;78;76;64;60;70;65;73;69;72;68;70;22;1;黄蜂;12;3;7250000;0;202111;863;0;0;0;0;0;0;0
190;科迪-马丁;Cody Martin;4;3;6;60;78;75;77;76;74;76;55;66;73;69;72;73;73;27;3;黄蜂;12;4;8000000;0;201936;1252;0;0;0;0;0;0;0
191;斯维亚托斯拉夫-米哈伊柳克;Sviatoslav Mykhailiuk;2;0;6;55;81;83;77;70;50;50;60;65;83;65;73;55;65;25;4;黄蜂;12;1;1730000;0;201847;2032;0;0;0;0;0;0;0
192;凯-琼斯;Kai Jones;4;5;7;58;80;73;72;77;71;76;55;69;72;65;71;72;71;21;1;黄蜂;12;3;5250000;0;202119;1415;0;0;0;0;0;0;0
193;凯利-乌布雷;Kelly Oubre Jr.;3;2;7;65;80;82;72;80;69;75;79;84;77;65;76;78;78;27;7;黄蜂;12;1;13000000;0;201515;319;0;0;0;0;0;0;0
194;泰奥-马勒东;Théo Maledon;1;2;7;72;71;73;72;70;48;62;67;66;75;62;72;62;67;21;2;黄蜂;12;1;2600000;0;202034;1272;0;0;0;0;0;0;0
195;尼克-理查兹;Nick Richards;5;4;6;50;76;64;75;78;78;75;48;66;62;65;66;74;70;22;2;黄蜂;12;4;5000000;0;202042;1221;0;0;0;0;0;0;0
196;PJ-华盛顿;P.J. Washington;4;5;6;70;78;79;73;79;72;73;60;66;77;68;76;73;75;24;3;黄蜂;12;1;53176;0;201912;1053;0;0;0;0;0;0;0
197;JT-索尔;JT Thor;4;5;6;52;70;60;73;76;71;74;60;64;58;63;61;72;67;19;1;黄蜂;12;2;2150000;0;202137;1501;0;0;0;0;0;0;0
198;泽维尔-斯尼德;Xavier Sneed;2;3;6;65;66;68;67;70;56;56;68;62;70;45;62;61;62;25;1;黄蜂;12;1;53176;0;202100;2143;0;0;0;0;0;0;0
199;马克-威廉姆斯;Mark Williams;5;4;7;53;82;49;71;80;78;70;64;70;30;64;61;76;69;20;0;黄蜂;12;4;6250000;0;202215;1530;0;0;0;0;0;0;0
200;布莱斯-麦戈文斯;Bryce McGowens;2;0;6;70;67;65;70;73;63;64;66;63;66;59;65;66;66;19;0;黄蜂;12;4;1850000;0;202240;1277;0;0;0;0;0;0;0
201;吉米-巴特勒;Jimmy Butler;3;2;10;84;93;77;91;96;78;78;93;92;70;85;90;93;93;33;11;热火;13;3;46000000;0;201130;89;0;0;0;0;0;0;4
202;凯尔-洛瑞;Kyle Lowry;1;2;8;74;84;73;75;80;71;68;85;76;70;72;77;81;79;36;16;热火;13;2;28330000;0;200624;266;0;1;0;0;0;0;3
203;凯文-乐福;Kevin Love;5;4;9;72;81;88;77;80;68;86;65;79;83;72;84;78;81;34;14;热火;13;1;3100000;0;200805;121;0;1;0;0;0;2;0
204;埃德里斯-阿德巴约;Edrice Adebayo;5;4;10;74;89;60;82;88;83;88;76;88;62;80;82;90;86;25;5;热火;13;3;32600000;0;201714;167;0;0;0;0;0;0;0
205;邓肯-罗宾逊;Duncan Robinson;2;3;8;66;72;86;83;79;61;68;70;72;85;71;78;71;75;28;4;热火;13;4;18000000;0;201800;588;0;0;0;0;0;0;0
206;维克托-奥拉迪波;Victor Oladipo;2;1;8;75;83;78;76;76;61;71;77;79;76;69;79;73;76;30;9;热火;13;1;11000000;0;201302;179;0;0;0;0;0;0;1
207;泰勒-希罗;Tyler Herro;2;1;9;73;82;83;85;80;63;63;70;79;83;79;83;70;77;23;3;热火;13;5;30000000;0;201913;722;0;0;0;0;0;0;0
208;马克思-斯特鲁斯;Max Strus;2;3;7;73;79;83;78;82;63;61;79;70;80;70;78;74;76;26;3;热火;13;1;1710000;0;201900;683;0;0;0;0;0;0;0
209;凯莱布-马丁;Caleb Martin;4;3;9;65;80;84;83;76;68;78;79;71;82;76;81;77;79;27;3;热火;13;1;890000;0;201900;600;0;0;0;0;0;0;0
210;科迪-泽勒;Cody Zeller;5;4;7;59;81;50;75;83;71;77;69;71;31;69;64;78;71;30;9;热火;13;1;3800000;0;201304;1623;0;0;0;0;0;0;0
211;盖布-文森特;Gabe Vincent;2;3;7;72;79;85;78;78;55;65;76;69;81;72;79;70;75;26;4;热火;13;1;3500000;0;201800;716;0;0;0;0;0;0;0
212;犹多尼斯-哈斯勒姆;Udonis Haslem;4;5;7;58;75;50;74;80;68;68;55;69;42;66;61;69;65;42;19;热火;13;1;2400000;0;200200;492;0;0;0;0;0;0;0
213;海伍德-海史密斯;Haywood Highsmith;3;4;6;50;71;63;70;76;67;71;53;64;60;48;57;66;63;26;4;热火;13;2;1752638;0;201800;1027;0;0;0;0;0;0;0
214;尼古拉-约维奇;Nikola Jovic;3;0;7;69;65;73;69;79;63;67;63;66;70;61;67;68;69;19;0;热火;13;4;3250000;0;202227;1622;0;0;0;0;0;0;0
215;贾马尔-凯因;Jamal Cain;3;4;6;62;67;67;77;71;64;70;60;63;68;67;66;65;67;23;0;热火;13;1;53176;0;202200;1120;0;0;0;0;0;0;0
216;奥默-尤尔特塞文;Omer Yurtseven;5;0;6;53;74;67;70;76;75;73;58;65;65;62;65;73;69;24;1;热火;13;1;53176;0;202100;1600;0;0;0;0;0;0;0
217;奥兰多-罗宾逊;Orlando Robinson;5;0;6;58;75;50;69;74;70;71;66;69;41;52;59;71;66;22;0;热火;13;1;53176;0;202200;1232;0;0;0;0;0;0;0
218;马克尔-富尔茨;Markelle Fultz;2;1;8;76;82;73;80;78;68;60;72;78;81;74;80;71;75;24;5;魔术;14;1;16670000;0;201701;215;0;0;0;0;0;0;0
219;加里-哈里斯;Gary Harris;2;1;8;66;79;81;81;86;45;69;61;80;81;76;79;66;73;28;8;魔术;14;2;13000000;0;201419;1012;0;0;0;0;0;0;0
220;乔纳森-艾萨克;Jonathan Isaac;4;3;9;60;79;70;74;80;85;78;88;75;69;67;72;87;80;25;5;魔术;14;2;16670000;0;201706;349;0;0;0;0;0;0;0
221;科尔-安东尼;Cole Anthony;1;2;9;79;80;79;78;78;55;64;64;74;80;70;81;65;74;22;2;魔术;14;2;3800000;0;202015;354;0;0;0;0;0;0;0
222;迈克尔-卡特-威廉姆斯;Michael Carter Williams;1;0;6;75;70;66;71;75;53;71;68;64;69;62;70;68;69;31;9;魔术;14;2;1340000;0;201311;538;0;0;0;0;0;0;0
223;弗朗茨-瓦格纳;Franz Wagner;3;4;8;71;79;78;81;76;65;68;69;69;76;76;78;70;75;21;1;魔术;14;3;8000000;0;202108;1508;0;0;0;0;0;0;0
224;杰伦-萨格斯;Jalen Suggs;2;1;8;77;74;73;76;79;65;60;70;73;73;68;75;69;72;21;1;魔术;14;3;8750000;0;202105;658;0;0;0;0;0;0;0
225;丘马-奥基基;Chuma Okeke;3;4;7;63;78;73;74;72;71;75;63;68;73;66;71;71;72;24;3;魔术;14;1;4000000;0;201916;807;0;0;0;0;0;0;0
226;温德尔-卡特;Wendell Carter Jr.;5;4;9;60;80;71;73;81;84;85;51;73;69;73;74;82;78;23;4;魔术;14;1;7500000;0;201807;245;0;0;0;0;0;0;0
227;波尔-波尔;Bol Bol;5;4;7;58;84;76;73;75;83;80;50;70;65;67;73;77;75;23;3;魔术;14;2;3400000;0;201944;391;0;0;0;0;0;0;0
228;戈加-比塔泽;Goga Bitadze;5;0;7;57;79;67;73;70;73;74;52;67;65;67;69;70;69;23;3;魔术;14;1;1800000;0;201918;856;0;0;0;0;0;0;0
229;阿德米拉尔-斯科菲尔德;Admiral Schofield;3;2;6;58;69;73;68;73;58;66;57;66;69;60;64;62;64;25;3;魔术;14;1;2110000;0;201942;2136;0;0;0;0;0;0;0
230;莫里茨-瓦格纳;Moritz Wagner;5;4;6;50;75;62;70;75;62;75;50;68;60;62;64;67;65;25;4;魔术;14;1;1000000;0;201825;2176;0;0;0;0;0;0;0
231;帕布罗-班切罗;Paolo Banchero;5;4;10;68;85;74;77;85;74;82;71;85;75;75;82;82;82;19;0;魔术;14;4;10500000;0;202201;190;0;0;0;0;0;0;0
232;凯莱布-休斯坦;Caleb Houstan;3;0;7;67;65;71;75;72;60;65;64;65;71;66;68;64;67;19;0;魔术;14;3;2400000;0;202232;1583;0;0;0;0;0;0;0
233;凯文-哈里斯;Kevon Harris;2;1;6;71;68;73;68;73;59;66;75;63;74;57;68;69;69;25;0;魔术;14;1;53176;0;202200;1013;0;0;0;0;0;0;0
234;布拉德利-比尔;Bradley Beal;2;1;10;83;86;88;87;88;60;66;78;85;87;85;91;76;84;29;10;奇才;15;5;50000000;0;201203;91;0;0;0;0;0;0;1
235;肯德里克-纳恩;Kendrick Nunn;1;2;7;67;77;75;75;75;64;64;67;72;78;71;75;68;72;27;4;奇才;15;1;5000000;0;201800;635;0;0;0;0;0;0;0
236;克里斯塔普斯-波尔津吉斯;Kristaps Porziņģis;5;4;9;64;83;83;83;79;80;84;60;81;83;81;84;81;83;27;7;奇才;15;2;29460000;0;201504;197;0;0;0;0;0;0;0
237;科里-基斯伯特;Corey Kispert;3;2;7;63;83;81;86;76;60;65;72;70;80;77;79;68;75;23;1;奇才;15;3;6250000;0;202115;1075;0;0;0;0;0;0;0
238;凯尔-库兹马;Kyle Kuzma;4;3;8;69;81;77;82;81;72;80;69;80;81;77;82;79;80;27;5;奇才;15;1;12300000;0;201727;562;0;1;0;0;0;0;0
239;蒙特-莫里斯;Monte Morris;1;0;7;79;82;81;77;78;55;62;68;70;82;72;83;67;75;27;5;奇才;15;1;1720000;0;201751;1331;0;0;0;0;0;0;0
240;德尼-阿夫迪亚;Deni Avdija;3;4;8;65;75;78;76;76;66;70;68;70;74;68;73;71;73;22;2;奇才;15;2;5000000;0;202009;340;0;0;0;0;0;0;0
241;泰-吉布森;Taj Gibson;5;4;8;52;82;50;72;80;78;74;64;73;42;63;62;78;70;37;13;奇才;15;1;3200000;0;200926;522;0;0;0;0;0;0;0
242;德朗-赖特;Delon Wright;2;1;8;70;71;79;75;78;61;74;70;70;79;66;74;72;73;30;7;奇才;15;2;8000000;0;201520;1190;0;0;0;0;0;0;0
243;丹尼尔-加福德;Daniel Gafford;3;4;6;60;85;55;75;79;79;79;62;68;50;67;65;77;72;24;3;奇才;15;1;53176;0;201938;1081;0;0;0;0;0;0;0
244;以赛亚-托德;Isaiah Todd;4;0;6;55;70;70;79;78;71;70;55;65;69;69;68;70;69;20;1;奇才;15;2;2450000;0;202131;1499;0;0;0;0;0;0;0
245;杰-胡夫;Jay Huff;5;0;6;52;67;55;60;77;80;70;53;64;47;36;52;74;64;25;1;奇才;15;1;53176;0;202100;1853;0;0;0;0;0;0;0
246;安东尼-吉尔;Anthony Gill;3;4;6;66;78;65;70;77;50;62;70;66;65;63;67;64;67;30;2;奇才;15;2;2200000;0;201600;1077;0;0;0;0;0;0;0
247;约翰尼-戴维斯;Johnny Davis;2;0;6;68;73;75;79;79;60;73;66;65;76;69;73;70;72;20;0;奇才;15;4;7500000;0;202210;1761;0;0;0;0;0;0;0
248;乔丹-古德温;Jordan Goodwin;2;1;6;71;65;76;75;70;60;66;72;62;77;65;71;67;69;23;1;奇才;15;3;1300000;0;202100;1000;0;0;0;0;0;0;0
249;泽维尔-库克斯;Xavier Cooks;3;0;6;65;67;69;72;70;69;73;72;66;68;71;67;72;70;28;0;奇才;15;4;1500000;0;202200;2114;0;0;0;0;0;0;0
250;昆顿-杰克逊;Quenton Jackson;2;3;6;66;69;75;74;70;67;70;63;63;76;64;69;67;68;24;0;奇才;15;1;53176;0;202200;2006;本赛季杰克逊在NCAA赛场的表现还算不错，他总共代表球队出场40次，在场均26.4分钟的出场时间内，他可以为球队贡献14.8分3.5篮板2助攻1.8抢断0.6盖帽，还有2.4次失误，投篮命中率49%，三分命中率34.6%，罚球命中率82.8%。;0;0;0;0;0;0
251;卢卡-东契奇;Luka Dončić;1;2;10;93;92;88;90;89;61;85;78;90;91;87;99;84;92;23;4;独行侠;16;4;40140000;0;201803;28;0;0;0;0;3;0;0
252;凯里-欧文;Kyrie Irving;1;2;10;81;88;88;93;87;60;69;72;85;91;92;94;75;86;30;11;独行侠;16;1;33330000;0;201101;136;0;1;0;0;0;1;2
253;小蒂姆-哈达威;Tim Hardaway Jr.;2;3;8;70;75;82;80;82;51;60;70;73;86;78;80;67;74;30;9;独行侠;16;3;18000000;0;201324;483;0;0;0;0;0;0;0
254;克里斯蒂安-伍德;Christian Wood;5;4;9;56;85;81;77;85;77;85;81;82;79;75;80;87;83;27;7;独行侠;16;1;13660000;0;201500;717;0;0;0;0;0;0;0
255;马基夫-莫里斯;Markieff Morris;4;5;7;55;74;75;70;80;65;73;70;73;73;77;71;73;72;33;11;独行侠;16;1;5000000;0;201113;626;0;1;0;0;0;0;0
256;戴维斯-贝尔坦斯;Davis Bertans;4;5;7;60;73;82;83;72;50;57;52;69;88;76;77;55;66;30;8;独行侠;16;3;16000000;0;201142;381;0;0;0;0;0;0;0
257;马克西-克勒贝尔;Maxi Kleber;4;5;7;56;85;85;76;80;63;69;60;67;76;68;75;69;72;31;5;独行侠;16;4;11000000;0;201400;553;0;0;0;0;0;0;0
258;贾斯廷-霍勒迪;Justin Holiday;3;2;7;76;76;80;80;75;55;65;50;69;75;75;79;59;70;33;10;独行侠;16;1;2410000;0;201210;516;0;0;0;0;0;0;0
259;雷吉-布洛克;Reggie Bullock;2;3;7;60;73;84;83;85;55;69;70;69;83;70;75;72;73;31;9;独行侠;16;2;10200000;0;201325;904;0;0;0;0;0;0;0
260;德怀特-鲍威尔;Dwight Powell;5;4;7;53;77;65;76;77;61;79;66;69;62;68;67;72;70;31;8;独行侠;16;1;10180000;0;201445;843;0;0;0;0;0;0;0
261;约什-格林;Josh Green;2;3;6;63;73;66;71;79;65;64;76;65;68;59;65;73;68;21;2;独行侠;16;2;2820000;0;202018;479;0;0;0;0;0;0;0
262;麦金利-赖特四世;McKinley Wright IV;1;0;6;67;70;78;78;71;50;60;70;63;80;66;73;63;69;23;1;独行侠;16;1;2200000;0;202100;1191;0;0;0;0;0;0;0
263;弗朗克-尼利基纳;Frank Ntilikina;1;0;7;70;72;74;78;76;50;54;63;67;76;67;74;60;68;24;5;独行侠;16;1;3830000;0;201708;1360;0;0;0;0;0;0;0
264;贾维尔-麦基;JaVale McGee;5;0;7;50;88;50;52;84;89;83;50;73;35;71;61;84;73;35;14;独行侠;16;3;6700000;0;200818;608;0;3;0;0;0;0;0
265;西奥-平森;Theo Pinson;2;3;6;61;70;78;71;73;59;67;64;64;78;57;68;65;67;27;4;独行侠;16;1;2300000;0;201800;1394;0;0;0;0;0;0;0
266;贾登-哈迪;Jaden Hardy;2;0;6;66;68;64;77;70;60;68;73;63;65;66;65;68;67;19;0;独行侠;16;3;2150000;0;202237;1001;0;0;0;0;0;0;0
267;AJ-劳森;A.J. Lawson;2;0;6;63;68;72;65;65;59;64;68;60;76;68;66;63;65;22;0;独行侠;16;1;53176;0;202200;1202;0;0;0;0;0;0;0
268;杰伦-格林;Jalen Green;2;1;10;76;81;85;79;83;60;68;74;80;85;76;83;74;79;20;1;火箭;17;3;10000000;0;202102;223;0;0;0;0;0;0;0
269;小凯文-波特;Kevin Porter Jr.;1;2;9;83;78;79;82;80;55;72;75;81;80;78;85;74;80;22;3;火箭;17;5;16800000;0;201930;395;0;0;0;0;0;0;0
270;阿尔佩伦-申京;Alperen Sengun;5;4;9;81;85;74;75;79;75;81;63;83;68;71;83;79;81;19;1;火箭;17;3;6000000;0;202116;295;0;0;0;0;0;0;0
271;杰肖恩-泰特;Jae'Sean Tate;3;4;6;61;83;81;82;80;62;70;55;68;80;73;76;66;73;27;2;火箭;17;3;7070000;0;201800;1486;0;0;0;0;0;0;0
272;DJ-奥古斯丁;D.J. Augustin;1;0;7;74;75;79;82;82;45;55;60;69;80;72;79;60;71;35;14;火箭;17;1;1300000;0;200809;805;0;0;0;0;0;0;0
273;弗兰克-卡明斯基;Frank Kaminsky;5;0;7;60;74;69;76;79;63;74;61;68;66;70;70;71;70;29;7;火箭;17;1;4800000;0;201509;534;0;0;0;0;0;0;0
274;约什-克里斯托弗;Josh Christopher;2;1;8;63;77;74;77;76;61;71;67;67;73;66;71;69;70;20;1;火箭;17;3;4000000;0;202124;1160;0;0;0;0;0;0;0
275;乌斯曼-加鲁巴;Usman Garuba;4;5;7;70;74;68;70;75;70;76;70;67;68;65;71;74;73;20;1;火箭;17;3;4250000;0;202123;1083;0;0;0;0;0;0;0
276;戴申-尼克斯;Daishen Nix;1;2;6;68;77;76;75;72;53;67;68;65;78;64;73;66;70;20;1;火箭;17;1;2490000;0;202100;1359;0;0;0;0;0;0;0
277;小肯扬-马丁;Kenyon Martin Jr.;4;3;8;60;76;76;73;82;67;75;60;72;74;66;72;73;73;21;2;火箭;17;1;1860000;0;202052;1254;0;0;0;0;0;0;0
278;博班-马里亚诺维奇;Boban Marjanović;5;0;6;52;80;50;74;75;88;81;45;66;33;66;60;79;70;34;7;火箭;17;1;3500000;0;201500;604;0;0;0;0;0;0;0
279;贾巴里-史密斯;Jabari Smith Jr.;4;3;9;65;71;76;78;79;67;77;70;73;74;71;74;75;75;19;0;火箭;17;4;9500000;0;202203;297;0;0;0;0;0;0;0
280;塔里-伊森;Tari Eason;4;0;7;60;76;68;75;70;72;79;72;75;68;67;71;75;73;21;0;火箭;17;4;5750000;0;202217;1594;0;0;0;0;0;0;0
281;泰泰-华盛顿;TyTy Washington Jr.;1;0;7;72;71;71;73;79;58;63;65;68;74;63;72;67;70;20;0;火箭;17;4;2750000;0;202229;1054;0;0;0;0;0;0;0
282;达柳斯-戴斯;Darius Days;3;4;6;60;68;68;76;68;67;71;60;62;69;66;66;66;67;22;0;火箭;17;1;53176;0;202200;912;0;0;0;0;0;0;0
283;特雷弗-哈金斯;Trevor Hudgins;2;1;6;72;64;77;66;74;56;67;72;63;77;51;68;68;68;23;0;火箭;17;1;53176;0;202200;1003;0;0;0;0;0;0;0
284;贾-莫兰特;Ja Morant;1;2;10;85;93;85;88;90;68;71;74;89;87;86;94;79;88;23;3;灰熊;18;6;38600000;0;201902;132;0;0;0;0;0;1;0
285;狄龙-布鲁克斯;Dillon Brooks;3;2;8;60;77;82;80;80;81;60;86;75;83;77;77;79;79;27;5;灰熊;18;1;12200000;0;201745;418;0;0;0;0;0;0;0
286;小贾伦-杰克逊;Jaren Jackson Jr.;4;5;9;57;85;78;70;90;96;89;76;79;71;66;74;96;85;23;4;灰熊;18;1;11500000;0;201804;242;0;0;0;0;0;0;0
287;卢克-肯纳德;Luke Kennard;2;1;7;67;73;87;85;77;56;61;64;69;84;78;79;64;72;26;5;灰熊;18;2;16000000;0;201712;555;0;0;0;0;0;0;0
288;桑蒂-阿尔达马;Santi Aldama;4;5;6;56;79;70;78;78;74;78;50;66;69;69;70;73;71;21;1;灰熊;18;3;2500000;0;202130;752;0;0;0;0;0;0;0
289;泽维尔-蒂尔曼;Xavier Tillman Sr.;4;3;6;56;72;61;70;78;80;75;67;65;60;58;62;78;70;23;2;灰熊;18;1;2500000;0;202035;940;0;0;0;0;0;0;0
290;布兰登-克拉克;Brandon Clarke;4;0;7;65;86;69;69;83;71;83;55;72;68;64;73;77;75;26;3;灰熊;18;5;12000000;0;201921;1141;0;0;0;0;0;0;0
291;德斯蒙德-贝恩;Desmond Bane;2;3;9;73;78;92;86;84;71;71;72;79;93;74;86;77;82;24;2;灰熊;18;2;3200000;0;202030;192;0;0;0;0;0;0;0
292;史蒂文-亚当斯;Steven Adams;5;0;7;51;79;50;66;91;87;90;73;78;33;51;59;93;77;29;9;灰熊;18;3;17500000;0;201312;330;0;0;0;0;0;0;0
293;扎伊尔-威廉姆斯;Ziaire Williams;3;2;8;65;75;73;80;76;70;64;76;70;73;71;73;73;74;21;1;灰熊;18;3;7500000;0;202110;713;0;0;0;0;0;0;0
294;约翰-康查尔;John Konchar ;2;1;6;63;71;75;78;70;59;62;68;63;76;67;70;64;67;26;3;灰熊;18;4;5000000;0;201900;1124;0;0;0;0;0;0;0
295;泰厄斯-琼斯;Tyus Jones;1;2;7;81;73;80;79;79;45;60;80;68;81;71;81;69;76;26;7;灰熊;18;2;15000000;0;201524;656;0;0;0;0;0;0;0
296;小肯尼斯-洛夫顿;Kenneth Lofton Jr.;4;3;7;58;78;61;65;70;65;70;64;67;60;48;62;67;65;20;0;灰熊;18;4;1700000;0;202200;1245;0;0;0;0;0;0;0
297;杰克-拉拉维亚;Jake LaRavia;3;0;6;72;62;74;77;64;62;66;65;61;74;69;70;63;67;20;0;灰熊;18;4;5250000;0;202219;1177;0;0;0;0;0;0;0
298;大卫-罗迪;David Roddy;3;0;8;62;78;66;68;78;58;63;61;72;66;55;65;64;66;19;0;灰熊;18;4;4250000;0;202223;1240;0;0;0;0;0;0;0
299;文斯-威廉姆斯;Vince Williams ;3;0;6;62;69;59;67;76;61;68;65;64;58;48;59;67;64;20;0;灰熊;18;2;1650000;0;202247;1535;0;0;0;0;0;0;0
300;雅各布-吉尔亚德;Jacob Gilyard;1;0;6;70;65;69;68;68;65;70;68;62;72;58;67;68;68;25;0;灰熊;18;1;53176;0;202200;2020;本赛季，吉尔亚德效力于灰熊发展联盟附属球队，场均上场30.4分钟，得到8.3分2.7篮板9.7助攻1.9抢断。;0;0;0;0;0;0
301;布兰登-英格拉姆;Brandon Ingram;3;2;10;75;83;87;90;83;70;72;69;85;84;87;88;75;83;25;6;鹈鹕;19;3;31650000;0;201602;162;0;0;0;0;0;0;0
302;蔡恩-威廉森;Zion Williamson;4;3;10;70;92;69;77;91;75;86;78;92;68;73;82;88;85;22;3;鹈鹕;19;6;38600000;0;201901;150;0;0;0;0;0;0;0
303;CJ-麦科勒姆;CJ McCollum;1;2;9;84;80;82;86;83;60;70;72;82;85;85;89;74;82;31;9;鹈鹕;19;4;33330000;0;201310;130;0;0;0;0;0;0;0
304;约什-理查德森;Josh Richardson;2;3;8;65;77;82;79;84;56;69;81;70;82;74;77;76;77;29;7;鹈鹕;19;1;12350000;0;201540;259;0;0;0;0;0;0;0
305;小拉里-南斯;Larry Nance Jr.;5;4;7;65;81;55;76;77;66;85;61;69;47;72;69;75;72;30;7;鹈鹕;19;3;10600000;0;201527;636;0;0;0;0;0;0;0
306;特雷-墨菲;Trey Murphy III;3;2;8;55;79;81;80;76;68;62;76;69;81;69;73;71;73;22;1;鹈鹕;19;3;5750000;0;202117;1337;0;0;0;0;0;0;0
307;约纳斯-瓦兰丘纳斯;Jonas Valančiūnas;5;0;9;69;89;75;80;85;69;89;66;80;70;78;83;82;82;30;10;鹈鹕;19;1;15000000;0;201105;702;0;0;0;0;0;0;0
308;加勒特-坦普尔;Garrett Temple;2;1;7;68;76;76;82;78;48;64;62;68;77;72;75;62;69;36;13;鹈鹕;19;1;2050000;0;200900;692;0;0;0;0;0;0;0
309;贾克森-海斯;Jaxson Hayes;5;0;6;57;82;56;80;75;73;78;63;66;49;73;67;75;71;22;2;鹈鹕;19;1;5100000;0;202007;1028;0;0;0;0;0;0;0
310;约瑟-阿尔瓦拉多;Jose Alvarado;1;0;6;76;76;74;76;74;50;58;74;65;76;67;76;65;71;24;1;鹈鹕;19;1;1980000;0;202100;755;0;0;0;0;0;0;0
311;小凯拉-刘易斯;Kira Lewis Jr.;2;1;6;71;73;68;79;72;48;68;68;64;70;70;71;64;67;21;2;鹈鹕;19;2;3640000;0;202013;1224;0;0;0;0;0;0;0
312;吉列尔莫-埃尔南戈麦斯;Willy Hernangómez;5;4;6;62;80;60;74;77;62;77;67;66;53;69;68;72;70;28;6;鹈鹕;19;1;1740000;0;201535;774;0;0;0;0;0;0;0
313;纳吉-马绍尔;Naji Marshall;3;4;6;61;66;72;70;70;60;60;57;62;72;56;64;59;63;24;2;鹈鹕;19;2;1700000;0;202000;1265;0;0;0;0;0;0;0
314;赫伯特-琼斯;Herbert Jones;3;4;7;59;71;80;70;81;69;76;89;68;72;56;67;83;76;23;1;鹈鹕;19;2;2250000;0;202135;1414;0;0;0;0;0;0;0
315;EJ-利德尔;E.J. Liddell;4;0;6;57;74;66;69;72;64;70;58;64;65;59;64;66;65;21;0;鹈鹕;19;2;1950000;0;202241;1222;0;0;0;0;0;0;0
316;戴森-丹尼尔斯;Dyson Daniels;2;3;7;70;71;69;74;76;66;75;75;67;71;65;69;75;72;19;0;鹈鹕;19;4;8000000;0;202208;921;0;0;0;0;0;0;0
317;德文特-格雷厄姆;Devonte' Graham;2;1;7;71;75;81;74;80;60;61;65;69;80;64;75;67;71;27;4;马刺;20;3;11750000;0;201834;220;0;0;0;0;0;0;0
318;凯尔登-约翰逊;Keldon Johnson;3;2;10;68;81;87;80;85;70;75;78;84;88;78;83;80;83;23;3;马刺;20;5;20000000;0;201929;738;0;0;0;0;0;0;0
319;道格-麦克德莫特;Doug McDermott;3;4;6;56;79;83;86;79;53;69;60;67;81;75;76;65;71;31;8;马刺;20;2;13750000;0;201411;1287;0;0;0;0;0;0;0
320;戈尔吉-迪昂;Gorgui Dieng;5;4;7;66;77;55;78;78;76;79;68;69;47;73;68;79;74;33;9;马刺;20;1;2300000;0;201321;441;0;0;0;0;0;0;0
321;罗密欧-兰福德;Romeo Langford;2;3;6;68;73;70;75;75;64;72;70;65;72;66;69;71;70;23;3;马刺;20;1;3630000;0;201914;1195;0;0;0;0;0;0;0
322;特雷-琼斯;Tre Jones;1;0;8;74;76;76;75;78;61;69;84;68;73;76;76;77;77;22;2;马刺;20;1;1780000;0;202041;1421;0;0;0;0;0;0;0
323;德文-瓦塞尔;Devin Vassell;2;3;9;75;78;85;82;83;68;65;78;69;88;86;84;76;80;21;2;马刺;20;2;4030000;0;202011;1512;0;0;0;0;0;0;0
324;肯-伯奇;Khem Birch;5;4;6;56;79;56;76;82;76;83;66;67;49;69;65;81;74;30;8;马刺;20;2;7000000;0;201400;865;0;0;0;0;0;0;0
325;斯坦利-约翰逊;Stanley Johnson;3;0;7;64;72;70;76;86;47;70;77;72;70;67;70;71;72;26;7;马刺;20;1;3200000;0;201508;1617;0;0;0;0;0;0;0
326;桑德罗-马穆拉什维利;Sandro Mamukelashvili;4;5;6;65;77;62;76;75;68;76;50;65;61;70;69;69;69;21;1;马刺;20;1;1050000;0;202154;1262;0;0;0;0;0;0;0
327;凯塔-贝茨-迪奥普;Keita Bates-Diop;3;2;6;55;70;69;79;70;60;69;60;63;70;67;66;63;66;27;4;马刺;20;1;1730000;0;201848;847;0;0;0;0;0;0;0
328;扎克-科林斯;Zach Collins;4;5;7;60;76;78;79;77;64;78;56;68;76;71;74;70;72;25;5;马刺;20;2;7330000;0;201710;545;0;0;0;0;0;0;0
329;查尔斯-巴锡;Charles Bassey;4;5;6;50;72;50;68;75;73;76;52;64;43;47;54;71;63;21;1;马刺;20;4;2380000;0;202153;1699;0;0;0;0;0;0;0
330;杰里米-索汉;Jeremy Sochan;3;4;8;65;75;61;61;83;71;79;75;68;61;34;60;80;71;19;0;马刺;20;4;7750000;0;202209;687;0;0;0;0;0;0;0
331;马拉基-布兰纳姆;Malaki Branham;2;1;6;64;68;72;83;79;59;64;69;64;73;71;70;69;69;19;0;马刺;20;4;5000000;0;202220;878;0;0;0;0;0;0;0
332;布莱克-韦斯利;Blake Wesley;2;0;6;67;71;71;65;76;59;66;69;64;72;45;65;68;66;19;0;马刺;20;4;3750000;0;202225;1543;0;0;0;0;0;0;0
333;朱利安-尚帕尼;Julian Champagnie;3;0;6;58;69;67;69;73;59;63;69;63;68;52;62;65;64;21;0;马刺;20;1;53176;0;202200;1442;0;0;0;0;0;0;0
334;多米尼克-巴洛;Dominick Barlow;4;3;6;56;72;70;72;79;71;75;64;65;69;63;66;74;70;19;1;马刺;20;1;53176;0;202100;830;0;0;0;0;0;0;0
335;尼古拉-约基奇;Nikola Jokic;5;0;11;93;97;85;88;90;70;93;72;93;78;83;99;87;93;27;7;掘金;21;6;50000000;0;201441;82;0;0;2;0;3;1;0
336;贾马尔-穆雷;Jamal Murray;1;2;9;84;88;89;86;86;61;75;78;88;87;86;94;80;87;25;6;掘金;21;2;27290000;0;201607;282;0;0;0;0;0;0;0
337;阿隆-戈登;Aaron Gordon;4;3;9;66;86;77;78;90;80;83;75;80;76;68;79;88;84;27;8;掘金;21;3;21670000;0;201404;218;0;0;0;0;0;0;0
338;杰夫-格林;Jeff Green;4;5;7;65;76;77;80;78;64;70;66;68;81;74;76;70;73;36;15;掘金;21;1;5000000;0;200705;222;0;0;0;0;0;0;0
339;肯塔维厄斯-考德威尔-波普;Kentavious Caldwell-Pope;2;3;8;69;78;88;81;85;68;65;77;75;84;75;81;77;79;29;9;掘金;21;3;14000000;0;201308;541;0;1;0;0;0;0;0
340;雷吉-杰克逊;Reggie Jackson;1;2;8;76;82;74;75;83;50;67;69;79;80;72;79;69;75;32;11;掘金;21;1;3100000;0;201124;240;0;0;0;0;0;0;0
341;小迈克尔-波特;Michael Porter Jr.;3;4;9;67;79;86;86;79;67;76;69;75;85;84;83;74;80;24;4;掘金;21;5;29750000;0;201814;396;0;0;0;0;0;0;0
342;布鲁斯-布朗;Bruce Brown;3;2;7;71;76;78;79;82;56;76;69;72;77;75;77;72;76;26;4;掘金;21;2;6500000;0;201842;1739;0;0;0;0;0;0;0
343;托马斯-布莱恩特;Thomas Bryant;5;4;7;54;81;77;74;79;80;82;53;73;70;68;73;79;76;25;5;掘金;21;1;3500000;0;201742;875;0;0;0;0;0;0;0
344;伊斯梅尔-史密斯;Ish Smith;1;0;7;78;78;70;79;78;52;65;70;69;73;71;77;68;73;34;12;掘金;21;1;4610000;0;201000;1453;0;0;0;0;0;0;0
345;弗拉特科-钱查尔;Vlatko Čančar;3;2;7;67;76;74;77;67;61;66;61;66;74;69;73;62;68;25;3;掘金;21;3;4300000;0;201749;653;0;0;0;0;0;0;0
346;德安德鲁-乔丹;DeAndre Jordan;5;0;7;50;83;50;52;88;76;83;58;79;35;72;60;82;72;32;14;掘金;21;1;3500000;0;200835;293;0;0;0;0;1;0;2
347;齐克-纳吉;Zeke Nnaji;5;4;6;51;73;51;67;79;65;80;53;64;43;51;56;72;64;21;2;掘金;21;2;2380000;0;202022;2056;0;0;0;0;0;0;0
348;克里斯蒂安-布劳恩;Christian Braun;2;0;6;69;72;67;72;77;64;70;71;65;69;63;68;72;70;20;0;掘金;21;4;4750000;0;202221;892;0;0;0;0;0;0;0
349;佩顿-沃特森;Peyton Watson;2;1;7;66;69;66;69;73;60;63;71;66;68;55;64;67;65;22;0;掘金;21;3;2500000;0;202230;1562;0;0;0;0;0;0;0
350;杰克-怀特;Jack White;3;4;6;66;69;74;69;72;66;70;60;63;74;61;67;66;68;25;0;掘金;21;1;53176;0;202200;1057;0;0;0;0;0;0;0
351;科林-吉雷斯皮;Collin Gillespie;2;1;6;70;65;72;74;67;60;68;73;62;73;64;69;67;68;23;1;掘金;21;1;53176;0;202100;1078;0;0;0;0;0;0;0
352;迈克-康利;Mike Conley;1;0;9;85;73;84;80;81;58;68;78;72;84;74;85;75;81;35;15;森林狼;22;2;22700000;0;200704;247;0;0;0;0;0;0;0
353;卡尔-安东尼-唐斯;Karl-Anthony Towns;4;5;10;75;88;90;84;84;75;87;68;86;86;77;90;83;86;27;7;森林狼;22;5;35970000;0;201501;86;0;0;0;0;0;0;2
354;安东尼-爱德华兹;Anthony Edwards;2;1;10;79;84;88;81;85;56;72;77;85;87;79;88;76;82;21;2;森林狼;22;2;9760000;0;202001;85;0;0;0;0;0;0;0
355;奥斯汀-里弗斯;Austin Rivers;2;1;6;73;71;73;76;73;61;67;76;65;70;70;72;71;71;30;10;森林狼;22;1;3330000;0;201210;1217;0;0;0;0;0;0;0
356;托里恩-普林斯;Taurean Prince;3;0;8;72;79;81;78;78;68;63;72;78;79;72;79;71;76;28;6;森林狼;22;2;8000000;0;201612;291;0;0;0;0;0;0;0
357;尼基尔-亚历山大-沃克;Nickeil Alexander-Walker;1;2;6;70;74;72;72;79;45;62;65;67;81;71;74;63;69;24;3;森林狼;22;1;3110000;0;201917;727;0;0;0;0;0;0;0
358;鲁迪-戈贝尔;Rudy Gobert;5;0;9;60;84;50;65;92;95;95;75;82;30;46;63;99;82;30;9;森林狼;22;3;41000000;0;201327;217;0;0;0;0;0;1;3
359;乔丹-麦克劳克林;Jordan McLaughlin;1;2;7;74;79;76;71;76;71;56;67;69;78;63;76;67;72;26;4;森林狼;22;1;2150000;0;201800;613;0;0;0;0;0;0;0
360;杰伦-诺埃尔;Jaylen Nowell;2;1;6;71;76;68;81;76;55;59;68;65;70;72;72;64;68;23;3;森林狼;22;1;1800000;0;201943;637;0;0;0;0;0;0;0
361;凯尔-安德森;Kyle Anderson;3;2;8;68;75;80;77;81;60;68;70;72;79;69;75;71;74;29;8;森林狼;22;2;9000000;0;201430;794;0;0;0;0;0;0;0
362;杰登-麦克丹尼尔斯;Jaden McDaniels;4;3;8;64;75;81;74;80;78;65;73;71;70;66;73;76;75;22;2;森林狼;22;2;1960000;0;202028;1285;0;0;0;0;0;0;0
363;纳坦-奈特;Nathan Knight;4;5;6;51;79;73;82;73;56;76;55;65;72;71;70;65;67;25;2;森林狼;22;1;2280000;0;202000;1346;0;0;0;0;0;0;0
364;纳兹-里德;Naz Reid;4;5;6;51;76;72;76;78;68;71;51;66;71;66;68;68;68;23;3;森林狼;22;1;1520000;0;201900;1215;0;0;0;0;0;0;0
365;卢卡-加尔扎;Luka Garza;5;0;6;51;77;67;75;72;68;70;50;65;65;67;67;66;67;23;1;森林狼;22;1;53176;0;202152;1080;0;0;0;0;0;0;0
366;马特-里安;Matt Ryan;3;4;6;68;69;75;66;60;61;62;72;62;73;63;68;62;66;25;2;森林狼;22;1;53176;0;202000;1211;0;0;0;0;0;0;0
367;小温德尔-摩尔;Wendell Moore Jr.;3;2;7;69;68;65;70;75;59;68;70;66;65;63;66;68;68;20;0;森林狼;22;4;3500000;0;202226;1321;0;0;0;0;0;0;0
368;约什-米诺特;Josh Minott;4;3;6;69;68;60;69;71;58;63;69;63;58;63;64;63;64;20;0;森林狼;22;2;1750000;0;202245;2037;0;0;0;0;0;0;0
369;达米安-利拉德;Damian Lillard;1;2;10;83;87;94;86;85;61;71;75;87;92;83;95;77;86;32;10;开拓者;23;5;31630000;0;201206;45;0;0;0;0;1;4;1
370;杰拉米-格兰特;Jerami Grant;4;3;9;63;82;84;83;88;74;73;69;81;83;78;82;80;81;28;8;开拓者;23;1;19500000;0;201439;476;0;0;0;0;0;0;0
371;马蒂斯-塞布尔;Matisse Thybulle;2;3;7;59;68;70;70;85;78;60;88;67;64;68;64;82;73;25;3;开拓者;23;1;2710000;0;201920;661;0;0;0;0;0;0;0
372;约瑟夫-努尔基奇;Jusuf Nurkic;5;0;9;63;84;64;71;81;79;86;70;83;60;68;73;84;79;28;8;开拓者;23;4;17500000;0;201416;286;0;0;0;0;0;0;0
373;纳西尔-利特尔;Nassir Little;3;4;8;70;76;68;76;75;68;72;69;70;74;69;73;72;73;23;3;开拓者;23;5;6000000;0;201925;1223;0;0;0;0;0;0;0
374;基恩-约翰逊;Keon Johnson;2;3;7;70;77;65;75;79;61;68;76;69;66;67;69;73;71;20;1;开拓者;23;3;4750000;0;202121;1612;0;0;0;0;0;0;0
375;凯文-诺克斯;Kevin Knox;3;0;7;72;72;69;67;77;72;67;66;67;70;59;68;71;71;23;4;开拓者;23;2;3000000;0;201809;1366;0;0;0;0;0;0;0
376;卡姆-雷迪什;Cam Reddish;3;2;9;64;73;75;81;79;65;71;70;74;75;74;74;72;74;23;3;开拓者;23;1;4450000;0;201910;254;0;0;0;0;0;0;0
377;贾斯蒂斯-温斯洛;Justise Winslow;3;2;7;60;77;64;74;84;58;74;64;70;64;65;67;71;70;26;7;开拓者;23;1;4100000;0;201510;1550;0;0;0;0;0;0;0
378;特伦登-沃特福特;Trendon Watford;4;3;6;61;78;69;71;79;65;79;53;66;68;64;69;71;70;21;1;开拓者;23;1;1990000;0;202100;2218;0;0;0;0;0;0;0
379;安芬尼-西蒙斯;Anfernee Simons;1;2;9;71;75;84;86;82;60;68;65;78;85;78;83;70;77;23;4;开拓者;23;4;25000000;0;201824;323;0;0;0;0;0;0;0
380;德鲁-尤班克斯;Drew Eubanks;5;4;6;51;79;50;61;76;77;81;55;66;38;38;54;77;66;26;4;开拓者;23;1;2300000;0;201700;1598;0;0;0;0;0;0;0
381;谢顿-夏普;Shaedon Sharpe;2;0;9;65;72;80;78;83;62;68;70;72;82;67;74;72;73;19;0;开拓者;23;4;8250000;0;202207;724;0;0;0;0;0;0;0
382;贾巴里-沃克;Jabari Walker;3;4;6;59;70;64;65;69;63;67;70;62;64;32;57;67;63;22;0;开拓者;23;2;1150000;0;202257;2213;0;0;0;0;0;0;0
383;伊布-巴吉;Ibou Badji;5;0;6;55;74;58;64;78;75;77;57;71;37;63;60;76;68;20;0;开拓者;23;1;53176;0;202200;367;0;0;0;0;0;0;0
384;约翰-巴特勒;John Butler;5;0;6;55;67;79;69;71;71;70;57;63;75;61;67;69;68;20;0;开拓者;23;1;53176;0;202200;2098;NCAA数据：大一出战31场比赛，场均上场19.0分钟能够得到5.9分3.2篮板0.7助攻0.4抢断1.2盖帽，命中率41.6%，三分命中率39.3%，罚球命中率44.0%;0;0;0;0;0;0
385;杰纳森-威廉姆斯;Jeenathan Williams;2;0;6;71;68;68;68;72;69;69;67;63;70;60;66;69;68;24;0;开拓者;23;1;53176;0;202200;2033;杰纳森-威廉姆斯现年24岁，身高196cm，司职后卫。本赛季效力于发展联盟的盐湖城星队，出场32次场均得到14.4分4.5篮板2.2助攻。;0;0;0;0;0;0
386;贾斯廷-米纳亚;Justin Minaya;3;0;6;58;71;68;72;74;75;71;60;64;69;62;65;70;68;24;0;开拓者;23;1;53176;0;202200;2065;本赛季，米纳亚效力于发展联盟墨西哥城队，场均上场35.1分钟，得到12.7分4.4篮板2.2助攻2.1抢断1.4盖帽。;0;0;0;0;0;0
387;谢伊-吉尔杰斯-亚历山大;Shai Gilgeous-Alexander;2;1;10;88;89;87;89;90;67;69;84;89;83;86;93;82;88;24;4;雷霆;24;4;34400000;0;201811;112;0;0;0;0;0;0;0
388;达里奥-沙里奇;Dario Šarić;4;5;8;68;78;78;80;80;57;74;62;72;76;74;78;69;73;28;6;雷霆;24;1;9000000;0;201412;665;0;0;0;0;0;0;0
389;约什-吉迪;Josh Giddey;3;2;9;85;79;76;78;77;55;57;70;75;78;73;82;64;74;20;1;雷霆;24;3;8500000;0;202106;233;0;0;0;0;0;0;0
390;阿隆-威金斯;Aaron Wiggins;2;3;7;60;80;76;77;75;60;70;75;66;77;66;71;72;71;23;1;雷霆;24;2;1250000;0;202155;1518;0;0;0;0;0;0;0
391;特雷-曼恩;Tre Mann;1;0;7;71;75;77;76;73;54;65;79;65;79;66;75;71;73;21;1;雷霆;24;3;5500000;0;202118;1296;0;0;0;0;0;0;0
392;肯里奇-威廉姆斯;Kenrich Williams;2;3;6;67;76;71;74;74;56;67;69;65;72;65;70;67;68;28;4;雷霆;24;1;2000000;0;201800;709;0;0;0;0;0;0;0
393;吕冈茨-多尔特;Luguentz Dort;2;1;7;64;73;77;75;84;73;70;83;66;75;65;71;82;76;23;3;雷霆;24;5;17500000;0;201900;450;0;0;0;0;0;0;0
394;贾里德-巴特勒;Jared Butler;1;2;6;71;77;76;75;73;59;60;64;65;78;65;75;63;69;21;1;雷霆;24;1;53176;0;202140;1696;0;0;0;0;0;0;0
395;阿列克谢-波库舍夫斯基;Aleksej Pokusevski;5;0;8;65;75;71;70;72;66;70;60;69;69;65;71;67;69;21;2;雷霆;24;2;3600000;0;202017;392;0;0;0;0;0;0;0
396;以赛亚-乔;Isaiah Joe;2;3;6;51;76;71;78;74;58;65;58;65;72;64;65;62;64;22;2;雷霆;24;3;2000000;0;202049;2099;0;0;0;0;0;0;0
397;杰雷米亚-罗宾逊-厄尔;Jeremiah Robinson-Earl;4;3;6;54;74;65;72;75;65;76;50;65;64;63;64;68;66;22;1;雷霆;24;2;2400000;0;202132;1234;0;0;0;0;0;0;0
398;林迪-沃特斯;Lindy Waters III;4;3;6;53;66;68;71;72;62;65;60;63;68;59;62;64;63;25;2;雷霆;24;2;1900000;0;202000;1564;0;0;0;0;0;0;0
399;奥利维尔-萨尔;Olivier Sarr;5;0;6;58;71;70;72;69;67;69;66;63;68;65;67;67;67;24;1;雷霆;24;1;53176;0;202100;2107;0;0;0;0;0;0;0
400;切特-霍姆格伦;Chet Holmgren;4;5;9;60;80;72;71;79;78;77;65;78;71;64;72;78;75;20;0;雷霆;24;4;10000000;0;202202;231;0;0;0;0;0;0;0
401;奥斯曼-迪昂;Ousmane Dieng;3;4;7;68;72;69;77;77;56;65;68;72;70;69;71;66;70;19;0;雷霆;24;4;7250000;0;202211;440;0;0;0;0;0;0;0
402;杰伦-威廉姆斯;Jalen Williams;3;2;9;65;77;70;80;80;53;59;66;75;70;72;73;64;70;21;0;雷霆;24;4;7000000;0;202212;708;0;0;0;0;0;0;0
403;杰林-威廉姆斯;Jaylin Williams;5;0;7;54;69;56;61;76;66;76;59;66;50;38;55;71;63;20;0;雷霆;24;3;2300000;0;202234;1525;0;0;0;0;0;0;0
404;科林-塞克斯顿;Collin Sexton;2;1;8;67;82;81;80;82;52;61;70;80;78;71;78;67;73;24;4;爵士;25;3;13300000;0;201808;663;0;0;0;0;0;0;0
405;鲁迪-盖伊;Rudy Gay;3;4;8;58;78;75;75;75;60;68;70;68;75;75;72;68;71;36;16;爵士;25;2;6000000;0;200608;216;0;0;0;0;0;0;0
406;乔丹-克拉克森;Jordan Clarkson;2;1;8;77;83;87;78;84;45;66;74;79;86;76;84;69;77;30;8;爵士;25;2;13340000;0;201446;549;0;0;0;0;0;0;0
407;凯利-奥利尼克;Kelly Olynyk;5;4;8;63;81;80;83;81;61;79;71;73;78;78;80;74;77;31;9;爵士;25;2;12330000;0;201313;815;0;0;0;0;0;0;0
408;克里斯-邓恩;Kris Dunn;1;0;7;76;80;74;78;80;52;64;74;74;76;69;78;70;74;28;6;爵士;25;1;1430000;0;201605;438;0;0;0;0;0;0;0
409;劳里-马尔卡宁;Lauri Markkanen;4;3;10;71;84;86;85;86;68;87;73;84;85;82;87;82;85;25;5;爵士;25;3;15690000;0;201707;269;0;0;0;0;0;0;0
410;凯里-托马斯;Khyri Thomas;2;1;6;64;81;80;76;72;46;61;70;66;80;66;75;62;69;26;4;爵士;25;2;2130000;0;201838;2169;0;0;0;0;0;0;0
411;塔伦-霍顿-塔克;Talen Horton-Tucker;3;2;8;56;73;71;76;73;73;72;76;69;71;65;67;75;72;22;3;爵士;25;2;10700000;0;201948;1065;0;1;0;0;0;0;0
412;卢卡-沙马尼奇;Luka Šamanić;3;4;6;64;76;68;71;70;67;70;66;64;69;63;67;68;69;23;3;爵士;25;1;53176;0;201919;1440;0;0;0;0;0;0;0
413;达米安-琼斯;Damian Jones;5;0;7;60;78;50;64;80;70;77;60;69;37;51;59;75;67;27;6;爵士;25;2;3000000;0;201630;1411;0;0;0;0;0;0;0
414;托斯卡诺-安德森;Juan Toscano-Anderson;3;4;6;62;71;77;75;71;61;65;71;63;76;66;69;67;69;29;3;爵士;25;1;2300000;0;201500;797;0;1;0;0;0;0;0
415;乌多卡-阿祖布伊克;Udoka Azubuike;5;0;6;50;71;50;60;78;79;81;45;65;39;30;51;76;64;23;2;爵士;25;2;1980000;0;202027;772;0;0;0;0;0;0;0
416;小弗农-凯里;Vernon Carey Jr.;5;0;6;50;81;50;55;78;72;76;50;67;41;30;54;73;64;21;2;爵士;25;1;53176;0;202032;1116;0;0;0;0;0;0;0
417;奥查伊-阿巴吉;Ochai Agbaji;2;1;7;63;72;73;73;78;60;65;68;68;74;63;69;68;69;22;0;爵士;25;4;6500000;0;202214;748;0;0;0;0;0;0;0
418;沃克-凯斯勒;Walker Kessler;5;0;9;61;83;60;65;83;84;81;67;65;56;34;62;85;74;20;0;爵士;25;4;4500000;0;202222;1119;0;0;0;0;0;0;0
419;约翰尼-朱赞;Johnny Juzang;3;0;6;63;71;70;69;66;60;63;60;63;70;61;66;60;64;21;0;爵士;25;1;53176;0;202200;1634;0;0;0;0;0;0;0
420;西蒙尼-冯泰奇奥;Simone Fontecchio;3;0;6;68;69;73;75;73;58;69;67;63;73;67;70;66;69;26;0;爵士;25;2;3100000;0;202200;971;0;0;0;0;0;0;0
421;米卡-波特;Micah Potter;5;0;6;50;75;69;50;75;79;76;59;65;66;30;58;76;67;20;1;爵士;25;1;53176;0;202100;861;0;0;0;0;0;0;0
422;斯蒂芬-库里;Stephen Curry;1;2;11;86;89;96;91;85;66;74;79;89;96;86;99;80;91;34;13;勇士;26;4;48070000;0;200907;11;0;4;2;1;4;3;1
423;克莱-汤普森;Klay Thompson;2;3;9;64;80;93;87;79;63;70;79;78;90;80;84;76;80;33;11;勇士;26;2;35360000;0;201111;147;0;4;0;0;0;0;2
424;安德鲁-威金斯;Andrew Wiggins;3;4;10;62;86;84;80;88;75;75;85;84;79;76;80;85;84;27;8;勇士;26;5;25000000;0;201401;148;0;1;0;0;0;0;0
425;德雷蒙德-格林;Draymond Green;4;5;9;85;80;61;65;85;80;81;85;79;65;68;76;87;82;32;10;勇士;26;2;22250000;0;201235;104;0;4;0;0;0;1;1
426;杰迈克尔-格林;JaMychal Green;4;5;7;61;81;73;79;83;63;76;61;71;72;72;74;73;74;32;8;勇士;26;1;2630000;0;201200;995;0;0;0;0;0;0;0
427;乔纳森-库明加;Jonathan Kuminga;3;4;8;70;75;67;70;86;76;70;74;73;68;64;70;79;76;20;1;勇士;26;3;8250000;0;202107;560;0;1;0;0;0;0;0
428;摩西-穆迪;Moses Moody;2;3;8;65;77;79;78;75;67;67;72;71;81;68;75;71;73;19;1;勇士;26;3;6500000;0;202114;629;0;1;0;0;0;0;0
429;唐特-迪温琴佐;Donte DiVincenzo;2;0;7;70;74;74;74;77;60;68;81;70;75;70;73;74;74;26;4;勇士;26;2;4650000;0;201817;443;0;1;0;0;0;0;0
430;安德烈-伊戈达拉;Andre Iguodala;3;2;7;74;75;71;74;80;60;74;50;69;71;68;73;65;70;39;18;勇士;26;1;1920000;0;200409;332;0;4;0;0;0;0;0
431;乔丹-普尔;Jordan Poole;1;2;9;81;79;85;82;85;52;63;71;80;88;73;87;70;79;23;3;勇士;26;5;35000000;0;201928;651;0;1;0;0;0;0;0
432;加里-佩顿二世;Gary Payton II;2;3;7;71;74;68;70;85;62;68;83;70;71;56;68;78;73;30;6;勇士;26;3;9300000;0;201600;646;0;1;0;0;0;0;0
433;凯文-卢尼;Kevon Looney;5;4;7;62;78;62;72;86;76;85;62;69;60;68;69;83;76;27;7;勇士;26;4;8500000;0;201530;586;0;1;0;0;0;0;0
434;泰-杰罗姆;Ty Jerome;1;0;7;70;75;73;76;75;50;59;66;70;75;65;74;62;69;25;3;勇士;26;1;53176;0;201924;1099;0;0;0;0;0;0;0
435;安东尼-兰姆;Anthony Lamb;3;4;6;60;71;68;72;70;60;65;60;63;69;63;65;62;65;25;2;勇士;26;1;2410000;0;202000;1196;0;0;0;0;0;0;0
436;小帕特里克-鲍德温;Patrick Baldwin Jr.;3;4;6;64;66;59;73;78;61;70;68;64;58;64;62;70;67;19;0;勇士;26;4;3000000;0;202228;840;0;0;0;0;0;0;0
437;瑞安-罗林斯;Ryan Rollins;2;1;6;67;59;69;69;67;60;63;66;61;71;52;63;63;63;20;0;勇士;26;2;1800000;0;202244;1989;0;0;0;0;0;0;0
438;莱斯特-基诺内斯;Lester Quinones;2;0;6;68;63;78;75;69;63;66;65;62;78;65;71;65;68;22;0;勇士;26;1;53176;0;202200;2109;21岁的基诺内斯身高1米96，他来自孟菲斯大学。他在NCAA出战87场比赛，其中81场首发，场均出场27.6分钟，贡献10.1分4.3篮板1.8助攻。过去两个赛季，他的三分命中率达到39.4%。官方宣布他在勇士队将身穿25号球衣。;0;0;0;0;0;0
439;科怀-伦纳德;Kawhi Leonard;3;4;11;66;89;78;94;86;82;84;93;86;83;93;87;93;91;31;11;快船;27;3;44750000;0;201115;47;0;2;0;2;3;2;0
440;保罗-乔治;Paul George;3;4;10;73;87;88;88;84;76;70;82;87;89;84;89;81;87;32;12;快船;27;3;44000000;0;201010;139;0;0;0;0;1;0;5
441;拉塞尔-威斯布鲁克;Russell Westbrook;1;2;9;88;86;74;75;86;73;81;78;80;74;78;85;84;85;34;14;快船;27;1;785000;0;200804;74;0;0;1;0;2;5;2
442;尼古拉斯-巴图姆;Nicolas Batum;4;5;8;65;72;80;79;78;69;70;80;74;76;81;77;75;76;34;14;快船;27;2;11000000;0;200825;188;0;0;0;0;0;0;0
443;罗伯特-科温顿;Robert Covington;4;3;8;56;69;81;76;83;71;74;82;70;75;66;70;80;75;32;9;快船;27;1;12980000;0;201300;548;0;0;0;0;0;0;0
444;诺曼-鲍威尔;Norman Powell;2;3;8;65;76;80;81;85;67;68;75;75;82;78;77;77;77;29;7;快船;27;4;18000000;0;201546;844;0;1;0;0;0;0;0
445;埃里克-戈登;Eric Gordon;3;2;8;71;73;82;79;78;50;74;65;69;77;70;76;67;73;34;14;快船;27;2;16860000;0;200807;471;0;0;0;0;0;0;0
446;纳肖恩-海兰德;Nah'Shon Hyland;2;1;8;70;77;71;82;71;60;68;80;65;72;73;74;71;73;22;1;快船;27;3;3500000;0;202126;1026;0;0;0;0;0;0;0
447;马库斯-莫里斯;Marcus Morris;4;3;8;65;81;85;83;78;55;74;75;73;81;77;81;70;75;33;11;快船;27;2;16000000;0;201114;1330;0;0;0;0;0;0;0
448;梅森-普拉姆利;Mason Plumlee;5;4;8;69;83;50;71;85;63;83;69;75;30;68;67;78;73;32;9;快船;27;1;8200000;0;201322;1397;0;0;0;0;0;0;0
449;伊维察-祖巴茨;Ivica Zubac;5;0;8;57;73;63;77;77;72;84;60;65;46;65;64;77;71;25;6;快船;27;3;11000000;0;201632;747;0;0;0;0;0;0;0
450;特伦斯-曼;Terance Mann;2;3;6;71;79;78;79;78;56;69;68;66;78;71;76;68;73;26;3;快船;27;1;1520000;0;201948;1295;0;0;0;0;0;0;0
451;阿米尔-科菲;Amir Coffey;3;2;6;65;77;79;75;78;56;67;70;66;78;67;73;68;71;25;3;快船;27;3;3660000;0;201900;1134;0;0;0;0;0;0;0
452;杰森-普雷斯顿;Jason Preston;1;0;6;70;70;70;75;70;50;50;60;63;73;64;71;55;64;22;1;快船;27;2;2350000;0;202133;2088;0;0;0;0;0;0;0
453;布兰登-波士顿;Brandon Boston;2;3;6;56;68;69;72;78;55;62;61;64;69;55;62;63;63;20;1;快船;27;2;1450000;0;202151;1719;0;0;0;0;0;0;0
454;泽维尔-穆恩;Xavier Moon;2;1;6;65;72;65;69;69;72;65;66;63;66;55;64;68;65;28;1;快船;27;1;53176;0;201700;2048;0;0;0;0;0;0;0
455;穆萨-迪亚巴特;Moussa Diabaté;5;4;7;57;66;63;65;74;66;70;58;65;60;48;59;68;64;22;0;快船;27;2;1850000;0;202243;936;0;0;0;0;0;0;0
456;勒布朗-詹姆斯;LeBron James;3;4;11;90;94;82;82;88;75;83;78;90;85;83;93;86;91;38;19;湖人;28;3;42500000;0;200301;2;0;4;4;4;13;3;2
457;安东尼-戴维斯;Anthony Davis;5;4;10;65;94;71;78;88;90;92;83;91;72;83;85;96;91;29;10;湖人;28;3;37980000;0;201201;25;0;1;0;0;4;0;0
458;丹吉洛-拉塞尔;D'Angelo Russell;1;2;8;84;78;80;83;84;52;65;79;75;82;79;86;74;80;26;7;湖人;28;1;28650000;0;201502;251;0;0;0;0;0;0;0
459;马利克-比斯利;Malik Beasley;2;0;8;64;71;85;83;83;55;57;70;70;84;79;78;67;73;26;6;湖人;28;2;13320000;0;201619;194;0;0;0;0;0;0;0
460;八村塁;Rui Hachimura;4;3;7;63;82;78;73;78;67;76;70;70;76;67;75;74;75;25;3;湖人;28;1;4690000;0;201909;180;0;0;0;0;0;0;0
461;丹尼斯-施罗德;Dennis Schröder;1;2;8;74;79;78;77;81;45;63;71;71;73;75;78;67;73;29;9;湖人;28;1;2640000;0;201317;667;0;0;0;0;0;0;0
462;沙奎尔-哈里森;Shaquille Harrison;2;1;6;60;73;73;76;73;61;63;65;64;74;65;68;65;67;29;6;湖人;28;1;53176;0;201600;1009;0;0;0;0;0;0;0
463;奥斯汀-里夫斯;Austin Reaves;2;3;8;71;72;80;77;78;60;68;75;70;82;75;77;72;75;24;1;湖人;28;1;1560000;0;202100;581;0;0;0;0;0;0;0
464;贾里德-范德比尔特;Jarred Vanderbilt;4;5;7;63;79;70;72;83;76;83;78;67;73;66;71;84;78;23;4;湖人;28;2;4320000;0;201841;960;0;0;0;0;0;0;0
465;特里斯坦-汤普森;Tristan Thompson;5;4;7;63;80;50;69;76;73;81;65;69;31;65;62;77;70;31;11;湖人;28;1;53176;0;201104;695;0;1;0;0;0;0;0
466;特洛伊-布朗;Troy Brown;3;2;7;62;76;75;71;79;54;70;74;68;70;63;69;70;70;23;4;湖人;28;1;2200000;0;201815;889;0;0;0;0;0;0;0
467;韦尼恩-加布里埃尔;Wenyen Gabriel;4;3;6;51;76;57;71;74;74;76;46;65;52;62;60;70;65;25;3;湖人;28;1;1880000;0;201800;1079;0;0;0;0;0;0;0
468;朗尼-沃克;Lonnie Walker;1;2;7;71;77;78;78;78;57;63;70;77;80;67;78;68;73;24;4;湖人;28;1;6500000;0;201818;2214;0;0;0;0;0;0;0
469;穆罕默德-班巴;Mohamed Bamba;5;0;8;54;77;83;78;75;82;83;56;71;81;63;74;79;77;24;4;湖人;28;2;10500000;0;201806;372;0;0;0;0;0;0;0
470;小斯科蒂-皮蓬;Scotty Pippen Jr.;1;0;7;65;68;70;67;72;63;63;69;65;73;42;65;67;66;21;0;湖人;28;1;53176;0;202200;1391;0;0;0;0;0;0;0
471;马克斯-克里斯蒂;Max Christie;2;0;7;60;67;72;68;72;62;67;70;65;73;46;63;68;65;19;0;湖人;28;3;2250000;0;202235;1156;0;0;0;0;0;0;0
472;科尔-斯威德;Cole Swider;3;4;6;68;69;73;71;71;65;72;67;63;73;63;68;69;70;20;0;湖人;28;1;53176;0;202200;1472;0;0;0;0;0;0;0
473;凯文-杜兰特;Kevin Durant;3;4;11;83;92;88;97;87;74;79;80;90;89;96;97;84;92;34;15;太阳;29;3;49500000;0;200702;29;0;2;1;2;6;4;0
474;德文-布克;Devin Booker;2;1;10;79;87;90;91;87;63;75;78;87;90;89;93;80;87;26;7;太阳;29;6;33790000;0;201513;94;0;0;0;0;1;0;0
475;克里斯-保罗;Chris Paul;1;0;10;91;78;80;88;78;60;65;82;74;80;85;89;75;83;37;17;太阳;29;3;30000000;0;200504;22;0;0;0;0;4;5;2
476;TJ-沃伦;T.J. Warren;4;3;8;61;83;78;81;78;63;67;71;73;77;72;77;70;74;29;8;太阳;29;1;8000000;0;201414;318;0;0;0;0;0;0;0
477;德安德烈-艾顿;Deandre Ayton;5;0;9;60;85;74;74;87;80;87;65;82;68;81;78;86;82;24;4;太阳;29;4;33250000;0;201801;173;0;0;0;0;0;0;0
478;卡梅隆-佩恩;Cameron Payne;1;0;8;79;77;82;78;79;45;59;70;74;79;76;82;65;74;28;6;太阳;29;2;6330000;0;201514;647;0;0;0;0;0;0;0
479;特伦斯-罗斯;Terrence Ross;2;3;7;53;84;82;81;85;59;66;63;72;82;68;74;69;72;32;10;太阳;29;1;2500000;0;201208;597;0;0;0;0;0;0;0
480;托里-克雷格;Torrey Craig;3;4;6;61;78;71;76;78;67;70;61;66;71;67;70;69;70;32;5;太阳;29;1;5000000;0;201400;1150;0;0;0;0;0;0;0
481;萨宾-李;Saben Lee;2;1;6;70;76;74;72;73;51;68;76;65;75;64;72;68;70;22;2;太阳;29;1;53176;0;202038;1209;0;0;0;0;0;0;0
482;俾斯麦-比永博;Bismack Biyombo;5;4;7;56;81;50;66;87;71;83;69;72;33;54;60;82;71;30;11;太阳;29;1;2430000;0;201107;388;0;0;0;0;0;0;0
483;达米恩-李;Damion Lee;2;3;7;58;72;84;74;77;62;60;59;67;83;62;71;63;68;30;5;太阳;29;1;3400000;0;201600;579;0;1;0;0;0;0;0
484;达里厄斯-贝兹利;Darius Bazley;4;3;6;60;75;68;72;76;50;62;65;65;68;65;68;61;65;22;3;太阳;29;1;2400000;0;201900;849;0;0;0;0;0;0;0
485;约什-奥科吉;Josh Okogie;2;3;7;62;70;76;70;75;52;60;67;66;77;57;67;63;65;24;4;太阳;29;1;2700000;0;201820;808;0;0;0;0;0;0;0
486;乔克-兰代尔;Jock Landale;5;0;6;54;79;70;71;78;72;83;55;66;68;64;68;76;72;26;1;太阳;29;1;1290000;0;201800;1192;0;0;0;0;0;0;0
487;兰德里-沙梅特;Landry Shamet;1;2;6;69;70;75;71;72;45;60;75;63;77;57;70;65;68;25;4;太阳;29;1;2090000;0;201826;1441;0;0;0;0;0;0;0
488;伊什-韦恩莱特;Ish Wainright;4;3;6;50;73;53;61;76;67;78;55;65;46;50;54;71;63;28;1;太阳;29;2;1250000;0;202100;2197;0;0;0;0;0;0;0
489;达龙-福克斯;De’Aaron Fox;1;2;10;85;89;90;88;92;63;71;78;88;87;80;94;81;88;25;5;国王;30;3;32600000;0;201705;102;0;0;0;0;0;0;0
490;多曼塔斯-萨博尼斯;Domantas Sabonis;5;4;10;82;90;67;84;88;75;89;65;89;68;78;87;85;86;26;6;国王;30;2;19940000;0;201611;141;0;0;0;0;0;0;0
491;哈里森-巴恩斯;Harrison Barnes;3;4;8;65;86;83;78;89;71;76;70;79;81;78;81;80;81;30;10;国王;30;1;19200000;0;201207;365;0;1;0;0;0;0;0
492;凯文-赫尔特;Kevin Huerter;2;3;7;70;75;86;81;72;61;71;75;67;83;68;78;71;75;24;4;国王;30;1;5000000;0;201819;497;0;0;0;0;0;0;0
493;特伦斯-戴维斯;Terence Davis;2;3;6;74;76;78;73;81;69;64;71;65;78;65;75;73;74;25;3;国王;30;1;1510000;0;201900;432;0;0;0;0;0;0;0
494;戴维恩-米切尔;Davion Mitchell;2;1;6;70;78;74;68;82;76;61;82;67;75;57;71;79;74;24;1;国王;30;3;7750000;0;202109;1316;0;0;0;0;0;0;0
495;马修-德拉维多瓦;Matthew Dellavedova;1;2;6;69;70;73;78;70;51;63;61;63;75;66;72;60;67;32;9;国王;30;1;2300000;0;201300;434;0;0;0;0;0;0;0
496;里乔恩-霍姆斯;Richaun Holmes;4;5;7;55;82;70;77;83;78;80;64;73;69;73;72;80;76;29;7;国王;30;3;11600000;0;201537;519;0;0;0;0;0;0;0
497;马利克-蒙克;Malik Monk;2;1;9;76;79;86;83;87;61;68;71;75;86;78;84;74;80;25;5;国王;30;2;9500000;0;201711;617;0;0;0;0;0;0;0
498;特雷-莱尔斯;Trey Lyles;4;5;8;62;76;70;76;80;57;74;57;72;69;69;71;68;69;27;7;国王;30;1;2500000;0;201512;1183;0;0;0;0;0;0;0
499;PJ-多齐尔;P.J. Dozier;2;3;6;66;69;72;65;72;61;61;64;63;73;42;63;64;63;26;5;国王;30;2;1450000;0;201700;451;0;0;0;0;0;0;0
500;凯斯勒-爱德华兹;Kessler Edwards;3;4;6;60;74;76;75;71;61;63;67;64;75;65;70;64;68;21;1;国王;30;2;1800000;0;202144;788;0;0;0;0;0;0;0
501;奇梅齐耶-梅图;Chimezie Metu;4;5;6;55;74;68;72;76;74;71;51;65;68;63;66;70;68;25;4;国王;30;1;1780000;0;201849;1305;0;0;0;0;0;0;0
502;亚历克斯-莱恩;Alex Len;5;4;6;50;79;50;69;79;71;73;51;67;38;58;59;72;65;29;9;国王;30;1;2270000;0;201305;1182;0;0;0;0;0;0;0
503;尼米亚斯-奎塔;Neemias Queta;5;0;6;52;78;50;65;78;74;74;55;66;39;47;56;74;65;22;1;国王;30;2;2050000;0;202139;1170;0;0;0;0;0;0;0
504;基根-穆雷;Keegan Murray;3;4;9;63;75;81;79;74;69;68;72;73;79;70;75;71;74;21;0;国王;30;4;9000000;0;202204;631;0;0;0;0;0;0;0
505;基翁-埃利斯;Keon Ellis;1;2;6;76;63;73;75;70;55;69;76;62;75;65;72;70;71;22;0;国王;30;1;53176;0;202200;777;0;0;0;0;0;0;0
506;路易斯-威廉姆斯;Lou Williams;2;1;7;75;73;76;72;73;60;60;65;69;77;65;74;64;69;36;17;0;0;0;0;0;200545;313;0;0;0;0;0;0;0
507;肯巴-沃克;Kemba Walker;1;0;7;79;73;81;81;79;51;69;60;75;82;73;82;65;74;32;11;0;0;0;0;0;201109;155;0;0;0;0;0;0;1
508;约翰-沃尔;John Wall;1;0;9;84;83;75;79;78;61;65;73;82;76;80;85;71;79;32;12;0;0;0;0;0;201001;154;0;0;0;0;0;0;1
509;埃尔弗里德-佩顿;Elfrid Payton;1;0;7;78;76;73;78;78;61;71;61;71;75;69;78;68;73;28;8;0;0;0;0;0;201410;1382;0;0;0;0;0;0;0
510;卡梅隆-安东尼;Carmelo Anthony;4;3;7;63;75;85;84;78;65;70;64;71;81;81;79;70;74;38;19;0;0;0;0;0;200303;18;0;0;0;0;0;2;3
511;赛尔吉-伊巴卡;Serge Ibaka;5;4;7;60;74;75;72;75;79;75;62;71;69;70;71;76;74;33;13;0;0;0;0;0;200824;331;0;1;0;0;0;0;0
512;贾勒特-卡尔弗;Jarrett Culver;2;0;7;70;73;76;77;70;61;60;78;66;77;68;74;68;71;23;3;0;0;0;0;0;201906;532;0;0;0;0;0;0;0
513;拉简-隆多;Rajon Rondo;1;0;7;82;78;70;71;75;45;72;73;71;73;64;77;69;73;36;16;0;0;0;0;0;200621;126;0;2;0;0;0;0;1
514;法昆多-坎帕佐;Facundo Campazzo;1;2;7;80;74;75;75;76;48;48;67;73;75;74;79;59;70;31;2;0;0;0;0;0;202000;1123;0;0;0;0;0;0;0
515;罗德尼-胡德;Rodney Hood;3;2;7;63;73;78;78;83;51;66;69;72;77;77;74;67;72;30;8;0;0;0;0;0;201423;1050;0;0;0;0;0;0;0
516;埃里克-布莱德索;Eric Bledsoe;1;2;7;75;82;76;75;85;50;68;65;75;78;67;78;68;74;33;12;0;0;0;0;0;201018;408;0;0;0;0;0;0;0
517;艾尔-法鲁克-阿米奴;Al-Farouq Aminu;3;4;7;62;69;72;71;68;59;73;66;65;72;62;67;66;67;32;12;0;0;0;0;0;201008;454;0;0;0;0;0;0;0
518;约什-杰克逊;Josh Jackson;2;3;7;70;78;72;77;80;67;70;69;72;73;68;74;73;73;26;5;0;0;0;0;0;201704;531;0;0;0;0;0;0;0
519;特雷沃-阿里扎;Trevor Ariza;4;3;6;51;71;78;69;73;77;76;78;64;76;53;65;78;72;37;18;0;0;0;0;0;200443;169;0;1;0;0;0;0;0
520;肯特-贝兹莫尔;Kent Bazemore;2;3;8;65;76;79;76;79;58;68;70;71;79;66;74;70;72;33;10;0;0;0;0;0;201200;850;0;0;0;0;0;0;0
521;贾巴里-帕克;Jabari Parker;4;3;7;63;70;71;69;71;51;72;66;66;70;62;67;63;65;27;8;0;0;0;0;0;201402;642;0;0;0;0;0;0;0
522;保罗-米尔萨普;Paul Millsap;4;5;7;69;75;71;78;73;62;79;69;70;70;72;74;71;73;38;16;0;0;0;0;0;200647;277;0;0;0;0;0;0;0
523;埃弗里-布拉德利;Avery Bradley;1;2;7;68;72;78;76;80;56;60;81;73;80;65;75;73;74;32;12;0;0;0;0;0;201019;406;0;1;0;0;0;0;0
524;杰里米-兰姆;Jeremy Lamb;2;3;7;61;82;77;83;81;46;71;63;74;77;72;75;65;71;30;10;0;0;0;0;0;201212;571;0;0;0;0;0;0;0
525;泰瑞克-埃文斯;Tyreke Evans;3;2;7;73;76;73;73;67;50;65;60;66;73;67;73;58;67;32;13;0;0;0;0;0;200904;172;0;0;0;0;0;0;0
526;加布里埃尔-戴克;Gabriel Deck;3;0;6;62;66;66;67;70;71;77;79;62;66;49;61;76;69;27;2;0;0;0;0;0;201700;1756;0;0;0;0;0;0;0
527;阿伦-克拉布;Allen Crabbe;2;0;7;63;73;80;83;75;45;63;65;67;80;71;75;61;68;30;9;0;0;0;0;0;201331;1139;0;0;0;0;0;0;0
528;罗季翁斯-库鲁茨;Rodions Kurucs;3;4;6;64;75;66;70;73;69;67;67;65;66;62;66;69;69;25;4;0;0;0;0;0;201840;559;0;0;0;0;0;0;0
529;詹姆斯-约翰逊;James Johnson;3;4;7;63;75;69;72;78;59;70;62;68;70;64;68;67;69;35;13;0;0;0;0;0;200916;1618;0;0;0;0;0;0;0
530;杰夫-蒂格;Jeff Teague;1;0;7;71;67;73;72;79;52;62;64;69;75;61;71;64;68;34;13;0;0;0;0;0;200919;444;0;1;0;0;0;0;0
531;内马尼亚-别利察;Nemanja Bjelica;5;0;7;64;76;75;78;78;55;75;60;68;72;73;74;67;71;34;7;0;0;0;0;0;201035;389;0;1;0;0;0;0;0
532;伊曼纽尔-穆迪埃;Emmanuel Mudiay;1;0;7;73;74;68;76;77;54;66;62;68;71;66;73;65;69;26;7;0;0;0;0;0;201507;630;0;0;0;0;0;0;0
533;伊莱贾-休斯;Elijah Hughes;2;0;6;67;73;74;78;78;60;71;72;65;75;68;72;72;72;24;2;0;0;0;0;0;202039;1582;0;0;0;0;0;0;0
534;JR-史密斯;J.R. Smith;2;3;7;65;68;81;79;69;48;65;69;65;81;68;73;62;68;36;18;0;0;0;0;0;200418;296;0;1;0;0;0;0;0
535;托马斯-萨托兰斯基;Tomas Satoransky;1;2;7;76;79;78;74;74;61;62;63;68;80;66;78;64;72;31;6;0;0;0;0;0;201232;659;0;0;0;0;0;0;0
536;詹姆斯-恩尼斯;James Ennis;3;2;7;59;71;71;74;78;53;79;61;67;71;64;67;68;69;32;8;0;0;0;0;0;201350;957;0;0;0;0;0;0;0
537;阿尔莫尼-布鲁克斯;Armoni Brooks;1;2;6;62;80;81;82;72;62;60;61;65;82;69;76;62;70;24;2;0;0;0;0;0;201900;899;0;0;0;0;0;0;0
538;埃里克-帕斯卡尔;Eric Paschall;4;3;7;50;81;61;75;76;69;76;60;69;60;65;65;72;69;26;3;0;0;0;0;0;201941;644;0;0;0;0;0;0;0
539;谢里夫-库珀;Sharife Cooper;1;2;7;78;77;64;78;73;60;68;76;69;66;69;74;71;73;21;1;0;0;0;0;0;202148;1168;0;0;0;0;0;0;0
540;泰勒-约翰逊;Tyler Johnson;2;1;7;69;73;73;76;78;53;61;62;68;74;67;72;63;68;30;7;0;0;0;0;0;201400;740;0;0;0;0;0;0;0
541;埃内斯-坎特;Enes Kanter;5;0;7;53;80;61;72;75;61;76;63;69;56;65;66;69;68;30;11;0;0;0;0;0;201103;540;0;0;0;0;0;0;0
542;迈克尔-基德-吉尔克里斯特;Michael Kidd-Gilchrist;4;3;6;62;67;60;63;75;62;64;68;63;56;41;58;67;62;29;10;0;0;0;0;0;201202;1072;0;0;0;0;0;0;0
543;德里克-费沃斯;Derrick Favors;5;4;7;64;79;52;72;75;72;82;74;74;45;68;67;78;73;31;12;0;0;0;0;0;201003;212;0;0;0;0;0;0;0
544;考特尼-李;Courtney Lee;2;3;7;64;72;77;69;77;54;67;63;67;77;53;69;65;67;37;14;0;0;0;0;0;200822;580;0;0;0;0;0;0;0
545;安德烈-罗伯森;Andre Roberson;2;3;6;56;72;61;65;78;82;74;80;65;62;38;56;82;68;31;9;0;0;0;0;0;201326;592;0;0;0;0;0;0;0
546;所罗门-希尔;Solomon Hill;2;3;6;65;70;68;73;75;55;73;67;64;70;63;67;68;67;31;9;0;0;0;0;0;201323;1570;0;0;0;0;0;0;0
547;马科-贝里内利;Marco Belinelli;2;3;7;64;69;76;81;75;45;55;62;66;77;69;72;58;65;36;15;0;0;0;0;0;200718;384;0;0;0;0;0;0;0
548;特雷-伯克;Trey Burke;1;2;7;71;76;84;71;79;45;61;66;71;85;62;77;63;71;29;8;0;0;0;0;0;201309;397;0;0;0;0;0;0;0
549;威尔森-钱德勒;Wilson Chandler;3;4;6;62;73;76;71;78;58;78;64;65;75;62;68;70;70;35;15;0;0;0;0;0;200723;1406;0;0;0;0;0;0;0
550;拉马库斯-阿尔德里奇;LaMarcus Aldridge;5;4;7;62;80;74;86;71;64;75;65;71;71;75;77;69;73;37;16;0;0;0;0;0;200602;83;0;0;0;0;0;0;0
551;奎因-库克;Quinn Cook;1;0;6;72;81;75;72;72;45;52;60;66;77;63;75;55;66;29;6;0;0;0;0;0;201500;1167;0;1;0;0;0;0;0
552;泰勒-贝;Tyler Bey;3;0;6;51;70;65;65;72;68;73;75;63;65;39;56;73;65;24;2;0;0;0;0;0;202036;378;0;0;0;0;0;0;0
553;蒂姆-弗雷泽;Tim Frazier;1;2;6;72;71;69;72;79;45;63;63;65;72;62;71;63;67;32;8;0;0;0;0;0;201400;974;0;0;0;0;0;0;0
554;马克-加索尔;Marc Gasol;5;4;7;69;70;70;67;73;66;68;60;71;68;63;70;67;68;38;14;0;0;0;0;0;200748;115;0;1;0;0;1;1;0
555;蒂莫泰-卢瓦乌-卡巴罗;Timothe Luwawu-Cabarrot;2;3;7;64;76;74;72;78;67;66;62;68;75;62;70;68;69;27;6;0;0;0;0;0;201624;1227;0;0;0;0;0;0;0
556;TJ-利夫;T.J. Leaf;4;3;6;62;77;72;72;65;66;69;61;63;71;65;70;64;67;25;5;0;0;0;0;0;201718;1968;0;0;0;0;0;0;0
557;托尼-斯内尔;Tony Snell;2;3;7;56;76;76;81;79;51;69;63;69;77;68;70;65;68;31;9;0;0;0;0;0;201320;1463;0;0;0;0;0;0;0
558;马里奥-赫佐尼亚;Mario Hezonja;2;3;7;64;74;67;79;70;59;64;59;66;69;68;68;61;65;27;7;0;0;0;0;0;201505;499;0;0;0;0;0;0;0
559;贾斯汀-安德森;Justin Anderson;2;3;7;59;75;66;79;79;59;73;65;68;68;67;67;70;68;28;7;0;0;0;0;0;201521;793;0;0;0;0;0;0;0
560;杰伦-哈里斯;Jalen Harris;2;3;6;62;78;76;73;73;48;62;52;65;77;63;70;56;64;24;2;0;0;0;0;0;202059;1826;0;0;0;0;0;0;0
561;达伦-科里森;Darren Collison;1;2;7;69;73;69;75;71;50;58;64;66;72;64;71;60;66;34;13;0;0;0;0;0;200921;544;0;0;0;0;0;0;0
562;布兰顿-奈特;Brandon Knight;1;2;6;73;78;76;80;73;53;62;61;65;78;70;77;61;70;31;11;0;0;0;0;0;201108;284;0;0;0;0;0;0;0
563;本-麦克勒摩;Ben McLemore;2;3;6;57;83;77;77;86;45;60;61;69;77;66;72;63;68;30;9;0;0;0;0;0;201307;1289;0;0;0;0;0;0;0
564;诺伦斯-诺埃尔;Nerlens Noel;5;4;7;59;78;50;61;78;81;85;76;69;31;30;55;85;71;28;9;0;0;0;0;0;201306;288;0;0;0;0;0;0;0
565;德马雷-卡罗尔;DeMarre Carroll;3;4;7;61;71;65;70;75;50;70;64;69;65;58;64;64;65;36;13;0;0;0;0;0;200927;533;0;0;0;0;0;0;0
566;韦恩-艾灵顿;Wayne Ellington;2;0;7;55;75;82;84;78;45;64;55;68;82;70;74;59;67;35;13;0;0;0;0;0;200928;785;0;0;0;0;0;0;0
567;卡修斯-温斯顿;Cassius Winston;1;0;6;78;78;71;76;70;45;58;70;65;74;68;76;61;69;24;2;0;0;0;0;0;202053;1549;0;0;0;0;0;0;0
568;克里斯-席尔瓦;Chris Silva;3;4;7;61;73;72;70;73;62;69;64;67;72;61;67;67;68;26;3;0;0;0;0;0;201900;723;0;0;0;0;0;0;0
569;莱安德罗-博尔马罗;Leandro Bolmaro;3;2;7;61;71;71;72;73;56;68;88;66;71;63;67;73;71;21;2;0;0;0;0;0;202023;866;0;0;0;0;0;0;0
570;艾森-伊利亚索瓦;Ersan Ilyasova;4;0;7;55;77;77;73;71;50;76;64;67;75;64;70;64;67;35;17;0;0;0;0;0;200536;732;0;0;0;0;0;0;0
571;德安德烈-本布里;DeAndre' Bembry;2;3;6;70;72;70;72;84;45;67;70;66;72;63;69;68;69;28;6;0;0;0;0;0;201621;386;0;0;0;0;0;0;0
572;凯尔-科沃尔;Kyle Korver;2;3;7;67;50;85;80;71;50;45;78;61;84;67;71;61;66;41;19;0;0;0;0;0;200351;249;0;0;0;0;0;0;0
573;朗戴-霍利斯-杰弗森;Rondae Hollis-Jefferson;3;2;7;63;71;70;75;76;64;69;62;67;70;66;68;68;69;28;7;0;0;0;0;0;201523;518;0;0;0;0;0;0;0
574;兰斯顿-加洛韦;Langston Galloway;1;2;7;71;68;77;71;73;45;59;59;65;79;61;72;57;65;31;8;0;0;0;0;0;201400;525;0;0;0;0;0;0;0
575;布罗德里克-托马斯;Brodric Thomas;2;1;6;76;75;73;76;71;48;60;70;64;74;69;74;62;68;25;1;0;0;0;0;0;202100;2168;0;0;0;0;0;0;0
576;塞古-敦布亚;Sekou Doumbouya;4;3;7;56;78;67;66;67;65;74;64;66;66;52;64;67;66;22;3;0;0;0;0;0;201915;949;0;0;0;0;0;0;0
577;何塞-巴里亚;Jose Barea;1;0;7;67;72;68;78;63;50;61;60;64;71;66;70;56;64;38;16;0;0;0;0;0;200600;369;0;0;0;0;0;0;0
578;迈尔斯-布里奇斯;Miles Bridges;4;3;7;68;83;79;80;82;68;72;71;80;78;72;80;75;78;24;4;0;0;0;0;730;201812;201;0;0;0;0;0;0;0
579;杰伊-斯库布;Jay Scrubb;2;3;6;63;76;76;78;72;60;68;53;65;77;67;72;61;67;22;2;0;0;0;0;0;202055;2139;0;0;0;0;0;0;0
580;斯特林-布朗;Sterling Brown;2;3;7;60;74;80;82;67;45;57;69;65;80;70;73;58;66;28;5;0;0;0;0;0;201746;888;0;0;0;0;0;0;0
581;斯凯拉-梅斯;Skylar Mays;1;2;6;70;70;74;76;69;48;59;78;63;76;65;72;65;69;25;2;0;0;0;0;0;202050;2031;0;0;0;0;0;0;0
582;马利克-菲茨;Malik Fitts;4;0;6;60;72;78;72;77;68;70;58;65;76;64;70;69;70;25;2;0;0;0;0;0;202000;961;0;0;0;0;0;0;0
583;哈桑-怀特塞德;Hassan Whiteside;5;0;7;50;82;50;60;78;83;81;50;70;31;38;55;79;68;33;12;0;0;0;0;0;201033;510;0;0;0;0;0;0;0
584;布拉德-沃纳梅克;Brad Wanamaker;1;0;6;72;67;70;69;70;49;56;69;63;73;53;68;61;65;33;11;0;0;0;0;0;201100;1558;0;0;0;0;0;0;0
585;丹泽尔-瓦伦丁;Denzel Valentine;2;3;7;64;69;72;74;71;50;67;60;65;73;63;68;60;64;29;6;0;0;0;0;0;201614;703;0;0;0;0;0;0;0
586;胡安-埃尔南戈麦斯;Juan Hernangómez;4;3;6;62;72;76;74;78;60;70;60;65;74;66;70;67;69;27;6;0;0;0;0;0;201615;773;0;0;0;0;0;0;0
587;杰里安-格兰特;Jerian Grant;1;0;7;62;69;68;73;74;45;56;64;66;71;56;66;59;63;29;7;0;0;0;0;0;201509;1808;0;0;0;0;0;0;0
588;弗雷迪-吉莱斯皮;Freddie Gillespie;4;3;6;51;76;56;76;71;76;76;56;64;50;66;61;72;67;25;2;0;0;0;0;0;202000;1880;0;0;0;0;0;0;0
589;丹伊恩-多特森;Damyean Dotson;2;3;6;66;73;71;68;69;56;61;63;63;72;53;66;61;64;28;5;0;0;0;0;0;201744;1783;0;0;0;0;0;0;0
590;凯-鲍曼;Ky Bowman;1;0;6;75;75;78;67;70;45;59;64;64;80;53;73;59;67;25;3;0;0;0;0;0;201900;841;0;0;0;0;0;0;0
591;德里克-沃顿;Derrick Walton Jr.;1;0;6;75;65;75;76;62;50;60;56;61;77;66;74;54;65;27;4;0;0;0;0;0;201700;1551;0;0;0;0;0;0;0
592;伊托万-摩尔;E'Twaun Moore;1;2;7;64;75;69;72;74;50;58;62;67;72;61;68;60;65;33;11;0;0;0;0;0;201155;1322;0;0;0;0;0;0;0
593;科比-西蒙斯;Kobi Simmons;1;2;6;67;73;71;74;78;50;62;63;65;74;63;70;63;67;25;5;0;0;0;0;0;201700;2229;0;0;0;0;0;0;0
594;贾希尔-奥卡福;Jahlil Okafor;5;4;7;54;79;60;69;81;62;71;60;70;54;62;65;70;67;27;7;0;0;0;0;0;201503;357;0;0;0;0;0;0;0
595;DJ-威尔森;D.J. Wilson;4;3;6;52;72;70;78;74;62;72;53;64;69;67;66;65;66;26;5;0;0;0;0;0;201717;1517;0;0;0;0;0;0;0
596;莫里斯-哈克利斯;Maurice Harkless;3;2;7;53;79;73;75;81;53;71;61;70;73;64;68;66;68;29;10;0;0;0;0;0;201215;1005;0;0;0;0;0;0;0
597;马特-托马斯;Matt Thomas;2;1;6;56;70;72;91;71;45;73;50;63;73;76;70;57;64;28;3;0;0;0;0;0;201700;2171;0;0;0;0;0;0;0
598;帕特里克-帕特森;Patrick Patterson;4;5;6;58;68;72;82;75;55;66;60;64;71;72;69;63;66;33;12;0;0;0;0;0;201014;645;0;0;0;0;0;0;0
599;格伦-罗宾逊三世;Glenn Robinson III;2;3;6;53;68;68;73;84;46;65;63;65;70;55;61;65;63;29;8;0;0;0;0;0;201440;591;0;0;0;0;0;0;0
600;大卫-努瓦巴;David Nwaba;3;2;6;60;70;76;77;80;62;66;62;65;75;67;70;67;70;29;6;0;0;0;0;0;201600;1364;0;0;0;0;0;0;0
601;格雷格-布朗;Greg Brown III;3;4;6;60;75;70;76;75;60;75;70;65;70;66;69;71;71;20;1;0;0;0;0;0;202143;882;0;0;0;0;0;0;0
602;杰莫科-皮克特;Jamorko Pickett;3;4;6;53;70;74;74;79;52;65;63;65;74;62;66;64;66;24;1;0;0;0;0;0;202100;2080;0;0;0;0;0;0;0
603;迈克尔-弗雷泽;Michael Frazier II;3;4;7;55;71;64;66;69;70;67;69;65;64;41;58;69;64;28;6;0;0;0;0;0;201500;467;0;0;0;0;0;0;0
604;乔金-诺阿;Joakim Noah;5;0;7;71;76;50;62;73;69;82;62;67;33;51;60;74;67;36;15;0;0;0;0;0;200709;287;0;0;0;0;0;0;0
605;凯弗-塞克斯;Keifer Sykes;2;1;6;66;75;70;73;75;59;51;64;65;72;64;69;61;65;28;1;0;0;0;0;0;201500;2112;0;0;0;0;0;0;0
606;贾奎里-麦克劳克林;JaQuori McLaughlin;2;1;6;60;68;68;63;69;51;68;66;63;70;37;59;63;61;24;1;0;0;0;0;0;202100;2022;0;0;0;0;0;0;0
607;马基斯-克里斯;Marquese Chriss;4;5;7;57;78;74;72;75;70;70;67;68;72;64;70;71;71;25;6;0;0;0;0;0;201608;1154;0;0;0;0;0;0;0
608;克里斯-克莱蒙斯;Chris Clemons;2;3;6;64;69;70;70;74;46;61;65;64;72;56;65;60;63;26;3;0;0;0;0;0;201900;550;0;0;0;0;0;0;0
609;萨博-塞弗罗萨;Thabo Sefolosha;2;3;7;60;67;70;70;69;64;66;64;64;72;53;63;65;64;38;16;0;0;0;0;0;200613;662;0;0;0;0;0;0;0
610;辛达里厄斯-桑韦尔;Sindarius Thornwell;2;3;6;67;73;70;73;61;47;59;61;62;72;64;68;54;61;27;4;0;0;0;0;0;201748;1439;0;0;0;0;0;0;0
611;索恩-梅克;Thon Maker;5;4;7;50;70;71;74;77;68;70;57;67;69;65;66;70;68;25;6;0;0;0;0;0;201610;615;0;0;0;0;0;0;0
612;卡修斯-斯坦利;Cassius Stanley;3;2;7;50;73;61;68;80;82;65;55;68;61;44;57;71;65;23;2;0;0;0;0;0;202054;2146;0;0;0;0;0;0;0
613;泰雷尔-特里;Tyrell Terry;1;0;6;71;73;78;71;71;50;64;63;64;80;61;73;61;68;22;2;0;0;0;0;0;202031;2161;0;0;0;0;0;0;0
614;马科斯-洛扎达-席尔瓦;Didi Louzada;2;3;6;65;70;65;70;75;65;60;50;64;66;55;64;60;62;25;2;0;0;0;0;0;201935;1992;0;0;0;0;0;0;0
615;约书亚-普里莫;Joshua Primo;2;0;7;65;70;70;75;75;65;60;65;66;72;65;68;66;67;19;1;0;0;0;0;0;202112;2089;0;0;0;0;0;0;0
616;JJ-雷迪克;J.J. Redick;2;3;7;62;72;71;73;75;45;62;64;67;72;62;67;60;64;38;16;0;0;0;0;0;200611;577;0;0;0;0;0;0;0
617;德马库斯-考辛斯;DeMarcus Cousins;5;4;7;63;81;74;75;73;68;79;68;72;71;71;75;74;74;32;12;0;0;0;0;0;201005;118;0;0;0;0;0;0;0
618;丹特-埃克萨姆;Dante Exum;1;2;6;62;74;69;74;73;45;59;56;64;72;62;68;56;63;27;8;0;0;0;0;0;201405;776;0;0;0;0;0;0;0
619;杰罗姆-罗宾逊;Jerome Robinson;1;0;6;73;71;74;69;71;52;60;70;63;76;57;71;64;68;25;4;0;0;0;0;0;201813;1980;0;0;0;0;0;0;0
620;斯卡尔-拉比西埃;Skal Labissière;4;5;7;58;77;61;70;69;60;69;64;67;60;62;65;64;64;26;6;0;0;0;0;0;201628;1938;0;0;0;0;0;0;0
621;谢赫-迪亚洛;Cheick Diallo;4;5;6;50;73;60;66;75;76;73;52;65;57;44;57;71;65;26;6;0;0;0;0;0;201633;1778;0;0;0;0;0;0;0
622;加里-克拉克;Gary Clark;3;2;6;56;72;63;70;76;59;71;55;65;64;54;61;64;63;28;4;0;0;0;0;0;201800;1143;0;0;0;0;0;0;0
623;米耶-奥尼;Miye Oni;2;1;6;53;66;64;74;66;51;65;70;62;65;54;59;62;60;25;3;0;0;0;0;0;201958;1684;0;0;0;0;0;0;0
624;斯科蒂-刘易斯;Scottie Lewis;2;3;6;59;75;68;72;79;62;63;79;66;70;59;65;73;69;22;1;0;0;0;0;0;202156;1971;0;0;0;0;0;0;0
625;马文-威廉姆斯;Marvin Williams;4;3;7;58;68;65;73;67;62;71;60;64;64;64;64;64;64;36;17;0;0;0;0;0;200502;1533;0;0;0;0;0;0;0
626;约翰-亨森;John Henson;5;4;7;53;69;50;65;74;71;68;63;66;33;43;53;70;62;32;10;0;0;0;0;0;201214;503;0;0;0;0;0;0;0
627;肖恩-麦克德莫特;Sean McDermott;3;4;6;58;70;69;73;70;55;62;58;63;70;63;65;59;63;26;7;0;0;0;0;0;201411;2019;0;0;0;0;0;0;0
628;阿卜杜勒-纳迪尔;Abdel Nader;3;2;6;60;76;68;73;71;47;64;59;64;69;64;67;58;63;29;6;0;0;0;0;0;201658;2053;0;0;0;0;0;0;0
629;特雷韦恩-格雷厄姆;Treveon Graham;2;3;6;57;71;74;68;80;50;66;62;65;75;46;63;64;64;29;6;0;0;0;0;0;201500;477;0;0;0;0;0;0;0
630;帕特里克-麦考;Patrick McCaw;2;3;6;62;66;69;66;76;60;60;57;63;71;42;61;62;61;27;6;0;0;0;0;0;201638;610;0;0;0;0;0;0;0
631;以赛亚-罗比;Isaiah Roby;3;2;7;61;79;75;71;73;70;71;68;68;75;63;70;71;71;25;3;0;0;0;0;0;201948;1978;0;0;0;0;0;0;0
632;特伦斯-弗格森;Terrance Ferguson;2;3;6;62;72;65;68;71;57;60;63;64;66;49;62;61;61;24;5;0;0;0;0;0;201721;1789;0;0;0;0;0;0;0
633;周琦;Zhou Qi;4;5;6;55;73;67;66;79;83;81;60;65;66;49;62;80;71;25;6;0;0;0;0;0;201643;338;0;0;0;0;0;0;0
634;杰克-莱曼;Jake Layman;3;4;6;52;72;74;77;77;59;54;54;65;74;65;67;59;64;28;6;0;0;0;0;0;201647;1949;0;0;0;0;0;0;0
635;梅森-琼斯;Mason Jones;2;1;6;71;73;72;75;79;50;60;57;65;73;66;71;60;66;24;2;0;0;0;0;0;202000;1416;0;0;0;0;0;0;0
636;韦斯利-艾旺杜;Wesley Iwundu;2;3;6;64;74;72;66;72;45;64;61;64;73;46;65;59;62;28;5;0;0;0;0;0;201733;1668;0;0;0;0;0;0;0
637;热迈厄斯-拉姆齐;Jahmi'us Ramsey;2;1;7;60;71;67;68;68;48;62;65;65;69;49;62;59;61;20;2;0;0;0;0;0;202043;1942;0;0;0;0;0;0;0
638;昌迪-布朗;Chaundee Brown Jr.;2;3;6;72;78;73;71;71;60;59;65;65;74;64;72;63;68;23;1;0;0;0;0;0;202100;1741;0;0;0;0;0;0;0
639;阿隆-贝恩斯;Aron Baynes;5;4;7;55;76;82;65;72;63;72;45;67;78;53;69;64;67;36;10;0;0;0;0;0;200900;379;0;0;0;0;0;0;0
640;诺阿-冯莱;Noah Vonleh;4;5;7;52;76;64;65;78;52;74;60;68;62;44;60;66;63;27;8;0;0;0;0;0;201409;970;0;0;0;0;0;0;0
641;布鲁诺-卡博克洛;Bruno Caboclo;3;4;6;57;68;79;70;77;45;60;57;64;78;57;66;57;62;27;8;0;0;0;0;0;201420;1901;0;0;0;0;0;0;0
642;沙巴兹-内皮尔;Shabazz Napier;1;0;7;63;69;69;68;71;45;53;59;67;72;45;64;55;60;31;8;0;0;0;0;0;201424;1351;0;0;0;0;0;0;0
643;德文-多特森;Devon Dotson;1;2;6;69;68;68;66;68;55;60;62;62;71;42;65;60;62;23;2;0;0;0;0;0;202000;1784;0;0;0;0;0;0;0
644;奎因达里-韦瑟斯庞;Quinndary Weatherspoon;2;1;6;69;61;56;74;65;55;60;75;61;54;64;61;63;62;26;3;0;0;0;0;0;201949;2199;0;0;0;0;0;0;0
645;马库斯-泽加罗斯基;Marcus Zegarowski;1;2;6;69;68;73;68;66;58;64;62;62;75;50;67;61;64;23;1;0;0;0;0;0;202149;2267;0;0;0;0;0;0;0
646;卡迪姆-阿伦;Kadeem Allen;2;3;6;54;75;73;68;73;47;62;61;65;74;46;63;59;61;30;5;0;0;0;0;0;201753;1642;0;0;0;0;0;0;0
647;亚姆-马达尔;Yam Madar;1;0;6;70;71;70;74;63;45;60;59;62;73;63;71;54;63;21;2;0;0;0;0;0;202047;1994;0;0;0;0;0;0;0
648;朱安-贝加林;Juhann Begarin;1;2;6;66;66;67;65;68;64;62;64;62;70;39;62;63;62;19;1;0;0;0;0;0;202145;1705;0;0;0;0;0;0;0
649;伊夫-庞斯;Yves Pons ;3;4;6;59;70;65;70;69;64;64;58;63;65;54;62;62;63;23;1;0;0;0;0;0;202100;2072;0;0;0;0;0;0;0
650;威利-考利-斯坦;Willie Cauley-Stein;5;4;7;59;74;50;63;76;61;77;63;68;34;46;56;70;64;29;7;0;0;0;0;0;201506;1129;0;0;0;0;0;0;0
651;约吉-费雷尔;Yogi Ferrell;1;0;7;67;68;69;70;67;50;52;64;64;72;53;67;56;62;29;6;0;0;0;0;0;201600;459;0;0;0;0;0;0;0
652;朱万-摩根;Juwan Morgan;3;0;6;61;69;69;67;70;64;67;68;63;70;49;62;67;65;25;3;0;0;0;0;0;201900;2040;0;0;0;0;0;0;0
653;洛尔-邓;Luol Deng;3;4;6;58;71;65;71;74;52;72;58;64;65;58;63;63;64;36;18;0;0;0;0;0;200407;437;0;0;0;0;0;0;0
654;特里蒙特-沃特斯;Tremont Waters;1;2;7;70;71;69;71;65;50;50;67;64;72;61;70;56;64;25;3;0;0;0;0;0;201951;2221;0;0;0;0;0;0;0
655;CJ-艾勒比;CJ Elleby;3;4;6;56;78;66;74;74;58;78;49;65;66;64;65;64;65;24;2;0;0;0;0;0;202046;1665;0;0;0;0;0;0;0
656;弗兰克-梅森;Frank Mason;1;0;6;76;68;69;67;62;47;62;61;61;72;49;68;56;63;28;5;0;0;0;0;0;201734;2029;0;0;0;0;0;0;0
657;亚当-莫科卡;Adam Mokoka;2;1;6;66;72;60;68;68;57;60;59;63;61;51;61;59;60;24;3;0;0;0;0;0;201900;2043;0;0;0;0;0;0;0
658;凯尔金-布莱文斯;Keljin Blevins;2;1;6;71;65;71;70;65;58;62;54;61;72;61;67;56;62;27;2;0;0;0;0;0;201900;1737;0;0;0;0;0;0;0
659;格兰特-里勒;Grant Riller;2;3;6;61;78;70;67;71;57;60;50;65;72;49;64;56;60;25;2;0;0;0;0;0;202056;1965;0;0;0;0;0;0;0
660;萨姆-德克尔;Sam Dekker;3;4;6;63;72;73;60;78;46;66;59;65;73;38;62;61;62;28;6;0;0;0;0;0;201518;931;0;0;0;0;0;0;0
661;贾斯廷-杰克逊;Justin Jackson;3;2;6;62;75;66;72;73;50;60;59;65;66;63;66;58;63;27;5;0;0;0;0;0;201715;1094;0;1;0;0;0;0;0
662;奥马里-斯佩尔曼;Omari Spellman;4;0;6;57;74;61;69;69;73;73;50;64;60;58;62;67;65;25;4;0;0;0;0;0;201830;2145;0;0;0;0;0;0;0
663;克里斯-史密斯;Sean Christian Smith ;4;3;6;60;71;58;62;71;72;75;68;63;52;40;57;73;65;22;1;0;0;0;0;0;202100;2129;0;0;0;0;0;0;0
664;阿伦-斯玛拉基奇;Alen Smailagic;4;3;6;50;74;65;64;69;64;63;56;64;64;40;59;62;60;22;3;0;0;0;0;0;201939;1462;0;0;0;0;0;0;0
665;肯尼斯-法里德;Kenneth Faried;5;4;7;59;73;50;64;69;74;74;66;66;34;46;56;72;65;32;11;0;0;0;0;0;201122;453;0;0;0;0;0;0;0
666;泰勒-泽勒;Tyler Zeller;5;4;7;51;76;50;71;72;59;69;63;67;34;63;58;65;62;32;10;0;0;0;0;0;201217;1624;0;0;0;0;0;0;0
667;泰勒-库克;Tyler Cook;3;4;6;50;70;51;68;73;71;74;65;64;46;43;52;71;62;25;3;0;0;0;0;0;201900;1935;0;0;0;0;0;0;0
668;布林-福布斯;Bryn Forbes;2;1;7;57;72;76;78;77;45;57;52;67;77;65;69;55;63;29;6;0;0;0;0;0;201600;468;0;1;0;0;0;0;0
669;米查尔-穆尔德;Mychal Mulder;2;1;6;71;74;81;79;73;56;62;59;64;81;70;76;61;69;28;3;0;0;0;0;0;201700;2049;0;0;0;0;0;0;0
670;乔尔-阿亚伊;Joel Ayayi;2;1;6;62;75;68;69;65;60;60;66;63;70;52;64;61;63;22;1;0;0;0;0;0;202100;1646;0;0;0;0;0;0;0
671;哈里-贾尔斯;Harry Giles III;4;5;6;54;74;60;68;55;61;74;68;61;57;51;59;62;61;24;5;0;0;0;0;0;201720;1087;0;0;0;0;0;0;0
672;尼克-施陶斯卡斯;Nik Stauskas;2;3;6;62;72;71;75;73;51;61;57;64;72;64;67;58;63;28;8;0;0;0;0;0;201408;669;0;0;0;0;0;0;0
673;德怀特-霍华德;Dwight Howard;5;0;7;54;80;50;55;80;83;84;58;76;35;65;60;82;72;35;18;0;0;0;0;0;200401;36;0;1;0;0;5;1;2
674;科斯塔斯-阿德托昆博;Kostas Antetokounmpo;3;4;6;60;71;61;66;68;61;63;65;65;64;63;62;63;63;25;4;0;0;0;0;0;201860;750;0;1;0;0;0;0;0
675;埃德-戴维斯;Ed Davis;5;4;7;64;72;50;70;82;60;78;64;68;35;65;61;73;67;33;12;0;0;0;0;0;201013;428;0;0;0;0;0;0;0
676;亨利-埃伦森;Henry Ellenson;4;0;6;64;68;65;66;73;60;64;47;63;64;51;63;60;61;25;5;0;0;0;0;0;201618;1652;0;0;0;0;0;0;0
677;杰伦-霍尔德;Jaylen Hoard;4;3;6;59;79;65;78;77;70;79;71;66;64;70;69;76;73;23;3;0;0;0;0;0;201900;1067;0;0;0;0;0;0;0
678;乔丹-贝尔;Jordan Bell;4;3;7;69;80;50;62;78;64;75;59;72;42;47;61;70;66;28;5;0;0;0;0;0;201738;380;0;0;0;0;0;0;0
679;凯尔-奥奎因;Kyle O'Quinn;5;4;7;59;70;53;69;81;70;72;53;68;45;63;60;72;67;32;10;0;0;0;0;0;201249;812;0;0;0;0;0;0;0
680;凯莱布-斯瓦尼根;Caleb Swanigan;4;5;6;60;77;60;64;77;62;74;59;66;57;47;61;69;65;25;5;0;0;0;0;0;201726;2150;0;0;0;0;0;0;0
681;特洛伊-丹尼尔斯;Troy Daniels;2;3;6;53;67;80;69;76;45;59;56;64;80;42;64;57;60;31;9;0;0;0;0;0;201300;923;0;1;0;0;0;0;0
682;戴洪-贾罗;DeJon Jarreau;1;2;6;70;60;64;70;71;59;62;69;61;66;52;63;65;64;24;1;0;0;0;0;0;202100;1887;0;0;0;0;0;0;0
683;乔纳-博尔登;Jonah Bolden;3;4;6;59;60;61;61;74;74;70;64;62;61;35;53;71;63;27;5;0;0;0;0;0;201736;402;0;0;0;0;0;0;0
684;菲利普-彼得鲁塞夫;Filip Petrusev;5;4;6;55;74;61;73;74;71;72;50;65;58;66;64;69;67;22;1;0;0;0;0;0;202150;1716;0;0;0;0;0;0;0
685;泰森-钱德勒;Tyson Chandler;5;0;7;53;74;50;64;73;67;83;56;67;37;43;55;72;64;40;21;0;0;0;0;0;200102;292;0;1;0;0;0;0;1
686;贾罗德-尤托夫;Jarrod Uthoff;4;3;6;50;65;72;67;70;67;62;45;62;71;45;59;60;60;29;5;0;0;0;0;0;201600;2256;0;0;0;0;0;0;0
687;达柳斯-米勒;Darius Miller;3;4;6;61;70;70;71;75;45;51;55;64;70;62;65;53;60;32;17;0;0;0;0;0;200546;1314;0;0;0;0;0;0;0
688;扎南-穆萨;Dzanan Musa;2;3;6;68;68;70;70;62;59;63;60;61;72;61;67;58;63;23;4;0;0;0;0;0;201829;1343;0;0;0;0;0;0;0
689;伊安-马辛米;Ian Mahinmi;5;0;7;58;73;50;62;75;69;63;66;70;37;41;55;68;62;36;15;0;0;0;0;0;200528;1267;0;0;0;0;0;0;0
690;阿方索-麦金尼;Alfonzo McKinnie;3;4;6;52;74;65;68;74;47;70;55;65;65;48;60;60;60;30;5;0;0;0;0;0;201500;2011;0;0;0;0;0;0;0
691;基利安-蒂利;Killian Tillie;4;5;6;55;76;63;71;74;73;74;54;65;61;62;64;70;67;24;2;0;0;0;0;0;202000;445;0;0;0;0;0;0;0
692;迈克-斯科特;Mike Scott;4;0;7;60;72;70;72;69;48;64;50;66;69;64;67;55;61;34;10;0;0;0;0;0;201243;1460;0;0;0;0;0;0;0
693;伊萨克-邦加;Issac Bonga;1;2;7;60;72;70;70;79;54;62;60;68;73;50;66;63;64;23;4;0;0;0;0;0;201839;373;0;0;0;0;0;0;0
694;贾斯廷-詹姆斯;Justin James;2;3;6;68;71;68;68;73;60;50;63;64;70;52;65;60;63;26;3;0;0;0;0;0;201940;2268;0;0;0;0;0;0;0
695;伊万-拉布;Ivan Rabb;4;3;6;62;69;57;62;71;64;68;61;63;52;40;57;66;61;26;5;0;0;0;0;0;201735;1939;0;0;0;0;0;0;0
696;尤斯蒂尼扬-杰斯普;Justinian Jessup;1;2;6;58;70;62;74;74;50;59;49;64;65;54;62;54;58;23;2;0;0;0;0;0;202051;1894;0;0;0;0;0;0;0
697;德维恩-培根;Dwayne Bacon;2;3;6;52;68;69;68;70;50;54;59;63;71;40;58;56;57;27;5;0;0;0;0;0;201740;2074;0;0;0;0;0;0;0
698;扎伊尔-史密斯;Zhaire Smith;2;0;6;66;60;69;68;61;57;56;68;60;71;49;62;58;60;23;4;0;0;0;0;0;201816;2131;0;0;0;0;0;0;0
699;德文泰-卡考克;Devontae Cacok;3;4;6;51;71;65;73;73;68;71;60;64;65;59;61;68;65;26;4;0;0;0;0;0;201800;1903;0;1;0;0;0;0;0
700;乔治斯-卡莱察基斯;Georgios Kalaitzakis;2;3;6;65;70;70;70;70;65;60;65;63;72;56;66;64;65;23;1;0;0;0;0;0;202160;1907;0;0;0;0;0;0;0
701;保罗-沃特森;Paul Watson;2;1;6;61;65;64;71;64;60;59;63;61;65;54;60;59;60;28;5;0;0;0;0;0;201700;2219;0;0;0;0;0;0;0
702;BJ-约翰逊;B.J. Johnson;3;4;7;55;65;63;59;68;62;67;60;66;64;63;58;63;61;27;4;0;0;0;0;0;201800;2258;0;0;0;0;0;0;0
703;弗兰克-杰克逊;Frank Jackson;1;2;6;62;70;75;70;72;50;52;61;63;77;50;67;57;62;24;5;0;0;0;0;0;201731;1891;0;0;0;0;0;0;0
704;布兰登-古德温;Brandon Goodwin;1;2;6;63;70;70;70;70;50;57;61;63;73;50;66;58;62;27;4;0;0;0;0;0;201800;1820;0;0;0;0;0;0;0
705;KZ-奥克帕拉;KZ Okpala;3;0;8;60;63;65;64;75;63;67;65;66;65;40;58;67;63;23;3;0;0;0;0;0;201932;811;0;0;0;0;0;0;0
706;尼克-曼尼恩;Nico Mannion;1;0;6;63;69;64;68;62;51;56;61;61;66;45;61;55;58;22;2;0;0;0;0;0;202048;2025;0;0;0;0;0;0;0
707;罗伯特-伍达德;Robert Woodard II;4;5;6;54;71;61;62;78;62;68;55;65;60;38;57;66;62;23;2;0;0;0;0;0;202040;2222;0;0;0;0;0;0;0
708;卡森-爱德华兹;Carsen Edwards;2;1;6;69;65;71;70;70;50;55;63;62;72;61;67;57;62;24;3;0;0;0;0;0;201933;1671;0;0;0;0;0;0;0
709;阿利兹-约翰逊;Alize Johnson;3;2;6;55;72;50;59;78;69;76;55;65;45;63;54;70;63;26;4;0;0;0;0;0;201850;1602;0;0;0;0;0;0;0
710;内特-辛顿;Nate Hinton;2;3;6;68;70;59;69;69;50;51;70;63;60;54;62;59;60;23;2;0;0;0;0;0;202000;2238;0;0;0;0;0;0;0
711;琼泰-波特;Jontay Porter;5;4;6;60;66;58;66;63;62;65;55;61;50;54;59;60;59;23;2;0;0;0;0;0;202000;1721;0;0;0;0;0;0;0
712;安特-日日奇;Ante Žižić;5;0;6;60;72;50;64;76;66;69;56;65;37;47;56;68;62;26;5;0;0;0;0;0;201623;2105;0;0;0;0;0;0;0
713;安东尼-托利弗;Anthony Tolliver;4;5;7;50;68;58;68;68;70;69;61;64;53;47;56;67;62;37;14;0;0;0;0;0;200726;698;0;0;0;0;0;0;0
714;雷匡-格雷;RaiQuan Gray;4;5;6;66;68;60;63;68;66;67;61;62;58;44;59;65;62;22;1;0;0;0;0;0;202159;1811;0;0;0;0;0;0;0
715;查理-布朗;Charlie Brown;2;1;6;63;68;70;75;65;55;61;60;62;72;64;66;58;62;26;3;0;0;0;0;0;201900;1740;0;0;0;0;0;0;0
716;莫马蒂-迪亚基特;Mamadi Diakite;3;4;6;55;68;64;67;74;60;60;60;63;64;45;58;62;61;25;2;0;0;0;0;0;202000;1777;0;0;0;0;0;0;0
717;丹尼尔-奥图鲁;Daniel Oturu;5;4;6;50;74;50;60;70;75;71;50;64;38;36;52;69;61;23;2;0;0;0;0;0;202033;1688;0;0;0;0;0;0;0
718;马库斯-霍华德;Markus Howard;1;0;6;65;62;68;79;66;50;50;60;61;71;65;67;54;61;23;2;0;0;0;0;0;202000;1869;0;0;0;0;0;0;0
719;彼得-科尔纳利;Petr Cornelie;4;3;6;50;72;58;66;67;64;63;61;63;53;43;56;62;59;27;1;0;0;0;0;0;201653;1920;0;0;0;0;0;0;0
720;韦恩-塞尔登;Wayne Selden Jr.;2;3;6;60;74;76;64;80;45;45;72;66;77;39;65;60;63;28;5;0;0;0;0;0;201600;2111;0;0;0;0;0;0;0
721;克里斯蒂亚诺-费利西奥;Cristiano Felicio;5;4;6;59;71;50;64;78;63;72;53;65;38;47;56;68;62;30;7;0;0;0;0;0;201500;461;0;0;0;0;0;0;0
722;凯勒-马丁;Kelan Martin ;3;2;7;52;71;65;69;70;61;62;45;66;65;48;59;56;59;27;4;0;0;0;0;0;201800;601;0;0;0;0;0;0;0
723;马库斯-加勒特;Marcus Garrett;2;1;6;68;70;76;64;75;45;45;71;64;77;42;66;58;62;23;1;0;0;0;0;0;202100;1884;0;0;0;0;0;0;0
724;德万-埃尔南德斯;Dewan Hernandez;5;4;6;50;65;50;66;72;76;77;54;63;38;43;51;73;63;26;3;0;0;0;0;0;201959;1648;0;0;0;0;0;0;0
725;卡里姆-马内;Karim Mané;1;2;6;64;60;63;67;63;53;62;63;60;66;40;59;58;59;22;2;0;0;0;0;0;202000;2005;0;0;0;0;0;0;0
726;贾雷尔-布兰特利;Jarrell Brantley;4;0;6;50;69;60;59;72;66;70;45;63;58;31;53;64;59;26;3;0;0;0;0;0;201950;1738;0;0;0;0;0;0;0
727;罗卡斯-约库贝蒂斯;Rokas Jokubaitis;1;2;6;72;70;70;72;65;50;45;66;62;73;62;70;54;63;21;1;0;0;0;0;0;202134;5001;0;0;0;0;0;0;0
728;纳兹-米特鲁-朗;Naz Mitrou-Long;2;1;7;61;61;68;60;64;63;64;59;62;70;33;57;60;58;29;7;0;0;0;0;0;201500;2038;0;0;0;0;0;0;0
729;泰肖恩-亚历山大;Ty-Shon Alexander;1;2;6;64;58;61;60;67;57;64;61;60;64;32;55;61;58;24;2;0;0;0;0;0;202000;2252;0;0;0;0;0;0;0
730;查森-兰德尔;Chasson Randle;1;2;6;64;63;63;63;64;59;63;66;61;66;36;59;62;60;30;7;0;0;0;0;0;201500;1952;0;0;0;0;0;0;0
731;贾斯汀-巴顿;Justin Patton;5;4;7;52;71;50;60;75;61;75;56;69;39;36;53;68;61;25;5;0;0;0;0;0;201716;363;0;0;0;0;0;0;0
732;克里斯-奇奥萨;Chris Chiozza;1;2;6;70;70;71;76;70;60;61;67;63;74;65;72;64;68;27;4;0;0;0;0;0;201800;2096;0;1;0;0;0;0;0
733;阿诺达斯-库尔博卡;Arnoldas Kulboka;3;0;6;71;71;60;72;75;73;71;70;64;60;65;66;73;71;24;1;0;0;0;0;0;201855;1163;0;0;0;0;0;0;0
734;凯文-潘戈斯;Kevin Pangos;1;2;6;72;75;74;76;64;50;49;60;63;76;66;74;53;64;29;1;0;0;0;0;0;202100;2071;0;0;0;0;0;0;0
735;阿什顿-黑根斯;Ashton Hagans;2;3;6;63;59;65;66;63;58;62;66;60;66;40;58;60;59;23;2;0;0;0;0;0;202000;1845;0;0;0;0;0;0;0
736;巴尔萨-科普里维察;Balsa Koprivica;5;0;6;50;73;50;64;75;75;72;45;65;39;41;53;70;62;22;1;0;0;0;0;0;202157;1925;0;0;0;0;0;0;0
737;马特-穆尼;Matthew Mooney;2;1;6;63;59;59;63;63;61;60;66;60;60;37;54;61;57;26;3;0;0;0;0;0;201900;2052;0;0;0;0;0;0;0
738;安热伊斯-帕塞奇尼克斯;Anzejs Pasecniks;5;4;6;52;72;62;64;68;57;67;51;63;60;44;59;59;59;27;5;0;0;0;0;0;201725;2069;0;0;0;0;0;0;0
739;马尔科姆-米勒;Malcolm Miller;2;3;6;60;68;61;64;69;61;60;59;63;62;39;57;60;58;29;3;0;0;0;0;0;201900;2036;0;0;0;0;0;0;0
740;钱德勒-哈奇森;Chandler Hutchison;3;4;6;60;65;61;61;69;61;59;63;62;61;35;55;61;59;26;4;0;0;0;0;0;201822;1830;0;0;0;0;0;0;0
741;诺维尔-佩莱;Norvel Pelle;4;3;6;50;70;50;62;66;62;75;55;62;43;36;50;64;57;30;8;0;0;0;0;0;201400;2075;0;0;0;0;0;0;0
742;维克-劳;Vic Law;3;2;6;58;66;59;73;62;59;59;55;61;58;62;60;55;58;27;3;0;0;0;0;0;201900;1956;0;0;0;0;0;0;0
743;谢米-奥杰莱;Semi Ojeleye;4;5;6;57;71;52;54;77;62;73;61;65;45;54;54;69;62;28;5;0;0;0;0;0;201737;1682;0;0;0;0;0;0;0
744;雷吉-佩里;Reggie Perry;5;4;7;59;74;55;59;68;62;65;50;66;47;38;57;60;59;22;2;0;0;0;0;0;202057;1386;0;0;0;0;0;0;0
745;RJ-内姆布哈德;RJ Nembhard Jr.;2;1;6;66;65;70;69;70;59;63;68;62;72;33;61;64;63;23;1;0;0;0;0;0;202100;1349;0;0;0;0;0;0;0
746;杰雷米亚-马丁;Jeremiah Martin;2;1;6;65;59;68;56;64;59;60;72;60;70;33;57;63;60;26;3;0;0;0;0;0;201900;1995;0;0;0;0;0;0;0
747;杰伦-勒丘;Jalen Lecque;2;1;6;63;64;61;63;64;59;61;63;61;62;37;56;60;58;22;3;0;0;0;0;0;201900;1958;0;0;0;0;0;0;0
748;约什-哈尔;Josh Hall;3;4;6;64;60;64;63;60;60;64;59;60;64;39;57;58;58;22;2;0;0;0;0;0;202000;1824;0;0;0;0;0;0;0
749;达顿-霍姆斯;Daulton Hommes;4;3;6;59;68;59;65;70;65;64;56;63;54;44;58;63;60;26;1;0;0;0;0;0;202100;1873;0;0;0;0;0;0;0
750;贾斯廷-赖特-福尔曼;Justin Wright-Foreman;1;2;6;70;63;68;64;59;56;56;55;60;71;39;63;52;58;25;3;0;0;0;0;0;201953;1951;0;0;0;0;0;0;0
751;贾斯廷-罗宾逊;Justin Robinson;1;2;6;62;61;61;63;61;60;61;57;60;64;34;56;56;56;25;4;0;0;0;0;0;201800;1979;0;0;0;0;0;0;0
752;乔丹-麦克雷;Jordan McRae;2;1;7;66;68;50;64;63;62;63;59;63;46;39;53;59;56;31;7;0;0;0;0;0;201458;1290;0;0;0;0;0;0;0
753;伊格纳斯-布拉兹代基斯;Ignas Brazdeikis;3;0;6;56;70;64;69;71;56;60;67;63;64;52;60;62;62;24;3;0;0;0;0;0;201947;1734;0;0;0;0;0;0;0
754;威尔-马格奈;Will Magnay;5;0;6;52;62;57;66;64;62;68;53;61;50;43;53;61;57;24;4;0;0;0;0;0;201800;1998;0;0;0;0;0;0;0
755;内特-达林;Nate Darling;1;2;6;62;58;65;65;64;53;54;63;60;68;37;58;56;57;24;2;0;0;0;0;0;202000;1754;0;0;0;0;0;0;0
756;迈尔斯-鲍威尔;Myles Powell;1;2;6;65;66;69;72;70;60;61;66;62;72;56;66;64;65;23;2;0;0;0;0;0;202000;1704;0;0;0;0;0;0;0
757;雅各布-埃文斯;Jacob Evans;2;3;6;59;61;73;62;62;50;45;56;60;74;34;58;49;54;25;4;0;0;0;0;0;201828;1657;0;0;0;0;0;0;0
758;安东尼斯-克利夫兰;Antonius Cleveland;2;1;6;79;57;64;54;61;57;58;66;59;65;33;58;58;58;29;5;0;0;0;0;0;201700;1929;0;0;0;0;0;0;0
759;尼科勒-梅利;Nicolo Melli;4;3;6;59;61;63;60;65;65;67;59;61;61;35;55;63;59;32;9;0;0;0;0;0;201300;1301;0;0;0;0;0;0;0
760;塔科-法尔;Tacko Fall;5;0;6;50;75;55;65;76;72;77;53;65;49;43;57;73;65;27;3;0;0;0;0;0;201900;958;0;0;0;0;0;0;0
761;艾伦-亨利;Aaron Henry;3;4;6;57;66;60;57;63;62;64;63;61;60;31;52;61;57;23;1;0;0;0;0;0;202100;1850;0;0;0;0;0;0;0
762;马尔科-古杜里奇;Marko Guduric;2;3;6;61;61;64;60;65;60;62;60;61;65;33;55;59;57;27;5;0;0;0;0;0;201700;1821;0;0;0;0;0;0;0
763;樊尚-普瓦里耶;Vincent Poirier;4;5;6;56;60;50;60;75;55;75;45;62;43;35;49;62;56;29;3;0;0;0;0;0;201900;2093;0;0;0;0;0;0;0
764;马里亚尔-沙约克;Marial Shayok;2;3;6;64;58;59;68;62;57;58;64;60;60;44;56;58;57;27;3;0;0;0;0;0;201954;2120;0;0;0;0;0;0;0
765;格雷格-惠廷顿;Greg Whittington;3;4;6;58;59;64;63;64;61;61;64;60;64;37;54;60;58;29;2;0;0;0;0;0;201500;1867;0;0;0;0;0;0;0
766;雷-斯波尔丁;Ray Spalding;3;4;6;59;62;58;66;59;57;64;53;60;54;41;54;54;55;25;4;0;0;0;0;0;201856;2132;0;0;0;0;0;0;0
767;罗伯特-弗兰克斯;Robert Franks;4;5;6;60;65;59;60;68;67;60;54;62;54;36;55;61;58;26;2;0;0;0;0;0;201900;1790;0;0;0;0;0;0;0
768;里安-阿尔奇迪亚科诺;Ryan Arcidiacono;2;1;6;68;70;72;74;72;49;51;63;63;73;64;69;57;64;28;5;0;0;0;0;0;201600;754;0;0;0;0;0;0;0
769;戴维达斯-西尔维迪斯;Deividas Sirvydis;3;2;6;61;62;64;63;65;55;63;60;61;64;39;56;58;58;22;3;0;0;0;0;0;201937;2227;0;0;0;0;0;0;0
770;卡姆-雷诺兹;Cameron Reynolds;3;2;6;61;64;60;59;63;59;59;62;61;60;34;54;58;57;28;3;0;0;0;0;0;201900;1959;0;0;0;0;0;0;0
771;威廉-霍华德;William Howard;3;2;6;59;63;60;56;69;59;65;60;62;60;31;52;61;58;29;7;0;0;0;0;0;201500;1870;0;0;0;0;0;0;0
772;托尼-布拉德利;Tony Bradley;5;4;6;52;77;54;57;76;68;76;53;66;46;30;54;71;63;25;5;0;0;0;0;0;201728;1730;0;0;0;0;0;0;0
773;乔纳森-莫特利;Johnathan Motley;3;2;6;59;60;59;60;63;59;60;58;60;58;34;52;57;55;27;5;0;0;0;0;0;201700;2045;0;0;0;0;0;0;0
774;杰伦-亚当斯;Jaylen Adams;1;2;6;63;60;59;64;60;53;54;64;60;61;35;56;55;55;26;4;0;0;0;0;0;201800;2246;0;0;0;0;0;0;0
775;尼格尔-威廉姆斯-戈斯;Nigel Williams-Goss;1;2;6;64;64;62;60;63;59;59;58;61;65;33;57;57;57;28;5;0;0;0;0;0;201755;2187;0;0;0;0;0;0;0
776;小扎克-诺维尔;Zach Norvell;2;3;6;60;60;64;56;66;59;60;64;61;65;33;54;60;57;25;4;0;0;0;0;0;201800;2063;0;0;0;0;0;0;0
777;塔里克-欧文斯;Tariq Owens;3;4;6;58;60;60;63;64;59;61;64;60;60;37;53;60;57;27;5;0;0;0;0;0;201700;2064;0;0;0;0;0;0;0
778;梅尔文-弗雷泽;Melvin Frazier;2;3;7;69;69;60;64;63;60;59;70;64;61;41;60;62;61;26;4;0;0;0;0;0;201835;1793;0;0;0;0;0;0;0
779;雷琼-塔克;Rayjon Tucker;2;3;6;62;64;73;69;70;61;60;73;62;74;50;64;66;65;25;3;0;0;0;0;0;201900;2152;0;0;0;0;0;0;0
780;杰里米-帕戈;Jeremy Pargo;1;2;6;63;64;61;57;63;57;58;56;61;64;32;56;55;55;36;13;0;0;0;0;0;200900;1375;0;0;0;0;0;0;0
781;亚卡尔-桑普森;Jakarr Sampson;4;3;6;53;69;55;64;69;59;59;53;63;49;40;54;58;56;29;8;0;0;0;0;0;201400;2116;0;0;0;0;0;0;0
782;凯尔-盖伊;Kyle Guy;1;2;6;60;80;81;81;71;51;58;60;65;82;68;75;58;67;25;3;0;0;0;0;0;201955;1802;0;0;0;0;0;0;0
783;埃利-奥科博;Elie Okobo;2;3;6;62;60;61;59;69;60;60;59;61;62;32;54;60;56;25;4;0;0;0;0;0;201831;1683;0;0;0;0;0;0;0
784;詹姆斯-农纳利;James Nunnally;3;4;6;57;60;61;62;63;60;62;59;60;61;35;53;58;56;32;5;0;0;0;0;0;201300;1363;0;0;0;0;0;0;0
785;JP-马楚拉;J.P. Macura;2;1;6;63;79;58;54;60;57;57;62;63;58;31;55;56;56;27;4;0;0;0;0;0;201800;1993;0;0;0;0;0;0;0
786;贾里德-哈珀;Jared Harper;1;2;7;72;59;69;66;71;59;59;65;63;72;42;64;63;64;25;3;0;0;0;0;0;201900;489;0;0;0;0;0;0;0
787;阿克塞尔-图帕内;Axel Toupane;2;3;6;57;58;60;57;70;63;62;60;61;61;32;51;62;56;30;2;0;0;0;0;0;202000;2165;0;1;0;0;0;0;0
788;乔丹-博恩;Jordan Bone;2;1;6;68;59;61;57;58;59;59;58;59;62;32;55;55;55;25;3;0;0;0;0;0;201957;1726;0;0;0;0;0;0;0
789;马奎斯-博尔登;Marques Bolden;5;4;6;56;62;56;56;63;62;71;61;60;49;30;51;63;57;24;3;0;0;0;0;0;201900;1727;0;0;0;0;0;0;0
790;布赖恩-鲍恩二世;Brian Bowen II;3;2;6;58;66;59;56;70;61;59;55;62;58;31;52;59;56;24;2;0;0;0;0;0;202000;1703;0;0;0;0;0;0;0
791;凯文-赫维;Kevin Hervey;3;2;6;58;70;60;61;63;59;60;55;62;60;35;55;56;56;26;4;0;0;0;0;0;201857;1844;0;0;0;0;0;0;0
792;约什-格雷;Josh Gray;1;2;6;66;58;58;54;64;56;58;74;60;60;31;53;63;58;29;6;0;0;0;0;0;201600;1812;0;0;0;0;0;0;0
793;贾里德-杜德利;Jared Dudley;3;2;6;59;59;60;56;63;59;61;70;60;60;31;51;61;57;37;15;0;0;0;0;0;200722;945;0;1;0;0;0;0;0
794;德翁特-伯顿;Deonte Burton;2;3;6;63;58;71;66;65;62;67;67;59;61;32;57;64;60;29;5;0;0;0;0;0;201700;1724;0;0;0;0;0;0;0
795;肯尼-伍滕;Kenny Wooten;3;4;6;61;59;60;61;65;59;59;55;60;60;35;53;56;55;24;3;0;0;0;0;0;201900;718;0;0;0;0;0;0;0
796;凯尔-亚历山大;Kyle Alexander;3;4;6;61;65;60;61;61;59;59;55;61;60;37;55;55;56;26;3;0;0;0;0;0;201900;2249;0;0;0;0;0;0;0
797;约什-里夫斯;Josh Reaves;2;3;6;59;73;60;56;62;59;59;56;62;61;32;54;55;55;25;3;0;0;0;0;0;201900;1963;0;0;0;0;0;0;0
798;乔纳森-威廉姆斯;Johnathan Williams;4;3;6;58;59;58;57;63;58;63;54;60;53;30;51;57;54;27;4;0;0;0;0;0;201800;2189;0;0;0;0;0;0;0
799;阿朗佐-特里尔;Allonzo Trier;2;1;6;64;58;61;57;62;57;58;60;60;62;32;53;56;55;27;4;0;0;0;0;0;201800;2162;0;0;0;0;0;0;0
800;马利克-纽曼;Malik Newman;2;1;6;57;58;58;58;62;57;57;71;60;58;31;50;60;55;25;4;0;0;0;0;0;201800;2060;0;0;0;0;0;0;0
801;泽尔-奇特汉;Zylan Cheatham;3;2;6;64;58;57;54;64;59;61;61;60;56;31;50;59;55;27;5;0;0;0;0;0;201700;2097;0;0;0;0;0;0;0
802;格雷格-门罗;Greg Monroe;5;0;6;70;76;50;72;82;68;76;60;67;41;69;65;74;70;32;12;0;0;0;0;0;201007;275;0;0;0;0;0;0;0
803;以赛亚-托马斯;Isaiah Thomas;1;0;7;73;75;78;80;70;60;60;72;69;80;70;78;66;73;33;11;0;0;0;0;0;201160;71;0;0;0;0;0;0;0
804;兰斯-斯蒂芬森;Lance Stephenson;2;3;7;70;79;76;78;79;52;73;70;69;77;70;75;70;73;32;12;0;0;0;0;0;201040;675;0;0;0;0;0;0;0
805;马尔科姆-希尔;Malcolm Hill;4;3;6;51;70;65;68;73;62;71;61;64;64;48;59;67;63;27;1;0;0;0;0;0;201700;1569;0;0;0;0;0;0;0
806;乔丹-舍克尔;Jordan Schakel;2;3;6;73;66;71;65;71;70;71;71;63;72;45;65;72;68;24;1;0;0;0;0;0;202100;1443;0;0;0;0;0;0;0
807;费伦-昆都;Feron Hunt;3;4;6;67;67;71;70;70;72;72;72;63;71;62;67;72;70;23;1;0;0;0;0;0;202100;1172;0;0;0;0;0;0;0
808;杰夫-道丁;Jeff Dowtin;2;3;6;67;68;65;61;65;66;63;62;62;66;37;59;62;61;18;2;0;0;0;0;0;202000;1764;0;0;0;0;0;0;0
809;加布里埃尔-伦德伯格;Gabriel Lundberg;2;1;6;73;68;68;69;70;71;72;67;63;70;61;67;70;69;28;1;0;0;0;0;0;201600;1976;0;0;0;0;0;0;0
810;奎因达里-韦瑟斯庞;Quinndary Weatherspoon;1;2;6;71;69;67;70;72;48;51;61;63;70;55;67;56;62;26;1;0;0;0;0;0;201949;2199;0;1;0;0;0;0;0
811;摩西-赖特;Moses Wright;2;3;6;67;65;70;73;67;68;68;66;62;72;63;66;67;67;24;1;0;0;0;0;0;202100;5001;0;0;0;0;0;0;0
812;达文-里德;Davon Reed;2;1;6;63;74;78;76;74;60;67;70;65;78;65;71;68;70;27;5;0;0;0;0;0;201732;1962;0;0;0;0;0;0;0
813;蒂龙-华莱士;Tyrone Wallace;2;3;6;72;78;74;83;76;45;57;56;66;75;74;76;56;67;28;5;0;0;0;0;0;201660;1052;0;0;0;0;0;0;0
814;DJ-斯图尔特;D.J. Stewart;2;3;6;71;70;67;68;65;70;72;73;62;69;55;65;70;68;23;1;0;0;0;0;0;202100;1470;0;0;0;0;0;0;0
815;布拉克斯顿-基;Braxton Key;2;3;6;67;73;73;73;66;71;66;73;63;74;64;70;69;69;26;2;0;0;0;0;0;202000;1071;0;0;0;0;0;0;0
816;布兰顿-威廉姆斯;Brandon Williams;1;2;6;73;71;70;67;67;67;69;68;63;73;50;69;68;68;23;2;0;0;0;0;0;202000;2181;0;0;0;0;0;0;0
817;扎维尔-辛普森;Zavier Simpson;2;1;6;70;71;73;73;75;70;77;75;64;74;64;70;77;73;26;2;0;0;0;0;0;202000;1581;0;0;0;0;0;0;0
818;德文-坎纳迪;Devin Cannady;2;1;6;65;68;66;69;66;71;72;66;62;68;52;63;68;65;26;3;0;0;0;0;0;201900;1915;0;0;0;0;0;0;0
819;卢卡-维尔多萨;Luca Vildoza;2;1;6;68;66;71;73;66;70;68;68;62;72;63;68;68;68;27;1;0;0;0;0;0;201700;2201;0;0;0;0;0;0;0
820;加比-约克;Gabe York;1;2;6;69;71;65;66;68;70;73;73;63;68;41;64;72;68;29;1;0;0;0;0;0;202100;5001;0;0;0;0;0;0;0
821;肯尼迪-钱德勒;Kennedy Chandler;1;0;6;71;71;64;58;73;59;66;74;64;66;40;62;70;65;19;0;0;0;0;0;0;202238;1405;0;0;0;0;0;0;0
822;伊斯梅尔-卡马盖特;Ismael Kamagate;5;0;7;51;77;50;65;74;72;68;64;68;41;47;56;71;64;21;0;0;0;0;0;0;202246;1110;0;0;0;0;0;0;0
823;曾凡博;Zeng Fanbo;3;4;7;58;69;72;68;71;71;71;57;65;72;50;63;67;66;19;0;0;0;0;0;0;202200;421;0;0;0;0;0;0;0
824;张镇麟;Kevin Zhang;3;4;7;66;78;69;70;75;56;78;50;68;70;63;69;64;67;23;0;0;0;0;0;0;202200;744;0;0;0;0;0;0;0
825;郭昊文;Guo Haowen;2;1;7;70;68;71;73;68;58;68;67;64;72;64;69;65;67;22;0;0;0;0;0;0;202200;482;0;0;0;0;0;0;0
826;余嘉豪;Yu Jiahao;5;0;7;55;72;58;68;70;78;73;50;66;52;58;61;71;66;19;0;0;0;0;0;0;202200;735;0;0;0;0;0;0;0
827;谢里夫-奥尼尔;Shareef O'Neal;4;0;7;59;73;63;65;71;68;71;58;66;61;48;62;67;65;22;0;0;0;0;0;0;202200;1685;0;0;0;0;0;0;0
828;加布里埃莱-普罗奇达;Gabriele Procida;2;0;7;59;71;73;71;70;59;63;67;66;74;57;66;64;65;20;0;0;0;0;0;0;202236;2092;0;0;0;0;0;0;0
829;哈利法-迪奥普;Khalifa Diop;4;5;6;53;70;60;67;77;70;71;55;64;58;48;58;70;64;20;0;0;0;0;0;0;202239;1773;0;0;0;0;0;0;0
830;马泰奥-斯帕尼奥洛;Matteo Spagnolo;1;0;6;73;70;66;66;69;56;60;65;63;69;45;66;62;64;19;0;0;0;0;0;0;202250;2144;0;0;0;0;0;0;0
831;卡洛-马特科维奇;Karlo Matkovic;4;5;6;58;76;59;61;72;63;69;57;65;56;38;58;65;62;21;0;0;0;0;0;0;202252;2008;0;0;0;0;0;0;0
832;扬尼克-恩佐萨;Yannick Nzosa;5;0;6;53;72;61;66;73;67;73;56;64;58;51;60;69;64;18;0;0;0;0;0;0;202254;1786;0;0;0;0;0;0;0
833;桂-桑托斯;Gui Santos;3;4;6;57;66;65;61;71;69;71;65;63;65;36;56;69;63;22;0;0;0;0;0;0;202255;2117;0;0;0;0;0;0;0
834;卢克-特拉弗斯;Luke Travers;2;3;6;69;64;68;71;68;56;61;70;62;70;61;66;63;65;20;0;0;0;0;0;0;202256;2158;0;0;0;0;0;0;0
835;雨果-贝松;Hugo Besson;1;2;6;72;60;69;65;68;56;59;67;61;72;40;64;62;63;21;0;0;0;0;0;0;202258;1708;0;0;0;0;0;0;0
836;小迈克尔-福斯特;Michael Foster Jr.;4;0;6;58;70;63;63;70;70;66;65;63;61;41;59;68;63;22;0;0;0;0;0;0;202200;1798;0;0;0;0;0;0;0
837;阿隆德斯-威廉姆斯;Alondes Williams;1;2;6;73;71;63;70;70;59;60;63;66;66;60;68;62;65;23;0;0;0;0;0;0;202200;1519;0;0;0;0;0;0;0
838;基马-莫内克;Chima Moneke;4;0;6;55;73;72;71;78;72;77;61;65;71;62;66;74;71;26;0;0;0;0;0;0;202200;1332;0;0;0;0;0;0;0
839;乔丹-霍尔;Jordan Hall;2;0;6;60;69;76;73;66;58;63;76;62;77;62;68;66;67;20;0;0;0;0;0;0;202200;1868;0;0;0;0;0;0;0
840;德瑞-西伯恩;Dereon Seabron;2;1;6;73;65;71;65;71;56;68;77;62;72;46;65;69;67;22;0;0;0;0;0;0;202200;1565;0;0;0;0;0;0;0
