No;name;nameBirth;positionFirst;positionSecond;potential;skillPass;skillShotInterior;skillShotExterior;skillShotFree;skillPhysique;skillBlock;skillRebound;skillSteal;tendencyIn;tendencyEx;tendencyFr;ATT;DEF;Ranks;age;yearsLeague;draft;image
1;乔-福尔克斯;Joe Fulks;4;0;8;75;81;79;80;76;71;72;71;72;78;75;81;74;77;25;1947;194700;5001
2;豪威尔-达尔玛;Howie Dallmar;4;3;7;60;78;66;70;79;77;77;62;69;66;63;68;77;73;24;1947;194700;5001
3;厄尔尼-卡尔费里;Ernie Calverley;1;0;7;80;63;74;76;75;60;64;74;65;76;67;75;70;73;23;1947;194700;5001
4;哈里-盖拉汀;Harry Gallatin;4;5;7;59;79;63;68;78;75;77;62;69;63;61;67;76;71;20;1947;194700;5001
5;马克斯-扎斯洛夫斯基;Max Zaslofsky;2;0;8;64;73;80;77;73;63;66;64;67;80;66;73;66;70;22;1947;194700;5001
6;格伦-塞尔博;Glen Selbo;2;3;6;62;70;75;75;71;58;59;66;63;76;64;69;63;66;21;1947;194702;5001
7;鲍勃斯-埃勒斯;Bulbs Ehlers;3;2;6;67;70;68;72;72;58;65;61;63;69;64;67;63;66;23;1947;194703;5001
8;迪克-霍拉勃;Dick Holub;5;0;7;60;77;57;58;77;73;75;61;66;58;53;62;74;68;26;1947;194705;5001
9;奇科-克洛西;Chink Crossin;1;2;6;75;58;69;70;72;59;59;71;61;72;60;69;66;67;24;1947;194706;5001
10;保罗-哈斯顿;Paul Huston;4;3;6;57;76;61;64;75;72;70;55;65;62;57;62;69;66;22;1947;194708;5001
11;迪克-奥克非;Dick O'Keefe;3;2;7;54;68;73;77;70;62;61;65;63;74;63;66;63;65;24;1947;194709;5001
12;汉克-比亚萨蒂;Hank Biasatti;2;1;6;54;68;73;77;70;62;61;65;63;74;63;65;63;65;25;1947;194712;5001
13;本-沙德勒;Ben Schadler;3;4;6;54;68;73;77;70;62;61;65;63;74;63;66;63;65;23;1947;194713;5001
14;佛瑞兹-纳吉;Fritz Nagy;3;2;6;54;68;73;77;70;62;61;65;63;70;63;65;63;65;25;1947;194716;5001
15;鲍勃-哈伯德;Bob Hubbard;5;4;6;69;43;47;74;64;64;64;77;64;64;45;55;65;60;25;1947;194717;5001
16;瑞德-洛卡;Red Rocha;5;0;7;54;68;73;77;70;62;61;65;63;74;63;67;63;65;24;1947;194719;5001
17;杰克-廷格;Jack Tingle;3;4;6;65;61;52;56;65;71;68;65;61;75;50;57;66;62;23;1947;194720;5001
18;杰纳-斯塔姆普;Gene Stump;3;2;6;60;52;65;74;62;55;51;51;55;62;52;57;50;54;22;1947;194722;5001
19;吉米-达登;Jimmy Darden;1;2;6;55;54;65;45;51;55;57;57;68;42;64;51;50;51;25;1947;194723;5001
20;安迪-菲利浦;Andy Phillip;1;2;8;58;75;82;76;77;60;60;71;68;82;64;72;68;70;25;1947;194743;5001
21;吉姆-波拉德;Jim Pollard;4;5;7;62;78;64;70;79;77;73;60;69;64;64;68;75;72;26;1947;194760;5001
22;乔治-迈肯;George Mikan;5;4;10;69;86;52;76;80;80;84;55;78;54;74;73;81;77;24;1948;194800;57
23;鲍伯-戴维斯;Bob Davies;2;3;8;67;76;79;74;76;58;66;63;68;79;65;73;65;70;29;1948;194800;5001
24;安迪-唐克维奇;Andy Tonkovich;1;2;7;54;71;76;74;69;60;56;63;63;77;61;66;60;64;26;1948;194801;5001
25;多尔夫-谢伊斯;Dolph Schayes;4;5;9;67;85;71;77;79;82;79;67;74;70;72;76;81;79;20;1948;194804;79
26;埃德-迈肯;Ed Mikan;5;0;6;60;75;54;61;76;73;74;59;65;55;56;61;73;68;23;1948;194805;5001
27;瓦尔特-布科;Walt Budko;4;5;7;55;74;58;67;73;69;71;55;64;59;59;61;68;65;23;1948;194806;5001
28;瓦尔德-威廉姆斯;Ward Williams;3;4;7;55;75;58;66;77;72;70;54;65;59;58;59;68;65;25;1948;194808;5001
29;鲍比-温泽尔;Bobby Wanzer;2;1;8;61;75;81;76;74;66;64;69;67;81;65;72;69;71;27;1948;194810;5001
30;唐-雷;Don Ray;4;5;6;61;75;54;59;75;76;75;62;65;55;54;60;74;67;28;1948;194811;5001
31;杰克-尼古拉斯;Jack Nichols;5;4;7;55;78;62;64;80;81;79;67;69;62;58;65;81;73;22;1948;194812;5001
32;艾尔-塞尔维;Al Cervi;2;3;6;62;71;74;73;72;60;53;66;64;75;62;68;62;65;32;1949;194900;5001
33;艾德-麦考雷;Ed Macauley;5;4;8;62;84;66;68;79;83;85;68;74;65;64;72;84;78;21;1949;194905;5001
34;豪威尔-香农;Howie Shannon;3;4;6;66;68;69;72;70;58;59;60;63;70;64;67;59;64;25;1949;194906;5001
35;艾利克斯-戈洛加;Alex Groza;5;0;7;55;78;59;63;82;78;79;63;70;59;57;63;80;72;23;1949;194907;5001
36;迪克-麦克奎尔;Dick McGuire;1;2;7;80;67;77;73;75;67;67;74;66;79;64;76;73;75;24;1949;194908;5001
37;鲍伯-哈里斯;Bob Harris;4;5;6;55;75;59;64;73;70;72;56;65;60;56;61;69;65;22;1949;194908;5001
38;沃恩-加德纳;Vern Gardner;5;4;6;61;75;53;59;75;76;76;62;65;54;54;60;75;68;24;1949;194909;5001
39;罗恩-利文斯通;Ron Livingstone;5;0;6;62;76;53;59;76;77;73;62;65;54;55;61;75;68;24;1949;194910;5001
40;佩普-索尔;Pep Saul;2;3;7;64;73;82;76;76;61;59;72;67;82;66;74;68;71;25;1949;194912;5001
41;托尼-拉维利;Tony Lavelli;4;0;6;57;74;58;65;76;68;68;55;65;59;57;61;68;64;23;1949;194917;5001
42;杰克-凯利斯;Jack Kerris;5;4;6;62;76;55;61;73;77;77;62;65;56;57;62;75;69;25;1949;194922;5001
43;斯拉特尔-马丁;Slater Martin;1;0;6;74;61;71;72;68;59;59;66;61;74;62;70;62;67;24;1949;194932;5001
44;恰克-沙雷;Chuck Share;5;4;7;57;82;60;65;79;80;79;66;70;60;60;66;80;74;24;1950;195001;5001
45;唐-莱菲尔德特;Don Rehfeldt;4;0;6;54;76;59;65;75;69;72;53;65;60;57;61;68;65;24;1950;195002;5001
46;保罗-阿里金;Paul Arizin;3;2;10;75;78;82;78;76;68;77;70;71;80;72;80;74;78;22;1950;195003;14
47;鲍勃-库西;Bob Cousy;1;2;10;88;85;82;79;73;45;67;77;72;83;74;87;68;79;22;1950;195004;43
48;迪克-施尼特凯;Dick Schnittker;4;3;7;58;82;63;68;82;73;74;62;71;63;61;67;76;72;22;1950;195005;5001
49;拉里-福斯特;Larry Foust;5;4;8;57;80;58;67;78;78;80;64;69;58;61;65;79;73;22;1950;195006;5001
50;乔治-亚德利;George Yardley;3;2;9;72;73;75;73;76;63;67;67;67;75;67;73;68;72;22;1950;195008;5001
51;鲍伯-拉沃伊;Bob Lavoy;5;0;6;59;75;55;58;75;77;73;61;65;56;53;60;74;68;24;1950;195009;5001
52;乔-麦克纳米;Joe McNamee;4;5;6;57;74;59;67;74;69;71;55;65;60;59;62;68;65;24;1950;195010;5001
53;凯文-奥谢;Kevin O'Shea;1;2;6;75;59;69;70;68;61;61;69;61;72;60;69;64;67;25;1950;195011;5001
54;唐-洛夫格兰;Don Lofgran;4;5;6;57;75;58;67;77;68;72;57;65;59;59;62;70;66;21;1950;195012;5001
55;比尔-沙曼;Bill Sharman;2;1;10;68;78;84;82;75;52;71;66;71;83;72;79;66;73;24;1950;195017;69
56;奈伊尔-约翰斯顿;Neil Johnston;5;0;9;66;83;64;70;78;85;85;71;73;63;67;72;85;79;22;1951;195100;5001
57;迈尔-哈特金斯;Mel Hutchins;4;5;8;56;75;60;65;73;70;71;56;65;61;57;61;68;65;23;1951;195102;5001
58;齐克-希尼克拉;Zeke Sinicola;2;1;6;62;72;76;76;68;62;58;66;63;77;65;70;62;66;23;1951;195104;5001
59;约翰-麦克纳西;John McConathy;4;3;6;53;77;58;65;77;70;72;55;66;59;57;61;70;66;21;1951;195105;5001
60;艾德-史密斯;Ed Smith;3;0;6;57;75;61;66;73;72;70;56;65;62;58;61;67;65;22;1951;195106;5001
61;厄尔尼-巴雷特;Ernie Barrett;2;3;6;57;71;77;75;71;58;60;65;63;77;63;68;62;65;23;1951;195107;5001
62;萨姆-兰兹诺;Sam Ranzino;2;0;6;74;62;69;68;70;61;61;71;62;72;58;67;66;66;23;1951;195108;5001
63;唐-山德拉奇;Don Sunderlage;1;2;7;82;65;77;74;75;58;61;73;65;79;66;77;68;73;24;1951;195109;5001
64;杰克-凯利;Jack Kiley;2;1;6;56;71;73;75;70;58;61;64;63;74;63;66;62;64;23;1951;195114;5001
65;唐-萨维奇;Don Savage;3;2;6;54;75;61;63;77;68;72;54;65;62;55;59;68;64;23;1951;195115;5001
66;雷-拉奇里斯;Ray Ragelis;3;0;6;54;75;60;63;74;69;71;54;65;61;55;59;66;63;23;1951;195118;5001
67;迈尔-佩顿;Mel Payton;3;0;6;53;73;59;64;74;69;72;57;64;60;56;58;68;63;25;1951;195119;5001
68;卢-希澈;Lew Hitch;4;0;7;60;77;56;60;75;74;74;59;65;57;55;61;72;67;22;1951;195120;5001
69;杰克-芬德利;Jake Fendley;2;1;6;53;70;75;77;69;58;60;65;63;76;63;66;62;64;22;1951;195124;5001
70;巴图-戈维达里察;Bato Govedarica;1;0;6;54;68;74;76;71;62;56;64;63;75;63;66;62;64;25;1951;195125;5001
71;弗莱德-久特;Fred Diute;1;2;6;76;62;69;70;69;58;61;71;61;72;60;69;65;67;22;1951;195128;5001
72;吉姆-斯劳特;Jim Slaughter;5;0;6;58;77;55;58;77;75;73;61;66;56;53;61;74;68;23;1951;195132;5001
73;比尔-托斯赫夫;Bill Tosheff;2;1;6;57;68;75;76;71;62;61;67;63;76;63;67;65;66;25;1951;195133;5001
74;埃尔摩尔-比恩克;Elmer Behnke;5;0;6;62;76;57;59;74;76;77;60;65;58;55;62;75;69;22;1951;195138;5001
75;约翰-雷尼克;John Rennicke;1;2;6;73;62;71;69;71;59;58;69;62;74;59;69;64;67;22;1951;195152;5001
76;吉姆-路易西;Jim Luisi;1;0;6;77;59;68;71;72;61;60;72;61;71;61;69;67;68;23;1951;195157;5001
77;乔治-邓普斯;George Dempsey;2;1;7;62;69;76;75;68;62;57;64;63;77;64;69;61;65;22;1951;195169;5001
78;马克-沃克曼;Mark Workman;4;5;6;57;75;62;65;73;70;71;55;65;63;58;63;68;66;22;1952;195201;5001
79;吉姆-巴赫托尔德;Jim Baechtold;4;2;6;56;76;60;65;76;70;69;53;65;61;57;61;68;65;25;1952;195202;5001
80;迪克-格鲁特;Dick Groat;1;0;7;64;77;81;73;76;67;59;63;68;81;63;74;65;70;22;1952;195203;5001
81;拉尔夫-波尔森;Ralph Polson;4;5;6;53;77;60;65;74;71;68;55;65;61;57;61;68;65;23;1952;195206;5001
82;鲍伯-罗楚穆勒;Bob Lochmueller;4;0;6;57;74;59;66;77;69;69;53;65;60;58;61;68;65;25;1952;195208;5001
83;克莱德-拉福莱特;Clyde Lovellette;5;4;9;55;80;61;65;80;78;82;64;70;61;59;66;81;74;23;1952;195210;5001
84;雷-菲力克斯;Ray Felix;5;0;7;55;81;58;63;81;80;79;63;70;58;57;64;81;73;23;1953;195302;5001
85;鲍伯-霍伯雷葛斯;Bob Houbregs;4;5;8;60;79;63;71;78;74;75;58;69;63;64;68;74;71;21;1953;195303;5001
86;杰克-莫里纳斯;Jack Molinas;4;0;7;60;82;64;70;78;77;76;62;70;64;63;69;76;73;22;1953;195304;5001
87;里切尔-里根;Richie Regan;2;1;7;61;74;81;74;77;59;67;64;68;81;63;72;67;69;23;1953;195305;5001
88;弗兰克-拉姆西;Frank Ramsey;3;2;8;69;76;77;77;73;65;72;67;67;76;70;74;70;73;23;1953;195306;5001
89;吉姆-尼尔;Jim Neal;5;0;6;60;77;56;58;74;73;77;61;65;57;53;62;74;68;23;1953;195307;5001
90;吉姆-弗里切;Jim Fritsche;4;5;6;54;75;60;65;76;70;68;56;65;61;57;61;69;65;22;1953;195309;5001
91;克里夫-哈根;Cliff Hagan;3;2;8;73;82;81;78;76;71;75;70;72;80;72;80;75;78;22;1953;195320;1048
92;弗兰克-塞尔维;Frank Selvy;2;3;7;65;77;79;75;74;64;65;70;68;79;65;74;69;71;22;1954;195401;5001
93;鲍勃-佩蒂特;Bob Pettit;4;5;10;69;91;73;73;87;83;85;63;82;72;70;80;85;83;22;1954;195402;64
94;杰纳-苏;Gene Shue;2;1;8;65;73;80;76;73;65;59;66;67;80;66;73;65;70;23;1954;195403;5001
95;迪克-罗森萨尔;Dick Rosenthal;4;3;6;55;76;62;66;75;70;71;55;65;63;58;63;69;66;25;1954;195404;5001
96;托格奥-帕拉齐;Togo Palazzi;4;3;6;53;76;62;63;73;68;69;54;65;63;55;61;66;64;22;1954;195405;5001
97;里德-科尔;Red Kerr;5;4;8;56;81;62;63;79;81;78;67;70;62;58;66;81;74;22;1954;195406;5001
98;汤姆-马绍尔;Tom Marshall;3;2;6;65;72;68;72;68;61;58;62;63;69;64;67;60;64;24;1954;195407;5001
99;杰克-特纳;Jack Turner;2;3;6;59;69;76;73;72;61;57;66;63;77;61;67;63;65;24;1954;195408;5001
100;艾德-卡拉法特;Ed Kalafat;5;4;6;62;75;56;61;74;77;76;58;65;57;56;62;75;69;22;1954;195409;5001
101;斯利克-伦纳德;Slick Leonard;2;1;8;54;72;77;76;68;58;61;64;63;77;63;67;61;65;22;1954;195410;5001
102;拉里-科斯特洛;Larry Costello;2;1;9;67;76;80;76;76;62;60;68;68;80;67;74;67;71;23;1954;195412;5001
103;迪克-法利;Dick Farley;2;3;6;55;72;73;73;70;58;59;65;63;74;61;65;62;64;22;1954;195415;5001
104;鲍里斯-那查姆金;Boris Nachamkin;4;0;6;57;74;58;63;74;70;68;55;65;59;56;60;68;64;21;1954;195416;5001
105;里切尔-盖伦;Richie Guerin;2;1;9;59;73;82;77;74;60;61;68;67;82;65;72;66;69;22;1954;195417;972
106;艾尔-比安奇;Al Bianchi;2;0;6;53;71;73;73;69;61;62;66;63;74;60;64;64;64;22;1954;195418;5001
107;吉姆-塔克;Jim Tucker;4;0;6;57;75;61;66;73;70;68;57;65;62;58;63;68;65;22;1954;195424;5001
108;唐-阿尼莱克;Don Anielak;4;0;6;54;75;61;66;77;71;70;53;65;62;58;62;69;66;24;1954;195426;5001
109;菲尔-马丁;Phil Martin;2;0;6;56;72;74;76;68;58;53;63;63;75;63;67;58;63;26;1954;195429;5001
110;查克-诺贝尔;Chuck Noble;2;1;6;62;72;74;76;69;60;60;67;63;75;65;69;63;66;24;1954;195430;5001
111;阿特-斯波尔斯特拉;Art Spoelstra;5;0;6;62;73;57;61;77;73;77;59;65;58;56;62;75;69;22;1954;195434;5001
112;伯-埃利亚斯;Bo Erias;4;5;6;56;77;59;67;73;68;71;54;65;60;59;62;67;65;22;1954;195443;5001
113;鲍伯-卡尼;Bob Carney;2;0;6;54;72;75;77;72;62;55;66;64;76;64;67;63;65;22;1954;195447;5001
114;唐-比尔科;Don Bielke;5;0;6;58;77;54;59;77;76;77;60;66;55;54;61;76;69;22;1954;195467;5001
115;迪克-里凯茨;Dick Ricketts;4;5;6;56;74;62;65;73;71;72;53;64;63;57;62;68;65;22;1955;195501;5001
116;莫里斯-斯托克斯;Maurice Stokes;4;5;9;63;85;70;76;78;80;82;67;74;69;70;74;81;78;22;1955;195502;5001
117;汤姆-古拉;Tom Gola;2;4;7;61;77;82;75;73;65;58;65;68;82;64;73;64;69;23;1955;195503;5001
118;吉姆-劳斯库托夫;Jim Loscutoff;4;0;7;56;73;60;67;74;70;68;54;64;61;59;61;67;64;25;1955;195504;5001
119;肯尼-西尔斯;Kenny Sears;4;0;7;54;75;61;65;76;68;72;55;65;62;57;61;69;65;22;1955;195505;5001
120;艾德-康林;Ed Conlin;3;2;6;66;70;68;72;71;60;59;59;63;69;64;67;60;64;22;1955;195507;5001
121;杰克-斯蒂芬斯;Jack Stephens;3;2;6;65;68;70;70;69;60;61;61;63;70;62;66;61;64;22;1955;195509;5001
122;杰克-特威曼;Jack Twyman;2;3;8;64;82;83;82;74;48;72;66;72;83;72;79;65;72;20;1955;195510;5001
123;迪克-海姆里克;Dick Hemric;4;0;6;55;77;58;67;74;68;69;54;65;59;59;62;67;64;22;1955;195512;5001
124;查克-孟瑟;Chuck Mencel;2;0;6;53;69;74;73;68;59;60;64;63;75;60;64;61;63;22;1955;195514;5001
125;杰西-阿尼尔;Jesse Arnelle;2;0;6;56;69;75;74;70;62;57;65;63;76;61;66;62;64;22;1955;195515;5001
126;艾尔-法拉利;Al Ferrari;2;3;6;60;72;77;77;70;59;57;64;63;77;65;70;61;66;22;1955;195517;5001
127;艾德-弗莱明;Ed Fleming;3;4;6;64;68;68;72;70;61;62;61;63;69;63;66;62;65;22;1955;195518;5001
128;鲍伯-沙弗;Bob Schafer;2;0;6;62;70;73;75;69;62;55;64;63;74;64;68;61;65;22;1955;195519;5001
129;盖伊-斯帕罗;Guy Sparrow;4;0;6;53;75;58;66;73;70;72;53;65;59;58;60;68;64;23;1955;195521;5001
130;西伊-格林;Si Green;2;3;6;61;71;77;77;70;62;53;64;63;77;65;70;61;65;23;1956;195601;5001
131;比尔-拉塞尔;Bill Russell;5;4;10;53;87;50;65;95;99;99;75;87;52;59;67;104;86;22;1956;195602;5
132;吉姆-派克森;Jim Paxson;4;3;6;53;73;62;64;74;69;71;54;64;63;56;60;68;64;24;1956;195603;2309
133;罗恩-沙弗里克;Ron Shavlik;4;0;6;57;77;58;63;75;69;72;55;65;59;56;61;69;65;23;1956;195604;5001
134;乔-霍拉普;Joe Holup;4;0;6;56;74;60;67;73;69;68;57;64;61;59;62;67;65;22;1956;195605;5001
135;汤姆-海因索恩;Tom Heinsohn;3;2;8;74;81;80;81;74;70;76;68;71;79;75;80;73;78;22;1956;195606;756
136;罗恩-索比;Ron Sobie;2;3;6;55;71;77;77;70;61;59;63;63;77;64;68;62;65;22;1956;195607;5001
137;哈尔-里尔;Hal Lear;2;0;6;53;71;77;73;68;62;58;67;63;77;60;66;63;64;22;1956;195608;5001
138;罗德尼-亨德利;Hot Rod Hundley;2;3;7;61;77;78;73;77;64;64;70;69;78;63;71;70;70;23;1957;195701;5001
139;查理-泰拉;Charlie Tyra;5;4;6;58;76;53;58;75;77;76;62;65;54;53;59;76;68;22;1957;195702;5001
140;吉姆-克莱布斯;Jim Krebs;5;4;6;62;77;54;60;73;73;73;58;65;55;56;62;71;67;22;1957;195703;5001
141;温-维尔冯;Win Wilfong;2;3;6;60;72;75;74;70;61;53;64;63;76;63;68;60;65;24;1957;195704;5001
142;布兰登-麦凯恩;Brendan McCann;2;0;6;60;70;75;73;69;58;60;63;63;76;62;68;61;64;22;1957;195705;5001
143;伦尼-罗森布鲁斯;Lennie Rosenbluth;4;0;6;56;77;62;66;76;71;69;54;66;63;58;63;69;66;25;1957;195706;5001
144;萨姆-琼斯;Sam Jones;2;3;8;66;79;83;82;77;49;72;67;72;83;72;78;67;73;24;1957;195708;67
145;迪克-达科特;Dick Duckett;2;0;6;58;70;75;73;69;58;62;64;63;76;61;67;62;65;24;1957;195709;5001
146;吉姆-帕尔默;Jim Palmer;4;5;6;56;73;61;63;74;70;70;57;64;62;55;60;69;65;25;1957;195712;5001
147;拉里-弗瑞德;Larry Friend;3;4;6;63;70;72;70;70;62;60;62;63;72;61;67;62;65;22;1957;195713;5001
148;杰里-鲍尔森;Jerry Paulson;2;0;6;58;68;73;77;69;58;62;65;63;74;64;67;62;65;22;1957;195717;5001
149;比尔-艾本;Bill Ebben;2;0;6;58;69;77;75;72;62;61;65;63;77;63;68;64;66;22;1957;195718;5001
150;乔治-布朗;George Brown;4;0;6;53;77;62;65;75;69;70;55;65;63;57;62;68;65;22;1957;195727;5001
151;雷-拉德吉斯切夫斯基;Ray Radziszewski;4;0;6;57;77;61;64;76;69;70;55;66;62;57;63;69;66;22;1957;195730;5001
152;马乌里-金;Maurice King;2;0;6;56;72;73;75;69;62;55;64;63;74;63;66;61;64;27;1957;195748;5001
153;道格-波尔斯道夫;Doug Bolstorff;2;0;6;59;71;73;73;72;62;62;64;64;74;62;67;64;65;26;1957;195757;5001
154;伍迪-桑德贝里;Woody Sauldsberry;4;5;7;62;82;64;72;81;77;77;60;71;64;66;70;77;74;23;1957;195760;5001
155;豪尔-格瑞尔;Hal Greer;2;3;10;65;73;81;77;73;67;60;69;67;81;67;74;67;71;22;1958;195800;31
156;埃尔金-贝勒;Elgin Baylor;4;3;9;76;88;78;77;85;75;85;62;77;76;75;83;81;82;24;1958;195801;23
157;阿尔奇-蒂斯;Archie Dees;4;5;6;57;74;61;64;75;70;72;56;65;62;57;62;70;66;22;1958;195802;5001
158;迈克-法玛尔;Mike Farmer;4;0;6;57;74;62;65;74;71;70;53;65;63;57;62;68;65;22;1958;195803;5001
159;皮特-布伦南;Pete Brennan;4;0;6;56;77;62;67;76;71;72;56;66;63;59;63;70;67;22;1958;195804;5001
160;盖伊-罗杰斯;Guy Rodgers;1;2;8;79;65;73;75;77;65;60;71;66;75;66;75;69;72;23;1958;195805;5001
161;康尼尔-迪尔金;Connie Dierking;5;4;6;62;75;55;61;74;73;77;61;65;56;56;62;74;68;22;1958;195806;5001
162;达夫-甘比;Dave Gambee;4;0;6;56;75;58;63;75;71;69;55;65;59;56;60;69;65;21;1958;195807;5001
163;伯尼-斯温;Bennie Swain;4;0;6;53;75;59;65;74;71;72;53;65;60;57;60;69;65;25;1958;195808;5001
164;史蒂夫-汉密尔顿;Steve Hamilton;4;5;6;53;77;58;63;76;70;71;55;66;59;55;60;69;65;24;1958;195809;5001
165;沃恩-哈顿;Vern Hatton;1;0;6;77;62;70;71;71;60;61;64;62;73;61;71;63;67;23;1958;195810;5001
166;巴尼-卡鲍;Barney Cable;4;0;6;56;75;59;65;73;71;70;57;65;60;57;61;69;65;23;1958;195811;5001
167;胡布-里德;Hub Reed;5;4;6;58;75;53;61;74;77;73;60;65;54;56;60;74;67;22;1958;195815;5001
168;维恩-埃布里;Wayne Embry;4;5;9;58;81;64;68;82;75;74;59;71;64;61;67;76;72;21;1958;195823;1497
169;汤米-基姆斯;Tommy Kearns;2;0;6;61;68;77;76;69;62;54;67;63;77;64;69;62;66;22;1958;195830;5001
170;唐-奥尔;Don Ohl;2;0;8;58;73;81;74;77;58;65;67;68;81;62;71;67;69;24;1958;195837;1037
171;谢里尔-麦克米伦;Shellie McMillon;4;0;6;55;76;59;67;76;71;69;55;65;60;59;62;69;66;22;1958;195843;5001
172;维恩-史蒂文斯;Wayne Stevens;4;0;6;56;77;61;65;73;68;68;54;65;62;58;63;66;64;23;1958;195850;5001
173;拉里-斯塔夫曼;Larry Staverman;4;0;6;56;73;58;64;75;72;68;57;65;59;56;60;69;65;22;1958;195865;5001
174;杰克-帕尔;Jack Parr;5;0;6;58;73;53;62;76;73;73;59;65;54;56;59;73;66;22;1958;195871;5001
175;乔-巴克海尔特;Joe Buckhalter;4;5;6;54;77;62;66;74;72;71;56;65;63;58;63;70;66;24;1958;195882;5001
176;阿德里安-史密斯;Adrian Smith;2;3;7;66;75;81;77;74;66;58;72;67;81;67;74;68;71;22;1958;195886;5001
177;鲍伯-布泽尔;Bob Boozer;4;0;7;59;81;67;70;78;75;76;59;70;67;63;69;75;72;23;1959;195901;5001
178;拜利-霍维尔;Bailey Howell;4;0;9;65;86;71;75;78;80;82;58;74;70;70;76;78;77;23;1959;195902;1122
179;威尔特-张伯伦;Wilt Chamberlain;5;0;10;65;98;65;49;87;99;99;58;88;64;44;73;97;86;23;1959;195903;8
180;汤姆-霍金斯;Tom Hawkins;4;0;6;55;74;58;67;75;70;68;57;65;59;59;61;68;65;23;1959;195904;3356
181;迪克-巴奈特;Dick Barnett;3;2;7;70;74;74;75;74;64;67;67;67;74;68;73;68;72;23;1959;195905;997
182;约翰-格林;Johnny Green;4;5;8;60;80;67;69;78;73;76;59;69;67;62;69;74;71;26;1959;195906;5001
183;乔-鲁克里克;Joe Ruklick;4;5;6;55;75;60;66;76;69;72;57;65;61;58;62;70;66;21;1959;195911;5001
184;鲁迪-拉鲁索;Rudy LaRusso;4;5;8;61;79;66;69;79;77;74;60;69;66;62;68;75;72;22;1959;195912;5001
185;卡尔-拉姆西;Cal Ramsey;4;0;6;56;74;62;64;77;69;70;57;65;63;56;61;70;66;22;1959;195915;5001
186;杰纳-瓜利亚;Gene Guarilia;4;0;7;54;76;59;67;73;69;69;54;65;60;59;61;67;64;22;1959;195916;5001
187;加里-奥尔康;Gary Alcorn;5;0;6;62;74;54;61;73;74;75;62;64;55;56;61;73;68;23;1959;195918;5001
188;鲍比-史密斯;Bobby Smith;2;0;6;61;68;76;77;71;58;61;63;63;77;65;69;62;66;22;1959;195920;5001
189;鲍伯-安德雷格;Bob Anderegg;3;2;6;65;68;70;71;70;59;64;60;63;70;63;67;61;65;22;1959;195922;5001
190;乔治-李;George Lee;3;2;6;64;72;70;71;68;61;66;60;63;70;63;67;62;65;24;1959;195926;5001
191;保罗-纽曼恩;Paul Neumann;2;0;6;60;70;76;74;71;59;61;66;63;77;63;68;63;66;22;1959;195929;5001
192;约翰-考克斯;Johnny Cox;2;0;6;61;68;73;73;72;60;62;67;63;74;62;66;65;66;24;1959;195930;5001
193;托尼-温迪斯;Tony Windis;2;1;6;54;71;74;75;72;62;58;63;64;75;62;66;62;64;27;1959;195934;5001
194;尼克-曼提斯;Nick Mantis;2;0;6;56;70;75;75;72;62;61;63;63;76;62;66;63;65;24;1959;195939;5001
195;达夫-贡特尔;Dave Gunther;4;0;6;53;75;59;66;75;71;69;53;65;60;58;61;68;65;22;1959;195958;5001
196;约翰-巴恩希尔;John Barnhill;2;1;6;56;71;73;73;68;61;57;66;63;74;61;65;62;64;24;1959;195979;5001
197;奥斯卡-罗伯特森;Oscar Robertson;1;4;10;91;87;81;93;82;54;81;75;82;81;85;93;77;86;22;1960;196001;49
198;杰里-韦斯特;Jerry West;1;2;10;88;86;80;89;79;52;64;82;77;81;83;90;73;83;22;1960;196002;76
199;达雷尔-伊姆霍夫;Darrall Imhoff;5;0;7;53;81;60;64;78;81;78;66;70;60;58;64;80;73;22;1960;196003;5001
200;杰克-莫兰德;Jackie Moreland;4;3;6;55;74;62;67;74;68;71;54;65;63;59;62;68;65;22;1960;196004;5001
201;李-沙夫;Lee Shaffer;4;0;7;57;73;62;65;75;70;69;54;65;63;57;62;68;65;22;1960;196005;3358
202;兰尼-威尔肯斯;Lenny Wilkens;2;1;10;71;82;84;78;75;48;64;69;72;83;70;79;64;72;23;1960;196006;73
203;汤姆-桑德斯;Tom Sanders;4;0;8;59;80;65;69;79;74;76;60;70;65;62;68;75;72;22;1960;196008;3357
204;简-阿尼特;Jay Arnette;1;0;6;75;59;70;69;72;59;60;70;61;73;59;69;66;67;25;1960;196009;5001
205;达夫-巴德;Dave Budd;4;0;6;57;75;60;65;77;70;71;56;65;61;58;62;70;66;22;1960;196010;5001
206;弗兰克-兰多维奇;Frank Radovich;4;0;6;57;75;62;67;75;68;69;55;65;63;59;63;68;65;23;1960;196014;5001
207;拉尔斐-戴维斯;Ralph Davis;1;0;6;77;60;69;69;68;59;59;69;61;72;59;69;63;66;22;1960;196017;5001
208;鲍伯-麦克内尔;Bob McNeill;1;2;6;75;61;70;70;71;62;61;64;62;73;60;70;63;67;22;1960;196019;5001
209;乔-罗伯茨;Joe Roberts;4;0;6;55;75;62;63;73;72;71;55;65;63;55;62;69;65;24;1960;196021;5001
210;弗莱德-拉考尔;Fred LaCour;3;2;6;66;69;70;70;71;58;62;60;63;70;62;66;61;65;22;1960;196022;5001
211;阿尔-阿特尔斯;Al Attles;1;0;8;75;58;68;70;72;59;58;69;61;71;60;68;64;67;24;1960;196039;5001
212;约克-拉尔瑟;York Larese;2;0;6;57;72;77;73;70;58;56;67;63;77;61;68;62;65;23;1960;196046;5001
213;迈尔-皮特森;Mel Peterson;3;2;6;67;70;69;72;72;62;65;59;63;70;64;67;63;66;21;1960;196078;5001
214;沃尔特-贝拉米;Walt Bellamy;5;4;8;63;86;66;69;81;78;80;72;75;65;65;73;82;78;22;1961;196101;3359
215;汤姆-斯蒂奇;Tom Stith;4;0;6;56;76;62;63;73;71;68;56;65;63;56;62;68;65;23;1961;196102;5001
216;拉里-齐格弗里德;Bob Anderegg;4;3;7;54;74;59;63;75;70;71;53;65;60;55;60;68;64;21;1961;196103;5001
217;雷-斯科特;Ray Scott;4;5;7;62;80;63;71;78;75;76;61;69;63;65;68;75;72;23;1961;196104;5001
218;维恩-亚茨;Wayne Yates;5;0;6;58;76;56;62;75;76;75;60;65;57;57;62;75;68;24;1961;196105;5001
219;本-沃利;Ben Warley;4;3;6;55;77;59;63;74;72;69;56;65;60;56;61;69;65;25;1961;196106;5001
220;汤姆-梅切里;Tom Meschery;4;3;6;55;75;59;64;76;68;70;54;65;60;56;61;68;65;23;1961;196107;5001
221;克莱奥-希尔;Cleo Hill;4;0;6;55;75;62;63;75;72;70;57;65;63;55;62;70;66;23;1961;196108;5001
222;加里-菲利普斯;Gary Phillips;2;0;6;60;68;76;76;71;61;60;63;63;77;64;69;62;66;22;1961;196109;5001
223;唐-柯基斯;Don Kojis;4;0;7;60;81;65;71;80;73;76;60;70;65;64;69;75;72;25;1961;196113;5001
224;鲍伯-维森汉恩;Bob Wiesenhahn;4;0;6;54;73;62;66;76;71;71;53;65;63;58;61;69;65;23;1961;196116;5001
225;约翰尼-伊根;Johnny Egan;2;0;6;57;70;73;75;70;59;54;66;63;74;63;66;61;64;23;1961;196117;5001
226;泰德-卢肯比尔;Ted Luckenbill;4;0;6;54;75;60;64;74;72;69;53;65;61;56;61;68;65;22;1961;196120;5001
227;罗恩-霍恩;Ron Horn;4;0;6;55;75;58;64;75;71;69;56;65;59;56;60;69;65;23;1961;196121;5001
228;艾尔-巴特勒;Al Butler;2;3;6;56;71;75;75;71;60;58;66;63;76;63;67;63;65;23;1961;196122;5001
229;道格-吉斯特勒;Doug Kistler;4;0;6;54;74;59;65;77;69;68;54;65;60;57;60;68;64;23;1961;196126;5001
230;查克-奥斯本;Chuck Osborne;4;0;6;56;76;61;67;73;68;72;54;65;62;59;62;68;65;23;1961;196128;5001
231;比尔-布里奇斯;Bill Bridges;4;5;8;59;82;65;71;78;77;77;58;70;65;64;69;76;72;22;1961;196132;5001
232;乔治-布兰妮;George Blaney;4;3;6;55;77;60;66;74;72;68;56;65;61;58;62;68;66;22;1961;196133;5001
233;比尔-史密斯;Bill Smith;2;3;6;57;72;75;76;71;58;61;63;64;76;64;68;62;65;22;1961;196142;5001
234;丹尼-道尔;Danny Doyle;1;2;6;74;58;70;70;69;58;58;69;61;73;59;68;63;66;22;1961;196144;5001
235;豪威尔-卡尔;Howie Carl;2;0;6;58;69;75;74;69;61;56;65;63;76;62;67;61;64;23;1961;196150;5001
236;克里弗兰德-巴克纳;Cleveland Buckner;4;5;6;55;74;59;65;75;68;70;57;65;60;57;61;68;65;23;1961;196151;5001
237;唐尼-布彻;Donnie Butcher;2;1;6;61;71;73;73;68;58;55;65;63;74;62;67;60;64;25;1961;196160;5001
238;拉里-康利;Larry Comley;1;2;6;74;61;71;71;68;61;62;69;61;74;61;70;65;68;24;1961;196191;5001
239;比尔-麦克吉尔;Bill McGill;4;5;6;57;75;58;66;76;68;71;54;65;59;58;61;68;65;23;1962;196201;5001
240;泽尔莫-贝蒂;Zelmo Beaty;5;4;9;54;78;61;65;78;82;82;65;69;61;59;64;82;74;23;1962;196203;5001
241;戴夫-德布斯切尔;Dave Debusschere;4;2;10;59;78;63;69;80;77;75;59;69;63;62;66;76;71;22;1962;196204;26
242;莱恩-查普尔;Len Chappell;4;5;6;54;73;60;63;73;71;71;54;64;61;55;60;68;64;23;1962;196205;5001
243;杰里-卢卡斯;Jerry Lucas;4;5;10;65;87;70;76;79;80;81;67;75;69;71;76;81;79;21;1962;196206;46
244;维恩-海托;Wayne Hightower;5;4;7;60;75;57;59;73;74;73;62;65;58;54;62;73;67;23;1962;196207;5001
245;莱罗伊-艾利斯;Leroy Ellis;5;4;6;62;73;57;62;75;73;77;58;65;58;57;62;74;68;22;1962;196208;5001
246;约翰-哈夫利切克;John Havlicek;2;3;9;74;78;74;78;75;58;72;94;71;75;70;76;79;77;22;1962;196209;34
247;特里-狄辛格;Terry Dischinger;3;2;8;72;74;74;73;77;64;71;63;68;74;67;73;69;72;22;1962;196210;3360
248;约翰-卢多梅特金;John Rudometkin;4;0;6;55;77;61;64;76;70;71;56;66;62;56;62;70;66;22;1962;196211;5001
249;鲍伯-达菲;Bob Duffy;4;5;6;54;76;61;66;74;71;68;55;65;62;58;62;68;65;22;1962;196212;5001
250;凯文-朗格利;Kevin Loughery;2;0;7;59;77;81;77;73;63;65;68;68;81;66;73;67;70;22;1962;196213;5001
251;切特-沃克;Chet Walker;2;3;8;64;77;82;75;77;67;59;64;69;82;65;74;66;71;22;1962;196214;5001
252;胡比-怀特;Hubie White;2;3;6;57;72;74;76;72;59;62;67;64;75;64;67;64;66;23;1962;196216;5001
253;唐-尼尔森;Don Nelson;4;3;6;54;73;59;64;75;69;69;54;65;60;56;60;68;64;22;1962;196219;3361
254;查理-哈德尼特;Charlie Hardnett;5;4;6;59;76;54;60;75;74;74;61;65;55;55;61;74;67;24;1962;196221;5001
255;迈尔-诺威尔;Mel Nowell;1;2;7;82;63;77;75;75;67;65;72;65;79;66;76;71;74;23;1962;196292;5001
256;罗德-索恩;Rod Thorn;2;3;7;64;77;81;77;73;65;67;63;68;81;67;75;66;71;22;1963;196300;5001
257;阿特-海曼;Art Heyman;3;2;7;69;74;76;76;77;66;68;66;68;75;69;73;70;73;20;1963;196301;5001
258;内特-瑟蒙德;Nate Thurmond;5;4;10;67;83;67;71;84;82;78;70;75;66;68;74;84;79;20;1963;196303;68
259;埃迪-迈尔斯;Eddie Miles;2;3;7;66;73;82;76;77;66;58;65;68;82;66;75;66;71;23;1963;196304;5001
260;杰瑞-沃德;Gerry Ward;2;0;6;54;71;73;77;69;59;55;63;63;74;64;66;60;63;22;1963;196306;5001
261;汤姆-胡佛;Tom Hoover;5;4;6;59;74;56;62;77;73;74;61;65;57;57;61;74;68;23;1963;196307;5001
262;盖斯-约翰逊;Gus Johnson;4;3;9;58;82;65;72;82;73;74;59;71;65;65;69;75;72;25;1963;196311;3362
263;加里-希尔;Gary Hill;1;0;6;76;60;70;72;70;62;62;68;61;73;62;70;65;68;22;1963;196312;5001
264;吉姆-金;Jim King;2;3;7;66;75;81;73;75;64;65;72;68;81;64;74;70;72;22;1963;196314;3363
265;杰里-格林斯潘;Jerry Greenspan;4;0;6;57;75;60;63;77;71;68;57;65;61;56;62;70;66;22;1963;196325;5001
266;雷杰-哈丁;Reggie Harding;5;4;6;58;75;55;62;76;75;77;61;65;56;56;61;76;69;21;1963;196349;5001
267;拉里-布朗;Larry Brown;1;2;8;79;64;74;77;75;58;67;76;65;76;67;75;71;74;20;1963;196356;3364
268;吉姆-巴恩斯;Jim Barnes;5;4;7;55;80;62;67;78;80;80;64;69;62;61;66;80;73;23;1964;196401;5001
269;乔-考德威尔;Joe Caldwell;4;3;7;59;79;66;72;81;75;77;60;70;66;65;69;76;73;23;1964;196402;2907
270;加里-布拉德斯;Gary Bradds;4;0;7;60;78;67;72;78;76;76;59;69;67;65;69;75;72;22;1964;196403;5001
271;卢克-杰克逊;Luke Jackson;3;0;6;65;68;70;68;71;60;65;59;63;70;60;66;62;65;23;1964;196404;5001
272;杰夫-穆林斯;Jeff Mullins;2;1;8;64;74;78;76;77;65;58;71;68;78;66;72;68;71;22;1964;196405;3365
273;迈尔-康特斯;Mel Counts;4;5;6;54;73;62;64;76;68;69;53;65;63;56;61;67;64;23;1964;196409;5001
274;威利斯-里德;Willis Reed;5;4;10;68;89;68;76;85;80;88;77;80;66;74;79;88;84;22;1964;196410;44
275;莱斯-亨特;Les Hunter;4;5;7;58;79;64;69;79;73;74;61;69;64;62;67;74;71;22;1964;196411;5001
276;保罗-塞拉斯;Paul Silas;4;5;7;61;78;66;72;81;74;76;62;70;66;65;69;76;73;21;1964;196412;5001
277;霍华德-科密维斯;Howard Komives;2;0;6;60;69;73;73;68;62;54;63;63;74;62;66;60;63;23;1964;196415;5001
278;布德-科普尔;Bud Koper;2;0;6;56;68;73;74;69;59;53;64;63;74;61;65;59;62;22;1964;196416;5001
279;罗恩-伯纳姆;Ron Bonham;2;0;6;60;70;76;73;68;62;60;64;63;77;62;68;62;65;22;1964;196418;5001
280;沃利-琼斯;Wali Jones;2;1;6;56;69;75;76;68;61;61;65;63;76;63;66;62;65;22;1964;196420;5001
281;拉里-琼斯;Larry Jones;2;3;7;64;77;80;74;75;61;59;66;68;80;64;73;65;69;22;1964;196422;5001
282;麦考伊-麦克莱默;McCoy McLemore;4;5;6;54;77;60;66;73;68;69;55;65;61;58;62;67;64;22;1964;196425;5001
283;史蒂夫-考汀;Steve Courtin;1;2;6;74;62;70;69;68;59;60;70;61;73;59;69;64;67;22;1964;196426;5001
284;约翰-汤普森;John Thompson;2;3;7;62;69;75;73;72;62;54;65;63;76;62;68;62;65;23;1964;196427;5001
285;弗莱迪-克劳福德;Freddie Crawford;2;3;6;54;72;77;74;70;59;57;65;63;77;61;67;61;64;25;1964;196428;5001
286;吉姆-戴维斯;Jim Davis;5;4;6;58;76;56;61;74;75;74;62;65;57;56;61;74;68;23;1964;196429;5001
287;乔-斯特拉瓦德;Joe Strawder;5;0;6;62;73;57;58;77;74;77;59;65;58;53;61;75;68;25;1964;196433;5001
288;哈皮-海尔斯顿;Happy Hairston;2;3;7;63;73;80;77;73;67;63;71;67;80;66;73;69;71;22;1964;196435;5001
289;约翰-特雷斯万特;John Tresvant;4;5;6;56;74;61;65;74;72;72;53;65;62;57;61;69;65;25;1964;196442;5001
290;戴维-李;Dave Lee;3;0;7;59;78;64;69;80;76;77;61;69;64;62;65;75;71;23;1964;196461;5001
291;达雷尔-卡里尔;Darel Carrier;2;3;7;64;73;80;73;73;67;58;66;67;80;63;72;65;69;25;1964;196476;5001
292;弗莱德-黑特泽尔;Fred Hetzel;4;5;7;61;82;64;71;78;74;75;58;70;64;65;69;74;72;23;1965;196501;3366
293;比尔-布拉德利;Bill Bradley;3;2;8;71;76;73;73;77;66;69;67;68;73;67;72;70;72;22;1965;196502;5001
294;比尔-布恩汀;Bill Buntin;5;0;7;64;72;71;70;72;62;62;61;64;71;62;69;63;66;22;1965;196503;5001
295;里克-巴里;Rick Barry;3;2;10;70;83;72;97;76;66;68;71;72;72;89;82;71;78;21;1965;196504;21
296;达夫-斯托沃茨;Dave Stallworth;4;5;6;56;76;60;65;76;70;70;57;65;61;57;61;69;66;24;1965;196505;5001
297;杰里-斯隆;Jerry Sloan;2;3;7;61;77;82;77;74;67;62;65;68;82;66;74;67;70;23;1964;196506;838
298;比利-康宁汉姆;Billy Cunningham;4;5;9;66;83;69;74;82;81;78;58;74;68;69;74;79;77;22;1965;196507;41
299;吉姆-华盛顿;Jim Washington;4;3;7;61;81;64;72;81;76;74;62;70;64;65;69;76;73;22;1965;196508;3368
300;内特-鲍曼;Nate Bowman;5;0;6;59;76;55;58;74;74;75;61;65;56;53;60;74;67;22;1965;196509;5001
301;盖尔-古德里奇;Gail Goodrich;2;1;7;67;76;82;75;75;61;58;66;68;82;66;75;65;70;22;1965;196510;1395
302;维尔-弗雷泽;Will Frazier;5;4;6;60;73;55;59;77;74;77;59;65;56;54;60;75;68;23;1965;196512;5001
303;迪克-范阿斯代尔;Dick Van Arsdale;2;3;8;61;68;77;75;69;62;56;64;63;77;63;69;61;65;22;1965;196513;1479
304;汤姆-范阿斯戴尔;Tom Van Arsdale;3;2;8;71;75;75;75;73;64;63;67;67;75;68;73;66;71;22;1965;196514;3369
305;弗林-罗宾逊;Flynn Robinson;1;2;7;79;63;76;77;77;67;60;77;65;78;67;76;72;74;25;1965;196518;5001
306;约翰-弗莱查尔德;John Fairchild;4;0;6;54;76;61;66;77;70;72;57;66;62;58;62;71;67;22;1965;196519;5001
307;基斯-埃里克森;Keith Erickson;3;2;7;68;75;76;73;76;66;71;63;68;75;66;72;69;72;21;1965;196521;5001
308;罗恩-里德;Ron Reed;4;0;6;56;73;59;65;74;71;71;57;64;60;57;60;69;65;23;1965;196523;5001
309;鲍伯-维斯;Bob Weiss;1;2;6;76;61;72;69;69;60;61;71;61;74;59;70;66;68;23;1965;196525;5001
310;乔恩-麦克格洛克林;Jon McGlocklin;2;3;7;66;75;82;74;77;64;64;65;68;82;65;74;68;71;22;1965;196527;5001
311;吉姆-考德威尔;Jim Caldwell;2;3;6;55;71;77;76;71;59;54;67;63;77;63;67;62;65;23;1965;196528;5001
312;托比-金宝尔;Toby Kimball;4;5;6;57;77;62;63;76;72;71;53;66;63;56;63;70;66;23;1965;196529;5001
313;鲍伯-乐福;Bob Love;4;3;7;62;78;67;69;82;73;74;61;70;67;63;69;75;72;24;1965;196536;799
314;威利-索莫赛特;Willie Somerset;1;2;7;79;64;73;73;76;60;67;75;65;75;64;74;72;73;23;1965;196559;5001
315;吉姆-福克斯;Jim Fox;5;4;7;59;75;57;62;76;75;77;59;65;58;57;62;75;69;22;1965;196570;3370
316;阿尔奇-克拉克;Archie Clark;2;1;8;60;75;80;76;75;65;66;66;68;80;65;72;68;70;24;1966;196600;3371
317;卡兹-拉塞尔;Cazzie Russell;3;2;8;71;73;73;75;75;65;65;65;67;73;68;72;67;71;22;1966;196601;3372
318;戴夫-宾;Dave Bing;2;0;8;64;82;86;80;77;50;72;68;73;85;70;79;67;74;23;1966;196602;24
319;克莱德-李;Clyde Lee;4;5;7;57;74;58;65;75;70;69;57;65;59;57;61;69;65;22;1966;196603;3373
320;卢-哈德森;Lou Hudson;3;2;6;64;70;70;69;71;62;63;62;63;70;61;66;63;65;22;1966;196604;1146
321;杰克-马琳;Jack Marin;2;3;7;67;77;79;75;76;63;58;66;68;79;66;74;65;70;22;1966;196605;1044
322;沃尔特-韦斯利;Walt Wesley;5;0;6;60;75;54;62;76;77;76;58;65;55;57;62;75;69;22;1966;196606;3375
323;杰里-钱伯斯;Jerry Chambers;4;3;6;54;77;62;64;77;70;71;55;66;63;56;62;70;66;23;1966;196607;3376
324;吉姆-巴奈特;Jim Barnett;3;2;7;69;75;77;74;73;65;65;67;67;76;67;73;67;71;22;1966;196608;3374
325;马特-古奥卡斯;Matt Guokas;3;4;6;65;69;71;68;68;59;59;59;63;71;60;66;59;63;22;1966;196609;5001
326;达夫-希尔海瑟;Dave Schellhase;1;2;6;77;59;71;69;72;59;62;71;61;74;59;70;67;68;22;1966;196610;5001
327;亨利-阿克因;Henry Akin;5;4;6;61;74;55;60;74;75;75;60;65;56;55;61;74;68;22;1966;196611;5001
328;多利斯-穆雷;Dorie Murrey;4;5;6;54;73;60;63;76;72;72;55;65;61;55;60;70;65;23;1966;196612;3377
329;乔-艾利斯;Joe Ellis;4;3;6;56;73;61;65;76;68;68;56;65;62;57;61;68;65;22;1966;196613;5001
330;迪克-施耐德;Dick Snyder;3;2;7;68;74;74;77;75;67;66;64;67;74;69;73;68;71;22;1966;196614;5001
331;奈伊尔-约翰逊;Neil Johnson;4;5;7;56;73;61;66;73;70;72;54;64;62;58;61;68;65;23;1966;196615;5001
332;汉克-芬克尔;Hank Finkel;5;0;6;60;75;54;58;74;77;76;59;65;55;53;60;75;68;24;1966;196617;5001
333;比尔-梅尔西奥尼;Bill Melchionni;2;0;8;65;77;82;74;76;58;64;64;68;82;65;75;65;70;22;1966;196619;5001
334;埃尔文-穆勒;Erwin Mueller;5;4;7;59;75;56;62;74;74;76;59;65;57;57;62;74;68;22;1966;196620;5001
335;司徒-约翰逊;Stew Johnson;4;5;7;58;81;66;69;82;73;74;60;71;66;62;68;75;72;23;1966;196621;5001
336;奥利-达顿;Ollie Darden;4;5;6;57;77;60;64;75;70;69;56;65;61;57;62;68;66;23;1966;196622;5001
337;吉姆-维尔;Jim Ware;4;0;6;56;76;58;65;74;71;70;56;65;59;57;61;69;65;22;1966;196626;5001
338;约翰-布洛克;John Block;4;5;7;61;81;66;70;80;73;77;58;70;66;64;69;75;72;22;1966;196627;5001
339;唐尼-弗里曼;Donnie Freeman;2;1;7;58;75;80;73;75;65;61;68;68;80;62;70;67;69;23;1966;196629;5001
340;史提夫-瓦森达科;Steve Vacendak;1;2;6;75;59;72;68;71;62;58;64;61;74;58;69;63;66;23;1966;196633;5001
341;乔治-皮勒斯;George Peeples;5;4;6;58;75;57;62;73;73;76;61;65;58;56;62;73;68;20;1966;196635;5001
342;肯-威尔布恩;Ken Wilburn;4;0;6;53;73;58;66;75;70;69;53;65;59;57;60;68;64;23;1966;196639;5001
343;李德-罗宾斯;Red Robbins;4;5;7;62;78;67;72;81;77;77;58;70;67;65;70;77;73;23;1966;196659;5001
344;迈克-希利曼;Mike Silliman;4;0;6;53;77;60;67;74;69;70;55;65;61;59;62;68;65;22;1966;196669;5001
345;约翰-维特泽尔;John Wetzel;2;3;6;60;71;77;75;72;60;60;63;64;77;63;69;63;66;22;1966;196675;5001
346;弗莱迪-刘易斯;Freddie Lewis;2;3;8;64;76;80;76;77;58;60;72;68;80;66;74;67;71;23;1966;196688;1299
347;斯坦-麦肯茨;Stan McKenzie;4;3;6;56;75;62;63;74;71;68;57;65;63;56;62;68;65;22;1966;196694;5001
348;达夫-多伊奇;Dave Deutsch;4;0;6;55;77;59;67;76;71;70;55;66;60;59;62;69;66;21;1966;196698;5001
349;康尼尔-霍金斯;Connell Hawkins;4;5;8;65;87;69;76;80;80;82;64;75;68;71;76;81;78;25;1967;196700;37
350;穆铁柱;Mu Tiezhu;5;0;7;53;81;59;67;81;82;80;65;70;59;60;65;82;74;18;1967;196700;283
351;吉米-沃克;Jimmy Walker;2;1;8;71;78;85;79;74;52;69;72;71;84;71;79;67;74;23;1967;196701;5001
352;厄尔-门罗;Earl Monroe;1;2;10;84;78;78;81;76;46;65;76;71;80;74;84;68;77;23;1967;196702;58
353;科勒姆-哈斯金斯;Clem Haskins;1;2;7;78;65;77;76;77;64;63;73;66;79;66;76;71;74;24;1967;196703;5001
354;索尼-德芙;Sonny Dove;4;0;6;54;75;60;66;75;72;68;53;65;61;58;61;68;65;22;1967;196704;5001
355;沃尔特-弗雷泽;Walt Frazier;2;1;10;86;87;71;82;81;56;77;83;78;72;78;83;78;80;22;1967;196705;30
356;艾尔-塔克;Al Tucker;4;0;7;62;81;65;69;81;73;76;58;70;65;63;69;75;72;24;1967;196706;5001
357;帕特-莱利;Pat Riley;3;2;8;67;69;70;71;70;62;59;59;63;70;63;67;60;65;22;1967;196707;5001
358;汤姆-沃克曼;Tom Workman;4;5;6;57;74;60;64;77;69;70;53;65;61;57;61;69;65;23;1967;196708;5001
359;迈尔-丹尼尔斯;Mel Daniels;5;0;9;66;85;66;74;83;78;87;72;75;65;71;75;85;80;23;1967;196709;1355
360;达夫-拉汀;Dave Lattin;4;5;6;53;77;58;65;74;69;71;55;65;59;57;61;68;65;24;1967;196710;5001
361;马尔-格拉汉姆;Mal Graham;2;0;6;61;68;74;74;71;58;53;66;63;75;63;67;61;64;22;1967;196711;5001
362;克莱格-雷蒙德;Craig Raymond;5;0;7;54;78;58;66;82;81;81;63;70;58;59;64;82;73;22;1967;196712;5001
363;吉米-琼斯;Jimmy Jones;2;0;8;67;79;85;82;76;52;63;65;71;84;72;79;64;72;23;1967;196713;5001
364;拜伦-贝克;Byron Beck;4;5;7;58;82;67;70;79;75;76;58;70;67;63;69;75;72;23;1967;196715;1573
365;兰多夫-马哈菲;Randy Mahaffey;4;5;7;61;79;65;71;81;76;73;58;70;65;64;69;75;72;22;1967;196716;5001
366;菲尔-杰克逊;Phil Jackson;4;0;7;59;80;66;68;78;73;74;59;69;66;61;68;73;71;22;1967;196717;3378
367;鲍勃-内特里奇;Bob Netolicky;4;5;7;62;79;64;68;79;77;74;61;69;64;62;68;76;72;25;1967;196718;1371
368;鲍伯-卢尔;Bob Rule;5;4;7;55;82;58;64;82;82;80;65;71;58;58;65;83;74;23;1967;196719;5001
369;鲍伯-维尔加;Bob Verga;2;1;7;60;75;82;75;77;65;60;67;68;82;64;73;67;70;22;1967;196725;5001
370;加里-格雷;Gary Gray;1;0;6;73;59;72;71;71;61;59;70;61;74;60;69;65;67;22;1967;196726;5001
371;比尔-特纳;Bill Turner;4;0;6;57;74;61;65;75;72;69;53;65;62;57;62;69;65;23;1967;196727;5001
372;萨姆-史密斯;Sam Smith;4;0;6;57;77;59;66;74;72;72;53;65;60;59;63;69;66;24;1967;196728;5001
373;尼克-琼斯;Nick Jones;2;1;6;62;72;75;77;69;58;58;65;63;76;66;70;61;66;22;1967;196731;5001
374;艾尔-萨尔瓦多里;Al Salvadori;4;0;6;56;73;60;67;73;71;69;57;64;61;59;61;68;65;22;1967;196732;5001
375;罗纳德-弗兰茨;Ron Franz;4;3;7;60;80;66;70;79;76;75;58;70;66;63;69;75;72;22;1967;196733;5001
376;吉姆-伯恩斯;Jim Burns;1;0;6;75;58;71;68;72;60;61;71;61;74;58;69;67;68;22;1967;196734;5001
377;克里夫-安德森;Cliff Anderson;3;4;6;65;71;68;68;72;60;61;62;64;69;60;66;62;65;23;1967;196735;5001
378;凯西-斯瓦格雷迪;Keith Swagerty;4;0;7;58;80;66;69;82;73;75;62;70;66;62;68;76;72;22;1967;196736;5001
379;维塞利-拜奥鲁斯吉纳;Wes Bialosuknia;1;2;6;76;58;69;69;71;61;62;70;61;72;59;68;66;67;22;1967;196737;5001
380;路易-丹皮尔;Louie Dampier;2;0;8;63;79;83;81;76;48;70;64;71;83;70;77;64;71;23;1967;196738;1431
381;鲍比-刘易斯;Bobby Lewis;2;0;6;56;70;75;73;68;62;62;64;63;76;61;66;63;64;22;1967;196739;5001
382;克雷格-迪尔;Craig Dill;5;0;6;58;73;56;59;75;74;73;59;65;57;54;60;73;67;23;1967;196742;5001
383;拉里-布鲁斯;Larry Bunce;5;0;6;59;74;56;58;73;77;77;59;64;57;53;60;75;68;22;1967;196743;5001
384;德克斯特-韦斯特布鲁克;Dexter Westbrook;4;0;6;57;76;61;67;76;72;69;57;65;62;59;63;70;67;24;1967;196744;5001
385;保罗-朗;Paul Long;1;2;6;74;62;68;70;68;61;61;68;61;71;60;68;64;66;23;1967;196745;5001
386;特鲁普-华盛顿;Trooper Washington;4;5;7;61;80;66;70;78;74;74;59;69;66;63;69;74;71;23;1967;196750;5001
387;普卢默-洛特;Plummer Lott;4;3;6;57;73;61;67;75;69;71;53;65;62;59;62;68;65;22;1967;196754;5001
388;达勒-施鲁埃特;Dale Schlueter;5;0;7;55;79;59;64;78;78;82;66;69;59;58;64;80;73;23;1967;196763;5001
389;查尔斯-比斯利;Charlie Beasley;3;2;6;67;68;70;68;72;61;58;58;63;70;60;66;60;64;22;1967;196774;5001
390;艾德-曼宁;Ed Manning;4;0;6;56;76;61;67;75;70;70;53;65;62;59;62;68;65;24;1967;196780;5001
391;里克-威兹曼;Rick Weitzman;1;0;6;76;61;69;70;71;59;60;67;62;72;60;69;64;67;21;1967;1967110;5001
392;迈克-里奥丹;Mike Riordan;2;3;7;65;73;82;73;76;59;63;69;67;82;63;73;67;70;23;1967;1967128;5001
393;埃尔文-海耶斯;Elvin Hayes;4;5;10;64;87;70;76;82;75;94;62;75;69;71;76;83;80;23;1968;196801;35
394;韦斯-昂塞尔德;Wes Unseld;5;4;10;65;85;63;70;80;86;86;69;74;62;67;72;86;80;22;1968;196802;19
395;鲍伯-考夫曼;Bob Kauffman;4;5;9;66;87;72;74;82;81;79;63;75;71;69;76;81;79;22;1968;196803;5001
396;汤姆-波尔温克勒;Tom Boerwinkle;5;4;7;57;80;58;64;81;82;81;63;70;58;59;65;82;74;23;1968;196804;5001
397;扎伊德-阿卜杜勒-阿齐兹;Zaid Abdul-Aziz;5;4;7;54;81;61;65;79;78;79;65;70;61;59;65;79;73;22;1968;196805;5001
398;奥图-摩尔;Otto Moore;5;4;7;55;79;62;67;82;82;81;64;70;62;61;66;83;75;22;1968;196806;5001
399;查理-保尔克;Charlie Paulk;5;4;6;58;76;56;61;75;74;77;61;65;57;56;61;75;68;22;1968;196807;5001
400;加里-格雷戈尔;Gary Gregor;4;5;6;53;73;60;65;75;72;70;56;65;61;56;60;70;65;23;1968;196808;5001
401;阿隆-威廉姆斯;Aaron Williams;2;1;7;62;76;80;73;73;62;65;71;67;80;63;72;68;70;24;1968;196809;2879
402;比尔-豪斯科特;Bill Hosket;5;5;6;58;77;53;60;76;77;77;61;66;54;55;60;76;69;22;1968;196810;5001
403;比尔-休伊特;Bill Hewitt;4;0;6;55;73;59;64;73;68;70;55;64;60;56;60;67;64;24;1968;196811;5001
404;唐-切尼;Don Chaney;2;0;8;57;69;75;74;72;58;54;64;63;76;62;66;61;64;22;1968;196812;5001
405;斯基普-哈利卡;Skip Harlicka;1;2;6;77;58;68;72;70;61;61;69;61;71;62;69;65;67;22;1968;196813;5001
406;沙勒尔-汉密尔顿;Shaler Halimon;3;4;6;64;72;71;70;71;62;62;59;64;71;62;67;62;65;23;1968;196814;5001
407;约翰-特拉普;John Trapp;4;0;6;53;73;62;66;73;70;68;55;64;63;57;61;67;64;23;1968;196815;5001
408;阿特-哈里斯;Art Harris;2;3;7;64;74;78;77;75;61;61;64;67;78;67;73;65;69;22;1968;196816;5001
409;劳伊-皮特森;Loy Petersen;1;2;6;76;62;69;72;69;61;60;71;61;72;62;70;65;68;23;1968;196817;5001
410;鲍伯-奎克;Bob Quick;4;3;6;56;75;62;64;76;69;68;54;65;63;56;62;68;65;22;1968;196818;5001
411;曼尼-尼克斯;Manny Leaks;5;4;7;56;82;59;67;78;79;81;64;70;59;61;66;80;73;23;1968;196820;5001
412;迪克-康宁汉姆;Dick Cunningham;5;0;6;61;73;54;60;75;75;74;60;65;55;55;60;74;67;22;1968;196821;5001
413;格雷-门罗;Gene Moore;5;4;7;57;82;59;64;78;78;82;67;70;59;59;66;81;74;23;1968;196822;5001
414;斯图-朗姿;Stu Lantz;2;3;7;60;76;80;76;75;66;60;67;68;80;65;72;67;70;22;1968;196823;5001
415;唐纳德-迪伊;Don Dee;4;0;6;56;74;58;67;74;71;70;57;65;59;59;61;69;65;25;1968;196825;5001
416;帕特-弗林克;Pat Frink;2;1;6;62;69;73;73;68;58;59;66;63;74;62;67;61;64;23;1968;196827;5001
417;弗莱德-福斯特;Fred Foster;4;3;6;57;75;60;66;73;68;69;56;65;61;58;62;67;65;22;1968;196828;5001
418;唐纳德-撒多;Don Sidle;4;5;7;62;79;67;72;81;77;73;61;70;67;65;70;76;73;22;1968;196829;5001
419;唐-梅;Don May;4;0;7;60;78;64;68;79;74;74;61;69;64;61;67;75;71;23;1968;196830;5001
420;达夫-纽马克;Dave Newmark;5;0;6;59;74;57;61;75;77;73;58;65;58;56;61;74;68;22;1968;196831;5001
421;加菲尔德-史密斯;Garfield Smith;5;4;6;62;77;57;62;73;74;76;61;65;58;58;63;74;69;24;1968;196832;5001
422;艾德-约翰逊;Ed Johnson;5;0;7;54;80;60;64;79;79;78;63;70;60;58;65;79;72;24;1968;196834;5001
423;哈里-巴恩斯;Harry Barnes;4;3;6;56;75;61;63;74;68;70;54;65;62;56;62;67;64;23;1968;196837;5001
424;亨利-罗根;Henry Logan;2;1;6;59;71;77;76;71;58;56;63;63;77;64;69;60;65;22;1968;196838;5001
425;迈克-林恩;Mike Lynn;4;0;6;56;75;58;64;76;71;68;55;65;59;56;60;69;65;24;1968;196839;5001
426;达拉斯-索顿;Dallas Thornton;4;0;6;53;75;58;67;74;70;72;55;65;59;58;61;69;65;22;1968;196840;5001
427;丹尼尔-斯巴克次;Dan Sparks;4;0;6;55;75;61;66;75;68;71;55;65;62;58;62;68;65;23;1968;196841;5001
428;里奇-涅曼;Rich Niemann;5;0;7;55;81;59;65;82;80;78;65;71;59;59;65;81;74;22;1968;196842;5001
429;沃伦-贾巴利;Warren Jabali;3;2;8;73;82;78;82;76;68;74;68;72;77;76;80;73;77;22;1968;196844;5001
430;里奇-约翰逊;Rich Johnson;5;0;6;62;77;54;60;77;77;73;58;66;55;56;62;75;69;22;1968;196846;5001
431;鲍伯-沃伦;Bob Warren;3;2;6;65;71;68;71;72;59;63;60;64;69;63;67;62;65;22;1968;196847;5001
432;格雷格-史密斯;Greg Smith;4;0;6;57;75;59;63;77;71;70;54;65;60;56;61;70;66;22;1968;196850;3085
433;格伦-库姆斯;Glen Combs;2;0;7;59;77;79;77;76;65;62;69;68;79;66;72;68;70;22;1968;196851;5001
434;艾尔-海尔斯顿;Al Hairston;2;0;6;56;72;74;75;72;62;61;65;64;75;63;67;64;65;23;1968;196852;5001
435;吉姆-伊肯斯;Jim Eakins;5;0;7;54;78;60;64;80;79;81;66;69;60;58;64;81;73;22;1968;196857;5001
436;拉里-米勒;Larry Miller;2;3;8;66;79;83;79;76;49;68;66;71;83;69;77;65;71;22;1968;196862;5001
437;鲍伯-阿伦;Bob Allen;2;0;6;55;71;73;74;68;60;57;67;63;74;61;65;62;64;22;1968;196871;5001
438;里克-阿德尔曼;Rick Adelman;1;2;6;76;61;71;68;69;62;59;65;61;74;59;69;63;66;22;1968;196879;5001
439;麦克-刘易斯;Mike Lewis;5;4;7;54;80;60;65;82;78;82;66;70;60;59;65;82;74;22;1968;196888;5001
440;巴里-奥姆斯;Barry Orms;2;0;6;57;72;73;73;72;58;59;67;64;74;61;66;63;65;22;1968;196896;5001
441;博比-琥珀;Bobby Hooper;1;0;6;77;59;71;69;69;62;62;67;61;74;59;70;64;67;22;1968;1968100;5001
442;约翰-史密斯;John Smith;5;0;6;58;75;57;62;73;74;77;58;65;58;56;62;73;68;24;1968;1968101;5001
443;乔治-斯通;George Stone;4;0;7;61;80;67;71;79;75;73;62;70;67;64;70;75;72;22;1968;1968115;5001
444;莫文-杰克逊;Merv Jackson;2;1;7;60;73;81;73;76;58;61;66;67;81;62;71;65;68;22;1968;1968120;5001
445;麦克-巴特尔;Mike Butler;2;1;6;61;71;76;76;68;62;58;65;63;77;65;69;62;66;22;1968;1968121;5001
446;乔-肯尼迪;Joe Kennedy;4;0;6;56;76;58;64;77;70;70;57;66;59;57;61;70;66;22;1968;1968122;5001
447;德怀特-沃勒;Dwight Waller;4;0;6;55;75;59;66;74;68;69;55;65;60;58;61;67;64;23;1968;1968131;5001
448;李-戴维斯;Lee Davis;4;5;6;59;75;57;61;73;76;77;62;65;58;56;61;74;68;23;1968;1968133;5001
449;罗恩-布恩;Ron Boone;2;0;8;75;78;81;81;73;69;73;69;70;80;75;80;72;76;22;1968;1968147;5001
450;米尔特-威廉姆斯;Milt Williams;2;0;8;58;68;73;75;70;62;53;67;63;74;63;66;62;64;25;1968;1968202;5001
451;厄尔-山羊-麦尼考尔特;Earl Manigault;2;3;9;63;86;85;88;79;50;68;72;77;84;77;82;68;76;20;1969;196900;142
452;卡里姆-阿布杜尔-贾巴尔;Kareem Abdul-Jabbar;5;0;10;68;96;67;76;89;86;91;58;88;66;74;82;90;86;22;1969;196901;3
453;奈尔-沃克;Neal Walk;5;0;7;54;79;59;63;78;81;82;63;69;59;57;64;81;73;21;1969;196902;5001
454;鲁西斯-阿伦;Lucius Allen;1;2;7;79;63;77;76;74;64;64;70;65;79;66;76;69;73;22;1969;196903;5001
455;特里-德里斯科尔;Terry Driscoll;4;0;6;57;77;60;65;77;71;70;57;66;61;58;63;70;67;22;1969;196904;5001
456;拉里-卡农;Larry Cannon;2;3;7;62;75;79;76;74;62;59;63;67;79;65;72;64;68;22;1969;196905;5001
457;宾高-史密斯;Bingo Smith;3;2;7;64;69;70;68;72;61;59;59;63;70;60;65;61;64;23;1969;196906;1243
458;鲍伯-波特曼;Bob Portman;4;3;6;54;77;58;66;77;72;68;55;66;59;58;61;69;66;22;1969;196907;5001
459;赫姆-吉列姆;Herm Gilliam;3;2;6;67;71;71;68;71;61;62;59;63;71;61;67;61;65;23;1969;196908;5001
460;乔乔-怀特;Jo Jo White;2;3;8;70;80;87;80;77;50;72;66;72;86;71;81;67;74;23;1969;196909;424
461;布奇-贝尔德;Butch Beard;2;1;6;62;69;77;74;69;60;62;63;63;77;63;69;62;66;22;1969;196910;5001
462;威利-麦卡特;Willie McCarter;2;3;6;57;68;74;76;71;59;58;63;63;75;63;66;61;64;23;1969;196912;5001
463;麦克-戴维斯;Mike Davis;2;3;7;60;73;80;77;77;58;64;72;68;80;65;72;69;71;23;1969;196914;5001
464;里克-罗伯森;Rick Roberson;4;5;7;58;82;64;69;79;74;77;58;70;64;62;68;75;71;22;1969;196915;5001
465;伊米-希尔;Simmie Hill;4;0;6;55;73;62;63;77;72;69;56;65;63;55;61;70;66;23;1969;196916;5001
466;鲍伯-格里森;Bob Greacen;4;0;6;56;73;59;63;76;69;68;57;65;60;55;60;68;64;22;1969;196917;5001
467;威利-诺伍德;Willie Norwood;4;0;6;54;74;59;65;74;69;71;53;65;60;57;60;68;64;22;1969;196919;5001
468;伯尼尔-威廉姆斯;Bernie Williams;2;0;6;53;72;73;77;71;60;60;67;64;74;64;66;64;65;24;1969;196921;5001
469;约翰-巴图姆;Johnny Baum;4;0;6;57;74;62;65;73;70;68;56;64;63;57;62;67;65;23;1969;196923;5001
470;沃利-安德祖纳斯;Wally Anderzunas;5;4;6;58;73;55;62;75;77;73;60;65;56;56;60;74;68;24;1969;196925;5001
471;迪克-加瑞特;Dick Garrett;2;1;6;57;68;73;74;72;59;53;63;63;74;62;66;60;63;23;1969;196927;5001
472;李-温菲尔德;Lee Winfield;2;1;6;57;70;75;74;69;58;55;64;63;76;62;67;60;63;22;1969;196932;5001
473;拉玛尔-格林;Lamar Green;4;5;6;57;74;59;63;76;70;70;56;65;60;56;61;69;65;22;1969;196933;5001
474;诺姆-范里尔;Norm Van Lier;2;1;7;61;74;80;77;73;64;58;64;67;80;66;72;64;68;22;1969;196934;5001
475;朱丽叶斯-凯耶;Julius Keye;4;5;7;58;80;64;69;81;76;77;58;70;64;62;67;76;72;23;1969;196938;5001
476;埃迪-马斯特;Eddie Mast;4;5;6;54;75;60;63;76;70;72;55;65;61;55;61;70;65;22;1969;196940;5001
477;卢瑟-格林;Luther Green;4;0;6;53;76;58;64;77;69;72;56;66;59;56;60;70;65;23;1969;196941;5001
478;弗莱德-卡特;Fred Carter;2;3;7;64;77;81;74;76;59;63;71;68;81;64;74;68;71;24;1969;196943;5001
479;德尼斯-斯图尔特;Dennis Stewart;4;0;6;53;76;58;67;76;69;72;56;65;59;59;61;70;65;23;1969;196944;5001
480;鲍伯-丹德里奇;Bob Dandridge;4;3;8;58;79;65;72;80;76;74;59;70;65;64;68;75;72;22;1969;196945;851
481;史蒂夫-库佩斯基;Steve Kuberski;4;5;6;54;76;59;64;73;71;69;55;65;60;56;60;68;64;22;1969;196952;5001
482;里奇-琼斯;Rich Jones;4;5;7;58;81;65;70;78;76;74;60;70;65;63;68;75;71;23;1969;196958;5001
483;史蒂夫-米克斯;Steve Mix;4;0;7;60;80;66;69;79;73;73;61;70;66;62;69;74;71;22;1969;196961;5001
484;威利-维斯;Willie Wise;4;0;7;61;78;67;69;81;74;76;61;70;67;62;68;76;72;22;1969;196964;5001
485;乔治-汤普森;George Thompson;2;0;7;61;77;79;76;75;60;61;64;68;79;65;72;64;69;22;1969;196966;5001
486;维尔-琼斯;Wil Jones;4;0;7;60;80;64;71;78;75;76;62;69;64;64;68;75;72;22;1969;196969;5001
487;约翰-亚瑟;John Arthurs;1;2;6;74;59;72;69;68;59;58;72;61;74;59;69;64;67;22;1969;196973;5001
488;比尔-凯乐;Bill Keller;1;2;7;79;65;77;73;73;62;64;77;65;79;64;76;71;74;22;1969;196987;5001
489;鲍伯-阿尼岑;Bob Arnzen;4;0;6;55;73;58;64;75;71;72;57;65;59;56;60;70;65;22;1969;1969103;5001
490;鲍伯-克里斯蒂安;Bob Christian;5;0;6;61;77;56;59;75;75;74;60;65;57;55;62;74;68;23;1969;1969109;5001
491;乔治-雷诺兹;George Reynolds;1;0;6;75;58;69;68;72;59;59;70;61;72;58;68;65;67;22;1969;1969117;5001
492;朱斯图斯-西格平;Justus Thigpen;1;0;6;74;59;69;71;71;59;59;69;61;72;60;68;64;66;22;1969;1969147;5001
493;马克-卡尔文;Mack Calvin;2;0;8;70;79;83;81;76;52;65;66;71;83;72;79;65;73;22;1969;1969187;5001
494;格兰迪-奥马雷;Grady O'Malley;4;0;6;57;77;62;67;73;69;68;53;65;63;60;64;66;65;21;1969;1969214;5001
495;布莱恩-希尼;Brian Heaney;1;0;6;77;59;68;72;68;59;60;72;61;71;62;69;65;67;23;1969;1969215;5001
496;鲍伯-兰尼尔;Bob Lanier;5;0;9;65;84;67;72;82;78;83;69;75;66;68;74;83;79;22;1970;197001;2394
497;鲁迪-汤姆贾诺维奇;Rudy Tomjanovich;4;0;8;64;85;69;74;78;82;78;61;74;68;68;74;78;76;22;1970;197002;1488
498;皮特-马拉维奇;Pete Maravich;2;0;10;76;88;87;78;69;50;65;63;72;86;72;83;60;73;23;1970;197003;51
499;戴夫-考恩斯;Dave Cowens;5;4;10;68;79;64;70;81;83;83;71;73;63;67;71;85;79;22;1970;197004;42
500;萨姆-拉西;Sam Lacey;5;0;7;56;80;60;64;82;78;80;65;70;60;58;65;81;73;22;1970;197005;5001
501;吉姆-阿德;Jim Ard;4;5;6;53;73;59;67;77;71;70;54;65;60;58;60;70;65;22;1970;197006;5001
502;约翰-约翰逊;John Johnson;4;3;7;59;80;63;69;82;75;75;60;70;63;62;67;76;72;23;1970;197007;5001
503;乔夫-皮特里;Geoff Petrie;2;0;8;66;78;85;81;75;52;72;69;71;84;71;78;68;73;22;1970;197008;1615
504;格雷格-霍华德;Greg Howard;4;5;6;54;77;60;66;77;69;70;54;66;61;58;62;69;65;23;1970;197010;5001
505;吉米-科林斯;Jimmy Collins;4;0;6;57;75;61;63;74;69;70;56;65;62;56;62;68;65;24;1970;197011;5001
506;艾尔-亨利;Al Henry;5;0;6;61;73;57;60;76;75;76;58;65;58;55;61;75;68;21;1970;197012;5001
507;吉姆-麦克米兰;Jim McMillian;4;3;7;58;81;66;72;82;76;77;61;71;66;65;69;78;74;22;1970;197013;5001
508;约翰-瓦莱利;John Vallely;1;0;6;74;62;69;69;68;59;61;70;61;72;59;68;64;67;22;1970;197014;5001
509;约翰-哈默;John Hummer;5;4;6;61;75;55;62;77;75;73;62;65;56;57;62;75;69;22;1970;197015;5001
510;迈克-普莱斯;Mike Price;1;2;6;74;58;70;70;71;62;60;72;61;73;59;68;67;68;22;1970;197017;5001
511;卡尔文-墨菲;Calvin Murphy;1;2;8;84;72;80;80;77;51;66;78;70;81;72;83;71;77;22;1970;197018;628
512;奈特-阿奇博尔德;Nate Archibald;2;1;10;69;81;83;80;77;49;68;63;72;83;71;79;64;72;22;1970;197019;16
513;杰克-福特;Jake Ford;1;0;6;75;59;71;68;71;62;59;72;61;74;58;69;66;68;25;1970;197020;5001
514;雷克斯-摩根;Rex Morgan;1;0;6;73;58;71;70;71;62;61;63;61;74;59;68;63;66;22;1970;197021;5001
515;皮特-克洛斯;Pete Cross;5;4;6;61;74;55;60;75;74;74;60;65;56;55;61;73;67;22;1970;197023;5001
516;达夫-索恩森;Dave Sorenson;4;0;6;56;74;59;65;73;70;72;53;64;60;57;61;68;65;22;1970;197026;5001
517;比利-鲍尔兹;Billy Paultz;5;4;7;57;78;59;65;78;79;79;66;69;59;59;64;80;72;22;1970;1970103;2537
518;查理-斯科特;Charlie Scott;2;3;8;72;79;85;82;76;52;65;69;71;84;74;80;66;74;22;1970;1970106;1465
519;唐-亚当斯;Don Adams;4;0;6;57;77;61;67;77;68;71;54;66;62;60;64;69;66;23;1970;1970120;5001
520;丹-伊塞尔;Dan Issel;5;4;9;66;88;65;72;80;84;83;72;75;64;69;75;85;80;22;1970;1970122;2467
521;格雷格-菲尔摩尔;Greg Fillmore;5;0;6;62;76;54;59;74;74;77;61;65;55;55;61;74;68;23;1970;1970136;5001
522;乔-汉密尔顿;Joe Hamilton;1;2;8;84;69;80;78;77;48;67;74;69;81;70;81;69;76;22;1970;1970152;5001
523;科比-迪特里克;Coby Dietrick;5;4;6;59;77;53;61;74;73;77;61;65;54;56;61;74;68;22;1970;1970155;5001
524;奥利弗-泰勒;Ollie Taylor;2;3;7;67;74;78;74;73;59;62;63;67;78;65;73;63;68;23;1970;1970189;5001
525;奥斯汀-凯尔;Austin Carr;2;3;7;65;74;79;74;77;60;62;64;68;79;64;73;65;69;23;1971;197101;1205
526;西德尼-威克斯;Sidney Wicks;4;5;8;67;86;72;76;82;80;79;58;75;71;71;77;79;78;22;1971;197102;1576
527;埃尔摩尔-史密斯;Elmore Smith;5;0;7;56;81;58;66;81;80;82;63;70;58;60;65;82;74;22;1971;197103;5001
528;肯-达雷特;Ken Durrett;4;0;6;57;74;61;65;77;71;69;57;65;62;57;62;70;66;23;1971;197104;5001
529;乔治-特拉普;George Trapp;4;5;6;54;73;60;63;74;72;68;54;64;61;55;60;68;64;23;1971;197105;5001
530;弗莱德-布朗;Fred Brown;2;0;7;61;73;78;73;73;63;62;64;67;78;62;70;65;67;23;1971;197106;2370
531;克里夫-米利;Cliff Meely;4;5;6;54;73;61;63;75;71;72;56;65;62;55;60;70;65;24;1971;197107;5001
532;达内尔-希尔曼;Darnell Hillman;4;5;6;53;74;58;63;75;68;72;55;65;59;55;59;69;64;22;1971;197108;5001
533;斯坦-乐福;Stan Love;4;5;6;53;77;59;63;76;71;68;56;66;60;55;60;69;65;22;1971;197109;5001
534;克拉伦斯-葛洛弗;Clarence Glover;4;0;6;57;76;62;65;76;70;70;56;65;63;58;63;69;66;24;1971;197110;5001
535;柯蒂斯-罗威;Curtis Rowe;4;0;7;61;80;66;69;78;76;73;60;69;66;63;68;74;71;22;1971;197111;5001
536;吉姆-克莱蒙斯;Jim Cleamons;2;3;7;63;76;81;75;77;60;62;63;68;81;65;73;65;70;22;1971;197113;5001
537;约翰-洛奇;John Roche;2;0;7;65;74;81;76;76;60;62;72;68;81;66;74;68;71;22;1971;197114;5001
538;肯尼-麦金托斯;Kenny McIntosh;4;0;6;55;73;58;66;73;68;68;57;64;59;58;60;67;64;23;1971;197115;5001
539;迪恩-梅明格;Dean Meminger;1;2;6;74;59;71;71;71;62;59;66;61;74;60;69;64;67;23;1971;197116;5001
540;克里斯-琼斯;Collis Jones;4;0;6;56;74;60;63;77;72;72;55;65;61;55;60;71;66;22;1971;197117;5001
541;史蒂夫-帕特森;Steve Patterson;5;0;6;61;73;57;60;75;73;74;61;65;58;55;61;73;67;23;1971;197118;5001
542;弗莱德-希尔顿;Fred Hilton;4;3;6;55;75;61;64;74;70;68;57;65;62;56;62;68;65;24;1971;197119;5001
543;约翰-蒙格尔特;John Mengelt;2;1;6;61;69;75;76;68;61;57;67;63;76;64;68;62;65;22;1971;197121;5001
544;泰德-麦克莱恩;Ted McClain;1;2;7;82;63;77;76;76;64;61;72;65;79;67;77;69;73;25;1971;197122;5001
545;吉姆-麦克丹尼尔斯;Jim McDaniels;5;4;7;57;79;60;63;80;82;81;63;70;60;58;65;82;74;23;1971;197123;5001
546;迈克-纽林;Mike Newlin;2;3;7;58;75;82;73;73;58;58;67;67;82;62;71;63;67;23;1971;197124;1362
547;查理-耶尔维顿;Charlie Yelverton;2;3;6;58;69;74;74;68;61;61;66;63;75;62;66;63;65;23;1971;197125;5001
548;以赛亚-威尔森;Isaiah Wilson;1;2;6;77;61;70;72;69;58;58;69;61;73;62;71;63;67;23;1971;197129;5001
549;斯宾瑟-海伍德;Spencer Haywood;4;5;9;63;85;68;76;82;78;80;67;75;68;70;75;81;78;20;1971;197130;1419
550;霍华德-波特;Howard Porter;4;5;6;55;76;61;66;74;70;71;57;65;62;58;62;69;66;23;1971;197132;5001
551;拉里-斯蒂尔;Larry Steele;3;2;7;69;75;77;73;75;64;69;65;68;76;66;73;68;72;22;1971;197137;5001
552;杰夫-哈里伯顿;Jeff Halliburton;2;1;6;58;71;74;77;70;61;62;63;63;75;65;68;63;65;22;1971;197139;5001
553;克里福德-雷;Clifford Ray;5;0;7;57;81;59;65;78;79;79;66;70;59;60;66;80;73;23;1971;197140;5001
554;里奇-里纳尔迪;Rich Rinaldi;1;2;6;76;58;68;72;71;61;60;63;61;71;62;69;62;66;22;1971;197143;5001
555;达夫-罗比斯;Dave Robisch;5;4;7;56;78;59;64;81;81;81;64;70;59;58;64;82;73;22;1971;197144;2302
556;马乌-罗伯茨;Marv Roberts;4;5;6;54;76;60;67;77;70;72;53;66;61;59;62;70;66;22;1971;197145;5001
557;达夫-瓦欧;Dave Wohl;1;2;6;76;58;68;68;71;59;60;63;61;71;58;68;62;65;22;1971;197146;5001
558;迈克-盖尔;Mike Gale;2;3;7;64;73;79;74;75;66;63;70;67;79;64;72;69;71;21;1971;197147;5001
559;迪克-吉布斯;Dick Gibbs;4;3;6;56;76;58;63;75;69;70;57;65;59;56;60;69;65;23;1971;197149;5001
560;汤姆-欧文斯;Tom Owens;5;4;7;54;79;62;67;82;82;81;63;70;62;60;66;83;75;22;1971;197158;5001
561;兰迪-丹顿;Randy Denton;5;0;7;57;78;62;67;81;81;78;67;70;62;61;66;81;74;22;1971;197161;5001
562;罗杰-布朗;Roger Brown;5;0;6;60;73;53;60;77;76;73;59;65;54;55;60;74;67;22;1971;197164;5001
563;沃尔特-斯泽比亚克;Walt Szczerbiak;4;3;6;57;74;59;64;74;71;69;54;65;60;57;61;68;65;22;1971;197165;5001
564;奥蒂斯-艾利森;Odis Allison;4;0;6;54;73;58;66;76;72;69;54;65;59;58;60;69;65;22;1971;197176;5001
565;基尔-麦克格莱格;Gil McGregor;4;0;6;56;73;60;66;74;68;70;53;64;61;58;61;67;64;22;1971;197189;5001
566;兰迪-史密斯;Randy Smith;2;3;7;60;76;80;75;75;67;65;71;68;80;64;72;70;71;23;1971;1971104;5001
567;阿尔提斯-吉尔莫尔;Artis Gilmore;5;0;10;67;83;57;67;80;85;81;69;74;58;64;70;84;77;22;1971;1971117;2285
568;查理-戴维斯;Charlie Davis;1;2;6;74;62;69;71;69;60;59;65;61;72;61;69;62;66;22;1971;1971120;5001
569;巴里-亚茨;Barry Yates;4;0;6;57;77;58;66;76;69;70;56;66;59;59;62;69;66;26;1971;1971131;5001
570;古-肯尼迪;Goo Kennedy;4;5;7;62;78;65;69;82;74;77;58;70;65;63;68;76;72;22;1971;1971139;5001
571;杰克-丁金斯;Jackie Dinkins;4;0;6;54;75;61;65;75;72;68;57;65;62;57;61;69;65;22;1971;1971150;5001
572;艾尔-史密斯;Al Smith;1;2;7;79;63;75;74;76;58;65;74;65;77;65;74;70;73;25;1971;1971180;5001
573;拉鲁-马丁;LaRue Martin;5;0;6;59;74;54;61;76;73;73;62;65;55;56;60;73;67;22;1972;197201;5001
574;鲍伯-麦卡杜;Bob McAdoo;5;4;10;66;87;66;69;78;83;87;72;74;65;66;74;85;80;21;1972;197202;54
575;德怀特-戴维斯;Dwight Davis;4;0;7;60;79;64;71;79;75;74;58;69;64;64;68;74;71;23;1972;197203;5001
576;考奇-卡尔霍恩;Corky Calhoun;4;0;6;53;75;59;66;77;72;70;54;65;60;58;61;70;66;22;1972;197204;5001
577;弗莱迪-博伊德;Freddie Boyd;1;2;6;75;61;71;70;68;62;58;64;61;74;60;70;61;66;22;1972;197205;5001
578;巴蒂-斯塔沃斯;Bud Stallworth;4;3;6;54;74;60;63;74;71;69;54;65;61;55;60;68;64;23;1972;197207;5001
579;汤姆-里克尔;Tom Riker;5;4;6;60;76;55;62;73;73;75;59;65;56;57;62;72;67;22;1972;197208;5001
580;鲍伯-纳什;Bob Nash;4;0;6;56;74;61;63;77;69;71;57;65;62;55;61;70;66;22;1972;197209;5001
581;保罗-韦斯特法尔;Paul Westphal;2;0;8;72;81;83;82;76;52;68;72;72;83;74;81;68;75;22;1972;197210;2326
582;拉尔斐-辛普森;Ralph Simpson;2;3;8;63;82;83;81;73;48;63;65;71;83;71;78;61;70;21;1972;197211;5001
583;朱利叶斯-欧文;Julius Erving;3;2;10;71;86;84;87;82;75;77;82;78;82;81;84;83;85;21;1972;197212;62
584;泰瑞斯-格兰特;Travis Grant;4;5;7;62;78;64;69;81;77;74;61;70;64;63;68;76;72;23;1972;197213;5001
585;吉姆-普莱斯;Jim Price;2;1;8;65;77;82;74;76;66;66;66;68;82;65;75;69;72;23;1972;197216;5001
586;克里斯-福特;Chris Ford;2;3;7;61;74;82;74;74;65;61;71;67;82;63;72;68;70;24;1972;197217;5001
587;乔布-怀特;Joby Wright;4;5;6;56;73;62;63;74;68;72;53;64;63;55;61;68;64;22;1972;197218;5001
588;约翰-贾内利;John Gianelli;5;4;7;55;79;59;63;78;81;82;65;69;59;57;64;81;73;22;1972;197220;5001
589;史蒂夫-布雷西;Steve Bracey;1;2;6;76;62;72;70;71;58;58;66;62;74;60;70;63;67;22;1972;197221;5001
590;保罗-斯托瓦尔;Paul Stovall;4;0;6;53;74;58;65;76;72;68;54;65;59;57;60;69;64;24;1972;197222;5001
591;布莱恩-泰勒;Brian Taylor;1;2;8;83;69;81;78;75;48;67;73;68;82;70;81;68;75;21;1972;197223;5001
592;史蒂夫-霍伊斯;Steve Hawes;5;4;7;54;81;59;66;82;82;80;66;71;59;60;65;83;75;22;1972;197224;2373
593;达夫-塔沃德兹克;Dave Twardzik;2;1;7;67;74;80;76;74;66;67;71;67;80;66;74;70;72;22;1972;197226;5001
594;迈克-拉特里夫;Mike Ratliff;5;0;6;60;73;54;62;77;77;76;58;65;55;57;61;76;69;21;1972;197228;5001
595;查克-特里;Chuck Terry;4;3;6;56;73;62;67;76;71;71;57;65;63;59;62;70;66;22;1972;197229;5001
596;奥利-约翰逊;Ollie Johnson;4;0;6;55;77;59;63;75;68;72;56;65;60;56;61;69;65;23;1972;197230;5001
597;罗伊德-尼尔;Lloyd Neal;5;4;7;57;78;58;67;82;79;81;63;70;58;61;65;81;73;22;1972;197231;5001
598;唐-布斯;Don Buse;1;0;8;87;69;81;80;73;51;63;79;68;82;73;83;69;77;22;1972;197234;2301
599;埃里克-麦克威廉姆斯;Eric McWilliams;4;0;6;56;75;59;67;73;70;71;53;65;60;59;62;68;65;22;1972;197237;5001
600;罗恩-莱利;Ronald Jay Riley;4;0;6;53;77;60;64;77;70;68;54;66;61;56;61;68;65;22;1972;197238;2666
601;凯文-波特;Kevin Porter;1;0;8;86;71;80;81;73;48;64;78;68;81;73;83;68;76;22;1972;197239;5001
602;克劳德-特里;Claude Terry;3;4;6;64;68;71;70;72;61;62;58;63;71;61;66;61;65;23;1972;197242;5001
603;比尔-张伯伦;Bill Chamberlain;4;0;6;53;76;59;65;73;70;69;57;65;60;57;60;68;64;23;1972;197243;5001
604;弗兰克-沙德;Frank Schade;1;0;6;73;61;68;70;68;62;61;68;61;71;60;68;64;66;23;1972;197253;5001
605;亨利-毕比;Henry Bibby;1;2;7;82;63;73;73;77;59;65;71;65;75;64;74;69;72;23;1972;197258;5001
606;詹姆斯-塞拉斯;James Silas;1;2;7;82;63;74;74;73;67;65;77;64;76;65;75;73;74;23;1972;197270;1461
607;鲍伯-拉吉;Bob Lackey;2;3;6;53;71;74;76;68;59;56;66;63;75;63;65;61;63;23;1972;197271;5001
608;查尔斯-杜德利;Charles Dudley;2;1;6;57;69;75;74;70;62;61;63;63;76;62;66;63;65;22;1972;197276;5001
609;罗兰德-加内特;Rowland Garrett;4;0;7;62;80;65;72;82;74;75;58;70;65;66;70;75;73;22;1972;197278;5001
610;迈克-巴尔;Mike Barr;2;1;6;53;70;74;76;72;62;56;64;63;75;62;65;62;64;22;1972;1972180;5001
611;斯里克-沃茨;Slick Watts;1;0;7;79;65;73;75;73;64;60;74;65;75;66;75;69;72;22;1973;197300;5001
612;道格-科林斯;Doug Collins;2;3;7;63;75;78;74;77;58;63;68;68;78;64;72;67;69;22;1973;197301;2908
613;吉姆-布鲁尔;Jim Brewer;4;5;7;62;82;65;69;78;76;73;61;70;65;63;69;75;72;22;1973;197302;5001
614;厄尔尼-格雷格里奥;Ernie DiGregorio;1;2;7;78;66;74;75;75;66;61;77;65;76;66;74;72;73;23;1973;197303;5001
615;迈克-格林;Mike Green;5;4;7;57;78;58;64;78;78;80;63;69;58;58;64;79;72;22;1973;197304;5001
616;克米特-华盛顿;Kermit Washington;4;5;7;62;78;67;68;81;75;74;58;70;67;62;68;75;72;22;1973;197305;5001
617;艾德-拉特莱弗;Ed Ratleff;4;3;7;58;80;66;68;82;74;73;62;70;66;61;68;76;72;23;1973;197306;5001
618;罗恩-比哈根;Ron Behagen;4;5;7;62;82;65;69;81;76;75;59;71;65;63;69;76;73;23;1973;197307;5001
619;迈克-班图姆;Mike Bantom;4;5;7;58;82;65;70;81;73;76;59;71;65;63;68;75;72;22;1973;197308;5001
620;德怀特-琼斯;Dwight Jones;4;5;7;59;81;67;68;81;74;75;62;70;67;61;68;76;72;21;1973;197309;5001
621;约翰-布朗;John Brown;4;0;6;56;74;59;63;75;69;70;55;65;60;55;60;68;64;22;1973;197310;5001
622;凯文-乔伊斯;Kevin Joyce;2;1;6;54;69;73;73;71;59;61;67;63;74;60;64;64;64;22;1973;197311;5001
623;凯文-库内特;Kevin Kunnert;5;4;7;57;80;61;67;82;80;81;63;70;61;61;67;82;75;22;1973;197312;5001
624;尼克-威瑟斯庞;Nick Weatherspoon;4;0;7;59;78;66;72;82;73;77;58;70;66;65;68;76;72;23;1973;197313;5001
625;迈尔-戴维斯;Mel Davis;4;0;6;56;77;62;64;76;70;68;57;66;63;57;63;69;66;23;1973;197314;5001
626;斯温-纳特;Swen Nater;5;0;7;53;79;58;67;78;82;78;63;69;58;60;64;80;72;24;1973;197316;2406
627;罗伊尔-尼尔森;Louie Nelson;2;0;7;65;73;78;73;74;62;62;72;67;78;63;72;68;70;22;1973;197319;5001
628;迈克-德安东尼;Mike D'Antoni;2;1;6;61;70;76;74;72;61;57;65;63;77;63;68;63;66;22;1973;197320;5001
629;阿兰-布里斯托;Allan Bristow;4;3;7;58;79;64;70;81;73;74;58;70;64;63;67;74;71;22;1973;197321;5001
630;乔治-麦金尼斯;George McGinnis;4;5;9;63;87;71;73;80;81;78;64;75;70;68;75;80;77;21;1973;197322;914
631;拉里-麦克内尔;Larry McNeill;4;5;6;53;75;58;67;73;70;72;57;65;59;58;61;69;65;23;1973;197325;5001
632;汤姆-英格尔斯比;Tom Ingelsby;2;1;6;62;68;76;76;71;58;62;65;63;77;64;69;63;66;22;1973;197327;5001
633;德里克-迪基;Derrek Dickey;4;0;6;55;76;61;65;75;69;70;57;65;62;57;62;69;65;22;1973;197329;5001
634;吉姆-琼恩斯;Jim Chones;5;4;7;54;82;61;64;82;81;78;65;71;61;58;65;81;74;23;1973;197331;1244
635;卡尔迪维尔-琼斯;Caldwell Jones;4;5;7;59;78;66;72;78;75;74;61;69;66;65;68;74;72;23;1973;197332;2435
636;加里-梅尔西奥尼;Gary Melchionni;2;1;6;60;71;76;75;71;62;54;66;63;77;63;69;62;66;23;1973;197333;5001
637;菲尔-汉金森;Phil Hankinson;4;0;6;55;76;59;65;74;70;72;53;65;60;57;61;68;65;22;1973;197335;5001
638;泰德-马纳卡斯;Ted Manakas;1;0;6;76;62;68;69;71;62;60;67;62;71;59;69;65;67;22;1973;197336;5001
639;肯-查尔斯;Ken Charles;1;2;7;80;67;77;74;73;59;60;70;65;79;65;77;66;72;22;1973;197338;5001
640;乔-里维斯;Joe Reaves;4;3;6;54;77;61;63;75;70;68;56;65;62;55;61;68;65;23;1973;197342;5001
641;伯-拉马尔;Bo Lamar;2;1;7;60;74;82;75;76;67;62;64;68;82;64;72;67;70;22;1973;197344;5001
642;汤姆-考兹尔克;Tom Kozelko;4;0;6;57;76;61;65;75;68;70;54;65;62;58;63;68;65;22;1973;197348;5001
643;拉里-凯侬;Larry Kenon;4;3;8;59;81;63;68;80;73;75;59;70;63;61;67;74;71;21;1973;197350;1450
644;E.C.-科尔曼;E.C. Coleman;4;0;7;62;78;66;72;82;76;73;62;70;66;65;69;76;73;23;1973;197351;5001
645;卢克-维特;Luke Witte;5;0;6;61;76;55;61;76;77;73;61;65;56;56;62;75;69;23;1973;197357;5001
646;马克-希布利;Mark Sibley;1;2;6;75;60;71;71;68;62;60;68;61;74;61;70;64;67;23;1973;197364;5001
647;乔治-卡尔;George Karl;2;1;7;59;70;77;74;71;58;62;63;63;77;62;68;62;66;22;1973;197366;5001
648;德尼斯-贝尔;Dennis Bell;4;0;6;56;75;62;63;75;71;69;53;65;63;56;62;68;65;22;1973;197383;5001
649;迈克-麦卡鲁索;Mike Macaluso;4;0;6;56;75;59;63;73;72;70;53;65;60;56;61;68;65;22;1973;197388;5001
650;约翰-纽曼恩;Johnny Neumann;2;3;7;64;76;81;73;77;60;67;69;68;81;63;73;69;71;20;1973;197398;5001
651;蒂姆-巴塞特;Tim Bassett;4;5;6;55;74;61;64;73;70;70;56;64;62;56;61;68;65;22;1973;1973106;5001
652;内特-霍恩;Nate Hawthorne;2;1;6;57;68;77;76;72;62;54;65;63;77;63;68;62;65;24;1973;1973118;5001
653;吉姆-欧文斯;Jim Owens;4;0;6;54;73;59;65;74;70;70;53;64;60;57;60;68;64;23;1973;1973128;5001
654;本-凯尔索;Ben Kelso;1;2;6;76;60;72;68;69;61;58;67;61;74;58;69;63;66;24;1973;1973129;5001
655;罗德-弗里曼;Rod Freeman;4;0;6;57;75;62;64;77;68;70;56;65;63;57;63;69;66;23;1973;1973166;5001
656;吉姆-加尔文;Jim Garvin;4;0;6;55;75;59;64;77;68;70;55;65;60;56;61;69;65;23;1973;1973204;5001
657;摩西-马龙;Moses Malone;5;4;10;65;90;55;76;85;82;86;73;81;56;73;75;88;81;19;1974;197400;53
658;比尔-沃顿;Bill Walton;5;4;10;67;88;65;76;71;82;90;70;72;64;73;76;83;80;22;1974;197401;77
659;马尔文-巴恩斯;Marvin Barnes;4;5;8;61;79;63;71;81;76;77;61;70;63;64;68;77;73;22;1974;197402;5001
660;汤姆-伯尔森;Tom Burleson;5;0;7;56;80;60;67;78;80;79;64;69;60;61;65;80;73;22;1974;197403;5001
661;约翰-舒马特;John Shumate;4;5;7;58;78;63;69;82;75;73;61;70;63;62;66;76;71;22;1974;197404;5001
662;鲍比-琼斯;Bobby Jones;3;0;6;63;68;69;72;71;58;59;58;63;70;63;66;59;63;23;1974;197405;2909
663;斯科特-威德曼;Scott Wedman;4;3;7;61;82;63;68;80;77;77;59;70;63;62;68;77;72;22;1974;197406;2523
664;汤姆-亨德森;Tom Henderson;2;1;7;62;77;81;73;76;62;66;68;68;81;63;73;68;71;23;1974;197407;5001
665;坎比-拉塞尔;Campy Russell;4;0;7;62;82;63;69;80;76;75;61;70;63;63;68;76;72;23;1974;197408;1187
666;汤姆-麦克米伦;Tom McMillen;4;5;6;56;75;59;63;77;70;72;56;65;60;56;61;70;66;22;1974;197409;2274
667;迈克-索杰纳;Mike Sojourner;5;4;6;59;76;53;59;74;77;73;61;65;54;54;60;74;67;21;1974;197410;5001
668;贾马尔-威尔克斯;Jamaal Wilkes;3;2;8;74;78;78;81;74;68;73;69;71;77;75;79;72;76;21;1974;197411;1515
669;布莱恩-温特斯;Brian Winters;3;2;8;75;81;79;80;75;69;72;69;72;78;75;80;72;77;22;1974;197412;907
670;莱恩-埃尔莫尔;Len Elmore;5;4;6;61;74;57;61;76;75;76;60;65;58;56;62;75;69;22;1974;197413;3379
671;莫里斯-卢卡斯;Maurice Lucas;4;5;7;62;80;63;72;79;74;75;58;70;63;66;69;74;72;22;1974;197414;2324
672;艾尔-艾伯哈德;Al Eberhard;4;0;6;55;76;60;65;74;69;69;54;65;61;57;61;67;64;22;1974;197414;5001
673;克里夫-庞德塞特;Cliff Pondexter;4;5;6;55;73;58;64;73;72;69;57;64;59;56;60;69;64;21;1974;197416;5001
674;格莱恩-麦克唐纳德;Glenn McDonald;3;2;6;63;68;68;68;70;58;63;62;63;69;59;64;61;64;22;1974;197417;5001
675;加里-布罗考;Gary Brokaw;2;1;6;60;72;76;73;72;61;56;67;64;77;62;68;63;66;21;1974;197418;5001
676;唐-史密斯;Don Smith;1;2;6;77;59;68;68;70;60;59;63;61;71;59;68;62;65;23;1974;197419;5001
677;简-范布雷德-考尔夫;Jan van Breda Kolff;4;3;7;59;81;65;68;80;74;74;58;70;65;61;68;74;71;23;1974;197420;5001
678;比利-奈特;Billy Knight;2;3;7;58;76;81;76;77;60;58;68;68;81;64;72;66;69;22;1974;197421;2298
679;特鲁克-罗宾逊;Truck Robinson;4;5;7;59;80;66;72;80;77;76;61;70;66;65;69;77;73;23;1974;197422;2381
680;盖斯-贝莉;Gus Bailey;2;3;6;58;70;74;75;70;60;54;63;63;75;63;67;60;64;23;1974;197423;5001
681;莱恩-科斯马尔斯基;Len Kosmalski;5;0;6;59;73;54;61;74;77;73;62;64;55;56;60;74;68;23;1974;197424;5001
682;约翰-德鲁;John Drew;3;2;8;74;80;80;78;76;72;76;69;72;79;72;79;75;78;20;1974;197425;2278
683;莱昂纳多-格雷;Leonard Gray;4;0;7;61;82;67;72;82;73;75;59;71;67;66;70;75;73;23;1974;197426;5001
684;里昂-本鲍;Leon Benbow;2;1;6;58;70;73;74;72;60;58;66;63;74;62;66;63;65;24;1974;197427;5001
685;阿隆-詹姆斯;Aaron James;4;0;7;61;81;67;71;80;76;76;62;70;67;65;70;77;73;22;1974;197428;5001
686;菲尔-史密斯;Phil Smith;2;0;7;66;75;79;73;77;63;63;63;68;79;64;73;66;70;22;1974;197429;5001
687;德尼斯-杜瓦尔;Dennis DuVal;2;1;6;62;71;76;77;69;59;62;66;63;77;66;70;63;67;22;1974;197430;5001
688;弗莱德-桑德斯;Fred Saunders;4;0;6;54;75;59;64;73;68;70;56;65;60;56;60;67;64;23;1974;197431;5001
689;杰西-达科;Jesse Dark;2;0;6;61;69;77;76;71;62;59;65;63;77;64;69;63;66;23;1974;197432;5001
690;埃里克-曼尼;Eric Money;2;1;7;60;74;79;76;73;61;58;70;67;79;65;71;65;69;19;1974;197433;5001
691;菲尔-兰普金;Phil Lumpkin;1;2;6;77;62;69;68;71;58;60;66;62;72;59;69;63;67;23;1974;197434;5001
692;凯文-斯塔康姆;Kevin Stacom;2;1;6;62;72;73;76;72;58;59;65;64;74;65;68;62;66;23;1974;197435;5001
693;康尼尔-诺曼;Connie Norman;2;0;6;56;69;75;77;69;60;57;64;63;76;64;67;61;64;21;1974;197437;5001
694;福特斯-沃克;Foots Walker;1;2;6;75;60;68;70;69;60;61;71;61;71;60;69;66;67;23;1974;197438;2519
695;凯文-莱斯塔尼;Kevin Restani;4;5;7;58;80;64;71;78;73;77;61;69;64;64;68;75;71;23;1974;197439;5001
696;乔治-格文;George Gervin;2;3;10;71;86;86;78;73;52;69;68;72;85;71;81;65;74;20;1974;197440;32
697;哈维-凯奇;Harvey Catchings;5;4;6;62;73;56;59;76;75;77;58;65;57;54;61;75;68;23;1974;197442;2401
698;达内尔-埃尔斯顿;Darrell Elston;2;0;6;57;68;74;74;68;58;56;63;62;75;62;66;59;63;22;1974;197443;5001
699;金-休斯;Kim Hughes;5;0;6;62;74;57;60;75;73;75;62;65;58;55;62;74;68;22;1974;197445;5001
700;弗兰克-肯德里克;Frank Kendrick;4;0;6;54;77;58;67;73;71;70;57;65;59;59;62;69;65;24;1974;197447;5001
701;吉姆-布拉德利;Jim Bradley;4;0;6;54;77;61;64;74;68;69;55;65;62;56;62;67;64;21;1974;197448;5001
702;厄尔-威廉姆斯;Earl Williams;5;4;6;60;74;55;59;76;76;75;58;65;56;54;61;75;68;23;1974;197449;5001
703;鲍比-威尔森;Bobby Wilson;2;1;6;53;71;75;77;69;61;62;63;63;76;63;66;62;64;24;1974;197452;5001
704;米奇-约翰逊;Mickey Johnson;4;0;7;61;79;65;71;81;73;73;62;70;65;64;69;75;72;22;1974;197456;2442
705;劳埃德-巴茨;Lloyd Batts;3;4;7;72;73;75;73;75;65;72;65;67;75;67;73;70;72;23;1974;197460;5001
706;伯尼尔-哈里斯;Bernie Harris;4;0;6;54;75;61;66;75;68;69;57;65;62;58;62;68;65;24;1974;197463;5001
707;斯坦-华盛顿;Stan Washington;2;1;6;58;68;73;75;72;58;60;66;63;74;63;66;63;65;23;1974;197466;5001
708;欧文-威尔斯;Owen Wells;4;0;6;56;76;61;63;75;70;69;56;65;62;56;62;68;65;24;1974;197477;5001
709;迪恩-托尔森;Dean Tolson;4;0;6;57;74;60;64;77;68;72;56;65;61;57;61;70;66;23;1974;197480;5001
710;艾德-瑟尔希;Ed Searcy;4;0;6;56;74;60;67;77;72;71;55;65;61;59;62;70;66;22;1974;197482;5001
711;本-克莱德;Ben Clyde;4;0;6;57;74;60;67;75;71;68;53;65;61;59;62;68;65;22;1974;197489;5001
712;沃戴尔-杰克逊;Wardell Jackson;4;3;6;56;74;60;65;75;71;70;56;65;61;57;61;69;65;23;1974;197498;5001
713;佩里-沃兵顿;Perry Warbington;1;0;6;75;59;70;70;72;58;62;69;61;73;60;69;66;67;22;1974;1974145;5001
714;肯-博伊德;Ken Boyd;3;0;6;66;68;69;69;71;62;58;58;63;70;61;66;60;64;22;1974;1974154;5001
715;艾尔-斯金纳;Al Skinner;3;2;7;68;76;74;77;75;63;70;67;68;74;69;73;69;72;22;1974;1974160;5001
716;罗德-德林;Rod Derline;1;2;6;77;58;71;70;72;60;58;72;61;74;60;70;66;68;22;1974;1974169;5001
717;比尔-莱根;Bill Ligon;2;0;6;60;70;75;73;69;59;60;66;63;76;62;68;62;65;22;1974;1974175;5001
718;大卫-汤普森;David Thompson;2;3;8;63;85;85;85;82;62;68;64;75;84;75;81;70;76;21;1975;197501;2369
719;达夫-梅耶斯;Dave Meyers;4;5;7;60;78;63;69;79;74;73;58;69;63;62;67;73;70;22;1975;197502;5001
720;马尔文-韦伯斯特;Marvin Webster;5;0;7;53;81;59;67;80;82;78;64;70;59;60;65;81;73;23;1975;197503;2388
721;阿尔万-亚当斯;Alvan Adams;5;4;7;56;80;62;66;78;82;80;66;69;62;60;66;81;74;21;1975;197504;2325
722;达里尔-道金斯;Darryl Dawkins;5;0;7;56;79;60;66;82;79;78;66;70;60;60;65;81;73;19;1975;197505;2511
723;莱昂内尔-霍林斯;Lionel Hollins;1;2;7;80;67;74;77;74;64;64;68;65;76;68;76;68;72;22;1975;197506;2462
724;里奇-凯雷;Rich Kelley;5;4;7;57;80;61;65;79;78;78;64;70;61;59;66;79;73;22;1975;197507;2336
725;朱尼奥-布里奇曼;Junior Bridgeman;3;2;7;69;73;76;73;76;65;65;63;67;75;66;72;67;70;22;1975;197508;2393
726;比尔-罗宾;Bill Robinzine;4;0;7;58;78;64;71;79;73;75;58;69;64;63;67;74;70;23;1975;197510;5001
727;乔-梅里维尔瑟;Joe Meriweather;5;4;6;60;76;55;60;77;75;74;60;66;56;55;62;75;69;22;1975;197511;2296
728;乔-布莱恩特;Joe Bryant;4;5;6;57;73;60;64;74;70;72;55;64;61;56;61;69;65;21;1975;197514;3380
729;布鲁斯-希欧斯;Bruce Seals;4;3;7;58;79;67;68;80;76;77;59;70;67;61;68;76;72;20;1975;197521;5001
730;蒂奇-伯登;Ticky Burden;2;1;7;64;76;81;76;75;65;59;64;68;81;66;74;65;70;22;1975;197526;5001
731;史蒂夫-格林;Steve Green;4;0;7;62;81;63;68;78;77;75;61;70;63;62;68;76;72;22;1975;197530;5001
732;吉姆-麦克艾尔罗伊;Jim McElroy;2;0;7;63;77;80;75;75;67;59;69;68;80;65;73;68;71;22;1975;197538;5001
733;盖斯-杰勒德;Gus Gerard;3;2;7;69;77;76;76;74;64;66;67;68;75;69;74;68;72;21;1975;197550;5001
734;约翰-卢卡斯二世;John Lucas II;2;0;7;66;76;81;73;75;65;61;69;68;81;64;74;68;71;23;1976;197601;2286
735;斯科特-梅;Scott May;4;0;7;58;80;63;70;78;74;75;62;69;63;63;67;75;71;22;1976;197602;5001
736;理查德-华盛顿;Richard Washington;4;5;6;56;75;61;67;73;72;70;57;65;62;59;62;69;66;21;1976;197603;5001
737;里昂-道格拉斯;Leon Douglas;5;4;6;59;75;57;60;75;74;76;58;65;58;55;62;74;68;22;1976;197604;5001
738;沃利-沃克;Wally Walker;4;0;6;53;75;59;65;77;72;68;56;65;60;57;60;70;65;22;1976;197605;2437
739;阿德里安-丹特利;Adrian Dantley;3;2;8;74;86;86;79;78;72;74;63;74;84;74;83;73;79;21;1976;197606;926
740;奎因-巴克纳;Quinn Buckner;2;3;7;62;73;82;75;76;61;66;68;67;82;64;72;68;70;22;1976;197607;2524
741;罗波特-帕里什;Robert Parish;5;4;10;66;78;65;75;97;78;82;69;77;64;71;73;88;81;23;1976;197608;63
742;阿尔蒙德-希尔;Armond Hill;2;0;6;62;69;73;77;72;59;62;64;63;74;65;68;63;66;23;1976;197609;2536
743;罗恩-李;Ron Lee;3;2;7;69;76;77;76;73;64;64;64;67;76;69;74;65;71;24;1976;197610;5001
744;鲍伯-威尔克森;Bob Wilkerson;2;3;7;58;75;79;75;73;67;66;70;67;79;63;70;70;70;22;1976;197611;5001
745;米奇-库普切克;Mitch Kupchak;4;5;7;62;82;67;68;81;77;76;59;71;67;62;70;77;73;22;1976;197613;5001
746;厄尔-塔图姆;Earl Tatum;2;3;7;60;73;79;76;77;58;62;70;68;79;65;71;67;70;23;1976;197621;5001
747;约翰-戴维斯;Johnny Reginald Davis;1;2;7;79;64;74;75;77;59;62;69;65;76;66;75;68;71;21;1976;197622;5001
748;罗尼尔-谢尔顿;Lonnie Shelton;4;5;7;58;82;65;68;78;76;76;61;70;65;61;68;76;72;21;1976;197625;5001
749;丹尼斯-约翰逊;Dennis Johnson;2;1;7;60;73;78;77;77;66;65;72;68;78;65;71;71;71;22;1976;197629;1610
750;汤姆-阿伯内西;Tom Abernethy;4;0;6;56;74;61;66;75;68;72;57;65;62;58;62;69;66;22;1976;197643;5001
751;伊拉-特雷尔;Ira Terrell;4;5;6;54;77;60;63;74;71;69;56;65;61;55;61;68;65;22;1976;197645;5001
752;汤姆-巴克;Tom Barker;5;4;6;60;76;57;62;73;74;73;59;65;58;57;63;72;68;21;1976;197653;5001
753;保罗-格里芬;Paul Griffin;4;5;6;57;74;61;63;74;68;68;53;65;62;56;61;66;64;23;1976;197674;5001
754;迈克-邓利维;Mike Dunleavy;2;3;7;62;77;79;77;75;62;61;64;68;79;66;73;65;69;22;1976;197699;5001
755;威尔森-华盛顿;Wilson Washington;4;5;6;53;73;60;65;74;71;71;57;64;61;56;60;69;65;20;1977;197700;5001
756;肯特-本森;Kent Benson;5;0;7;57;82;62;63;79;78;79;66;70;62;58;66;80;73;23;1977;197701;2458
757;奥蒂斯-比尔德松;Otis Birdsong;2;0;8;65;80;85;81;73;48;66;71;71;84;71;79;65;72;22;1977;197702;2510
758;马奎斯-约翰逊;Marques Johnson;3;2;8;77;80;78;80;75;70;68;70;71;77;75;80;71;77;21;1977;197703;2392
759;格雷格-巴拉德;Gregory Ballard;4;0;7;61;78;67;72;78;75;76;58;69;67;65;69;74;72;23;1977;197704;2275
760;沃尔特-戴维斯;Walter Davis;2;3;7;62;76;79;76;77;63;64;70;68;79;65;72;69;71;23;1977;197705;2321
761;肯尼-凯尔;Kenny Carr;4;0;7;62;79;65;72;79;77;73;60;69;65;65;69;75;72;22;1977;197706;2346
762;伯纳德-金;Bernard King;3;0;8;66;87;70;77;78;81;78;64;74;69;72;74;77;77;21;1977;197707;2379
763;杰克-西格玛;Jack Sikma;5;4;8;64;84;64;68;79;85;86;70;74;63;64;72;86;79;22;1977;197708;2366
764;汤姆-拉格拉德;Tom LaGarde;5;4;7;55;80;62;64;78;82;82;63;69;62;58;65;81;74;22;1977;197709;5001
765;雷-威廉姆斯;Ray Williams;2;1;7;62;74;79;73;77;61;59;69;68;79;63;71;67;69;23;1977;197710;2380
766;厄尔尼-格伦菲尔德;Ernie Grunfeld;3;4;6;67;70;68;68;70;61;60;61;63;69;61;66;61;64;22;1977;197711;2386
767;塞德里克-马克斯维尔;Cedric Maxwell;4;0;8;65;84;70;76;80;79;80;60;74;69;70;75;79;77;22;1977;197712;2521
768;塔特-阿姆斯特朗;Tate Armstrong;2;1;6;62;71;76;74;68;60;53;64;63;77;63;69;59;64;22;1977;197713;5001
769;特里-罗林斯;Tree Rollins;5;0;7;55;79;59;65;81;79;82;67;70;59;59;64;82;74;22;1977;197714;2530
770;布拉德-戴维斯;Brad Davis;2;1;7;59;76;80;77;75;63;58;67;68;80;65;72;65;69;22;1977;197715;2481
771;里基-格林;Rickey Green;1;2;7;78;66;76;76;74;65;65;74;65;78;66;76;71;74;23;1977;197716;2280
772;波-艾利斯;Bo Ellis;4;0;6;57;73;62;65;74;70;70;57;64;63;57;62;69;65;23;1977;197717;5001
773;安东尼-罗伯茨;Anthony Roberts;3;2;6;65;70;70;72;71;60;62;60;63;70;64;67;61;65;22;1977;197721;2476
774;诺姆-尼克森;Norman Ellard Nixon;1;2;7;78;67;75;73;76;61;61;77;66;77;64;75;71;73;22;1977;197722;2408
775;迈克-格伦;Mike Glenn;1;2;6;77;62;71;70;72;59;59;67;62;74;61;71;64;68;22;1977;197723;2531
776;格伦-贡德赖齐克;Glen Gondrezick;3;2;6;67;71;69;70;69;60;60;59;63;70;62;67;60;64;22;1977;197726;5001
777;阿隆佐-布拉德利;Alonzo Bradley;3;0;6;65;70;70;72;69;61;63;61;63;70;64;67;62;66;24;1977;197729;5001
778;史蒂夫-谢帕德;Steve Sheppard;3;4;6;66;71;72;71;70;61;66;61;63;72;63;68;63;66;23;1977;197730;5001
779;托比-奈特;Toby Knight;4;3;7;59;81;66;72;81;76;74;59;70;66;65;69;76;73;22;1977;197732;5001
780;埃迪-乔丹;Eddie Jordan;1;2;7;81;65;76;73;77;66;66;75;66;78;64;76;73;74;23;1977;197733;2407
781;马克-兰斯伯格;Mark Landsberger;5;4;6;61;76;53;61;74;73;73;60;65;54;56;61;72;67;22;1977;197735;2538
782;杰夫-威尔金斯;Jeff Wilkins;5;4;7;53;82;62;63;78;80;80;64;70;62;57;65;80;73;22;1977;197737;2281
783;T.R.-邓恩;T.R. Dunn;3;4;7;70;75;73;76;75;63;71;66;68;73;69;73;69;72;22;1977;197741;2473
784;詹姆斯-爱德华兹;James Edwards;5;4;7;56;82;61;66;79;82;79;65;70;61;60;66;81;74;22;1977;197746;1674
785;埃迪-约翰逊;Eddie Johnson;3;2;7;68;77;73;76;77;64;66;67;69;73;69;73;69;72;22;1977;197749;5001
786;约翰-库斯特;John Kuester;1;2;6;76;62;70;71;69;58;58;64;61;73;61;70;61;66;22;1977;197753;5001
787;菲尔-邦德;Phil Bond;1;0;6;77;59;70;69;68;60;60;71;61;73;59;69;65;67;23;1977;197762;5001
788;迈克-布拉茨;Mike Bratz;1;0;7;81;67;75;74;74;66;65;75;65;77;66;76;72;74;22;1977;197766;2446
789;托尼-罗波特森;Tony Robertson;2;1;6;55;69;76;75;72;61;57;65;63;77;62;66;63;65;22;1977;197788;5001
790;比利-麦金尼;Billy McKinney;1;0;7;80;67;77;75;75;60;60;69;66;79;66;77;66;72;23;1977;1977115;2416
791;阿尔文-斯科特;Alvin Scott;3;2;6;66;69;69;69;69;61;58;62;63;70;61;66;60;64;22;1977;1977136;2327
792;迈克尔-汤普森;Mychal Thompson;5;4;7;55;78;58;64;82;82;82;65;70;58;58;63;83;74;24;1978;197801;2307
793;菲尔-福特;Phil Ford;1;2;7;82;67;74;77;73;63;65;77;65;76;68;77;72;74;22;1978;197802;2433
794;里克-罗比;Rick Robey;5;4;7;55;82;62;64;80;81;80;64;70;62;58;66;81;74;23;1978;197803;2323
795;米切尔-雷-理查德森;Micheal Ray Richardson;2;3;8;67;79;83;81;76;50;68;71;71;83;71;78;67;73;23;1978;197804;2513
796;普维斯-绍特;Purvis Short;2;3;7;65;73;82;77;77;59;62;70;68;82;67;75;68;72;21;1978;197805;2443
797;拉里-伯德;Larry Bird;4;3;10;79;92;91;94;72;75;79;76;80;88;93;95;77;86;23;1978;197806;6
798;罗恩-布鲁尔;Ron Brewer;2;1;7;67;76;79;77;77;64;61;66;68;79;68;74;67;71;23;1978;197807;2293
799;弗里曼-威廉姆斯;Freeman Williams;3;4;7;70;76;74;76;75;65;67;64;68;74;69;74;68;72;22;1978;197808;5001
800;雷杰-瑟乌斯;Reggie Theus;2;3;8;69;79;86;79;73;51;71;67;71;85;70;79;65;73;21;1978;197809;2297
801;布奇-李;Butch Lee;1;0;6;77;60;72;72;69;60;60;67;61;74;62;71;63;67;22;1978;197810;5001
802;詹姆斯-哈迪;James Hardy;4;5;6;55;75;58;63;74;72;68;55;65;59;55;60;68;64;22;1978;197811;5001
803;乔治-约翰逊;George Lee Johnson;4;5;7;58;82;67;72;78;74;73;60;70;67;65;70;74;72;22;1978;197812;2419
804;温福特-博伊恩斯;Winford Boynes;2;3;6;61;69;75;73;72;59;55;67;63;76;62;67;62;65;21;1978;197813;5001
805;罗杰-菲格利;Roger Phegley;2;3;7;60;73;78;73;77;67;66;72;68;78;62;70;72;71;22;1978;197814;2341
806;迈克-米切尔;Michael Mitchell;3;0;8;75;80;81;78;76;71;70;72;72;80;73;80;74;78;23;1978;197815;2284
807;杰克-吉文斯;Jack Givens;4;3;6;53;73;58;64;76;71;71;55;65;59;56;59;70;65;22;1978;197816;5001
808;达夫-科尔辛;Dave Corzine;5;0;7;53;78;61;65;80;82;81;63;69;61;58;64;82;73;22;1978;197818;2502
809;马蒂-贝尔纳斯;Marty Byrnes;4;0;6;55;75;61;63;77;68;72;53;65;62;55;61;69;65;22;1978;197819;5001
810;弗兰克-桑德斯;Frankie Sanders;4;3;6;53;73;59;67;73;70;68;56;64;60;58;60;67;64;22;1978;197820;5001
811;迈克-埃文斯;Mike Evans;1;0;7;78;64;76;75;76;58;59;70;65;78;65;75;66;71;24;1978;197821;2470
812;雷蒙德-汤森;Raymond Townsend;1;2;6;75;59;70;68;71;61;62;65;61;73;58;68;64;66;23;1978;197822;5001
813;特里-泰勒;Terry Tyler;3;2;7;70;74;77;76;76;63;72;66;68;76;69;74;70;73;22;1978;197823;2456
814;里克-威尔森;Rick Wilson;1;2;6;74;61;70;68;68;61;62;64;61;73;58;69;63;66;22;1978;197825;5001
815;罗恩-卡特;Ron Carter;2;1;6;59;68;75;76;69;62;53;64;63;76;64;68;60;64;22;1978;197826;5001
816;维恩-拉德福特;Wayne Radford;2;1;6;55;69;76;75;71;62;59;67;63;77;62;66;64;65;22;1978;197827;5001
817;约翰-朗;John Long;3;4;7;71;73;74;76;75;65;69;67;67;74;69;73;69;72;22;1978;197829;2454
818;杰夫-朱德金斯;Jeff Judkins;3;4;6;64;70;68;68;70;58;63;62;63;69;60;65;61;64;22;1978;197830;5001
819;约翰-路德;John Rudd;4;0;6;57;76;58;65;74;70;69;57;65;59;58;61;68;65;23;1978;197832;5001
820;哈里-戴维斯;Harry Davis;4;0;6;57;75;58;67;74;70;68;57;65;59;59;62;68;65;23;1978;197833;5001
821;莫里斯-奇克斯;Maurice Cheeks;1;2;7;82;63;74;77;73;63;59;71;64;76;68;76;67;72;22;1978;197836;2356
822;维恩-库珀;Wayne Cooper;5;4;7;56;80;58;63;82;81;80;63;70;58;57;64;82;73;22;1978;197840;2308
823;杰罗米-怀特黑德;Jerome Whitehead;5;4;6;61;76;55;60;73;77;75;59;65;56;55;61;74;68;22;1978;197841;5001
824;科勒姆恩-约翰逊;Clemon Johnson;4;5;6;54;74;62;64;74;70;69;57;65;63;56;61;68;65;22;1978;197844;2359
825;杰夫-库克;Jeff Cook;4;5;6;54;73;59;65;76;71;68;54;65;60;57;60;68;64;23;1978;197849;2498
826;马克-雅法罗尼;Marc Iavaroni;4;0;6;57;77;60;65;75;72;71;57;65;61;58;63;70;67;22;1978;197855;2360
827;帕特-卡明斯;Pat Cummings;4;5;7;62;80;65;69;82;77;74;59;70;65;63;69;76;73;23;1978;197859;2479
828;迈克尔-库珀;Michael Cooper;2;3;7;66;74;80;77;74;62;63;70;67;80;67;74;68;71;22;1978;197860;561
829;乔尔-克拉默;Joel Kramer;4;5;6;55;76;58;63;73;68;70;57;65;59;55;60;68;64;23;1978;197863;5001
830;杰拉德-亨德森;Gerald Henderson;2;0;6;55;71;75;74;71;59;62;66;63;76;61;66;64;65;24;1978;197864;2522
831;劳伦斯-波士顿;Lawrence Boston;4;0;6;53;73;58;65;73;68;71;56;64;59;56;59;68;64;23;1978;197881;5001
832;沃尔特-乔丹;Walter Jordan;4;0;6;53;76;60;65;76;72;72;53;65;61;57;61;70;66;22;1978;197884;5001
833;安德鲁-韦克菲尔德;Andre Wakefield;2;1;6;54;70;75;76;68;59;62;65;63;76;63;66;62;64;24;1978;1978107;5001
834;斯坦-皮埃特基维奇;Stan Pietkiewicz;2;3;6;55;68;75;77;68;59;62;63;62;76;64;66;61;64;22;1978;1978133;5001
835;埃尔文-约翰逊;Earvin Johnson;1;5;10;99;79;85;87;79;53;71;79;78;86;84;95;74;86;20;1979;197901;4
836;戴夫-格林伍德;Dave Greenwood;4;5;7;59;82;66;68;80;74;74;62;70;66;61;69;75;72;22;1979;197902;2503
837;比尔-卡特怀特;Bill Cartwright;5;0;7;57;81;58;64;81;80;81;63;70;58;59;65;81;74;22;1979;197903;1112
838;格雷格-凯尔瑟;Greg Kelser;4;0;7;61;79;67;70;78;75;73;59;69;67;63;69;74;71;22;1979;197904;2413
839;西德尼-蒙克利夫;Sidney Moncrief;2;1;8;67;78;87;78;76;49;66;69;71;86;69;79;65;72;22;1979;197905;2391
840;詹姆斯-贝莉;James Bailey;4;5;7;59;80;67;72;82;76;76;59;70;67;65;70;77;73;22;1979;197906;2436
841;维尼尔-约翰逊;Vinnie Johnson;1;2;7;82;63;76;77;77;60;65;74;65;78;68;77;71;74;23;1979;197907;2455
842;凯尔文-奈特;Calvin Natt;4;3;8;65;85;68;77;79;82;82;58;74;68;72;75;80;78;23;1979;197908;5001
843;拉里-蒂米克;Larry Demic;4;5;6;56;75;59;63;77;68;72;56;65;60;56;61;70;65;22;1979;197909;5001
844;克里夫-罗宾逊;Cliff Robinson;4;0;8;63;87;72;76;82;78;80;58;75;71;70;76;79;77;19;1979;197911;2487
845;吉姆-帕克森;Jim Paxson;2;3;7;59;76;80;74;74;60;62;66;68;80;63;71;65;68;22;1979;197912;2309
846;杜德利-布拉德利;Dudley Bradley;3;4;7;70;75;77;73;73;67;64;67;67;76;66;73;67;71;22;1979;197913;5001
847;布拉德-霍兰德;Brad Holland;2;0;6;55;72;74;74;70;59;58;64;63;75;62;66;61;64;23;1979;197914;5001
848;菲尔-哈巴德;Phil Hubbard;4;5;7;58;78;63;72;79;74;76;60;69;63;64;67;75;71;23;1979;197915;2489
849;吉姆-斯帕纳克;Jim Spanarkel;3;4;7;70;76;74;77;75;67;72;66;68;74;70;74;71;73;22;1979;197916;2485
850;雷杰-金;Reggie King;4;3;7;60;81;66;71;81;73;77;58;70;66;64;69;75;72;22;1979;197918;2376
851;维利-佩克;Wiley Peck;1;3;6;73;62;70;70;71;62;59;72;62;73;60;69;66;68;22;1979;197919;5001
852;斯莱-威廉姆斯;Sly Williams;4;3;7;58;81;63;72;80;74;75;58;70;63;65;68;75;71;22;1979;197921;2532
853;凯尔-迈西;Kyle Macy;1;2;7;78;65;75;74;76;59;61;77;65;77;65;75;71;73;23;1979;197922;2350
854;约翰-海;Johnny High;2;1;6;56;68;74;73;72;61;56;66;63;75;61;65;63;64;22;1979;197924;2352
855;奥利-马克;Ollie Mack;2;1;6;60;69;77;77;68;61;59;66;63;77;65;69;62;66;22;1979;197925;5001
856;加里-加兰;Gary Garland;2;0;6;60;69;76;76;70;58;56;65;63;77;64;69;61;65;22;1979;197930;5001
857;埃德加-琼斯;Edgar Jones;4;5;6;56;76;58;65;76;71;70;55;65;59;57;61;69;65;24;1979;197931;2288
858;克林特-理查德森;Clint Richardson;2;1;6;58;68;75;73;69;61;61;65;63;76;61;66;63;65;23;1979;197936;2358
859;保罗-莫科斯基;Paul Mokeski;5;4;6;61;77;54;62;74;75;74;60;65;55;57;62;73;68;23;1979;197942;5001
860;约翰-摩尔;Johnny Moore;1;0;8;85;68;81;79;75;44;66;81;68;82;71;82;70;77;22;1979;197943;2289
861;凯尔文-加内特;Calvin Garrett;4;5;6;53;73;61;65;77;70;70;57;65;62;56;60;70;65;24;1979;197947;5001
862;特里-杜伊劳德;Terry Duerod;1;0;6;74;59;69;71;68;59;59;70;61;72;60;68;64;66;23;1979;197948;5001
863;杰夫-哈斯顿;Geoff Huston;1;2;7;80;66;75;73;76;63;62;77;66;77;64;75;72;74;22;1979;197950;2492
864;厄尔-克雷顿;Earl Cureton;4;5;7;59;79;66;68;80;77;77;62;70;66;61;68;77;73;23;1979;197958;2460
865;比尔-兰比尔;Bill Laimbeer;5;0;8;65;83;64;48;92;80;78;70;77;63;46;66;86;77;22;1979;197965;569
866;詹姆斯-唐纳森;James Donaldson;5;0;7;54;82;60;65;81;81;80;64;71;60;59;65;82;74;22;1979;197973;2409
867;杰里-希汀;Jerry Sichting;1;2;7;82;63;75;76;73;62;65;68;64;77;67;76;67;72;24;1979;197982;2421
868;阿伦-里维尔;Allen Leavell;1;2;7;78;64;74;73;75;61;65;77;65;76;64;74;72;73;22;1979;1979104;2430
869;乔伊-巴里-卡罗尔;Joe Barry Carroll;5;4;8;64;81;65;80;78;83;83;72;73;64;75;74;84;79;22;1980;198001;2448
870;达内尔-格里菲斯;Darrell Griffith;2;0;8;64;79;87;78;75;51;68;65;71;86;68;78;64;72;22;1980;198002;2279
871;凯文-麦克海尔;Kevin McHale;4;5;10;66;89;61;74;79;78;80;66;75;62;69;73;79;76;23;1980;198003;56
872;凯文-兰西;Kelvin Ransey;1;2;7;79;64;74;74;73;66;60;68;65;76;65;74;67;71;22;1980;198004;2516
873;麦克-奥克润;Mike O'Koren;3;2;7;72;75;76;76;74;64;67;67;67;75;70;74;68;72;22;1980;198006;5001
874;迈克-戈明斯基;Mike Gminski;5;0;7;53;79;61;65;78;79;82;64;69;61;58;64;80;73;21;1980;198007;2514
875;安德鲁-托尼;Andrew Toney;2;0;7;63;77;78;77;73;58;65;65;68;78;67;73;65;69;23;1980;198008;2357
876;迈克尔-布鲁克斯;Michael Brooks;4;0;7;58;81;66;69;81;76;77;59;70;66;62;68;77;73;22;1980;198009;2412
877;罗尼-莱斯特;Ronnie Lester;1;2;6;77;59;71;69;71;61;62;66;61;74;59;70;64;67;22;1980;198010;2505
878;奇奇-范德维奇;Kiki Vandeweghe;4;0;8;63;87;69;76;78;78;79;66;74;68;70;75;79;77;22;1980;198011;2465
879;迈克-伍德森;Mike Woodson;2;3;7;66;77;78;75;73;61;67;64;68;78;66;73;66;70;22;1980;198012;2299
880;里基-布朗;Rickey Brown;5;4;6;58;74;55;62;74;74;74;62;65;56;56;60;73;67;22;1980;198013;2535
881;维斯-马修斯;Wes Matthews;1;2;7;79;67;74;77;76;66;63;68;66;76;68;76;69;73;21;1980;198014;2362
882;雷杰-约翰逊;Reggie Johnson;4;5;7;60;79;66;69;79;76;77;60;69;66;62;68;76;72;23;1980;198015;5001
883;拉里-德鲁;Larry Drew;1;2;7;80;64;76;77;76;66;65;76;65;78;68;77;73;75;22;1980;198017;2295
884;唐-科林斯;Don Collins;3;2;7;68;75;76;77;73;65;65;67;67;75;69;73;67;71;22;1980;198018;5001
885;约翰-杜伦;John Duren;2;0;6;56;71;74;77;68;61;61;67;63;75;64;67;63;65;22;1980;198019;5001
886;比尔-汉兹里克;Bill Hanzlik;2;3;7;60;77;82;77;74;58;63;71;68;82;66;74;67;71;22;1980;198020;2474
887;卡尔-尼克斯;Carl Nicks;2;1;6;62;72;75;76;68;61;53;67;63;76;65;69;61;65;22;1980;198023;5001
888;拉里-史密斯;Larry Smith;4;5;7;60;79;65;71;81;73;74;58;70;65;64;69;74;72;23;1980;198024;2445
889;杰夫-卢兰德;Jeff Ruland;5;4;7;53;79;61;64;80;78;82;63;70;61;58;64;81;73;22;1980;198025;2273
890;萨姆-沃尔森;Sam Worthen;2;1;6;56;71;73;75;70;61;59;67;63;74;63;66;63;65;23;1980;198026;5001
891;约翰-斯特劳德;John Stroud;4;0;6;54;73;61;67;73;71;68;53;64;62;58;61;67;64;23;1980;198027;5001
892;路易斯-奥尔;Louis Orr;4;0;7;60;80;65;68;81;77;76;60;70;65;61;68;77;73;22;1980;198029;2383
893;维恩-罗宾逊;Wayne Robinson;2;0;6;57;70;76;77;70;61;54;67;63;77;64;68;62;65;22;1980;198031;5001
894;里克-马洪;Rick Mahorn;5;4;7;56;79;58;64;78;81;79;65;69;58;58;64;80;72;22;1980;198035;1256
895;布奇-卡特;Butch Carter;2;0;7;60;77;82;73;77;61;62;69;69;82;62;72;68;70;22;1980;198037;2418
896;迈克尔-威利;Michael Wiley;4;5;6;54;74;58;63;73;72;71;53;64;59;55;59;68;64;39;1980;198039;5001
897;贾万-欧德汉姆;Jawann Oldham;5;0;6;59;77;56;58;74;73;74;60;65;57;53;61;73;67;23;1980;198041;2509
898;科特-尼姆费斯;Kurt Nimphius;5;4;6;61;75;53;58;75;75;76;58;65;54;53;60;74;68;22;1980;198047;2480
899;科特-兰比斯;Kurt Rambis;4;0;6;53;74;59;66;77;70;69;53;65;60;57;60;69;65;22;1980;198058;570
900;达尔文-库克;Darwin Cook;2;0;7;63;73;82;76;75;61;60;67;67;82;65;73;66;70;22;1980;198070;2515
901;罗伊-斯帕罗;Rory Sparrow;1;2;7;81;67;73;75;73;64;64;76;65;75;66;75;71;73;22;1980;198075;2382
902;罗伦佐-洛马尔;Lorenzo Romar;1;2;6;77;58;71;69;69;58;62;70;61;74;59;70;65;67;22;1980;1980141;2397
903;马克-阿吉雷;Mark Aguirre;3;2;8;77;80;81;78;76;70;69;71;72;80;73;80;73;78;22;1981;198101;758
904;伊塞亚-托马斯;Isiah Thomas;1;2;10;88;68;84;78;79;47;54;95;72;85;71;85;75;80;20;1981;198102;71
905;巴克-威廉姆斯;Buck Williams;4;5;8;65;85;72;75;78;81;79;58;74;71;70;76;78;77;21;1981;198103;1522
906;艾尔-伍德;Al Wood;2;3;7;63;76;82;73;73;65;58;66;67;82;63;73;65;69;23;1981;198104;5001
907;丹尼-沃尼斯;Danny Vranes;4;0;6;54;76;62;66;76;72;69;53;65;63;58;62;69;66;23;1981;198105;2372
908;奥兰多-乌尔里奇;Orlando Woolridge;4;0;7;61;82;65;72;82;75;77;60;71;65;66;70;77;73;22;1981;198106;2499
909;史蒂夫-约翰逊;Steve Johnson;5;4;7;55;81;61;67;80;78;82;65;70;61;61;66;81;74;24;1981;198107;2304
910;汤姆-钱伯斯;Tom Chambers;4;5;8;64;87;72;74;81;81;78;62;75;71;69;76;80;78;22;1981;198108;2368
911;罗兰多-布莱克曼;Rolando Blackman;2;0;8;67;82;83;82;73;50;63;63;71;83;73;79;61;71;22;1981;198109;2478
912;艾尔波特-金;Albert King;3;2;7;72;74;73;73;74;65;70;66;67;73;67;72;69;72;22;1981;198110;2512
913;弗兰克-约翰逊;Frank Johnson;2;1;7;58;75;80;75;74;65;59;70;67;80;63;71;67;69;23;1981;198111;2276
914;凯利-特里普卡;Kelly Tripucka;4;3;8;65;87;70;75;78;78;78;60;74;69;70;76;77;76;22;1981;198112;2453
915;丹尼-谢伊斯;Danny Schayes;5;4;7;55;78;61;67;81;82;78;66;70;61;61;65;82;74;22;1981;198113;2471
916;赫伯-威廉姆斯;Herb Williams;5;4;7;57;80;60;64;79;79;82;66;70;60;59;66;81;74;23;1981;198114;2182
917;杰夫-兰谱;Jeff Lamp;3;2;7;68;76;76;73;77;66;70;66;68;75;66;72;70;72;22;1981;198115;2347
918;达内尔-瓦伦丁;Darnell Valentine;1;2;7;81;64;74;73;75;58;64;77;65;76;64;74;71;73;22;1981;198116;2305
919;凯文-罗德;Kevin Loder;4;3;6;55;76;60;66;74;72;71;53;65;61;58;62;69;65;22;1981;198117;2344
920;雷-托尔波特;Ray Tolbert;4;0;6;54;76;61;64;73;72;70;53;65;62;56;61;68;65;23;1981;198118;2459
921;迈克-麦基;Mike McGee;3;0;7;71;75;74;77;73;63;72;64;67;74;70;74;68;72;22;1981;198119;2402
922;拉里-南斯;Larry Nance;4;5;8;66;87;70;73;78;81;81;62;74;69;68;75;79;77;22;1981;198120;2322
923;阿尔顿-李斯特;Alton Lister;5;4;7;57;80;61;64;79;80;81;66;70;61;59;66;81;74;23;1981;198121;1960
924;富兰克林-爱德华兹;Franklin Edwards;1;2;6;73;58;68;72;70;61;59;67;61;71;61;68;64;66;22;1981;198122;2364
925;查尔斯-布拉德利;Charles Bradley;2;0;6;55;69;75;77;70;58;54;64;63;76;64;67;60;63;22;1981;198123;2375
926;简-文森特;Jay Vincent;4;0;8;67;85;70;74;79;78;79;62;74;69;69;75;78;77;22;1981;198124;2483
927;特雷西-杰克逊;Tracy Jackson;3;4;6;65;72;72;68;68;59;66;62;63;72;60;67;62;66;22;1981;198125;2428
928;霍华德-伍德;Howard Wood;4;0;6;57;77;61;63;77;69;72;57;66;62;56;62;70;66;22;1981;198127;5001
929;杰纳-班克斯;Gene Banks;4;3;7;62;82;67;68;78;77;74;59;70;67;62;70;75;72;22;1981;198128;2287
930;埃迪-约翰逊;Eddie Johnson;3;2;7;68;77;73;76;77;64;66;67;69;73;69;73;69;72;22;1981;198129;1605
931;丹尼-安吉;Danny Ainge;2;3;7;65;76;82;74;76;65;59;72;68;82;64;74;69;72;22;1981;198131;355
932;艾德-莱恩斯;Ed Rains;4;0;6;57;77;61;66;76;69;71;56;66;62;59;63;69;66;25;1981;198131;5001
933;萨姆-威廉姆斯;Sam Williams;4;0;6;53;74;61;66;75;70;71;57;65;62;57;61;69;65;22;1981;198133;2361
934;肯-格林;Ken Green;4;0;6;57;76;62;66;74;68;72;53;65;63;59;63;68;66;21;1981;198134;5001
935;查尔斯-戴维斯;Charles Davis;4;3;6;53;77;59;67;73;71;69;57;65;60;59;62;68;65;23;1981;198135;2328
936;雷-布鲁姆;Ray Blume;2;1;6;57;70;77;75;68;59;56;66;63;77;63;68;61;65;23;1981;198136;5001
937;克劳德-格里高利;Claude Gregory;4;3;6;54;73;62;64;76;70;69;57;65;63;56;61;69;65;22;1981;198141;5001
938;埃尔斯通-特纳;Elston Turner;2;3;6;60;69;75;76;70;60;59;66;63;76;64;68;63;66;22;1981;198143;5001
939;史蒂夫-林恩菲尔特;Steve Lingenfelter;4;0;6;53;75;62;67;77;70;70;54;65;63;58;62;69;66;24;1981;198144;5001
940;大卫-伯恩斯;David Burns;1;2;6;77;61;70;68;72;58;62;68;62;73;59;69;65;67;23;1981;198149;5001
941;鲁迪-马克林;Rudy Macklin;3;2;6;65;71;71;72;72;60;64;58;64;71;64;68;62;66;23;1981;198152;5001
942;马克-拉德福特;Mark Radford;2;0;6;56;70;73;77;70;61;54;65;63;74;64;66;61;64;22;1981;198153;5001
943;吉姆-史密斯;Jim Smith;4;3;6;54;73;61;64;74;70;72;56;64;62;56;60;69;65;23;1981;198154;5001
944;米奇-迪拉德;Mickey Dillard;2;1;6;55;71;74;74;71;58;54;66;63;75;61;66;61;63;23;1981;198155;5001
945;弗兰克-布里克考斯基;Frank Brickowski;4;5;7;60;82;63;70;78;75;75;58;70;63;63;68;74;71;22;1981;198157;1746
946;皮图尔-古德蒙森;Pétur Guðmundsson;5;0;6;61;74;55;58;77;75;75;62;65;56;53;60;75;68;23;1981;198161;5001
947;克莱格-戴克玛;Craig Dykema;4;3;6;54;74;61;67;75;69;70;53;65;62;59;62;68;65;22;1981;198166;5001
948;莱韦斯-洛依德;Lewis Lloyd;3;2;6;64;69;68;72;69;62;61;61;63;69;63;66;61;65;22;1981;198176;5001
949;肯尼-登纳德;Kenny Dennard;4;3;6;54;74;58;63;74;68;72;54;65;59;55;59;68;64;23;1981;198178;2477
950;拉里-斯普里格斯;Larry Spriggs;4;3;6;57;75;61;64;75;70;71;55;65;62;57;62;69;66;22;1981;198181;2403
951;彼得-费尔赫芬;Pete Verhoeven;4;0;7;58;78;63;68;79;75;73;59;69;63;61;66;74;70;22;1981;198185;5001
952;艾利克斯-布拉德利;Alex Bradley;4;0;6;55;74;60;66;74;72;68;54;65;61;58;61;68;65;22;1981;198186;5001
953;凯文-麦肯纳;Kevin McKenna;2;3;6;60;68;74;74;68;60;56;66;62;75;62;67;61;64;23;1981;198188;2423
954;汉克-麦克多维尔;Hank McDowell;4;5;6;57;74;58;64;76;71;68;54;65;59;57;61;68;65;22;1981;1981102;2415
955;加里-维特斯;Garry Witts;2;3;6;56;68;74;75;72;59;53;67;63;75;62;66;62;64;22;1981;1981103;5001
956;罗杰-伯克曼;Roger Burkman;2;1;6;60;72;77;75;70;59;58;63;63;77;64;69;61;65;23;1981;1981130;5001
957;克林顿-惠勒;Clinton Wheeler;1;2;6;73;58;72;72;71;59;61;70;61;74;61;69;66;67;21;1981;1981150;5001
958;鲍比-凯特奇;Bobby Cattage;4;3;6;56;73;58;66;74;68;68;57;64;59;58;60;67;64;23;1981;1981165;5001
959;德里克-罗兰;Derrick Rowland;2;3;6;61;69;76;75;69;59;62;66;63;77;64;68;63;66;22;1981;1981211;5001
960;拉尔顿-韦;Ralton Way;5;4;6;61;77;53;60;75;74;74;62;65;54;55;61;74;68;23;1981;1981212;5001
961;巴里-布鲁克斯;Barry Brooks;4;3;6;53;73;58;63;76;71;70;53;65;59;55;59;69;64;20;1981;1981213;5001
962;罗德尼-本森;Rodney Benson;3;4;6;63;68;69;69;68;58;62;59;62;70;60;64;59;63;22;1981;1981215;5001
963;肯尼-艾斯利;Kenny Easley;2;1;6;60;69;75;75;68;62;56;65;63;76;63;68;61;65;20;1981;1981216;5001
964;史蒂夫-科克伦;Steve Cochran;4;3;6;55;73;62;65;73;70;72;57;64;63;57;61;69;65;20;1981;1981217;5001
965;凯文-罗杰斯;Kevin Rogers;1;2;6;75;58;71;68;71;61;61;66;61;74;58;69;64;67;20;1981;1981218;5001
966;阿尔文-布鲁克斯;Alvin Brooks;5;0;6;58;76;55;58;76;77;76;59;65;56;53;60;76;68;22;1981;1981219;5001
967;费尔顿-西丽;Felton Sealey;1;2;6;77;60;70;72;72;59;60;64;62;73;62;70;63;67;22;1981;1981220;5001
968;阿蒂-格林;Artie Green;2;3;6;59;68;73;77;72;60;56;63;63;74;65;67;61;65;20;1981;1981221;5001
969;肯尼-马修斯;Kenny Matthews;1;2;6;54;74;58;64;73;71;69;54;64;59;56;57;64;61;20;1981;1981222;5001
970;唐纳德-梅森;Donald Mason;4;3;6;56;74;62;64;73;68;69;55;64;63;56;61;67;64;20;1982;198200;5001
971;詹姆斯-沃西;James Worthy;4;3;8;63;86;72;73;80;81;78;59;75;71;67;75;78;77;21;1982;198201;78
972;特里-卡明斯;Terry Cummings;4;0;8;63;87;70;77;82;81;82;61;75;69;71;76;81;78;21;1982;198202;1909
973;多米尼克-威尔金斯;Dominique Wilkins;3;2;10;80;84;81;83;81;71;80;68;77;80;79;85;77;82;23;1982;198203;72
974;比尔-加内特;Bill Garnett;4;0;6;56;73;62;66;74;68;69;55;64;63;58;62;67;64;22;1982;198204;2482
975;拉萨尔-汤普森;LaSalle Thompson;5;4;7;55;82;60;64;80;80;81;63;70;60;58;65;81;74;21;1982;198205;2294
976;特伦特-塔克;Trent Tucker;2;0;7;65;73;81;73;75;62;63;67;67;81;63;73;67;70;23;1982;198206;2385
977;奎因汀-戴利;Quintin Dailey;2;1;7;65;73;80;73;76;63;58;65;67;80;63;72;65;69;22;1982;198207;2500
978;克拉克-凯洛格;Clark Kellogg;4;0;8;66;87;70;74;82;79;78;61;75;69;69;76;79;77;21;1982;198208;2417
979;克里夫-莱温斯顿;Cliff Levingston;4;0;7;58;79;67;68;81;76;76;59;70;67;61;68;76;72;22;1982;198209;2457
980;基斯-埃德蒙森;Keith Edmonson;2;1;6;60;68;74;76;68;59;55;66;62;75;64;67;60;64;22;1982;198210;2339
981;拉斐特-利弗;Fat Lever;2;1;7;64;76;80;74;74;62;59;71;68;80;64;73;67;70;22;1982;198211;2311
982;约翰-巴格莱;John Bagley;1;0;7;79;65;76;76;76;62;64;76;65;78;67;76;72;74;22;1982;198212;2495
983;斯里谱-弗洛伊德;Sleepy Floyd;2;0;7;58;77;82;75;74;61;62;63;68;82;64;72;64;69;22;1982;198213;2444
984;莱斯特-康纳;Lester Conner;2;0;7;67;76;81;76;74;66;66;71;68;81;67;75;70;73;23;1982;198214;2441
985;大卫-瑟德基尔;David Thirdkill;3;2;6;65;70;72;71;70;60;59;58;63;72;63;68;59;65;22;1982;198215;2464
986;特里-蒂格;Terry Teagle;3;2;6;65;70;72;71;69;61;58;59;63;72;63;68;59;65;22;1982;198216;2434
987;布鲁克-斯蒂帕;Brook Steppe;2;3;6;53;70;73;76;70;59;57;66;63;74;62;65;62;64;23;1982;198217;2422
988;里基-皮尔斯;Ricky Pierce;3;2;7;70;75;76;76;76;65;68;64;68;75;69;74;68;72;23;1982;198218;1389
989;罗伯-威廉姆斯;Rob Williams;1;2;6;75;59;70;71;72;59;61;70;61;73;61;69;66;68;21;1982;198219;2468
990;保罗-普莱西;Paul Pressey;2;3;7;64;75;82;74;74;62;63;72;67;82;64;74;68;71;24;1982;198220;2395
991;埃迪-菲利普斯;Eddie Phillips;4;0;6;53;73;60;64;76;71;70;57;65;61;56;60;70;65;21;1982;198221;5001
992;麦克-麦克纳玛纳;Mark McNamara;5;4;6;61;76;57;62;76;73;74;61;65;58;57;63;74;68;23;1982;198222;2292
993;达伦-提里斯;Darren Tillis;5;4;6;62;73;54;62;76;76;74;61;65;55;57;61;75;68;22;1982;198223;2447
994;奥利弗-罗宾逊;Oliver Robinson;2;0;6;58;70;74;73;71;61;58;67;63;75;61;66;63;65;22;1982;198224;5001
995;布莱恩-瓦里克;Bryan Warrick;2;1;6;53;68;76;76;70;60;59;65;63;77;62;66;62;64;23;1982;198225;2329
996;弗莱德-罗伯茨;Fred Roberts;4;5;7;58;79;63;69;78;77;73;59;69;63;62;67;74;71;23;1982;198227;1983
997;斯科特-黑斯廷斯;Scott Hastings;4;5;6;57;73;62;63;74;71;68;57;64;63;56;61;68;65;22;1982;198229;2534
998;华莱士-布莱恩特;Wallace Bryant;5;0;6;58;74;57;58;74;77;77;58;65;58;53;60;75;68;24;1982;198230;2508
999;罗德-希金斯;Rod Higgins;4;5;6;55;76;60;67;76;68;68;54;65;61;59;62;67;65;23;1982;198231;2506
1000;理查德-安德森;Richard Anderson;4;5;6;57;73;58;65;77;68;72;56;65;59;57;60;70;65;22;1982;198232;2469
1001;林顿-汤恩斯;Linton Townes;3;2;6;66;71;72;68;69;62;58;58;63;72;60;67;59;64;23;1982;198233;5001
1002;文斯-泰勒;Vince Taylor;2;3;6;61;70;75;77;71;61;61;67;63;76;65;69;64;67;22;1982;198234;5001
1003;德里克-史密斯;Derek Smith;3;2;7;71;76;76;76;74;63;69;66;68;75;69;74;68;72;21;1982;198235;2410
1004;J.J.-安德森;J.J. Anderson;4;0;6;57;74;61;64;73;72;69;54;64;62;57;62;68;65;22;1982;198236;5001
1005;阿代尔-诺里斯;Audie Norris;5;0;6;58;73;57;62;76;73;73;58;65;58;56;61;73;67;22;1982;198237;2310
1006;维恩-萨普里顿;Wayne Sappleton;4;0;6;55;74;60;66;73;68;72;57;64;61;58;61;68;65;24;1982;198238;5001
1007;盖伊-摩根;Guy Morgan;2;3;6;55;70;75;73;68;58;56;63;63;76;60;66;59;63;22;1982;198240;5001
1008;德怀特-安德森;Dwight Anderson;2;1;6;57;70;73;77;70;59;62;66;63;74;64;66;63;65;22;1982;198241;5001
1009;杰夫-泰勒;Jeff Taylor;1;2;6;73;62;71;68;69;61;60;67;61;74;58;68;64;66;23;1982;198242;5001
1010;何塞-斯劳特;Jose Slaughter;2;0;6;56;71;73;76;69;60;54;63;63;74;63;66;60;63;22;1982;198243;5001
1011;迈克-吉布森;Mike Gibson;4;3;6;57;75;60;63;76;72;69;56;65;61;56;62;70;66;23;1982;198244;2332
1012;鲁斯-舍尼;Russ Schoene;4;5;6;54;77;60;65;75;68;69;53;65;61;57;62;67;64;22;1982;198245;5001
1013;迈克尔-威尔逊;Michael Wilson;2;1;6;59;70;76;73;69;59;54;65;63;77;61;68;60;64;24;1982;198247;5001
1014;克莱格-霍奇斯;Craig Hodges;1;2;6;76;59;70;68;72;61;61;65;61;73;58;68;64;66;22;1982;198248;2411
1015;康尼-汤普森;Corny Thompson;3;4;6;66;68;72;71;70;62;58;58;63;72;63;67;60;65;22;1982;198250;5001
1016;吉姆-约翰斯通;Jim Johnstone;5;4;6;59;75;54;60;73;75;73;62;65;55;55;61;73;67;22;1982;198251;5001
1017;杰里-伊维斯;Jerry Eaves;2;1;6;53;68;74;77;71;62;54;67;63;75;63;65;62;64;23;1982;198255;2335
1018;乔-科佩吉;Joe Kopicki;5;0;6;58;74;56;60;74;73;75;58;65;57;55;61;73;67;22;1982;198256;2331
1019;查尔斯-皮特曼;Charles Pittman;3;4;6;64;71;71;69;71;58;65;60;63;71;61;66;62;65;24;1982;198261;2355
1020;查克-内维特;Chuck Nevitt;5;0;6;61;77;56;59;73;74;75;59;65;57;55;62;73;68;23;1982;198263;5001
1021;约翰-格雷格;John Greig;4;3;6;55;73;59;64;75;69;70;57;65;60;56;60;69;65;21;1982;198265;5001
1022;佩里-莫斯;Perry Moss;2;1;6;53;72;74;75;71;62;57;67;64;75;62;65;63;64;24;1982;198269;5001
1023;马克-伊顿;Mark Eaton;5;0;7;56;71;48;58;76;97;78;64;67;50;52;56;85;71;26;1982;198272;2283
1024;迈克-桑德斯;Mike Sanders;4;3;7;61;81;64;68;80;74;74;58;70;64;62;68;74;71;22;1982;198274;2354
1025;查克-亚历克斯纳斯;Chuck Aleksinas;5;4;6;61;73;56;59;73;77;76;58;64;57;54;60;74;68;23;1982;198276;5001
1026;沃克-拉塞尔;Walker Russell Sr.;2;1;6;58;69;74;76;70;62;59;67;63;75;64;67;64;65;22;1982;198278;2461
1027;托尼-布朗;Tony Brown;3;2;6;67;71;71;72;70;61;59;59;63;71;64;68;60;65;24;1982;198282;5001
1028;罗伊-怀特;Rory White;4;0;6;54;77;60;65;73;70;68;56;65;61;57;62;67;65;23;1982;198286;2353
1029;比尔-达非;Bill Duffy;2;3;6;57;70;75;73;70;58;60;65;63;76;61;66;62;64;20;1982;1982109;5001
1030;霍华德-麦克尼尔;Howard McNeill;4;3;6;56;73;62;64;75;68;68;56;65;63;56;61;67;64;22;1982;1982114;5001
1031;尔里克-马布里;Eric Marbury;1;2;6;76;61;72;69;68;62;59;72;61;74;59;70;65;68;20;1982;1982117;5001
1032;埃尔文-杰克逊;Alvin Jackson;4;5;6;55;75;59;65;77;68;69;54;65;60;57;61;68;65;20;1982;1982118;5001
1033;庞乔-怀特;Poncho Wright;3;2;6;67;69;68;68;69;59;63;62;63;69;60;65;61;64;20;1982;1982120;5001
1034;麦克-卡尼斯基;Mike Kanieski;5;4;6;62;76;53;60;77;74;73;58;66;54;56;61;73;68;20;1982;1982121;5001
1035;B.B.-丰特内;B. B. Fontenet;2;3;6;62;71;75;73;68;61;60;66;63;76;62;68;63;65;20;1982;1982122;5001
1036;杰夫-克拉克;Jeff Clark;4;3;6;56;75;60;65;73;68;69;57;65;61;57;61;67;64;23;1982;1982123;5001
1037;列奥-康宁汉姆;Leo Cunningham;5;4;6;61;74;57;62;76;74;76;58;65;58;57;62;74;68;22;1982;1982125;5001
1038;约翰-施维茨;John Schweitz;2;3;6;54;70;76;74;69;61;60;63;63;77;61;66;62;64;22;1982;1982138;5001
1039;埃迪-休斯;Eddie Hughes;1;2;6;77;60;69;71;70;62;59;64;61;72;61;70;62;66;22;1982;1982140;5001
1040;艾德-内里;Eddie Nealy;4;0;6;56;74;58;65;74;69;71;56;65;59;57;60;68;65;22;1982;1982166;2300
1041;达勒-威尔金森;Dale Wilkinson;4;0;6;54;74;61;64;74;71;69;54;65;62;56;61;68;65;22;1982;1982221;5001
1042;拉尔夫-桑普森;Ralph Sampson;5;4;8;67;84;65;71;80;83;80;70;74;64;68;74;83;79;23;1983;198301;1438
1043;史蒂夫-斯蒂帕诺维奇;Steve Stipanovich;5;0;7;53;81;58;67;82;81;79;66;71;58;60;65;82;74;23;1983;198302;2420
1044;罗德尼-麦克雷;Rodney McCray;3;2;7;71;73;77;77;74;64;67;66;67;76;70;74;68;72;22;1983;198303;2432
1045;拜伦-斯科特;Byron Scott;2;1;7;61;76;82;77;74;67;63;72;68;82;66;73;70;72;22;1983;198304;2138
1046;西德尼-格林;Sidney Green;4;5;6;57;76;59;66;74;68;69;56;65;60;59;62;67;65;23;1983;198305;2507
1047;拉塞尔-克洛斯;Russell Cross;5;0;6;62;75;55;62;76;74;76;60;65;56;57;62;75;69;22;1983;198306;2451
1048;瑟尔-贝利;Thurl Bailey;4;5;7;59;80;66;69;81;76;77;62;70;66;62;68;77;73;22;1983;198307;2277
1049;安托万-凯尔;Antoine Carr;4;5;7;58;78;63;71;81;75;73;61;70;63;63;66;75;71;22;1983;198308;1114
1050;达勒-艾利斯;LaPhonso Darnell Ellis;2;3;7;66;77;78;77;76;66;65;70;68;78;67;74;70;72;23;1983;198309;348
1051;杰夫-马龙;Jeff Malone;2;1;8;63;82;83;80;73;50;68;71;71;83;70;77;66;72;22;1983;198310;1261
1052;德里克-哈珀;Derek Harper;2;0;7;67;74;79;77;73;62;59;69;67;79;67;74;66;70;22;1983;198311;488
1053;达内尔-沃克;Darrell Walker;2;0;6;58;71;75;76;70;61;54;67;63;76;64;68;62;65;22;1983;198312;5001
1054;埃尼斯-威特利;Ennis Whatley;2;1;6;57;72;74;76;69;58;58;67;63;75;64;67;62;65;21;1983;198313;2504
1055;克莱德-德雷克斯勒;Clyde Drexler;2;3;10;77;83;85;88;81;68;73;74;77;84;81;86;77;82;21;1983;198314;27
1056;霍华德-卡特;Howard Carter;2;0;6;53;70;74;73;71;61;54;65;63;75;60;64;61;63;22;1983;198315;2472
1057;乔恩-桑德沃德;Jon Sundvold;1;0;7;78;67;73;73;73;65;61;75;65;75;64;74;70;72;22;1983;198316;2374
1058;莱奥-劳汀斯;Leo Rautins;4;0;6;53;75;61;66;73;72;69;53;65;62;58;61;68;65;23;1983;198317;5001
1059;兰迪-布鲁尔;Randy Breuer;5;0;6;59;74;56;61;75;77;76;58;65;57;56;61;75;68;23;1983;198318;2400
1060;约翰-帕克森;John Paxson;1;0;7;81;66;76;74;75;59;61;69;65;78;65;76;67;72;23;1983;198319;2291
1061;罗伊-辛森;Roy Hinson;4;5;7;60;78;65;69;79;74;77;61;69;65;62;68;76;72;22;1983;198320;2496
1062;格雷格-凯特;Greg Kite;5;0;6;61;74;55;58;75;77;74;62;65;56;53;60;75;68;22;1983;198321;2526
1063;兰迪-惠特曼;Randy Wittman;2;3;7;60;74;81;77;77;60;63;68;68;81;66;73;67;70;24;1983;198322;2533
1064;米切尔-威金斯;Mitchell Wiggins;2;0;6;57;68;77;74;68;60;53;67;62;77;62;67;60;64;24;1983;198323;2501
1065;斯特瓦尔特-格兰杰;Stewart Granger;1;2;6;76;60;70;68;70;59;60;66;61;73;58;69;63;66;22;1983;198324;2494
1066;西德尼-洛维;Sidney Lowe;2;1;6;61;70;73;77;70;62;62;63;63;74;65;68;63;66;24;1983;198325;2426
1067;莱罗伊-康布斯;Leroy Combs;4;0;6;53;73;62;66;73;71;72;55;64;63;57;61;69;65;23;1983;198326;2425
1068;约翰-加里斯;John Garris;4;0;6;57;76;61;63;75;72;68;53;65;62;56;62;68;65;24;1983;198327;2493
1069;罗德-福斯特;Rod Foster;1;2;6;75;59;72;69;72;60;60;67;61;74;59;69;64;67;23;1983;198328;2351
1070;拉里-麦考克斯;Larry Micheaux;4;0;6;56;74;61;63;75;71;71;57;65;62;55;61;70;65;23;1983;198329;5001
1071;马克-韦斯特;Mark West;5;4;7;57;81;60;63;82;81;81;63;71;60;58;66;82;74;23;1983;198330;1545
1072;道格-里弗斯;Doc Rivers;2;1;7;62;75;82;77;77;59;60;63;68;82;66;74;64;69;22;1983;198331;1964
1073;德克-米尼菲尔德;Dirk Minniefield;2;1;6;62;72;75;73;69;62;58;67;63;76;62;68;63;66;23;1983;198333;5001
1074;盖伊-威廉姆斯;Guy Williams;4;3;6;57;77;58;64;77;69;69;55;66;59;57;62;69;65;23;1983;198334;5001
1075;达内尔-洛克哈特;Darrell Lockhart;5;0;6;60;77;56;58;75;73;76;60;65;57;53;62;74;68;23;1983;198335;2342
1076;斯科奥特-麦克雷;Scooter McCray;4;3;6;57;76;58;63;73;70;69;57;65;59;56;61;68;65;23;1983;198336;2377
1077;克里斯-麦克尼尔利;Chris McNealy;4;3;6;54;75;58;63;76;71;69;54;65;59;55;60;69;64;23;1983;198338;5001
1078;格兰维尔-维特斯;Granville Waiters;5;4;6;62;73;53;58;77;74;73;61;65;54;53;59;74;67;23;1983;198339;2427
1079;吉姆-托马斯;Jim Thomas;2;1;6;57;70;74;73;69;58;54;65;63;75;61;66;60;63;23;1983;198339;2424
1080;帕瑟-曼尼恩;Pace Mannion;1;3;6;77;58;72;69;68;62;61;67;61;74;59;70;64;67;23;1983;198343;2449
1081;凯文-威廉姆斯;Kevin Williams;1;2;6;74;61;68;72;69;58;59;65;61;71;62;69;62;66;22;1983;198346;2290
1082;克莱格-埃卢;Craig Ehlo;2;3;6;62;71;75;77;68;61;61;67;63;76;66;69;63;66;22;1983;198348;347
1083;保罗-汤普森;Paul Thompson;2;3;6;58;72;75;75;72;62;57;67;64;76;63;68;64;66;22;1983;198350;2490
1084;麦克-霍尔顿;Michael Holton;2;1;6;59;70;74;75;72;58;60;63;63;75;63;67;62;65;23;1983;198353;5001
1085;达伦-达耶;Darren Daye;4;3;6;56;74;61;66;76;72;70;57;65;62;58;62;70;66;23;1983;198357;2330
1086;约翰-皮诺尼;John Pinone;3;2;6;65;68;69;68;72;60;64;59;63;70;60;65;62;65;22;1983;198358;5001
1087;布鲁斯-库克岑斯基;Bruce Kuczenski;4;0;6;55;77;62;66;76;71;71;56;66;63;58;63;70;67;22;1983;198359;5001
1088;汤姆-皮奥特洛斯基;Tom Piotrowski;5;0;6;58;73;53;61;74;74;77;61;64;54;55;59;74;67;23;1983;198362;2348
1089;罗恩-克雷维尔;Ron Crevier;5;0;6;58;74;55;59;74;73;76;60;65;56;54;60;73;67;25;1983;198375;5001
1090;皮特-西比克斯;Peter Thibeaux;4;3;6;55;76;62;65;74;70;71;56;65;63;57;62;69;66;23;1983;198377;5001
1091;马克-琼斯;Mark Jones;1;2;6;76;62;68;70;69;59;60;66;61;71;60;69;63;66;22;1983;198382;5001
1092;布兰特-维德纳;Brant Weidner;3;4;6;63;71;69;69;70;60;62;60;63;70;61;65;61;64;23;1983;198390;5001
1093;卡洛斯-克拉克;Carlos Clark;2;1;6;53;71;75;74;70;62;60;67;63;76;61;65;64;65;23;1983;198391;2527
1094;肯-奥斯汀;Ken Austin;4;3;6;55;76;62;63;76;72;70;55;65;63;55;62;70;66;22;1983;1983101;2463
1095;吉姆-蓝普利;Jim Lampley;5;4;6;59;74;56;60;77;77;75;59;65;57;55;61;76;69;23;1983;1983102;5001
1096;赛达勒-斯瑞特;Sedale Threatt;1;2;7;78;66;77;75;77;65;62;76;66;79;66;76;72;74;22;1983;1983139;2363
1097;达恩-萨特;Dane Suttle;2;1;6;56;69;77;73;69;59;55;67;63;77;61;67;61;64;22;1983;1983152;2343
1098;莫里斯·麦克丹尼尔;Maurice McDaniel;4;0;6;56;74;59;66;74;68;71;57;65;60;58;61;68;65;24;1983;1983153;5001
1099;保罗-里德尔;Paul Little;1;2;6;74;58;70;71;72;58;62;71;61;73;60;69;66;68;20;1983;1983154;5001
1100;托尼-加蒂斯;Tony Gattis;5;4;6;58;75;53;60;75;76;76;59;65;54;55;60;75;68;20;1983;1983155;5001
1101;基思-班尼特;Keith Bennett;4;3;6;57;76;60;67;75;71;70;53;65;61;59;62;68;66;22;1983;1983156;5001
1102;安东尼-希克斯;Anthony Hicks;1;2;6;73;58;70;72;69;61;61;66;61;73;61;68;63;66;20;1983;1983157;5001
1103;基思-威廉姆斯;Keith Williams;2;3;6;60;69;74;74;71;60;58;64;63;75;62;67;62;65;20;1983;1983158;5001
1104;弗雷德-布朗;Fred Brown;3;2;7;69;76;75;74;75;65;71;67;68;75;67;73;70;73;20;1983;1983159;5001
1105;罗伊-杰克逊;Ron Jackson;1;2;6;77;62;71;69;70;60;61;68;62;74;60;70;64;68;20;1983;1983160;5001
1106;里奇-米克森;Ricky Mixon;3;2;6;64;69;68;71;71;62;67;60;63;69;62;66;64;66;20;1983;1983161;5001
1107;托尼-布赖恩;Tony Bruin;2;1;6;61;69;77;76;71;58;62;67;63;77;64;69;64;67;20;1983;1983162;5001
1108;杰夫-博尔丁;Jeff Bolding;4;5;6;57;76;60;63;77;68;70;53;66;61;56;62;68;65;20;1983;1983163;5001
1109;雷-麦考勒姆;Ray McCallum;2;3;6;58;68;76;74;69;61;56;63;63;77;62;67;60;64;20;1983;1983164;5001
1110;拉里-塔克;Larry Tucker;3;2;6;65;72;71;69;70;58;66;62;63;71;61;67;62;66;20;1983;1983165;5001
1111;哈基姆-奥拉朱旺;Hakeem Olajuwon;5;0;10;54;90;54;71;92;90;91;78;91;55;65;72;96;85;22;1984;198401;12
1112;萨姆-鲍维;Sam Bowie;5;0;7;58;81;58;57;78;84;80;61;70;58;52;63;81;73;23;1984;198402;2539
1113;迈克尔-乔丹;Michael Jordan;2;1;10;75;95;74;91;94;72;67;93;94;75;85;87;88;87;21;1984;198403;1
1114;萨姆-帕金斯;Sam Perkins;4;5;7;57;82;60;61;81;71;81;67;71;61;55;63;78;71;23;1984;198404;641
1115;查尔斯-巴克利;Charles Barkley;4;3;10;55;86;60;78;91;75;84;76;85;61;70;72;87;80;21;1984;198405;20
1116;梅尔文-特平;Melvin Turpin;5;0;6;50;76;55;57;77;76;72;57;66;56;50;58;74;66;24;1984;198406;2540
1117;埃尔文-罗伯特森;Alvin Robertson;2;0;9;74;75;67;73;83;61;72;91;75;69;66;72;82;76;22;1984;198407;593
1118;兰卡斯特-戈登;Lancaster Gordon;2;0;6;61;75;59;66;78;61;58;64;66;62;56;61;65;63;22;1984;198408;2541
1119;奥蒂斯-索佩;Otis Thorpe;4;5;8;60;83;55;65;85;65;81;68;75;57;59;65;78;72;22;1984;198409;688
1120;里昂-伍德;Leon Wood;1;2;6;64;76;62;66;78;59;58;60;66;66;56;64;63;63;22;1984;198410;2542
1121;凯文-威利斯;Kevin Willis;4;5;8;58;84;59;66;83;68;80;67;75;60;60;66;77;72;22;1984;198411;707
1122;蒂姆-麦考密克;Tim McCormick;5;0;7;59;78;58;62;80;67;73;59;69;58;57;64;72;68;22;1984;198412;2543
1123;杰伊-亨弗里斯;Jay Humphries;1;2;7;73;74;63;70;81;62;60;72;69;67;61;69;70;70;22;1984;198413;2544
1124;迈克尔-凯奇;Michael Cage;5;4;6;57;77;56;59;81;64;75;70;67;57;54;61;74;68;23;1984;198414;1118
1125;特伦斯-斯坦斯布里;Terence Stansbury;1;0;6;64;75;63;65;78;58;59;67;66;67;55;64;66;65;23;1984;198415;2545
1126;约翰-斯托克顿;John Stockton;1;0;10;95;74;69;76;80;57;58;84;76;72;71;83;74;79;22;1984;198416;70
1127;杰夫-特纳;Jeff Turner;4;3;6;55;76;58;55;78;68;67;60;66;59;48;58;69;64;22;1984;198417;1494
1128;维恩-弗莱明;Vern Fleming;1;0;7;74;73;59;75;79;61;65;69;68;63;65;69;70;69;22;1984;198418;2546
1129;伯纳德-汤普森;Bernard Thompson;3;2;6;63;68;62;67;79;61;64;67;64;64;59;62;68;66;22;1984;198419;2547
1130;托尼-坎贝尔;Tony Campbell;3;2;7;64;77;61;70;83;62;70;71;70;63;62;66;73;70;22;1984;198420;2548
1131;肯尼-菲尔兹;Kenny Fields;3;0;6;58;71;63;67;79;64;68;68;65;65;58;61;70;67;22;1984;198421;2549
1132;汤姆-塞维尔;Tom Sewell;2;0;5;61;68;60;65;73;62;59;63;61;63;55;59;63;61;22;1984;198422;2550
1133;厄尔-琼斯;Earl Jones;5;0;5;54;73;58;51;76;63;67;60;62;58;46;56;67;62;24;1984;198423;2551
1134;迈克尔-杨;Michael Young;3;0;5;57;70;62;68;75;65;66;63;62;64;58;60;67;64;24;1984;198424;2552
1135;德文-杜兰特;Devin Durrant;3;2;5;63;76;59;64;77;61;68;65;63;61;57;61;68;65;24;1984;198425;2553
1136;维克托-弗莱明;Victor Fleming;2;0;5;61;68;63;65;73;60;59;63;61;66;55;60;63;61;22;1984;198426;2554
1137;罗恩-安德森;Ron Anderson;3;0;6;62;74;64;66;79;57;65;61;66;65;58;63;65;65;26;1984;198427;2555
1138;科里-布莱克威尔;Cory Blackwell;3;0;5;63;68;61;66;77;61;63;58;62;63;58;61;64;63;21;1984;198428;2556
1139;斯图尔特-格雷;Stuart Gray;5;0;6;58;76;57;58;83;65;68;57;67;58;53;61;70;66;21;1984;198429;2557
1140;史蒂夫-波特;Steve Burtt;2;0;5;63;68;65;68;76;59;63;58;62;67;58;62;63;62;22;1984;198430;2558
1141;杰伊-墨菲;Jay Murphy;4;3;5;57;73;58;63;80;63;65;51;63;59;56;60;65;63;22;1984;198431;2559
1142;史蒂夫-柯尔特;Steve Colter;1;0;6;72;72;62;66;72;58;59;65;64;66;57;66;63;64;22;1984;198433;2560
1143;埃迪-维金斯;Eddie Lee Wilkins;5;4;6;51;72;52;65;70;61;68;57;63;54;57;57;63;60;22;1984;198433;2570
1144;奥瑟尔-威尔森;Othell Wilson;1;0;5;68;73;60;68;70;57;55;63;61;64;58;64;60;62;23;1984;198435;2561
1145;查尔斯-琼斯;Charles Jones;4;5;5;54;72;58;61;75;52;73;55;62;59;53;58;63;61;23;1984;198436;2101
1146;本-科尔曼;Ben Coleman;4;5;6;55;76;57;55;79;61;71;59;66;59;48;58;68;63;25;1984;198437;2562
1147;查理-希顿;Charlie Sitton;3;0;5;62;74;62;65;75;64;65;62;62;64;57;62;66;65;22;1984;198438;2563
1148;丹尼-杨;Danny Young;1;0;6;71;65;63;72;74;58;55;62;63;67;61;66;61;64;22;1984;198439;2564
1149;汤姆-斯卢比;Tom Sluby;2;0;5;61;61;64;66;72;58;59;63;60;66;55;59;62;60;22;1984;198441;2565
1150;威利-怀特;Willie White;2;0;5;63;65;62;66;75;59;63;58;61;65;56;60;62;61;22;1984;198442;2566
1151;加里-普拉莫;Gary Plummer;4;0;5;54;74;58;62;71;61;65;53;62;59;54;59;61;60;22;1984;198445;2567
1152;杰罗米-科尔西;Jerome Kersey;3;0;7;59;75;62;70;76;65;69;65;68;64;61;64;69;67;22;1984;198446;1606
1153;吉姆-皮特森;Jim Petersen;4;5;6;57;71;54;62;74;62;73;58;64;56;55;58;67;63;22;1984;198451;2568
1154;鲍伯-索顿;Bob Thornton;4;0;6;54;75;55;54;76;64;70;60;65;57;47;56;68;62;23;1984;198487;2569
1155;奥斯卡-施密特;Oscar Schmidt;3;4;10;77;80;90;92;81;53;69;69;76;87;86;88;68;80;26;1978;1984131;143
1156;肯-班尼斯特;Ken Bannister;4;0;5;54;74;54;60;73;64;65;55;62;56;52;57;64;60;24;1984;1984156;2571
1157;帕特里克-尤因;Patrick Ewing;5;4;10;54;90;55;65;91;89;90;73;87;56;60;69;94;82;23;1985;198501;81
1158;瓦伊曼-提斯代尔;Wayman Tisdale;4;5;8;56;85;59;74;83;77;85;53;75;60;66;68;79;74;21;1985;198502;2163
1159;贝诺特-本杰明;Benoit Benjamin;5;0;7;45;86;53;52;87;89;82;61;73;54;46;58;87;74;21;1985;198503;1713
1160;泽维尔-麦克丹尼尔;Xavier McDaniel;3;0;8;56;82;65;77;82;64;75;77;74;66;67;68;77;73;22;1985;198504;2572
1161;乔恩-考恩凯克;Jon Koncak;5;4;5;53;74;58;62;79;75;76;54;63;58;55;60;75;68;22;1985;198505;2573
1162;乔-克莱恩;Joe Kleine;5;0;5;59;77;53;52;81;76;78;53;64;54;48;58;77;68;24;1985;198506;1148
1163;克里斯-穆林;Chris Mullin;3;2;9;67;81;69;82;83;65;67;76;77;70;74;75;75;76;22;1985;198507;134
1164;德特雷夫-施拉姆夫;Detlef Schrempf;4;5;8;53;77;55;67;87;73;81;69;74;57;59;61;82;72;23;1985;198508;666
1165;查尔斯-奥克利;Charles Oakley;4;5;7;55;83;52;56;86;67;91;74;72;54;50;59;84;72;22;1985;198509;177
1166;艾德-平克尼;Ed Pinckney;4;0;6;56;77;53;52;78;72;74;55;66;55;46;56;72;64;22;1985;198510;2083
1167;基斯-李;Keith Lee;4;5;5;53;74;52;52;75;70;75;53;62;54;45;53;70;62;23;1985;198511;2574
1168;肯尼-格林;Kenny Green;3;2;5;63;74;62;65;77;66;65;63;63;64;57;62;68;66;21;1985;198512;2575
1169;卡尔-马龙;Karl Malone;4;0;10;65;89;59;81;93;67;88;70;87;60;76;77;85;81;22;1985;198513;52
1170;阿尔弗莱德里克-休斯;Alfredrick Hughes;3;2;5;65;73;64;62;79;67;66;59;63;65;55;63;68;66;23;1985;198514;2576
1171;布莱尔-拉斯姆森;Blair Rasmussen;5;0;6;53;74;59;57;78;66;72;60;65;59;51;59;71;65;23;1985;198515;2577
1172;比尔-温宁顿;Bill Wennington;5;0;6;59;77;53;56;82;73;76;56;67;54;51;60;76;68;22;1985;198516;1548
1173;尤维-普莱;Uwe Blab;5;0;5;53;72;54;57;78;62;81;53;63;55;51;56;71;64;23;1985;198517;2578
1174;乔-杜马斯;Joe Dumars;2;1;8;71;80;69;77;84;56;65;69;74;71;69;73;70;71;22;1985;198518;99
1175;史蒂夫-哈里斯;Steve Harris;2;1;5;63;73;64;69;73;60;61;64;62;66;59;63;64;63;22;1985;198519;2579
1176;萨姆-文森特;Sam Vincent;1;0;6;73;70;62;68;72;61;59;69;63;66;59;67;65;66;22;1985;198520;2580
1177;特里-卡特利奇;Terry Catledge;3;0;7;52;77;65;74;77;62;73;73;69;66;63;64;72;69;22;1985;198521;2581
1178;杰里-雷诺兹;Jerry Reynolds;2;3;5;62;70;66;69;75;60;69;67;62;68;59;63;68;65;23;1985;198522;2582
1179;AC-格林;A.C. Green;4;5;7;52;81;53;59;81;65;83;62;70;55;52;59;75;67;22;1985;198523;990
1180;特里-波特;Terry Porter;1;0;8;89;77;62;74;79;53;64;75;72;66;69;77;70;74;22;1985;198524;400
1181;迈克-斯姆瑞克;Mike Smrek;5;0;5;53;77;53;57;76;64;73;60;63;54;51;57;69;64;23;1985;198525;2584
1182;比尔-马丁;Bill Martin;3;0;5;64;69;62;70;75;67;68;63;62;64;61;63;68;67;23;1985;198526;2585
1183;德怀恩-麦克莱恩;Dwayne McClain;2;1;5;69;71;66;69;77;59;61;70;62;68;60;66;67;66;22;1985;198527;2586
1184;肯-约翰逊;Kenneth H. Johnson;3;0;5;60;75;63;67;72;63;65;60;62;65;59;62;64;64;23;1985;198528;5001
1185;迈克-布里坦;Mike Brittain;5;0;5;53;78;53;56;78;69;80;53;64;54;50;58;73;66;22;1985;198529;2587
1186;马努特-波尔;Manute Bol;5;0;7;56;65;53;52;89;97;75;54;68;54;46;54;87;72;23;1985;198531;2588
1187;泰隆-科宾;Tyrone Corbin;2;3;6;64;80;61;73;82;59;72;63;68;64;64;66;70;68;23;1985;198535;1132
1188;约翰-巴特尔;John Battle;1;0;6;69;70;64;73;75;56;57;67;64;67;62;67;64;66;23;1985;198584;2590
1189;斯波特-韦伯;Spud Webb;1;0;8;81;75;67;72;66;53;52;69;68;70;65;74;59;67;22;1985;198587;152
1190;布拉德-多赫迪;Brad Daugherty;5;0;8;64;85;56;74;83;73;84;65;75;57;70;72;81;77;21;1986;198601;2591
1191;伦-拜亚斯;Len Bias;3;4;8;72;76;83;82;82;78;86;72;82;80;76;81;83;83;22;1986;198602;5001
1192;克里斯-沃什布恩;Chris Washburn;5;0;5;55;76;53;57;78;72;75;53;63;54;51;58;73;66;21;1986;198603;2592
1193;查克-珀森;Chuck Person;3;0;7;63;79;64;72;80;63;69;64;70;65;64;67;69;69;22;1986;198604;393
1194;肯尼-沃克;Kenny Walker;3;0;6;64;73;59;70;77;67;66;62;65;61;62;63;68;66;22;1986;198605;2593
1195;威廉-贝德福特;William Bedford;5;0;5;53;74;54;55;76;70;72;53;63;55;49;56;70;64;23;1986;198606;2594
1196;罗伊-塔普雷;Roy Tarpley;5;4;8;55;82;53;59;74;72;88;69;72;54;54;62;79;71;22;1986;198607;2595
1197;罗恩-哈珀;Ron Harper;2;3;8;69;77;62;79;79;66;70;79;72;65;70;70;76;73;23;1986;198608;491
1198;布拉德-塞勒斯;Brad Sellers;5;4;6;53;72;54;57;76;72;75;53;65;55;51;57;72;65;24;1986;198609;2596
1199;约翰-道金斯;Johnny Dawkins;1;0;7;77;72;56;74;76;56;61;73;67;61;65;69;68;68;23;1986;198610;2597
1200;约翰-塞利;John Salley;4;5;6;55;77;56;57;80;86;72;59;66;58;50;58;78;69;22;1986;198611;1434
1201;约翰-威廉姆斯;John Sam Williams;4;0;6;63;76;59;64;79;64;69;65;66;60;58;64;70;67;20;1986;198612;2598
1202;皮埃尔-华盛顿;Pearl Washington;1;0;5;70;69;61;72;72;57;61;68;61;65;61;66;65;65;23;1986;198613;2599
1203;沃尔特-贝里;Walter Berry;3;4;7;56;78;63;70;69;66;71;69;67;65;61;63;69;67;22;1986;198614;2600
1204;戴尔-库里;Dell Curry;2;0;7;59;80;84;82;76;59;57;70;69;83;70;76;66;71;22;1986;198615;557
1205;莫里斯-马丁;Maurice Martin;3;2;5;63;73;60;69;76;59;65;62;62;62;61;62;65;64;22;1986;198616;2601
1206;哈罗德-普莱斯利;Harold Pressley;3;2;6;60;72;62;74;73;53;67;66;64;64;64;64;64;65;23;1986;198617;2602
1207;马克-阿拉里;Mark Alarie;4;0;6;56;78;56;57;76;66;70;53;66;58;51;59;67;63;23;1986;198618;2603
1208;比利-汤普森;Billy Thompson;3;0;5;64;72;65;70;72;69;68;59;62;66;62;65;66;67;23;1986;198619;2604
1209;布克-约翰逊;Buck Johnson;3;0;6;67;70;63;72;78;56;69;65;65;65;64;66;67;67;23;1986;198620;2605
1210;安东尼-琼斯;Anthony Jones;2;3;5;59;67;60;71;72;64;66;62;61;63;59;60;65;62;24;1986;198621;2606
1211;斯科特-斯凯尔斯;Scott Skiles;1;0;7;85;78;64;72;75;56;57;70;68;67;66;76;65;71;22;1986;198622;2607
1212;阿维达斯-萨博尼斯;Arvydas Sabonis;5;0;7;56;85;56;57;87;69;80;56;73;57;52;64;77;71;22;1986;198624;140
1213;马克-普莱斯;Mark Price;1;0;8;90;77;72;76;80;56;64;69;72;74;71;82;69;76;22;1986;198625;1399
1214;格雷格-德莱琳;Greg Dreiling;5;0;5;57;72;53;57;78;67;70;53;63;54;51;57;69;63;24;1986;198626;2608
1215;丹尼斯-罗德曼;Dennis Rodman;4;0;9;56;73;52;55;93;74;95;64;77;54;48;57;88;73;25;1986;198627;127
1216;拉里-克里斯科维亚克;Larry Krystkowiak;4;5;6;53;78;53;57;81;67;72;60;67;55;50;57;72;65;22;1986;198628;2609
1217;约翰-纽曼;Johnny Newman;3;2;6;56;73;67;72;76;56;66;73;65;68;62;64;68;67;23;1986;198629;2061
1218;内特-麦克米兰;Nate McMillan;1;2;7;83;67;61;65;77;59;70;81;66;65;58;69;76;72;22;1986;198630;614
1219;凯文-达克沃斯;Kevin Duckworth;5;0;8;55;81;53;65;85;63;75;59;75;54;59;64;73;69;22;1986;198633;1753
1220;杰夫-霍纳塞克;Jeff Hornacek;2;0;8;69;75;72;81;75;56;66;71;70;73;71;74;68;71;23;1986;198646;520
1221;大卫-罗宾逊;David Robinson;5;0;10;56;89;53;69;90;91;94;55;86;54;64;70;93;82;22;1987;198701;48
1222;阿尔蒙-吉列姆;Armen Gilliam;4;5;8;53;85;52;74;86;74;83;61;76;54;66;65;80;73;23;1987;198702;524
1223;德尼斯-霍普森;Dennis Hopson;2;3;6;64;75;63;69;76;65;59;70;65;66;60;64;68;66;22;1987;198703;2610
1224;雷吉-威廉姆斯;Reggie Williams;3;2;7;61;77;65;73;78;61;66;69;69;66;64;67;69;69;23;1987;198704;1529
1225;斯科蒂-皮蓬;Scottie Pippen;3;2;10;67;85;65;79;87;69;77;80;83;66;72;75;82;79;22;1987;198705;66
1226;肯尼-史密斯;Kenny Smith;1;0;7;78;73;64;71;79;60;63;76;68;67;63;71;72;72;22;1987;198706;671
1227;凯文-约翰逊;Kevin Johnson;1;0;9;83;76;67;78;77;56;65;83;73;70;71;78;74;76;21;1987;198707;739
1228;奥尔登-波利尼斯;Olden Polynice;5;4;7;54;81;55;59;83;66;85;59;71;56;53;62;77;70;23;1987;198708;859
1229;德里克-麦凯;Derrick McKey;4;5;7;66;75;53;72;79;64;73;72;68;55;66;65;73;69;21;1987;198709;2014
1230;霍雷斯-格兰特;Horace Grant;4;5;7;55;79;56;60;82;76;85;73;70;58;53;61;83;72;22;1987;198710;475
1231;雷吉-米勒;Reggie Miller;2;0;10;59;74;89;87;81;59;61;72;77;88;74;79;70;75;22;1987;198711;59
1232;蒂尼-博格斯;Tyrone Bogues;1;0;8;86;69;63;72;72;59;57;84;68;67;65;73;71;72;23;1987;198712;404
1233;乔-沃尔夫;Joe Wolf;4;5;5;56;75;56;57;79;65;72;59;63;58;50;57;70;64;23;1987;198713;2211
1234;泰利斯-弗兰克;Tellis Frank;4;5;5;53;79;53;52;77;67;69;56;64;55;46;55;68;62;22;1987;198714;2611
1235;何塞-奥特兹;José Ortiz;4;0;5;59;73;55;66;74;69;72;53;62;57;59;60;68;64;24;1987;198715;2612
1236;克里斯-威尔普;Chris Welp;5;0;5;55;78;53;56;80;72;75;52;64;54;51;59;73;66;24;1987;198716;2613
1237;罗尼-墨菲;Ronnie Murphy;3;0;5;63;74;62;63;76;65;66;63;63;64;56;62;67;65;23;1987;198717;2614
1238;马克-杰克逊;Mark Jackson;1;0;8;90;72;67;73;78;56;64;83;70;70;67;78;74;76;22;1987;198718;529
1239;肯-诺曼;Ken Norman;4;0;7;56;79;53;67;82;63;79;66;70;55;60;62;75;68;23;1987;198719;1369
1240;吉姆-法玛尔;Jim Farmer;2;1;5;65;69;66;70;74;59;61;65;61;68;60;64;64;64;23;1987;198720;2615
1241;达拉斯-科米基斯;Dallas Comegys;4;0;5;53;77;55;56;75;72;67;59;63;57;49;57;69;63;23;1987;198721;2616
1242;雷杰-刘易斯;Reggie Lewis;2;3;9;66;78;65;79;81;73;66;77;75;67;69;70;77;73;22;1987;198722;2617
1243;温斯顿-加兰;Winston Garland;1;0;6;75;72;59;66;73;59;66;73;64;63;58;66;69;67;23;1987;198740;2618
1244;宋涛;Song Tao;4;0;8;54;83;51;55;73;72;74;60;72;54;49;59;71;65;21;1986;198767;301
1245;克里斯-杜德利;Christen Guilford Dudley;5;0;6;53;72;53;52;82;73;84;53;66;54;46;55;78;67;22;1987;198775;446
1246;萨鲁纳斯-马修利奥尼斯;Sarunas Marciulionis;2;0;7;58;74;69;77;75;56;65;63;67;71;65;67;64;66;23;1987;1987127;1268
1247;丹尼-曼宁;Danny Manning;4;5;8;63;80;56;75;82;70;81;76;73;58;69;68;80;75;22;1988;198801;1297
1248;里克-施密茨;Rik Smits;5;0;8;56;85;53;56;84;80;83;53;75;54;51;63;81;73;22;1988;198802;668
1249;查尔斯-史密斯;Charles Daniel Smith;4;5;8;59;81;55;63;82;84;78;73;74;57;57;64;84;74;23;1988;198803;2126
1250;克里斯-莫里斯;Chris Morris;3;0;7;53;78;60;69;78;73;72;76;69;62;59;61;77;70;23;1988;198804;625
1251;米奇-里奇蒙德;Mitch Richmond;2;3;9;69;75;79;83;81;63;70;78;74;79;73;78;76;77;23;1988;198805;123
1252;何塞-霍金斯;Hersey Hawkins;2;0;8;59;79;72;78;80;59;61;83;73;73;67;70;74;72;22;1988;198806;514
1253;蒂姆-佩里;Tim Perry;4;3;6;60;76;59;66;77;70;72;69;66;60;59;64;73;69;23;1988;198807;2077
1254;雷克斯-查普曼;Rex Chapman;2;1;7;59;75;74;79;79;57;58;76;68;75;67;70;69;70;21;1988;198808;423
1255;罗尼-塞卡利;Rony Seikaly;5;0;8;55;86;56;57;83;78;82;66;75;57;52;64;82;74;23;1988;198809;1433
1256;威利-安德森;Willie Anderson;2;3;7;67;72;66;74;78;63;70;75;68;68;64;67;74;70;22;1988;198810;1677
1257;维尔-佩尔多;Will Perdue;5;0;6;53;78;53;52;79;75;82;53;66;54;47;57;77;68;23;1988;198811;1384
1258;哈维-格兰特;Harvey Grant;3;4;7;59;75;65;70;80;59;69;68;69;66;61;65;70;68;23;1988;198812;988
1259;杰夫-格雷尔;Jeff Grayer;3;2;6;65;72;56;69;73;65;66;62;64;59;61;62;66;65;23;1988;198813;2619
1260;丹-马尔利;Dan Majerle;2;3;7;67;74;66;72;78;60;70;67;68;68;63;67;69;68;23;1988;198814;602
1261;加里-格兰特;Gary Grant;1;0;6;82;71;67;75;72;59;61;81;64;70;67;74;71;73;23;1988;198815;2620
1262;德里克-齐沃斯;Derrick Chievous;3;0;5;60;80;61;70;75;61;61;65;63;63;62;64;65;65;21;1988;198816;2621
1263;埃里克-莱克纳;Eric Leckner;5;4;5;53;78;54;57;79;69;71;53;64;55;51;58;70;65;22;1988;198817;1947
1264;里基-贝里;Ricky Berry;4;0;5;55;72;52;63;74;67;68;55;62;54;55;57;66;62;24;1988;198818;2622
1265;罗德-斯特里克兰;Rod Strickland;1;2;8;82;74;61;78;76;53;64;79;70;65;70;74;71;73;22;1988;198819;682
1266;凯文-爱德华兹;Kevin Edwards;1;0;6;70;73;65;69;74;55;62;69;64;68;59;68;66;67;23;1988;198820;789
1267;马克-布莱恩特;Mark Bryant;4;5;5;54;75;53;57;79;66;71;55;63;55;50;56;69;63;23;1988;198821;1735
1268;兰多夫-基斯;Randolph Keys;3;0;5;64;70;62;66;75;63;68;65;62;64;58;62;68;65;22;1988;198822;1876
1269;杰罗米-雷恩;Jerome Lane;3;0;5;66;72;57;69;76;56;66;59;62;60;61;62;63;64;22;1988;198823;2623
1270;布莱恩-肖;Brian Shaw;1;2;6;75;63;72;69;77;53;61;65;63;74;59;70;64;67;22;1988;198824;1578
1271;大卫-里弗斯;David Rivers;1;0;5;64;69;65;70;73;60;59;68;61;68;58;64;65;65;24;1988;198825;2624
1272;罗兰多-费雷拉;Rolando Ferreira;5;0;5;53;72;57;56;78;66;70;59;63;58;50;57;70;64;24;1988;198826;2625
1273;谢尔顿-琼斯;Shelton Jones;4;0;5;55;74;52;52;77;56;73;64;63;54;46;54;67;61;22;1988;198827;2626
1274;安德鲁-朗;Andrew Lang;5;0;6;56;77;56;57;81;79;69;56;67;57;52;60;75;68;22;1988;198828;572
1275;维尼-德纳格罗;Vinny Del Negro;2;0;6;63;70;65;71;76;59;61;69;64;67;61;64;66;65;22;1988;198829;436
1276;格兰特-朗;Grant Long;4;3;7;53;78;59;57;80;64;78;80;69;60;50;60;77;69;22;1988;198833;573
1277;弗农-马克斯维尔;Vernon Maxwell;2;0;7;63;69;68;70;72;59;65;70;66;70;60;65;67;66;23;1988;198847;1293
1278;米切尔-威廉姆斯;Micheal Douglas Williams;1;0;8;80;72;57;75;80;59;66;81;71;61;67;71;75;73;22;1988;198848;2186
1279;斯蒂夫-科尔;Steve Kerr;2;1;7;55;64;86;85;72;53;57;66;64;85;70;73;61;67;23;1988;198850;542
1280;佩维斯-埃里森;Pervis Ellison;4;5;8;53;80;54;72;83;85;82;53;74;56;63;64;81;73;22;1989;198901;1651
1281;丹尼-费里;Danny Ferry;4;0;6;53;72;55;57;77;64;69;60;65;57;49;56;68;62;23;1989;198902;460
1282;肖恩-埃利奥特;Sean Elliott;3;0;7;59;78;66;77;76;59;67;68;68;67;67;68;67;69;21;1989;198903;346
1283;格伦-莱斯;Glen Rice;3;0;8;65;80;74;78;81;57;71;73;73;74;70;74;72;74;22;1989;198904;568
1284;JR-瑞德;J.R. Reid;4;0;6;54;79;53;55;77;64;81;53;66;55;48;57;70;64;21;1989;198905;2106
1285;斯塔塞-金;Stacey King;4;5;6;53;74;53;54;79;70;74;58;66;55;47;55;72;64;23;1989;198906;1101
1286;乔治-麦克劳德;George McCloud;2;3;7;59;75;65;72;76;66;68;74;68;67;61;64;73;68;22;1989;198907;612
1287;兰迪-怀特;Randy White;3;0;6;61;69;66;70;77;69;68;64;64;67;61;64;70;68;22;1989;198908;2628
1288;汤姆-哈蒙德;Tom Hammonds;4;3;6;60;78;56;57;75;70;75;53;66;58;51;60;70;65;22;1989;198909;1829
1289;普尔-理查德森;Pooh Richardson;1;0;7;80;67;68;75;77;53;59;72;66;71;66;74;67;70;23;1989;198910;1220
1290;尼克-安德森;Nick Anderson;3;2;7;64;77;65;72;80;63;74;78;69;66;64;67;76;73;22;1989;198911;352
1291;穆奇-布雷洛克;Mookie Blaylock;1;0;8;79;72;78;75;83;58;59;84;71;80;66;78;75;77;22;1989;198912;414
1292;迈克尔-史密斯;Michael John Smith;4;0;5;53;75;53;57;81;70;72;53;64;55;50;56;71;64;24;1989;198913;2103
1293;蒂姆-哈达威;Tim Hardaway;1;0;9;83;76;77;74;83;56;57;81;75;79;67;80;73;77;23;1989;198914;106
1294;托德-里赫迪;Todd Lichti;2;3;6;59;75;64;67;76;59;65;62;65;66;57;62;65;63;22;1989;198915;2629
1295;达纳-巴罗斯;Dana Barros;1;0;7;80;73;72;78;75;59;58;74;67;74;70;77;68;73;22;1989;198916;370
1296;肖恩-坎普;Shawn Kemp;4;5;9;53;86;54;69;87;83;88;77;80;56;61;65;90;78;20;1989;198917;116
1297;BJ-阿姆斯特朗;B.J. Armstrong;1;0;6;69;69;67;72;73;59;60;64;63;70;61;68;63;66;22;1989;198918;764
1298;肯尼-佩恩;Kenny Payne;3;2;5;57;70;62;69;72;59;57;53;61;64;59;60;57;60;23;1989;198919;2630
1299;杰夫-桑德斯;Jeff Sanders;4;0;5;53;78;53;57;78;59;70;63;64;55;50;57;68;62;24;1989;198920;2631
1300;布鲁-爱德华兹;Blue Edwards;3;2;6;63;73;54;66;75;66;61;69;65;57;58;60;68;65;24;1989;198921;1669
1301;拜伦-埃尔文;Byron Irvin;2;0;5;69;67;68;69;75;53;60;64;61;70;60;65;62;64;23;1989;198922;2632
1302;罗伊-马布尔;Roy Marble;2;3;5;60;72;64;75;76;57;59;65;62;66;64;64;64;64;23;1989;198923;2633
1303;安东尼-库克;Anthony Cook;4;5;5;53;75;53;57;78;69;75;53;63;55;50;56;71;64;24;1989;198924;1932
1304;约翰-莫顿;John Morton;3;2;5;56;72;58;69;75;64;69;55;62;60;59;59;65;63;22;1989;198925;2634
1305;维拉蒂-迪瓦茨;Vlade Divac;5;0;8;64;85;53;57;83;79;82;72;75;54;54;66;84;75;21;1989;198926;442
1306;肯尼-巴特尔;Kenny Battle;3;0;5;64;72;60;73;76;69;67;56;62;62;64;64;66;66;25;1989;198927;2635
1307;谢尔曼-道格拉斯;Sherman Douglas;1;2;7;77;76;56;70;75;53;57;75;68;61;62;68;67;67;23;1989;198928;433
1308;克里弗德-罗宾逊;Clifford Robinson;4;5;8;55;80;55;76;82;80;72;76;73;57;67;66;81;74;23;1989;198936;590
1309;道格-韦斯特;Doug West;2;3;6;59;75;53;80;76;56;61;70;65;57;68;62;66;64;22;1989;198938;1544
1310;迪诺-拉迪亚;Dino Radja;4;5;8;56;83;53;57;82;78;81;53;74;55;51;60;78;69;22;1989;198940;564
1311;德里克-科尔曼;Derrick Coleman;4;0;9;57;83;64;79;85;83;86;59;78;64;71;72;84;78;23;1990;199001;543
1312;加里-佩顿;Gary Payton;1;0;10;81;76;72;78;83;69;70;85;78;74;70;79;82;80;22;1990;199002;65
1313;马翰默德-劳夫;Mahmoud Abdul-Rauf;1;0;7;72;75;70;74;76;56;61;75;68;73;64;73;69;71;21;1990;199003;575
1314;德尼斯-斯科特;Dennis Scott;3;0;7;60;80;78;79;79;59;65;69;70;77;70;74;68;72;22;1990;199004;676
1315;肯达尔-吉尔;Kendall Gill;2;0;7;67;76;71;72;84;59;67;75;70;72;63;70;74;72;22;1990;199005;523
1316;菲尔顿-斯宾塞;Felton Spencer;5;0;6;56;79;55;56;80;72;79;59;67;56;51;60;76;69;23;1990;199006;1456
1317;莱昂内尔-西蒙斯;Lionel Simmons;3;4;8;65;80;63;79;82;73;81;73;73;65;71;71;80;77;22;1990;199007;2230
1318;伯-金贝尔;Bo Kimble;1;2;5;66;72;61;69;75;59;61;69;62;65;58;64;67;65;24;1990;199008;2636
1319;威利-伯顿;Willie Burton;3;2;6;56;74;66;70;76;61;69;61;65;67;60;63;66;66;22;1990;199009;2637
1320;鲁米尔-罗宾逊;Rumeal Robinson;1;0;6;72;69;65;77;73;59;57;71;63;68;66;70;65;68;24;1990;199010;2638
1321;特伊隆-希尔;Tyrone Hill;4;0;6;56;72;53;57;84;69;80;63;66;55;50;56;77;67;22;1990;199011;1571
1322;亚历克-科斯勒;Alec Kessler;4;5;5;59;75;55;59;78;70;69;59;63;57;53;59;70;65;24;1990;199012;2639
1323;劳伊-奥特;Loy Vaught;4;0;7;57;82;56;69;83;66;82;55;71;58;62;65;74;70;22;1990;199013;360
1324;泰瑞斯-梅斯;Travis Mays;1;0;6;75;72;69;75;76;53;61;72;65;72;66;73;67;70;22;1990;199014;2640
1325;达夫-詹姆森;Dave Jamerson;2;3;5;63;73;56;67;74;53;71;59;62;60;58;60;63;61;23;1990;199015;2641
1326;特里-米尔斯;Terry Mills;4;0;7;55;80;55;72;81;63;79;53;70;57;64;64;71;68;23;1990;199016;1311
1327;杰罗德-穆斯塔夫;Jerrod Mustaf;4;5;5;53;77;53;56;78;70;69;55;63;55;49;56;69;63;21;1990;199017;2642
1328;杜恩-考斯威尔;Duane Causwell;5;0;6;57;75;56;57;81;89;68;56;66;57;52;60;79;70;22;1990;199018;1918
1329;迪-布朗;DeCovan Kadell Brown;1;0;7;68;72;73;78;76;59;57;76;67;75;66;73;69;71;22;1990;199019;410
1330;杰拉德-格拉斯;Gerald Glass;2;3;5;61;69;64;67;79;64;68;63;62;66;57;61;69;65;23;1990;199020;1805
1331;贾森-威廉姆斯;Jayson Williams;4;5;6;59;74;53;57;83;66;85;53;66;55;51;57;75;67;22;1990;199021;1524
1332;塔特-乔治;Tate George;2;0;5;63;69;72;71;75;59;65;68;62;73;61;66;67;67;22;1990;199022;2643
1333;安东尼-邦纳;Anthony Bonner;4;0;5;57;76;52;59;81;63;72;55;64;54;52;57;69;64;22;1990;199023;2644
1334;德怀恩-辛特祖斯;Dwayne Schintzius;5;0;5;61;74;57;56;79;72;73;53;63;58;52;60;72;66;22;1990;199024;2645
1335;阿拉拉-阿布德纳比;Alaa Abdelnaby;5;0;6;53;79;53;54;75;72;77;56;66;54;49;58;73;66;22;1990;199025;2646
1336;兰斯-布兰克斯;Lance Blanks;2;1;5;68;74;68;67;73;59;61;65;62;70;59;66;64;65;24;1990;199026;2647
1337;埃尔登-坎贝尔;Elden Campbell;5;0;7;57;78;55;56;85;79;76;67;71;56;51;61;81;72;22;1990;199027;1121
1338;莱斯-杰布森;Les Jepsen;5;0;5;53;72;57;62;76;67;71;59;62;58;55;59;70;65;23;1990;199028;2648
1339;托尼-库克奇;Toni Kukoč;3;4;7;66;72;67;76;77;61;69;72;67;68;68;69;70;71;22;1990;199029;1165
1340;格雷格-福斯特;Greg Foster;4;5;5;55;58;55;65;57;70;70;70;56;57;55;54;65;60;22;1995;199035;1797
1341;安东尼奥-戴维斯;Antonio Davis;4;5;6;53;77;55;59;79;72;76;56;66;57;52;58;73;66;22;1990;199045;915
1342;塞德里克-塞巴洛斯;Cedric Ceballos;3;0;8;54;79;59;76;83;65;74;65;73;61;65;64;73;70;21;1990;199048;660
1343;拉里-约翰逊;Larry Johnson;3;0;8;59;83;63;78;85;59;84;69;75;65;69;69;77;74;22;1991;199101;163
1344;肯尼-安德森;Kenny Anderson;1;0;8;79;70;77;76;75;61;59;80;69;79;67;78;71;75;21;1991;199102;350
1345;比利-欧文斯;Billy Owens;3;0;7;57;80;59;72;81;59;79;74;70;61;63;64;75;71;22;1991;199103;638
1346;迪肯贝-穆托姆博;Dikembe Mutombo;5;0;9;54;86;53;56;88;90;93;55;80;54;51;64;91;78;25;1991;199104;135
1347;史蒂夫-史密斯;Steve Delano Smith;2;0;8;65;75;72;78;77;59;66;70;71;73;68;72;69;70;22;1991;199105;674
1348;道格-史密斯;Doug Smith;4;0;6;53;75;59;72;78;66;71;53;66;60;63;63;68;66;22;1991;199106;2127
1349;卢克-朗利;Lucien Longley;5;0;6;55;78;57;61;83;74;78;59;67;58;55;62;78;70;23;1991;199107;574
1350;马克-麦考恩;Mark Macon;2;0;6;59;70;66;75;77;61;63;80;64;68;63;64;72;68;22;1991;199108;2017
1351;斯特西-奥格蒙;Stacy Augmon;3;2;6;63;72;66;69;75;57;65;68;64;67;61;64;66;66;23;1991;199109;804
1352;毕森-德勒;Bison Dele;4;5;6;53;76;56;57;78;70;75;53;66;58;50;58;71;65;22;1991;199110;435
1353;特雷尔-布兰登;Terrell Brandon;1;0;8;80;72;69;74;77;58;59;81;70;72;66;75;72;74;21;1991;199111;200
1354;格雷格-安东尼;Greg Anthony;1;0;6;73;76;64;71;73;53;57;72;65;67;62;70;64;67;24;1991;199112;353
1355;戴尔-戴维斯;Dale Davis;4;0;7;56;80;55;57;78;79;79;55;69;57;51;59;76;68;22;1991;199113;429
1356;里奇-金;Rich King;5;0;5;55;75;57;59;79;70;76;53;63;58;53;60;73;66;22;1991;199114;2649
1357;安东尼-埃文特;Anthony Avent;4;0;6;57;73;53;66;78;65;73;55;65;55;58;59;69;64;22;1991;199115;1658
1358;克里斯-加特林;Chris Gatling;4;5;7;56;80;55;72;80;62;76;65;70;57;64;64;72;68;24;1991;199116;1085
1359;维克多-亚历山大;Victor Alexander;5;4;6;59;76;57;59;76;68;72;58;65;58;54;61;70;66;22;1991;199117;2253
1360;凯文-布鲁克斯;Kevin Brooks;3;0;5;65;71;64;69;72;67;66;66;61;65;61;64;67;67;22;1991;199118;2650
1361;拉布莱德福德-史密斯;LaBradford Smith;1;0;5;64;67;65;69;74;55;56;66;61;68;57;64;62;63;22;1991;199119;2651
1362;约翰-特纳;John Turner;3;0;5;59;72;55;59;75;65;66;57;62;58;51;56;65;61;24;1991;199120;2652
1363;埃里克-默多克;Eric Murdock;1;0;7;69;65;72;74;75;59;57;78;65;74;62;70;69;70;23;1991;199121;2047
1364;勒朗-艾利斯;LeRon Ellis;4;5;5;53;75;53;56;79;68;70;56;63;55;49;55;70;63;22;1991;199122;1666
1365;斯坦利-罗伯茨;Stanley Roberts;5;0;6;57;80;52;53;75;79;73;54;66;54;48;59;74;67;21;1991;199123;1237
1366;里克-福克斯;Rick Fox;3;2;7;65;75;63;69;77;53;64;69;68;65;61;66;65;66;22;1991;199124;469
1367;马克-兰道尔;Mark Randall;3;0;5;59;76;56;67;79;64;65;59;63;59;58;60;66;64;24;1991;199126;2653
1368;皮特-奇尔卡特;Pete Chilcutt;4;5;6;55;77;53;57;78;62;71;55;66;55;50;57;67;62;23;1991;199127;1404
1369;凯文-林奇;Kevin Lynch;2;3;5;65;72;55;73;72;58;66;62;62;59;63;62;63;63;23;1991;199128;2654
1370;罗德尼-门罗;Rodney Monroe;2;3;5;66;67;70;72;73;53;57;59;61;72;62;66;58;63;23;1991;199130;2655
1371;沙奎尔-奥尼尔;Shaquille O'Neal;5;0;10;57;92;54;64;92;91;93;53;88;55;60;70;93;82;20;1992;199201;9
1372;阿朗佐-莫宁;Alonzo Mourning;5;0;10;51;86;57;73;88;91;87;51;80;58;66;69;89;79;22;1992;199202;133
1373;克里斯汀-莱特纳;Christian Laettner;4;5;8;55;82;57;77;83;78;83;72;74;59;68;67;83;76;23;1992;199203;1189
1374;吉姆-杰克逊;Jim Jackson;2;1;7;66;76;70;77;82;59;67;71;69;72;67;70;71;71;22;1992;199204;528
1375;拉方索-艾利斯;LaPhonso Ellis;4;3;7;54;78;54;70;77;70;77;59;69;56;62;62;73;68;22;1992;199205;784
1376;汤姆-古格里奥塔;Tom Gugliotta;4;0;8;63;80;61;66;79;61;78;74;73;62;60;67;74;71;23;1992;199206;481
1377;沃尔特-威廉姆斯;Walt Williams;3;2;7;64;74;69;73;75;57;65;70;67;70;65;68;66;68;22;1992;199207;712
1378;托德-达耶;Todd Day;2;3;6;57;68;68;70;76;53;64;71;64;70;58;62;67;64;23;1992;199208;910
1379;克莱伦斯-威瑟斯庞;Clarence Weatherspoon;3;0;7;53;74;60;75;74;67;74;68;67;62;64;62;72;68;22;1992;199209;2194
1380;亚当-基费;Adam Keefe;4;0;6;54;75;51;59;77;63;67;58;65;54;52;57;66;62;22;1992;199210;1074
1381;罗波特-霍里;Robert Horry;4;0;6;55;70;52;67;78;67;63;68;65;54;58;58;69;64;22;1992;199211;3121
1382;哈罗德-迈纳;Harold Miner;2;1;5;54;64;61;75;73;57;59;64;60;64;61;59;62;60;21;1992;199212;2010
1383;布莱恩特-斯蒂奇;Bryant Stith;2;0;6;56;70;65;71;71;58;64;57;63;67;59;61;60;61;22;1992;199213;1457
1384;马里克-希利;Malik Sealy;2;0;6;63;72;64;78;73;57;68;67;64;66;67;66;66;66;22;1992;199214;2234
1385;安东尼-皮勒;Anthony Peeler;1;2;6;57;71;67;70;72;57;55;73;64;70;57;63;65;64;23;1992;199215;1390
1386;兰迪-伍兹;Randy Woods;1;0;5;68;67;64;66;70;54;57;70;60;67;56;64;63;63;22;1992;199216;2656
1387;道格-克里斯蒂;Doug Christie;2;3;8;63;74;62;72;78;69;63;83;71;65;62;65;76;70;22;1992;199217;554
1388;特雷西-穆雷;Tracy Murray;3;0;6;57;71;70;70;77;55;54;63;65;70;60;64;60;63;21;1992;199218;633
1389;唐-马克伦;Don MacLean;4;0;7;52;77;54;55;76;63;77;57;68;56;48;56;69;63;23;1992;199219;2657
1390;休波特-戴维斯;Hubert Davis;2;1;6;57;68;64;72;75;54;63;67;64;66;60;61;65;63;22;1992;199220;918
1391;琼-巴里;Jon Barry;2;1;6;51;71;70;73;72;57;59;68;64;72;60;62;63;63;23;1992;199221;1694
1392;奥利弗-米勒;Oliver Miller;5;0;6;55;76;57;63;80;71;79;53;66;58;57;62;75;69;22;1992;199222;620
1393;李-梅贝利;Lee Mayberry;1;0;6;65;66;66;69;70;57;55;63;62;69;58;65;60;62;22;1992;199223;2027
1394;拉特里尔-斯普雷威尔;Latrell Sprewell;2;0;9;63;76;74;75;81;67;65;84;75;75;65;71;78;74;22;1992;199224;677
1395;埃尔摩尔-斯宾塞;Elmore Spencer;5;0;6;57;74;53;55;79;72;74;54;66;54;50;58;73;66;23;1992;199225;1455
1396;达夫-约翰逊;Dave Johnson;2;3;5;64;67;62;73;74;54;55;66;61;65;62;63;61;62;22;1992;199226;2658
1397;拜伦-休斯顿;Byron Houston;3;0;5;61;72;60;67;76;51;64;57;62;62;58;61;60;61;23;1992;199227;2242
1398;马龙-马克西;Marlon Maxey;4;3;5;51;74;53;62;77;63;66;51;63;55;54;56;64;60;23;1992;199228;2659
1399;PJ-布朗;P.J. Brown;4;5;7;52;76;53;64;78;70;73;54;68;55;56;58;71;65;23;1992;199229;879
1400;肖恩-卢克斯;Sean Rooks;5;0;6;53;79;51;55;80;72;77;57;67;53;49;58;75;67;23;1992;199230;1226
1401;克里斯-韦伯;Chris Webber;4;0;9;72;84;53;62;88;83;86;77;80;55;59;68;89;79;20;1993;199301;151
1402;肖恩-布拉德利;Shawn Bradley;5;0;7;53;76;53;55;84;91;80;51;70;54;49;58;84;72;21;1993;199302;407
1403;安芬尼-哈达威;Anfernee Hardaway;2;1;9;67;76;66;78;80;61;65;88;74;68;68;70;77;73;22;1993;199303;105
1404;贾马尔-马什本;Jamal Mashburn;3;0;8;62;78;73;77;82;59;63;78;73;73;68;72;72;73;21;1993;199304;272
1405;伊塞亚-莱德尔;Isaiah Rider Jr.;2;0;7;57;75;75;74;79;59;67;57;68;76;62;68;65;67;22;1993;199305;566
1406;卡尔波特-钱尼;Calbert Cheaney;2;3;7;58;73;63;78;76;57;63;66;67;66;66;65;65;65;22;1993;199306;1407
1407;鲍比-赫利;Bob Hurley;1;0;6;72;67;60;73;71;54;55;68;63;64;63;66;62;64;22;1993;199307;498
1408;文-贝克;Vin Baker;4;0;8;53;82;51;66;83;73;81;70;74;54;58;61;80;71;22;1993;199308;383
1409;罗德尼-罗杰斯;Rodney Rogers;3;0;7;57;74;66;73;75;57;69;63;67;67;63;65;65;66;22;1993;199309;594
1410;林奇-亨特;Lindsey Hunter;1;0;7;71;69;74;73;72;54;55;71;66;76;63;72;63;68;23;1993;199310;1047
1411;阿兰-休斯顿;Allan Houston;2;0;8;55;77;78;83;84;59;59;65;73;78;70;73;67;70;22;1993;199311;159
1412;乔治-林奇;George Lynch;3;4;7;53;66;64;62;64;67;86;71;63;65;52;57;73;66;23;1993;199312;584
1413;特里-德埃;Terry Dehere;2;1;7;79;69;67;73;57;67;62;72;57;69;67;70;63;67;22;1993;199313;1766
1414;道格-爱德华兹;Douglas Edwards;3;0;5;63;59;52;62;67;67;62;67;53;55;54;53;65;60;23;1993;199315;1670
1415;雷克斯-沃特斯;Rex Walters;2;1;7;69;71;72;69;67;67;62;67;56;73;61;67;65;66;23;1993;199316;1563
1416;阿西-厄尔;Acie Earl;5;0;6;53;73;52;62;47;80;70;67;54;53;56;56;65;61;23;1993;199319;1785
1417;斯科特-伯勒尔;Scott Burrell;3;2;7;75;73;81;62;57;67;62;74;63;79;58;72;63;69;23;1993;199320;399
1418;詹姆斯-罗宾逊;James Robinson;1;0;7;63;81;60;73;87;72;73;67;59;78;68;68;77;72;23;1993;199321;1982
1419;克里斯-米尔斯;Chris Mills;3;0;7;62;78;76;79;77;67;71;75;67;75;71;73;74;74;24;1993;199322;618
1420;埃尔文-约翰逊;Earvin Johnson;5;0;7;52;67;52;62;55;72;94;67;60;53;55;55;74;65;26;1993;199323;2259
1421;萨姆-卡塞尔;Sam Cassell;1;0;8;87;68;70;85;77;67;62;67;65;72;78;80;68;75;24;1993;199324;536
1422;科里-布朗特;Corie Blount;4;0;6;52;62;52;62;60;67;82;67;56;54;53;51;69;60;25;1993;199325;1745
1423;杰尔特-海明克;Geert Hammink;5;0;5;52;63;52;63;47;67;62;67;51;53;55;52;57;54;24;1993;199326;1839
1424;鲁西奥斯-哈里斯;Lucious Harris;2;0;6;58;56;70;77;69;67;62;67;55;71;64;62;66;64;23;1993;199328;1014
1425;乔治-穆雷桑;Gheorghe Muresan;5;0;7;60;77;69;73;47;96;74;67;59;67;68;69;73;71;22;1993;199330;634
1426;埃里克-莱利;Eric Riley;5;0;5;52;67;52;63;57;67;69;67;54;53;56;54;63;59;23;1993;199333;1948
1427;尼克-范埃克塞尔;Nick Van Exel;1;0;8;80;67;67;78;82;67;62;77;72;70;73;76;75;75;22;1993;199337;455
1428;布莱恩-拉塞尔;Bryon Russell;3;2;7;60;72;79;67;85;67;66;67;71;77;59;68;73;71;23;1993;199345;565
1429;格伦-罗宾逊;Glenn Robinson;3;4;8;66;81;67;65;81;65;68;65;74;67;60;68;70;70;22;1994;199401;589
1430;杰森-基德;Jason Kidd;1;0;10;90;75;71;72;78;51;71;81;77;73;68;80;74;78;21;1994;199402;38
1431;格兰特-希尔;Grant Hill;3;2;10;85;78;66;73;80;74;73;77;78;65;73;77;79;79;22;1994;199403;158
1432;唐耶尔-马绍尔;Donyell Marshall;3;4;7;55;65;50;69;71;65;90;65;57;53;59;54;74;65;21;1994;199404;1266
1433;朱万-霍华德;Juwan Howard;3;4;8;63;91;50;65;94;65;77;65;83;53;60;65;78;73;21;1994;199405;513
1434;沙隆-怀特;Sharone Wright;5;4;6;50;71;50;60;55;74;73;65;55;51;54;53;66;60;22;1994;199406;1061
1435;拉蒙德-穆雷;Lamond Murray;3;2;7;56;72;68;67;86;65;68;65;67;68;58;63;72;68;21;1994;199407;632
1436;布莱恩-格兰特;Brian Grant;4;0;7;50;79;50;60;87;65;82;65;69;52;53;57;78;68;22;1994;199408;474
1437;埃里克-蒙特罗斯;Eric Montross;5;0;6;55;80;55;65;68;75;81;70;62;56;59;62;76;69;23;1995;199409;1308
1438;埃迪-琼斯;Eddie Jones;2;0;8;71;65;65;61;75;65;60;76;65;67;54;63;70;66;23;1994;199410;655
1439;卡洛斯-罗杰斯;Carlos Rogers;3;4;5;50;55;50;60;40;65;85;65;50;53;49;46;61;54;23;1994;199411;1987
1440;克哈里德-李维斯;Khalid Reeves;1;0;7;77;69;65;60;75;65;60;82;56;68;53;66;73;69;22;1994;199412;1210
1441;杰伦-罗斯;Jalen Rose;1;0;7;83;65;61;81;83;65;60;65;64;64;73;73;69;71;22;1994;199413;596
1442;茵卡-戴尔;Yinka Dare;5;0;5;50;65;50;60;45;65;69;65;50;51;53;51;57;54;22;1994;199414;1755
1443;埃里克-皮亚考斯基;Eric Piatkowski;2;3;7;58;72;75;85;68;65;60;65;58;75;73;70;63;67;24;1994;199415;1393
1444;克里福德-洛奇尔;Clifford Rozier;4;5;5;50;65;50;60;55;68;63;65;51;52;52;50;60;55;22;1994;199416;1991
1445;阿隆-麦基;Aaron McKie;2;3;8;71;71;71;75;77;65;60;76;67;72;68;71;71;71;22;1994;199417;607
1446;埃里克-莫布利;Eric Mobley;5;0;6;50;71;50;60;55;72;73;65;53;51;54;53;66;60;24;1994;199418;2042
1447;托尼-杜马斯;Tony Dumas;2;0;6;69;71;65;60;45;65;60;72;52;67;53;61;58;60;22;1994;199419;948
1448;迪克-辛普金斯;Dickey Simpkins;4;0;6;53;65;50;60;65;90;63;65;56;52;52;51;72;62;22;1994;199421;1580
1449;维斯里-佩尔森;Wesley Person;2;3;7;61;81;77;73;79;65;60;65;68;77;64;71;67;69;23;1994;199423;648
1450;蒙蒂-威廉姆斯;Monty Williams;3;4;5;58;66;50;63;45;65;63;65;51;53;55;53;55;55;23;1994;199424;2185
1451;格雷格-迈纳;Greg Minor;2;3;6;75;59;57;81;45;65;60;68;51;60;72;64;56;60;23;1994;199425;1276
1452;查理-沃德;Charlie Ward;1;0;7;75;63;67;81;73;65;60;68;57;69;71;71;66;69;24;1994;199426;2207
1453;布鲁克斯-汤普森;Brooks Thompson;1;2;5;79;65;65;60;45;65;60;65;50;68;53;66;55;61;24;1994;199427;2156
1454;安东尼奥-朗;Antonio Lang;3;4;6;59;63;50;65;65;65;60;65;53;53;56;53;62;58;22;1994;199429;1199
1455;吉姆-麦克伊尔瓦因;Jim McIlvaine;5;0;6;50;51;50;60;45;94;70;65;51;51;52;47;70;59;22;1994;199432;1294
1456;德里克-阿尔斯通;Derrick Alston;4;5;5;51;61;50;60;55;65;63;65;50;52;51;49;59;54;22;1994;199433;1638
1457;迈克尔-史密斯;Michael John Smith;3;0;6;50;67;50;60;62;65;91;65;58;53;50;50;71;61;22;1994;199435;2130
1458;唐图尼奥-温菲尔德;Dontonio Wingfield;3;0;6;63;57;50;75;55;65;60;65;52;53;65;57;58;58;20;1994;199437;2204
1459;达雷恩-汉考克;Darrin Hancock;3;2;6;67;59;57;60;65;65;60;68;53;59;53;55;63;60;23;1994;199438;1842
1460;安东尼-米勒;Anthony Miller;4;5;5;55;65;50;60;55;65;76;65;52;52;53;52;63;58;23;1994;199439;2034
1461;杰夫-韦伯斯特;Jeff Webster;4;3;5;59;55;50;60;65;65;60;65;51;52;53;50;62;56;24;1994;199440;2195
1462;贾米尔-沃特森;Jamie Watson;3;2;6;67;63;57;60;65;65;60;65;53;59;54;56;62;60;22;1994;199447;2220
1463;查尔斯-克拉克斯顿;Charles Claxton;5;0;5;50;65;50;60;55;65;67;65;51;51;53;51;60;56;24;1994;199450;1927
1464;乔-史密斯;Joe Smith;4;5;9;58;74;68;72;84;70;90;70;75;68;64;69;83;76;20;1995;199501;673
1465;安东尼奥-麦克戴斯;Antonio McDyess;4;0;7;55;84;55;65;90;70;88;70;77;57;58;64;84;75;21;1995;199502;611
1466;杰里-斯塔克豪斯;Jerry Stackhouse;2;3;8;72;74;70;68;90;70;65;70;76;72;61;70;76;73;21;1995;199503;680
1467;拉希德-华莱士;Rasheed Wallace;4;5;9;49;86;62;66;82;74;81;70;81;63;58;66;80;74;21;1995;199504;109
1468;凯文-加内特;Kevin Garnett;4;3;10;66;80;55;68;80;76;76;76;79;57;63;68;80;74;19;1995;199505;39
1469;布莱恩特-李维斯;Bryant Reeves;5;0;7;61;81;55;75;66;70;82;70;62;56;70;67;73;70;22;1995;199506;1961
1470;达蒙-斯塔德迈尔;Damon Stoudamire;1;0;8;80;70;79;83;80;67;65;75;71;77;79;82;74;78;22;1995;199507;678
1471;肖恩-莱斯佩特;Shawn Respert;2;0;7;82;68;64;90;60;70;65;70;57;66;82;74;65;70;23;1995;199508;1950
1472;EdO-班农;Ed O'Bannon;3;0;6;74;66;55;78;50;70;65;79;57;58;71;66;64;66;23;1995;199509;837
1473;科特-托马斯;Kurt Thomas;4;0;6;55;77;55;76;68;70;91;70;64;57;67;63;77;70;23;1995;199510;1505
1474;加里-特伦特;Gary Trent;4;3;6;62;82;55;65;74;70;70;70;64;57;59;63;72;68;21;1995;199511;1492
1475;切洛基-帕克斯;Cherokee Parks;5;4;6;55;64;55;65;68;73;86;70;60;56;57;57;77;67;23;1995;199512;1376
1476;科利斯-威廉姆斯;Corliss Williamson;3;4;7;67;87;55;74;79;70;66;70;71;58;68;68;72;71;22;1995;199513;1538
1477;埃里克-威廉姆斯;Eric Williams;3;4;6;65;67;70;78;52;70;65;70;58;70;69;68;62;66;23;1995;199514;1520
1478;布伦特-巴里;Brent Barry;2;0;7;75;69;75;82;90;70;66;70;71;76;73;76;77;76;24;1995;199515;368
1479;阿兰-亨德森;Alan Henderson;4;0;8;55;80;55;65;85;70;74;70;74;57;58;63;78;70;23;1995;199516;500
1480;鲍勃-苏拉;Bob Sura;2;0;7;82;58;84;65;82;70;65;70;61;83;58;73;73;73;22;1995;199517;1475
1481;西奥-拉特利夫;Theo Ratliff;4;5;6;55;74;55;65;74;95;86;70;65;57;57;59;87;74;22;1995;199518;1179
1482;兰多夫-柴尔德里斯;Randolph Childress;1;0;7;84;66;58;78;80;70;65;91;59;62;70;71;82;76;23;1995;199519;1750
1483;贾森-卡菲;Jason Caffey;4;0;7;55;72;55;65;67;70;83;70;65;57;57;59;74;67;22;1995;199520;1106
1484;迈克尔-芬利;Michael Finley;2;3;8;76;80;70;70;90;70;65;70;78;72;64;74;76;75;22;1995;199521;213
1485;乔治-齐代克;George Zidek;5;0;6;58;70;55;65;60;85;76;70;59;56;59;59;75;67;22;1995;199522;2094
1486;特拉维斯-贝斯特;Travis Best;1;0;9;89;70;73;84;90;70;65;70;70;75;77;83;76;80;23;1995;199523;385
1487;劳伦-梅耶尔;Loren Meyer;5;0;6;55;80;55;65;70;85;70;70;62;56;59;62;76;69;23;1995;199524;1306
1488;大卫-沃恩;David Vaughn;4;0;6;55;82;55;68;50;79;78;70;59;57;60;61;68;65;22;1995;199525;2208
1489;谢雷尔-福特;Sherell Ford;3;2;6;70;60;55;65;80;70;65;70;59;58;57;59;72;66;23;1995;199526;1800
1490;马里奥-班尼特;Mario Bennett;4;3;7;64;80;55;65;80;70;75;70;64;57;60;64;76;70;22;1995;199527;1700
1491;科里-亚历山大;Cory Alexander;1;0;7;68;74;70;73;90;70;65;75;65;73;62;70;78;74;22;1995;199529;2251
1492;卢-罗;Lou Roe;3;0;5;66;66;55;65;70;70;65;70;58;58;57;58;69;64;23;1995;199530;1977
1493;特伦斯-伦克尔;Terrence Rencher;1;0;5;82;60;60;68;60;70;65;71;55;64;60;66;66;66;22;1995;199532;1230
1494;朱尼奥-伯勒;Junior Burrough;4;0;5;56;70;55;65;50;70;73;70;56;57;57;57;63;60;23;1995;199533;1725
1495;安德鲁-德克勒克;Andrew DeClercq;5;4;5;55;60;55;65;70;70;68;70;57;56;57;55;69;62;22;1995;199534;1768
1496;吉米-金;Jimmy King;2;0;5;74;68;60;65;50;70;65;81;56;63;58;63;66;64;22;1995;199535;1897
1497;劳伦斯-摩腾;Lawrence Moten;2;0;6;72;66;62;65;80;70;65;73;59;65;57;63;74;68;23;1995;199536;2041
1498;弗兰克-金;Frankie King;2;1;5;72;60;55;88;60;70;65;70;55;59;76;65;65;65;23;1995;199537;1896
1499;唐尼-马绍尔;Donny Marshall;3;0;5;62;60;55;70;50;70;66;70;55;58;60;57;62;60;23;1995;199539;3355
1500;唐尼-博伊斯;Donnie Boyce;2;0;5;72;68;66;65;60;70;65;70;57;68;57;64;65;64;22;1995;199542;1728
1501;埃里克-斯诺;Eric Snow;1;0;7;78;68;55;65;90;70;65;77;64;60;57;65;79;71;22;1995;199543;1464
1502;特尤斯-艾德尼;Tyus Edney;1;0;7;86;74;64;78;80;70;65;89;63;67;71;76;81;78;22;1995;199547;1659
1503;马克-戴维斯;Mark Davis;3;0;5;66;64;55;65;60;70;65;70;57;58;57;58;65;62;22;1995;199548;1759
1504;杰罗米-阿伦;Jerome Allen;1;0;5;64;55;55;65;60;70;65;89;54;60;53;56;74;64;23;1995;199549;1641
1505;弗莱德-霍伊博格;Fred Hoiberg;2;3;7;65;55;71;99;65;70;66;72;56;72;83;71;68;70;23;1995;199552;1069
1506;克里斯-凯尔;Chris Carr;2;0;7;68;69;73;92;60;70;67;70;57;74;80;74;66;70;21;1995;199556;1115
1507;唐-瑞德;Don Reid;4;5;6;55;64;55;65;57;78;82;73;58;57;56;55;73;65;22;1995;199558;1424
1508;本-华莱士;Ben Wallace;4;5;9;67;62;60;63;81;89;88;61;70;61;57;62;86;74;22;1996;199600;108
1509;布鲁斯-鲍文;Bruce Bowen;3;4;6;67;70;68;72;72;79;64;81;63;69;64;67;76;72;22;1996;199600;376
1510;阿伦-艾弗森;Allen Iverson;1;2;10;78;89;81;84;87;67;66;76;85;82;78;87;77;83;21;1996;199601;17
1511;马库斯-坎比;Marcus Camby;5;4;8;56;80;62;65;82;79;82;64;73;62;59;66;82;75;22;1996;199602;246
1512;谢里夫-阿布杜-拉希姆;Shareef Abdur-Rahim;4;0;8;54;82;69;75;76;78;80;58;72;68;66;70;76;73;20;1996;199603;166
1513;斯蒂芬-马布里;Stephon Marbury;2;1;8;79;80;76;72;76;50;61;74;72;77;66;77;66;72;19;1996;199604;129
1514;雷-阿伦;Ray allen;2;3;9;64;73;85;76;74;59;61;64;72;84;66;75;64;70;21;1996;199605;15
1515;安托万-沃克;Antoine Walker;3;0;8;64;76;78;78;74;62;73;74;70;77;69;74;72;74;20;1996;199606;317
1516;洛伦岑-怀特;Lorenzen Wright;4;5;6;54;76;58;64;76;70;71;56;65;59;56;60;70;65;21;1996;199607;1060
1517;科瑞-基德尔斯;Kerry Kittles;2;0;7;66;76;76;75;74;65;65;68;68;77;66;72;68;70;22;1996;199608;1073
1518;萨马基-沃克;Samaki Walker;4;0;6;57;74;61;65;73;71;68;56;64;62;57;62;68;65;20;1996;199609;1556
1519;埃里克-丹皮尔;Erick Dampier;5;0;7;62;75;54;60;75;73;77;59;68;55;55;62;74;68;21;1996;199610;924
1520;托德-弗勒;Todd Fuller;5;0;6;62;74;55;60;76;75;75;61;65;56;55;61;75;68;22;1996;199611;1791
1521;维塔利-波塔潘科;Vitaly Potapenko;5;0;6;62;76;57;62;70;71;70;62;64;58;57;63;69;66;21;1996;199612;860
1522;科比-布莱恩特;Kobe Bryant;2;1;10;72;81;73;75;81;67;70;71;79;74;78;77;74;76;18;1996;199613;10
1523;佩贾-斯托亚科维奇;Peja Stojaković;3;2;8;61;71;80;72;73;66;67;58;68;79;63;70;65;68;19;1996;199614;145
1524;史蒂夫-纳什;Steve Nash;1;2;10;95;83;84;80;78;52;53;65;79;85;76;92;62;78;22;1996;199615;60
1525;托尼-德尔克;Tony Delk;1;2;6;75;62;69;71;70;60;62;63;62;72;61;70;63;67;23;1996;199616;930
1526;杰梅因-奥尼尔;Jermaine ONeal;4;5;8;61;79;60;63;79;78;76;61;72;61;57;65;77;71;18;1996;199617;88
1527;约翰-华莱士;John Wallace;3;4;6;68;69;67;68;76;59;62;64;64;68;61;66;64;66;22;1996;199618;1855
1528;沃尔特-迈卡蒂;Walter McCarty;4;0;6;53;76;61;64;76;68;68;55;65;62;56;61;68;64;22;1996;199619;2854
1529;扎诸纳斯-伊尔戈斯卡斯;Zydrunas Ilgauskas;5;0;7;53;78;62;65;78;75;76;66;69;62;58;64;77;71;21;1996;199620;1592
1530;多塔尔-琼斯;Dontae' Antijuaine Jones;4;0;6;53;73;60;64;77;70;68;53;65;61;56;60;68;64;22;1996;199621;2102
1531;罗伊-罗杰斯;Roy Rogers;4;0;6;54;74;61;63;77;70;69;57;65;62;55;60;70;65;23;1996;199622;1988
1532;艾菲梅斯-兰扎斯;Efthimi Rentzias;5;0;6;54;68;53;55;70;67;71;53;63;54;49;55;66;61;21;1996;199623;1954
1533;德里克-费舍尔;Derek Fisher;1;0;7;75;70;65;68;72;63;58;71;66;68;59;69;66;68;22;1996;199624;462
1534;马丁-穆尔赛普;Martin Müürsepp;4;0;6;55;74;58;64;77;72;71;57;65;59;56;60;71;66;22;1996;199625;2050
1535;杰罗姆-威廉姆斯;Jerome Williams;4;3;6;53;74;60;67;76;71;68;56;65;61;58;61;69;65;23;1996;199626;1526
1536;布莱恩-埃文斯;Brian Evans;3;0;6;65;68;72;72;72;58;64;62;63;72;63;68;63;66;23;1996;199627;1655
1537;普莱斯特-劳德代尔;Priest Lauderdale;5;0;6;58;75;55;61;74;74;76;61;65;56;56;61;74;68;23;1996;199628;1957
1538;泰瑞斯-奈特;Travis Knight;5;0;6;59;73;53;60;73;73;77;58;64;54;55;59;73;67;22;1996;199629;1347
1539;奥塞拉-哈灵顿;Othella Harrington;4;5;6;54;75;62;64;73;70;71;56;65;63;56;62;68;65;23;1996;199630;1827
1540;马克-亨德里克森;Mark Hendrickson;4;3;6;53;77;59;64;76;69;68;55;66;60;56;61;68;64;22;1996;199631;1846
1541;莱恩-迈尔;Ryan Minor;3;0;6;51;68;63;64;70;62;61;52;53;56;54;55;59;57;22;1996;199632;2660
1542;穆奇-诺里斯;Moochie Norris;1;2;6;74;60;68;70;71;62;58;67;61;71;60;68;64;66;23;1996;199633;2062
1543;肖恩-哈维;Shawn Harvey;1;2;6;67;64;65;62;73;54;57;61;62;68;52;62;60;61;23;1996;199634;2661
1544;约瑟夫-布莱尔;Joseph Blair;5;0;6;52;68;57;66;75;71;70;53;64;58;58;58;69;64;22;1996;199635;1736
1545;多伦-谢弗;Doron Sheffer;2;1;6;60;68;65;67;72;55;58;64;63;67;56;61;61;61;24;1996;199636;2662
1546;杰夫-麦金尼斯;Jeff McInnis;2;1;6;58;70;73;77;71;61;58;64;63;74;65;67;62;65;22;1996;199637;1280
1547;史蒂夫-哈默;Steve Hamer;3;0;6;67;71;70;70;70;60;63;61;63;70;62;67;62;65;23;1996;199638;1019
1548;拉斯-米拉德;Russ Millard;5;0;6;52;73;53;54;74;68;70;54;64;54;48;55;68;62;23;1996;199639;2663
1549;马库斯-曼;Marcus Mann;5;0;6;51;72;52;53;73;67;69;53;64;54;47;54;67;61;23;1996;199640;2664
1550;贾森-萨瑟;Jason Sasser;3;0;6;67;71;70;70;70;60;63;61;63;70;62;67;62;65;23;1996;199641;2110
1551;兰迪-利文斯顿;Randy Livingston;2;0;6;53;71;74;77;72;58;56;63;64;75;63;66;61;64;21;1996;199642;1969
1552;本-戴维斯;Ben Davis;4;3;6;53;74;62;64;76;68;69;53;65;63;56;61;67;64;24;1996;199643;1758
1553;马里克-罗斯;Malik Rose;4;3;6;57;77;59;67;74;72;74;55;65;60;60;63;70;67;22;1996;199644;1242
1554;乔-沃格尔;Joe Vogel;5;0;6;58;73;54;58;72;71;68;57;64;55;53;59;68;64;23;1996;199645;2212
1555;马库斯-布朗;Marcus Brown;2;1;6;55;69;74;74;68;59;59;66;63;75;61;65;62;64;22;1996;199646;2665
1556;罗恩-莱利;Ron Riley;3;2;6;61;68;65;66;70;64;61;55;63;66;57;62;60;62;23;1996;199647;3381
1557;贾米尔-法伊克;Jamie Feick;5;0;6;62;73;57;61;75;75;77;62;65;58;56;62;75;69;22;1996;199648;2667
1558;阿马尔-麦卡斯基尔;Amal McCaskill;4;5;6;53;74;62;64;76;71;71;56;65;63;56;61;70;66;23;1996;199649;2013
1559;特雷尔-比尔;Terrell Bell;5;0;6;57;69;53;54;74;68;70;51;64;54;48;56;67;62;23;1996;199650;2668
1560;克里斯-罗宾逊;Chris Robinson;2;0;6;58;68;75;76;71;59;59;66;63;76;64;67;63;65;22;1996;199651;1981
1561;马克-波普;Mark Pope;4;0;6;55;77;58;66;77;68;68;54;66;59;58;62;68;65;24;1996;199652;1718
1562;杰夫-诺德加德;Jeff Nordgaard;3;4;6;66;68;70;69;71;59;64;61;63;70;61;66;62;65;23;1996;199653;2669
1563;山顿-安德森;Shandon Anderson;3;4;6;63;69;72;70;72;58;66;58;63;72;61;66;62;65;23;1996;199654;796
1564;罗尼-亨德森;Ronnie Henderson;1;2;6;70;64;69;65;70;59;57;66;62;72;55;66;62;64;22;1996;199655;2670
1565;雷杰-吉尔里;Reggie Geary;1;2;6;74;62;72;71;69;62;58;71;61;74;61;70;65;68;23;1996;199656;1878
1566;德鲁-巴里;Drew Barry;2;0;6;59;68;76;77;70;61;57;67;63;77;65;69;63;66;23;1996;199657;828
1567;达内尔-罗宾逊;Darnell Robinson;5;4;6;58;71;58;60;72;68;68;53;64;58;54;60;66;63;22;1996;199658;2671
1568;蒂姆-邓肯;Tim Duncan;4;5;10;76;90;66;82;85;88;86;70;84;66;80;82;88;86;21;1997;199701;7
1569;基斯-范霍恩;Keith Van Horn;4;3;7;61;81;68;75;81;74;77;59;70;68;68;71;76;74;22;1997;199702;456
1570;昌西-比卢普斯;Chauncey Billups;1;2;9;82;67;73;77;74;60;64;74;70;75;68;77;70;74;21;1997;199703;92
1571;安东尼奥-丹尼尔斯;Antonio Daniels;2;0;6;55;68;73;76;70;58;53;63;63;74;63;65;59;63;22;1997;199704;1763
1572;托尼-巴蒂;Tony Battie;5;4;6;62;75;57;58;73;73;73;61;65;58;54;62;72;67;21;1997;199705;823
1573;罗恩-默塞尔;Ron Mercer;2;3;7;65;77;79;75;76;58;58;64;68;79;65;74;63;69;21;1997;199706;1339
1574;蒂姆-托马斯;Tim Thomas;4;0;7;60;80;64;68;82;73;74;58;70;64;61;68;75;71;20;1997;199707;1503
1575;阿多纳尔-福耶尔;Adonal Foyle;5;4;6;58;74;56;59;74;77;74;62;65;57;54;60;75;68;22;1997;199708;1801
1576;特雷西-麦克格雷迪;Tracy McGrady;2;3;10;67;81;73;72;74;71;69;69;77;74;64;72;72;72;18;1997;199709;55
1577;丹尼-福特森;Danny Fortson;4;0;6;57;74;58;65;75;72;71;55;65;59;57;61;70;65;21;1997;199710;981
1578;塔里克-阿卜杜-瓦哈德;Tariq Abdul-Wahad;3;0;6;63;69;72;69;71;61;58;61;63;72;60;66;61;64;23;1997;199711;1635
1579;奥斯丁-克罗希尔;Austin Croshere;4;0;6;54;73;58;63;75;68;71;54;65;59;55;59;68;64;22;1997;199712;1930
1580;德里克-安德森;Derek Anderson;2;0;7;66;71;70;68;77;63;60;67;67;72;59;66;67;67;23;1997;199713;792
1581;莫里斯-泰勒;Maurice Taylor;4;0;7;62;78;67;71;80;73;75;59;69;67;64;69;74;72;21;1997;199714;2154
1582;凯文-卡托;Kelvin Cato;5;0;6;59;77;54;59;74;76;73;61;65;55;54;61;74;68;23;1997;199715;1913
1583;布莱文-奈特;Brevin Knight;1;0;6;73;59;71;70;68;62;61;66;61;74;59;68;63;66;22;1997;199716;1345
1584;约翰-泰勒;Johnny Taylor;4;3;6;54;76;62;66;75;71;71;55;65;63;58;62;69;66;23;1997;199717;2672
1585;克里斯-安斯蒂;Chris Anstey;5;0;6;58;76;55;60;77;74;76;61;66;56;55;61;75;69;23;1997;199718;1679
1586;斯科特-波拉德;Scot Pollard;5;0;6;60;77;56;61;73;75;77;60;65;57;56;62;74;69;22;1997;199719;858
1587;保罗-格兰特;Paul Grant;5;0;6;62;77;53;61;75;77;75;60;65;54;57;62;75;69;24;1997;199720;1807
1588;安东尼-帕克;Anthony Parker;2;0;6;54;71;74;75;72;62;61;66;64;75;62;66;65;65;22;1997;199721;2067
1589;艾德-格雷;Ed Gray;2;1;6;60;72;73;73;68;62;55;64;63;74;62;67;60;64;22;1997;199722;1810
1590;鲍比-杰克逊;Bobby Jackson;1;2;6;74;58;71;69;72;61;61;65;61;74;59;69;64;67;24;1997;199723;1092
1591;罗德里克-罗德斯;Rodrick Rhodes;2;3;6;54;70;73;73;68;61;55;65;63;74;60;64;61;63;24;1997;199724;1985
1592;约翰-托马斯;John Thomas;4;3;6;57;74;62;66;77;71;72;56;65;63;58;62;71;67;22;1997;199725;2173
1593;查尔斯-史密斯;Charles Cornelius Smith;2;0;6;53;70;74;77;70;59;56;67;63;75;63;66;62;64;22;1997;199726;2125
1594;杰奎-沃恩;Jacque Vaughn;1;2;6;76;58;69;72;71;59;60;70;61;72;62;69;65;67;22;1997;199727;1553
1595;基斯-布斯;Keith Booth;3;0;6;64;72;68;70;72;61;60;62;64;69;62;66;62;65;23;1997;199728;2673
1596;塞尔日-兹维克尔;Serge Zwikker;5;0;6;51;73;54;55;74;71;73;55;64;55;49;56;70;63;24;1997;199730;2674
1597;马克-桑福德;Mark Sanford;4;3;6;54;68;52;66;70;68;67;54;63;54;57;57;65;61;21;1997;199731;2675
1598;查尔斯-欧班农;Charles O′Bannon;2;3;6;60;68;65;66;70;61;63;57;63;67;56;61;61;61;22;1997;199732;2676
1599;詹姆斯-柯顿;James Cotton;2;0;6;58;69;71;70;68;61;57;66;63;72;59;64;62;63;22;1997;199733;2677
1600;马科-米利奇;Marko Milič;2;3;6;58;70;71;73;71;59;59;65;63;72;61;65;62;64;20;1997;199734;2678
1601;布博巴-威尔斯;Bubba Wells;4;3;6;57;76;59;63;75;69;71;54;65;60;56;61;68;65;23;1997;199735;2679
1602;凯布-斯图尔特;Kebu Stewart;3;4;6;66;68;69;70;68;58;67;62;62;70;62;66;62;65;24;1997;199736;2680
1603;詹姆斯-科林斯;James Collins;2;0;6;55;72;75;76;68;61;60;66;63;76;63;67;63;65;24;1997;199737;2681
1604;马克-杰克逊;Marc Jackson;5;0;6;59;77;57;61;73;77;73;60;65;58;56;62;73;68;23;1997;199738;530
1605;杰拉德-霍尼卡特;Jerald Honeycutt;3;2;6;65;72;69;71;68;58;67;58;63;70;63;67;61;65;23;1997;199739;2682
1606;安东尼-约翰逊;Anthony Johnson;1;2;6;76;59;71;69;72;60;62;63;61;74;59;69;63;66;23;1997;199740;1607
1607;艾德-艾利斯玛;Eddie Elisma;5;4;6;52;68;55;63;73;68;68;55;63;56;55;57;67;62;22;1997;199741;2683
1608;贾森-劳森;Jason Lawson;5;0;6;60;77;56;59;75;73;74;61;65;57;54;62;73;68;23;1997;199742;2684
1609;斯蒂芬-杰克逊;Stephen Jackson;3;0;8;70;75;76;73;75;63;67;66;68;75;66;73;68;71;19;1997;199743;241
1610;戈登-马龙;Gordon Malone;4;5;6;57;70;51;62;71;67;66;54;63;54;54;56;64;60;23;1997;199744;2685
1611;塞德里克-亨德森;Cedric Henderson;3;0;6;64;71;72;68;69;61;64;58;63;72;60;66;61;65;22;1997;199745;1849
1612;格德-山姆高德;God Shammgod;1;2;6;74;58;71;71;70;62;61;66;61;74;60;69;64;67;21;1997;199746;2121
1613;埃里克-华盛顿;Eric Washington;2;0;6;56;68;73;74;70;59;56;64;63;74;61;65;61;63;23;1997;199747;1856
1614;阿尔文-威廉姆斯;Alvin Williams;2;1;6;58;68;76;73;70;58;58;63;63;77;61;67;61;64;23;1997;199748;2180
1615;佩德拉格-德罗比亚克;Predrag Drobnjak;5;0;6;62;73;56;59;76;75;74;61;65;57;54;61;74;68;22;1997;199749;1771
1616;阿兰-迪格博;Alain Digbeu;3;2;6;61;67;65;66;73;63;65;54;63;66;57;61;62;63;22;1997;199750;2686
1617;克里斯-克劳福德;Chris Crawford;4;0;6;53;74;60;63;75;69;71;55;65;61;55;60;69;64;22;1997;199751;1928
1618;德胡安-威特;DeJuan Wheat;1;0;6;75;61;70;71;71;61;61;68;62;73;61;70;65;68;24;1997;199752;1866
1619;CJ-布鲁顿;C.J. Bruton;1;0;6;67;57;68;69;70;56;58;68;61;71;57;64;63;63;22;1997;199753;2688
1620;保罗-罗杰斯;Paul Rogers;5;0;6;55;72;53;55;72;71;70;51;64;54;49;56;68;62;24;1997;199754;2689
1621;马克-布朗特;Mark Blount;5;0;6;61;74;56;61;76;75;73;59;65;57;56;61;74;68;22;1997;199755;891
1622;本-佩珀;Ben Pepper;5;4;6;54;68;57;61;70;68;69;51;63;58;54;58;65;62;22;1997;199756;2690
1623;内特-厄德曼;Nate Erdmann;2;1;6;62;64;65;66;71;57;55;62;62;67;56;61;59;60;24;1997;199757;2691
1624;罗伯托-杜恩纳斯;Roberto Duenas;5;0;6;54;70;54;56;73;67;68;54;64;55;50;56;66;61;22;1997;199758;2692
1625;布拉德-米勒;Brad Miller;5;1;8;76;78;61;66;81;78;78;65;70;61;65;71;80;76;22;1998;199800;621
1626;迈克尔-奥洛沃坎迪;Michael Olowokandi;5;0;6;60;76;57;59;75;77;76;62;65;58;54;62;76;69;23;1998;199801;816
1627;迈克-毕比;Mike Bibby;1;2;8;80;64;75;77;76;66;63;69;67;77;68;76;69;73;20;1998;199802;196
1628;里夫-拉弗伦茨;Raef LaFrentz;4;5;7;59;79;64;70;81;73;73;60;70;64;63;68;74;71;22;1998;199803;1175
1629;安托万-贾米森;Antawn Jamison;4;0;8;66;83;72;74;82;73;79;61;74;71;69;75;77;76;22;1998;199804;236
1630;文斯-卡特;Vince Carter;2;3;9;70;85;78;73;85;63;71;65;82;78;66;78;72;75;22;1998;199805;40
1631;罗波特-特雷勒;Robert Traylor;3;4;6;64;70;70;69;71;62;62;58;63;70;61;66;61;65;21;1998;199806;1491
1632;杰森-威廉姆斯;Jason Williams;1;2;8;97;67;73;73;74;49;53;67;68;75;68;81;60;72;23;1998;199807;312
1633;拉里-休斯;Larry Hughes;1;2;8;82;64;74;75;74;65;65;68;65;76;66;76;68;72;20;1998;199808;329
1634;德克-诺维斯基;Dirk Nowitzki;4;2;10;67;81;80;83;79;67;76;61;79;77;77;81;73;77;20;1998;199809;61
1635;保罗-皮尔斯;Paul Pierce;3;2;9;67;79;78;80;75;72;69;70;76;77;72;77;72;76;21;1998;199810;138
1636;邦奇-威尔斯;Bonzi Wells;2;3;7;70;77;81;78;75;59;62;71;68;81;69;77;67;73;22;1998;199811;706
1637;迈克尔-多里亚克;Michael Doleac;5;0;6;60;74;54;59;77;77;74;62;65;55;54;60;76;68;21;1998;199812;950
1638;基翁-克拉克;Keon Clark;5;0;6;60;76;53;62;73;75;74;62;65;54;57;61;73;68;23;1998;199813;1926
1639;迈克尔-迪克森;Michael Dickerson;2;3;6;53;70;76;76;71;60;54;65;63;77;62;66;61;64;23;1998;199814;1776
1640;马特-哈普林;Matt Harpring;3;0;7;68;76;76;76;75;66;66;66;68;75;69;73;68;72;22;1998;199815;1023
1641;布雷斯-德鲁;Bryce Drew;1;2;6;76;61;68;69;69;62;60;68;61;71;59;68;64;67;24;1998;199816;1770
1642;拉苏-内斯特洛维奇;Rasho Nesterović;5;0;6;60;76;53;59;74;73;73;61;65;54;54;60;72;67;22;1998;199817;1354
1643;米萨德-特坎;Mirsad Türkcan;4;0;6;53;75;62;63;75;71;71;57;65;63;55;61;70;66;22;1998;199818;2693
1644;帕特-加里蒂;Pat Garrity;4;0;6;57;77;60;67;75;68;71;53;65;61;60;63;68;66;22;1998;199819;1082
1645;罗肖恩-迈克里奥德;Roshown McLeod;3;0;6;64;70;70;71;70;59;61;62;63;70;62;67;61;65;23;1998;199820;1275
1646;里基-戴维斯;Ricky Davis;3;2;8;65;75;73;71;75;66;67;65;70;73;63;70;68;70;19;1998;199821;431
1647;布莱恩-斯金纳;Brian Skinner;4;3;6;55;76;58;64;75;70;70;53;65;59;56;60;68;64;22;1998;199822;2135
1648;泰伦-卢;Tyronn Lue;1;2;6;77;62;69;72;68;60;58;67;61;72;62;70;62;67;21;1998;199823;1225
1649;菲利普-洛佩斯;Felipe López;2;0;6;54;72;74;73;69;61;53;64;63;75;60;65;60;63;24;1998;199824;2694
1650;艾尔-哈灵顿;Al Harrington;3;2;8;68;76;73;74;76;67;67;65;68;73;67;72;69;71;18;1998;199825;1017
1651;萨姆-雅各布森;Sam Jacobson;2;3;6;53;70;75;74;68;62;54;67;63;76;61;65;61;63;23;1998;199826;2243
1652;弗拉迪米尔-斯蒂潘尼亚;Vladimir Stepania;5;0;6;61;77;56;58;76;77;73;59;66;57;54;62;74;68;22;1998;199827;2133
1653;科里-本杰明;Corey Benjamin;2;0;6;55;71;74;74;70;60;62;67;63;75;61;66;64;65;20;1998;199828;1714
1654;纳兹尔-穆罕穆德;Nazr Mohammed;5;4;6;61;73;54;61;76;77;77;58;65;55;56;60;76;68;21;1998;199829;1326
1655;安苏-瑟塞;Ansu Sesay;4;3;6;56;74;59;67;74;71;71;53;65;60;59;61;68;65;22;1998;199830;2695
1656;鲁本-帕特森;Ruben Patterson;2;3;6;53;71;73;73;70;61;55;64;63;74;60;64;61;63;23;1998;199831;2070
1657;拉沙德-刘易斯;Rashard Lewis;3;4;8;61;74;76;75;75;62;69;63;70;75;66;70;67;70;19;1998;199832;125
1658;杰拉尼-麦考伊;Jelani McCoy;5;4;6;62;76;56;58;73;73;74;59;65;57;54;61;72;67;21;1998;199833;1282
1659;沙蒙德-威廉姆斯;Shammond Williams;1;2;6;76;61;72;71;72;58;59;70;62;74;61;70;65;68;23;1998;199834;2190
1660;布拉洛-桑德夫;Bruno Sundov;5;0;6;59;74;56;62;77;74;76;59;65;57;57;61;75;68;18;1998;199835;2115
1661;杰罗姆-詹姆斯;Jerome James;5;0;6;60;73;55;62;75;76;73;61;65;56;57;61;74;68;23;1998;199836;1631
1662;凯西-肖;Casey Shaw;5;0;6;58;74;55;58;74;77;73;62;65;56;53;60;74;67;23;1998;199837;2696
1663;德马克-约翰逊;DeMarco Johnson;4;0;6;55;77;59;67;74;72;71;56;65;60;59;62;70;66;23;1998;199838;2263
1664;拉夫-阿尔斯通;Rafer Alston;1;2;7;81;67;77;74;76;63;63;68;66;79;66;77;68;73;22;1998;199839;168
1665;克莱昂-杨;Korleone Young;3;0;6;65;72;72;68;72;58;61;62;64;72;60;67;62;65;20;1998;199840;2697
1666;卡蒂诺-莫布里;Cuttino Mobley;2;1;7;66;75;78;75;74;58;61;69;67;78;65;73;65;69;23;1998;199841;1324
1667;米勒斯-西蒙;Miles Simon;2;1;6;59;71;74;77;70;58;54;64;63;75;65;68;60;64;23;1998;199842;2698
1668;贾希迪-怀特;Jahadi White;4;5;6;57;77;58;65;75;71;69;55;65;59;58;62;69;65;22;1998;199843;1863
1669;肖恩-马科斯;Sean Marks;4;5;6;55;75;60;65;73;71;68;55;65;61;57;61;67;65;23;1998;199844;1258
1670;托比-贝利;Toby Bailey;2;0;6;59;72;77;74;70;61;56;67;63;77;63;69;62;66;23;1998;199845;2699
1671;安德雷-帕特森;Andrae Patterson;4;3;6;55;74;58;64;74;71;69;55;65;59;56;60;68;64;23;1998;199846;2700
1672;泰森-惠勒;Tyson Wheeler;1;0;6;74;61;69;71;70;62;58;67;61;72;61;69;64;67;23;1998;199847;1865
1673;莱恩-斯塔克;Ryan Stack;4;0;6;56;75;62;63;76;68;71;56;65;63;56;62;69;66;23;1998;199848;2701
1674;科里-凯尔;Cory Carr;2;1;6;55;69;76;73;69;60;61;67;63;77;60;66;63;65;23;1998;199849;2702
1675;安德鲁-贝茨;Andrew Betts;5;0;6;52;69;53;55;73;67;70;51;63;54;48;54;67;61;21;1998;199850;2703
1676;卡雷-布鲁尔;Corey Lavelle Brewer;1;2;6;66;62;68;66;70;57;58;62;62;71;55;64;60;62;23;1998;199851;2704
1677;德里克-蒂亚尔;Derrick Dial;2;1;6;59;71;74;73;68;59;57;66;63;75;62;67;61;64;23;1998;199852;2705
1678;格雷格-巴克纳;Greg Buckner;2;0;6;54;71;76;76;69;62;53;65;63;77;63;67;61;64;22;1998;199853;1692
1679;特里迈恩-福尔斯基;Tremaine Fowlkes;3;0;6;65;71;70;70;68;59;66;58;63;70;62;67;61;65;22;1998;199854;977
1680;莱恩-鲍文;Ryan Bowen;3;0;6;66;69;70;72;72;59;62;61;63;70;64;67;62;65;23;1998;199855;846
1681;JR-亨德森;J.R. Henderson;3;4;6;65;72;69;69;69;58;63;58;63;70;61;66;60;64;22;1998;199856;1848
1682;特雷-布拉格斯;Torraye Braggs;3;0;6;65;72;69;68;72;60;63;60;64;70;60;66;62;65;22;1998;199857;1732
1683;马希奥-巴斯顿;Maceo Baston;4;0;6;55;76;59;66;76;69;72;57;65;60;58;61;70;66;23;1998;199858;1695
1684;埃尔顿-布兰德;Elton Brand;4;0;8;60;78;64;72;78;74;76;59;69;64;65;68;74;71;20;1999;199901;95
1685;史蒂夫-弗朗西斯;Steve Francis;1;2;8;77;68;79;76;76;51;67;78;68;80;66;77;71;74;22;1999;199902;101
1686;拜伦-戴维斯;Baron Davis;1;2;8;86;70;81;82;76;44;67;74;67;82;74;83;68;76;20;1999;199903;97
1687;拉玛尔-奥多姆;Lamar Odom;3;1;8;71;75;74;73;74;65;65;64;70;74;67;73;66;71;20;1999;199904;176
1688;乔纳森-本德;Jonathan Bender;4;0;6;54;73;60;64;76;68;69;53;65;61;56;60;67;64;19;1999;199905;1711
1689;沃利-斯泽比亚克;Wally Szczerbiak;3;0;8;69;77;75;75;74;63;70;65;68;75;68;74;68;72;22;1999;199906;1474
1690;理查德-汉密尔顿;Richard Hamilton;2;3;8;65;84;78;73;74;62;65;63;72;78;64;74;65;70;21;1999;199907;107
1691;安德烈-米勒;Andre Miller;1;2;9;80;85;74;77;76;66;67;76;70;76;70;80;74;77;23;1999;199908;278
1692;肖恩-马里昂;Shawn Marion;3;4;8;68;73;76;74;74;83;64;74;69;75;66;72;75;75;21;1999;199909;271
1693;杰森-特里;Jason Terry;2;1;7;61;77;83;76;73;64;66;64;68;83;65;74;66;70;22;1999;199910;305
1694;特拉简-朗顿;Trajan Langdon;1;2;6;77;59;72;69;71;59;62;68;61;74;59;70;65;67;23;1999;199911;2706
1695;亚历山大-拉多切维奇;Aleksandar Radojević;5;0;6;59;74;55;60;73;74;77;59;64;56;55;61;74;67;23;1999;199912;1940
1696;科里-马盖蒂;Corey Maggette;3;4;7;72;75;75;77;76;66;65;64;68;75;70;75;68;72;20;1999;199913;270
1697;威廉-艾弗里;William Avery;1;0;6;74;60;68;69;71;58;59;67;61;71;59;68;63;66;20;1999;199914;1662
1698;弗里德里克-维斯;Frédéric Weis;5;0;6;75;43;46;75;45;66;46;55;58;58;59;56;47;51;22;1999;199915;5001
1699;罗恩-阿泰斯特;Metta World Peace;3;2;8;68;75;75;72;75;79;68;78;70;75;65;72;77;76;20;1999;199916;171
1700;卡尔-鲍德勒;Cal Bowdler;4;0;6;54;76;62;65;73;70;68;54;65;63;57;62;67;64;22;1999;199917;2707
1701;詹姆斯-波西;James Posey;3;2;6;66;70;68;69;69;60;64;59;63;69;61;66;61;64;23;1999;199918;1722
1702;昆西-刘易斯;Quincy Lewis;3;0;6;66;70;72;69;68;58;59;59;63;72;61;67;58;64;22;1999;199919;1970
1703;迪恩-葛洛弗;Dion Glover;2;0;6;58;69;73;77;70;62;53;63;63;74;64;67;60;64;21;1999;199920;3106
1704;杰夫-福斯特;Jeff Foster;4;5;6;57;73;61;66;73;68;72;54;64;62;58;62;68;65;23;1999;199921;980
1705;肯尼-托马斯;Kenny Thomas;3;0;6;66;71;69;70;69;61;59;60;63;70;62;66;60;64;22;1999;199922;2170
1706;德文-乔治;Devean George;2;3;6;60;72;74;74;72;60;62;66;64;75;63;68;64;66;22;1999;199923;1409
1707;安德烈-基里连科;Andrei Kirilenko;4;3;8;68;76;73;72;73;70;69;69;70;72;67;73;71;72;18;1999;199924;232
1708;蒂姆-詹姆斯;Tim James;3;0;6;64;72;69;72;69;59;67;60;63;70;64;67;62;66;23;1999;199925;1630
1709;沃恩提格-卡明斯;Vonteego Cummings;2;1;6;56;71;73;74;70;59;61;63;63;74;62;65;62;64;23;1999;199926;1910
1710;朱梅因-琼斯;Jumaine Jones;3;4;6;67;72;72;71;71;59;67;60;64;72;63;68;63;67;20;1999;199927;2104
1711;斯科特-帕吉特;Scott Padgett;4;0;6;57;74;61;63;77;70;72;56;65;62;56;61;70;66;23;1999;199928;2066
1712;里昂-史密斯;Leon Smith;5;4;6;58;75;55;58;75;76;73;62;65;56;53;60;74;68;19;1999;199929;2708
1713;约翰-塞莱斯坦德;John Celestand;2;0;6;61;72;76;77;68;60;54;66;63;77;66;70;60;65;22;1999;199930;2709
1714;里克-希尔;Rico Hill;2;1;6;54;70;74;76;70;61;53;67;63;75;63;66;62;64;22;1999;199931;2710
1715;迈克尔-鲁芬;Michael Ruffin;4;0;6;54;73;62;66;77;72;71;57;65;63;58;61;71;66;23;1999;199932;1229
1716;克里斯-赫伦;Chris Herren;2;1;6;57;68;75;76;72;62;58;67;63;76;63;67;64;65;24;1999;199933;1043
1717;埃文-埃施迈耶;Evan Eschmeyer;5;0;6;61;73;53;60;73;75;74;60;64;54;55;60;73;67;24;1999;199934;1654
1718;卡尔文-布斯;Calvin Booth;5;0;6;60;75;55;59;75;76;74;60;65;56;54;61;74;68;23;1999;199935;1749
1719;王治郅;Wang Zhizhi;5;0;7;66;65;66;65;56;56;65;56;56;66;55;62;55;58;22;1999;199936;310
1720;奥比纳-艾克奇;Obinna Ekezie;4;5;6;54;76;59;64;74;70;68;53;65;60;56;60;67;64;24;1999;199937;1664
1721;拉龙-普罗菲特;Laron Profit;2;0;6;54;71;76;77;68;58;58;64;63;77;64;67;60;64;22;1999;199938;2091
1722;AJ-布拉姆莱特;A.J. Bramlett;5;0;6;61;74;54;59;76;77;77;62;65;55;54;60;77;69;22;1999;199939;1733
1723;戈登-吉里塞克;Gordan Giricek;2;0;7;66;74;78;77;74;67;58;69;67;78;67;73;67;70;22;1999;199940;1881
1724;弗朗西斯科-埃尔森;Francisco Elson;5;0;6;62;75;56;61;76;75;76;61;65;57;56;62;75;69;23;1999;199941;775
1725;路易斯-布洛克;Louis Bullock;1;0;6;73;58;70;72;68;61;59;68;61;73;61;68;63;66;23;1999;199942;2711
1726;李-耐龙;Lee Nailon;4;0;6;57;75;59;67;74;69;70;57;65;60;59;62;68;65;24;1999;199943;2057
1727;泰隆-华盛顿;Tyrone Washington;5;4;6;55;72;53;55;72;71;70;51;64;54;49;56;68;62;23;1999;199944;2712
1728;莱恩-罗波特森;Ryan Robertson;2;0;6;60;70;74;76;70;58;59;67;63;75;64;68;63;66;23;1999;199945;2713
1729;JR-科勒;J.R. Koch;1;0;6;74;60;68;70;71;62;58;67;61;71;60;68;64;66;23;1999;199946;2714
1730;托德-马克洛奇;Todd MacCulloch;5;0;6;62;73;57;59;74;75;75;62;64;58;54;61;74;68;23;1999;199947;2001
1731;盖伦-扬;Galen Young;3;2;6;66;71;70;69;69;61;63;58;63;70;61;66;61;64;24;1999;199948;2715
1732;拉里-凯特纳;Lari Ketner;4;5;6;53;77;61;63;77;70;70;54;66;62;55;61;69;65;22;1999;199949;2716
1733;维森-汉密尔顿;Venson Hamilton;5;4;6;56;75;62;67;74;68;72;54;65;63;59;64;69;66;22;1999;199950;2717
1734;安托万-史密夫;Antwain Smith;2;3;6;59;71;74;77;70;58;54;64;63;75;65;68;60;64;24;1999;199951;2718
1735;罗伯托-伯格森;Roberto Bergersen;3;2;6;63;68;68;70;68;58;65;59;62;69;61;64;60;63;23;1999;199952;2719
1736;罗德尼-布福德;Rodney Buford;2;3;6;61;69;76;74;72;62;54;67;63;77;63;68;63;66;22;1999;199953;1729
1737;梅尔文-莱维特;Melvin Levett;1;2;6;73;60;71;70;71;58;58;68;61;74;59;68;63;66;23;1999;199954;2720
1738;克里斯-克拉克;Kris Clack;1;2;6;73;62;70;70;72;59;60;66;62;73;60;69;64;67;22;1999;199955;2721
1739;蒂姆-杨;Tim Young;5;0;6;58;75;55;62;74;73;76;62;65;56;56;61;74;68;23;1999;199956;2722
1740;马努-吉诺比利;Manu Ginóbili;2;1;9;81;82;86;80;78;62;61;74;79;85;75;85;70;78;22;1999;199957;113
1741;埃迪-卢卡斯;Eddie Lucas;2;3;6;67;72;70;68;72;59;66;58;64;70;61;67;62;65;22;1999;199958;2723
1742;拉加-贝尔;Raja Bell;2;3;7;50;72;62;69;76;70;63;84;67;65;56;59;76;67;24;2000;200000;848
1743;肯扬-马丁;Kenyon Martin;5;4;8;54;82;59;64;82;78;81;67;74;59;58;65;82;74;23;2000;200001;268
1744;斯特罗迈尔-斯威夫特;Stromile Swift;5;4;7;55;82;61;66;80;80;81;64;70;61;60;66;81;74;21;2000;200002;685
1745;达柳斯-迈尔斯;Darius Miles;3;0;7;72;77;74;75;73;67;65;66;68;74;69;74;67;72;19;2000;200003;1273
1746;马库斯-费泽尔;Marcus Fizer;4;0;7;60;80;67;71;82;76;73;62;70;67;64;70;76;73;20;2000;200004;463
1747;迈克-米勒;Mike Miller;3;2;8;70;75;84;76;77;63;68;61;68;82;69;77;67;73;20;2000;200005;279
1748;德马尔-约翰逊;DerMarr Johnson;2;0;7;58;77;78;76;75;63;66;69;68;78;64;71;69;70;20;2000;200006;1611
1749;克里斯-米姆;Chris Mihm;5;0;7;54;80;58;64;79;81;80;63;70;58;58;64;81;73;21;2000;200007;623
1750;贾马尔-克劳福德;Jamal Crawford;2;1;7;65;75;82;75;74;61;64;64;67;82;65;74;65;70;20;2000;200008;250
1751;乔尔-普尔兹比拉;Joel Przybilla;5;0;7;57;79;59;63;82;78;79;65;70;59;58;65;81;73;21;2000;200009;652
1752;肯扬-杜林;Keyon Dooling;1;0;7;80;67;76;75;76;61;64;76;66;78;66;76;71;74;20;2000;200010;447
1753;杰罗姆-莫伊索;Jérôme Moïso;4;0;7;59;79;66;70;80;76;76;61;70;66;63;68;76;72;22;2000;200011;1333
1754;伊坦-托马斯;Etan Thomas;5;0;7;54;80;58;64;80;79;78;64;70;58;58;64;80;72;22;2000;200012;2172
1755;康特尼-亚历山大;Courtney Alexander;2;0;7;59;75;80;73;76;60;60;69;68;80;62;71;66;69;23;2000;200013;2250
1756;马汀-克里夫斯;Mateen Cleaves;1;0;7;78;67;75;74;74;67;65;68;65;77;65;75;69;72;23;2000;200014;1153
1757;贾森-科利尔;Jason Collier;5;0;7;56;79;62;63;79;78;79;63;69;62;57;65;79;72;23;2000;200015;1923
1758;希度-特克格鲁;Hedo Türkoğlu;3;0;8;84;76;75;74;76;66;68;66;71;75;71;79;69;75;21;2000;200016;304
1759;戴斯蒙德-梅森;Desmond Mason;2;3;6;55;71;77;77;70;61;62;63;63;77;64;68;63;65;23;2000;200017;1304
1760;昆廷-理查德森;Quentin Richardson;3;0;7;70;73;84;77;77;65;68;64;68;82;70;77;69;74;20;2000;200018;582
1761;贾马尔-马格洛伊尔;Jamaal Magloire;5;4;6;58;75;54;60;76;73;75;61;65;55;55;60;74;68;22;2000;200019;1255
1762;斯皮迪-克拉克斯顿;Speedy Claxton;1;0;6;76;60;68;72;69;60;60;66;61;71;62;69;63;66;22;2000;200020;1147
1763;莫里斯-皮特森;Morris Peterson;2;3;6;60;71;76;77;72;62;53;67;64;77;65;70;63;66;23;2000;200021;2082
1764;唐尼尔-哈维;Donnell Harvey;4;3;6;54;77;60;67;76;70;68;53;66;61;59;62;68;65;20;2000;200022;1837
1765;迪肖恩-史蒂文森;DeShawn Stevenson;2;0;6;54;72;76;74;72;58;56;67;64;77;61;66;62;65;19;2000;200023;1444
1766;戴利波尔-巴格里奇;Dalibor Bagaric;5;0;6;60;74;55;62;74;73;73;61;65;56;57;61;72;67;20;2000;200024;1690
1767;杰克-查卡利迪斯;Jake Tsakalidis;5;0;6;58;74;54;62;76;74;76;59;65;55;56;60;74;68;21;2000;200025;906
1768;玛玛多-恩迪亚耶;Mamadou N'diaye;5;0;6;60;73;57;61;75;75;75;62;65;58;56;61;75;68;25;2000;200026;2724
1769;普里莫兹-布雷泽克;Primoz Brezec;5;0;6;62;74;54;61;73;74;76;61;64;55;56;61;74;68;21;2000;200027;895
1770;埃里克-巴克利;Erick Barkley;1;0;6;74;59;69;70;70;58;61;66;61;72;60;68;63;66;22;2000;200028;1691
1771;马克-马德森;Mark Madsen;4;0;6;55;73;62;67;77;71;70;54;65;63;59;62;70;66;25;2000;200029;1249
1772;马科-贾里奇;Marko Jaric;1;0;6;77;60;70;70;69;61;58;66;61;73;60;70;62;66;22;2000;200030;1886
1773;丹-朗吉;Dan Langhi;5;0;6;58;75;57;58;77;75;74;61;65;58;53;61;75;68;23;2000;200031;1955
1774;AJ-盖顿;A.J. Guyton;3;0;6;63;68;68;70;68;58;65;59;62;69;61;64;60;63;22;2000;200032;2725
1775;杰克-沃斯库尔;Jake Voskuhl;5;0;6;62;75;53;58;75;76;75;58;65;54;54;60;74;68;23;2000;200033;2217
1776;克哈里德-艾尔-阿敏;Khalid El-Amin;4;0;6;53;74;61;67;73;71;72;57;64;62;58;61;69;66;21;2000;200034;2726
1777;迈克-史密斯;Mike Smith;3;0;6;66;71;70;69;69;61;63;58;63;70;61;66;61;64;24;2000;200035;2727
1778;索马利亚-萨马基;Soumaila Samake;5;0;6;60;74;56;60;76;74;75;59;65;57;55;61;74;68;22;2000;200036;2108
1779;埃迪-豪斯;Eddie House;2;1;6;56;69;74;73;72;61;56;65;63;75;61;65;62;64;22;2000;200037;1041
1780;埃杜阿多-纳胡拉;Eduardo Najera;4;3;6;55;76;60;66;76;69;72;54;65;61;58;62;69;66;24;2000;200038;2055
1781;拉沃-波斯特尔;Lavor Postell;2;3;6;61;71;77;75;68;59;62;66;63;77;64;69;63;66;22;2000;200039;2728
1782;汉诺-莫托拉;Hanno Möttölä;3;0;6;67;72;70;68;72;59;66;58;64;70;61;67;62;66;24;2000;200040;2046
1783;克里斯-卡拉维尔;Chris Carrawell;5;0;6;58;75;53;61;74;75;77;62;65;54;56;60;75;68;19;2000;200041;2729
1784;奥卢米德-奥德杰;Olumide Oyedeji;4;5;6;55;74;59;66;76;69;69;57;65;60;58;61;69;65;19;2000;200042;1681
1785;迈克尔-里德;Michael Redd;2;0;6;57;78;79;77;72;63;66;64;65;79;65;71;66;68;21;2000;200043;122
1786;布莱恩-卡迪纳尔;Brian Cardinal;5;4;6;59;74;53;62;73;77;74;59;64;54;57;60;74;67;23;2000;200044;1105
1787;贾巴里-史密斯;Jabari Smith;5;0;6;60;73;54;59;77;74;77;61;65;55;54;60;75;68;23;2000;200045;2730
1788;迪安德烈-休利特;DeeAndre Hulett;3;0;6;67;71;70;69;69;62;62;60;63;70;62;67;61;65;20;2000;200046;2731
1789;加斯帕-塞萨尔;Josip Sesar;2;3;6;58;69;77;73;68;60;53;66;63;77;61;67;60;64;22;2000;200047;2732
1790;马克-卡彻;Mark Karcher;3;2;6;61;65;60;63;73;62;64;53;63;62;54;58;61;60;22;2000;200048;2733
1791;贾森-哈特;Jason Hart;1;0;6;76;61;68;71;68;62;61;70;61;71;61;69;65;67;22;2000;200049;2895
1792;卡尼尔-狄更斯;Kaniel Dickens;5;4;6;61;77;57;61;76;76;74;60;66;58;56;63;75;69;22;2000;200050;2734
1793;伊戈尔-拉科塞维奇;Igor Rakočević;2;0;6;57;71;75;76;72;58;62;67;64;76;64;68;64;66;22;2000;200051;2735
1794;厄内斯特-布朗;Ernest Brown;5;0;6;61;77;54;62;75;75;77;58;65;55;57;62;75;69;21;2000;200052;1743
1795;丹-麦克林托克;Dan McClintock;2;0;6;58;71;76;77;71;59;57;66;63;77;65;68;62;66;23;2000;200053;2023
1796;科里-海托;Cory Hightower;4;3;6;51;72;57;61;72;68;66;53;64;59;52;56;65;61;21;2000;200054;2736
1797;克里斯-波特;Chris Porter;4;0;6;55;73;58;63;77;69;71;53;65;59;55;59;69;64;22;2000;200055;1720
1798;杰奎-沃尔斯;Jaquay Walls;3;2;6;65;71;69;71;68;60;64;60;63;70;63;67;61;65;20;2000;200056;2737
1799;斯库尼-佩恩;Scoonie Penn;3;0;6;67;69;69;68;71;60;64;60;63;70;60;66;62;65;20;2000;200057;2738
1800;皮特-迈克尔;Pete Mickeal;4;3;6;57;73;59;67;74;72;68;56;64;60;59;61;68;65;21;2000;200058;2739
1801;夸梅-布朗;Kwame Brown;4;5;6;55;76;61;64;77;69;71;54;66;62;56;62;69;66;19;2001;200101;885
1802;泰森-钱德勒;Tyson Chandler;5;0;8;54;80;58;63;82;78;79;67;70;58;57;64;81;73;19;2001;200102;292
1803;保罗-加索尔;Pau Gasol;4;5;9;63;82;75;77;78;75;82;59;79;73;71;77;77;77;21;2001;200103;114
1804;埃迪-库里;Eddy Curry;5;0;7;56;81;55;63;78;74;76;66;70;56;58;63;76;70;19;2001;200104;556
1805;杰森-理查德森;Jason Richardson;2;0;8;69;81;80;78;73;52;68;67;71;80;69;77;65;72;21;2001;200105;258
1806;肖恩-巴蒂尔;Shane Battier;3;2;7;69;75;82;74;75;71;70;73;68;80;67;75;73;75;23;2001;200106;181
1807;埃迪-格里芬;Eddie Griffin;4;0;6;54;75;62;63;74;68;68;55;65;63;55;61;67;64;19;2001;200107;1814
1808;德萨盖纳-迪奥普;DeSagana Diop;5;0;6;59;75;53;59;75;73;75;59;65;54;54;60;73;67;20;2001;200108;1772
1809;罗德尼-怀特;Rodney White;4;0;6;56;76;60;65;76;69;72;56;65;61;57;61;70;66;21;2001;200109;1058
1810;乔-约翰逊;Joe Johnson;2;3;8;71;82;83;79;75;63;63;63;72;83;71;80;65;73;20;2001;200110;164
1811;凯德里克-布朗;Kedrick Brown;2;1;6;62;70;73;75;70;59;59;67;63;74;64;68;63;65;20;2001;200111;883
1812;弗拉迪米尔-拉德马诺维奇;Vladimir Radmanovic;4;0;6;54;74;62;63;77;69;71;54;65;63;55;61;69;65;21;2001;200112;1174
1813;理查德-杰弗森;Richard Jefferson;3;2;7;68;77;75;77;73;63;71;63;68;75;70;74;67;72;21;2001;200113;238
1814;特洛伊-墨菲;Troy Murphy;4;0;7;62;78;63;69;78;74;76;62;69;63;63;67;75;71;21;2001;200114;1338
1815;斯蒂文-亨特;Steven Hunter;5;0;6;60;76;53;60;75;77;74;60;65;54;55;61;75;68;20;2001;200115;1852
1816;柯克-哈斯顿;Kirk Haston;4;0;6;56;73;59;64;73;71;69;53;64;60;56;60;67;64;22;2001;200116;2740
1817;迈克尔-布拉德利;Michael Bradley;4;0;6;56;75;61;66;76;69;70;53;65;62;58;62;68;65;22;2001;200117;2741
1818;杰森-科林斯;Jason Collins;5;0;6;62;75;56;62;74;77;76;59;65;57;57;63;75;69;23;2001;200118;1924
1819;扎克-兰多夫;Zach Randolph;4;0;9;61;81;65;70;80;78;79;63;76;65;64;70;79;75;20;2001;200119;120
1820;布兰登-海伍德;Brendan Haywood;5;0;6;59;73;53;61;77;76;77;58;65;54;56;60;76;68;22;2001;200120;1031
1821;约瑟夫-福瑞迪;Joseph Forte;1;2;6;75;60;68;70;68;58;58;71;61;71;60;69;64;66;20;2001;200121;979
1822;杰伊尔-萨瑟;Jeryl Sasser;2;0;6;53;70;76;74;70;60;55;65;63;77;61;66;61;64;22;2001;200122;2742
1823;布兰登-阿姆斯特朗;Brandon Armstrong;2;0;6;57;70;73;77;71;60;54;67;63;74;64;66;62;64;21;2001;200123;2743
1824;劳尔-洛佩斯;Raul Lopez;1;2;6;73;60;71;70;71;58;58;68;61;74;59;68;63;66;21;2001;200124;1990
1825;杰拉德-华莱士;Gerald Wallace;3;2;8;63;76;75;73;73;69;73;71;70;75;65;71;72;73;19;2001;200125;230
1826;萨穆埃尔-戴勒姆波特;Samuel Dalembert;5;0;7;57;79;58;65;78;80;78;65;69;58;59;64;79;72;20;2001;200126;426
1827;贾马尔-廷斯利;Jamaal Tinsley;1;2;6;77;61;72;69;71;62;61;70;62;74;60;70;66;68;23;2001;200127;1496
1828;托尼-帕克;Tony Parker;1;0;9;84;69;78;78;76;45;65;76;73;80;70;81;68;75;19;2001;200128;137
1829;特伦顿-哈塞尔;Trenton Hassell;2;0;6;54;70;76;73;69;61;57;64;63;77;60;66;61;64;22;2001;200130;1831
1830;吉尔伯特-阿里纳斯;Gilbert Arenas;2;1;9;76;79;81;76;77;52;60;70;74;81;69;79;65;73;19;2001;200131;84
1831;奥马尔-库克;Omar Cook;1;2;6;75;60;70;69;70;59;58;72;61;73;59;69;65;67;19;2001;200132;1933
1832;威尔-所罗门;Will Solomon;1;2;6;75;60;71;69;68;60;58;69;61;74;59;69;63;67;23;2001;200133;2744
1833;特伦斯-莫里斯;Terence Morris;4;0;6;53;73;59;63;76;72;71;56;65;60;55;59;70;65;23;2001;200134;2044
1834;布莱恩-斯卡拉布莱恩;Brian Scalabrine;4;5;6;53;73;62;66;77;68;72;54;65;63;57;61;69;65;23;2001;200135;1459
1835;杰夫-特雷帕格尼尔;Jeff Trepagnier;2;0;6;53;69;75;73;71;60;56;63;63;76;60;65;61;63;22;2001;200136;2745
1836;达文-布朗;Damone Brown;4;3;6;55;73;60;64;73;69;69;55;64;61;56;60;67;64;22;2001;200137;2746
1837;梅米特-奥库;Mehmet Okur;4;5;7;59;68;81;71;78;66;73;61;67;78;63;69;71;70;22;2001;200138;178
1838;迈克尔-赖特;Michael Wright;2;3;6;60;70;60;64;72;61;60;62;63;63;54;59;62;61;21;2001;200139;2747
1839;厄尔-沃特森;Earl Watson;1;0;6;73;58;68;72;69;59;58;69;61;71;61;68;63;66;22;2001;200140;1561
1840;贾米森-布鲁尔;Jamison Brewer;1;2;6;77;60;70;72;72;60;60;71;62;73;62;70;66;69;21;2001;200141;1747
1841;鲍比-西蒙斯;Bobby Simmons;2;3;6;58;70;74;77;68;60;60;67;63;75;65;68;63;65;21;2001;200142;2228
1842;埃里克-切诺维;Eric Chenowith;5;0;6;51;73;51;55;73;68;70;53;64;53;49;55;67;61;22;2001;200143;2748
1843;凯尔-希尔;Kyle Hill;1;0;6;66;58;69;60;69;53;55;62;61;72;49;61;58;60;22;2001;200144;2749
1844;肖恩-蓝普利;Sean Lampley;3;0;6;63;69;72;72;72;61;65;61;63;72;63;67;63;66;22;2001;200145;1198
1845;劳伦-伍兹;Loren Woods;4;5;6;57;75;61;65;74;68;70;57;65;62;58;63;68;65;23;2001;200146;2226
1846;奥斯曼-西塞;Ousmane Cisse;3;0;6;58;63;60;61;70;62;60;59;62;62;52;56;61;59;19;2001;200147;2750
1847;安东尼斯-福特西斯;Antonis Fotsis;4;0;6;57;75;58;66;74;71;68;54;65;59;58;61;68;65;20;2001;200148;2751
1848;肯-约翰逊;Kenyatta Allen Johnson;4;5;6;53;76;62;67;76;71;70;55;65;63;59;62;69;66;23;2001;200149;2264
1849;鲁本-邦特杰-邦特杰;Ruben Boumtje-Boumtje;5;0;6;59;73;54;59;74;77;75;58;64;55;54;59;74;67;23;2001;200150;2752
1850;阿尔顿-福特;Alton Ford;4;3;6;53;73;59;64;77;72;71;56;65;60;56;59;71;65;20;2001;200151;1799
1851;安德鲁-赫特森;Andre Hutson;3;4;6;58;69;57;60;72;68;66;58;63;60;52;56;65;61;22;2001;200152;2753
1852;杰隆-科林斯;Jarron Collins;4;5;6;56;76;60;66;74;69;72;57;65;61;58;62;69;66;23;2001;200153;2754
1853;肯尼-塞得菲尔德;Kenny Satterfield;1;2;6;75;59;70;70;69;61;58;65;61;73;60;69;62;66;20;2001;200154;2755
1854;莫里斯-杰弗森;Maurice Jeffers;2;1;6;60;63;65;60;71;57;59;63;62;67;50;58;61;59;22;2001;200155;2756
1855;罗伯卡斯-亚夫托卡斯;Robertas Javtokas;5;0;6;57;72;53;59;76;70;70;58;65;54;53;58;70;64;21;2001;200156;2248
1856;埃尔文-琼斯;Alvin Robert Lamar Jones III;4;5;6;55;76;61;66;77;70;71;56;66;62;58;63;70;66;23;2001;200157;1410
1857;布莱恩-布雷西;Bryan Bracey;3;2;6;59;68;65;66;72;62;63;58;63;66;57;61;62;63;23;2001;200158;2757
1858;雷吉-埃文斯;Reggie Evans;4;5;6;56;70;51;67;77;71;82;57;64;54;59;58;74;66;22;2002;200200;781
1859;乌杜尼斯-哈斯勒姆;Udonis Haslem;4;5;7;54;69;52;64;69;72;69;57;63;54;55;56;67;62;22;2002;200200;492
1860;姚明;Yao Ming;5;0;10;70;84;69;81;75;84;83;48;78;67;78;80;79;79;22;2002;200201;80
1861;杰伊-威廉姆斯;Jay Williams;1;2;6;74;61;68;71;71;61;60;63;62;71;61;69;62;66;21;2002;200202;2183
1862;迈克-邓利维;Mike Dunleavy Jr.;2;3;7;62;77;79;77;75;62;61;64;68;79;66;73;65;69;22;2002;200203;439
1863;德鲁-古登;Drew Gooden;4;0;7;61;82;67;70;80;76;76;60;70;67;64;70;76;73;21;2002;200204;480
1864;尼克罗兹-茨基蒂什维利;Nikoloz Tskitishvili;5;0;6;61;73;53;60;75;75;77;60;65;54;55;60;75;68;19;2002;200205;2134
1865;达胡安-瓦格纳;Dajuan Wagner;1;2;6;75;60;70;71;72;58;62;68;62;73;61;70;65;68;19;2002;200206;2175
1866;内内-希拉里奥;Nenê Hilário;4;5;7;62;79;63;71;79;75;73;58;69;63;65;68;74;71;20;2002;200207;327
1867;克里斯-威尔考克斯;Chris Wilcox;4;0;6;53;77;58;67;74;70;70;53;65;59;59;61;68;65;20;2002;200208;2178
1868;阿玛雷-斯塔德迈尔;Amar'e Stoudemire;4;5;9;61;84;60;73;81;80;82;60;77;65;67;71;80;76;20;2002;200209;144
1869;卡隆-巴特勒;Caron Butler;3;2;8;68;74;74;74;74;67;65;64;67;74;67;72;67;71;22;2002;200210;187
1870;贾里德-杰弗里斯;Jared Jeffries;4;0;6;57;75;58;67;74;71;72;53;65;59;59;62;69;65;21;2002;200211;1888
1871;梅尔文-伊莱;Melvin Ely;5;0;6;58;77;55;62;73;73;77;59;65;56;57;62;73;68;24;2002;200212;1593
1872;马库斯-海斯利普;Marcus Haislip;4;3;6;57;77;58;65;73;71;72;57;65;59;58;62;69;66;22;2002;200213;2844
1873;弗瑞德-琼斯;Fred Jones;3;2;6;63;68;70;68;71;58;59;59;63;70;59;65;59;63;23;2002;200214;2758
1874;波斯简-纳赫巴;Bostjan Nachbar;4;0;6;54;73;61;67;77;70;71;57;65;62;58;61;70;66;22;2002;200215;2054
1875;耶里-维尔什科;Jiří Welsch;2;0;6;53;69;74;75;70;60;55;67;63;75;62;65;62;63;23;2002;200216;2759
1876;胡安-迪克森;Juan Dixon;2;1;6;53;68;77;74;69;61;61;67;63;77;61;66;64;65;24;2002;200217;1775
1877;库蒂斯-布查德特;Curtis Borchardt;5;0;6;60;74;53;60;73;75;76;58;64;54;55;60;73;67;23;2002;200218;2760
1878;莱恩-汉弗雷;Ryan Humphrey;3;0;6;66;70;68;69;72;58;65;62;63;69;61;66;63;65;23;2002;200219;1841
1879;卡里姆-拉什;Kareem Rush;3;2;6;65;72;70;70;70;60;67;60;63;70;62;67;63;66;22;2002;200220;1943
1880;昆特尔-伍兹;Qyntel Woods;3;4;6;64;69;68;70;71;62;59;60;63;69;61;65;61;64;21;2002;200221;2225
1881;凯西-雅克布森;Casey Jacobsen;2;3;6;59;71;75;73;68;62;62;66;63;76;62;67;63;65;21;2002;200222;2244
1882;泰肖恩-普林斯;Tayshaun Prince;3;4;7;72;74;73;77;75;64;64;63;67;73;70;74;66;71;22;2002;200223;290
1883;内纳德-科斯蒂奇;Nenad Krstić;4;5;7;60;80;64;71;81;76;74;62;70;64;64;69;76;73;19;2002;200224;547
1884;弗兰克-威廉姆斯;Frank Williams;2;1;6;59;68;75;74;69;60;55;66;63;76;62;67;61;64;22;2002;200225;2761
1885;约翰-萨尔蒙斯;John Salmons;2;0;7;66;73;81;74;77;58;62;72;68;81;64;74;68;71;23;2002;200226;1426
1886;克里斯-杰弗里斯;Chris Jefferies;2;3;6;54;69;77;74;68;58;62;66;63;77;61;66;62;64;22;2002;200227;1889
1887;丹-迪考;Dan Dickau;1;2;6;77;59;72;71;71;62;62;64;61;74;61;70;64;67;24;2002;200228;1774
1888;斯蒂夫-洛根;Steve Logan;1;0;6;70;63;69;66;70;58;55;63;62;72;56;66;60;63;22;2002;200230;2762
1889;罗杰-梅森;Roger Mason;2;0;6;58;70;76;77;70;58;61;67;63;77;65;68;63;66;22;2002;200231;2030
1890;罗波特-阿奇博尔德;Robert Archibald;4;5;6;55;77;61;65;71;71;69;54;66;62;57;62;67;65;22;2002;200232;766
1891;文森特-亚伯勒;Vincent Yarbrough;2;3;6;59;68;74;77;71;61;62;65;63;75;65;68;64;66;21;2002;200233;2245
1892;丹-加祖里奇;Dan Gadzuric;5;0;6;58;73;53;59;73;75;73;61;64;54;54;59;73;66;24;2002;200234;1885
1893;卡洛斯-布泽尔;Carlos Boozer;4;5;9;63;84;69;70;82;80;81;62;75;68;64;72;81;77;21;2002;200235;203
1894;米洛斯-武贾尼奇;Milos Vujanic;1;0;6;67;58;69;64;70;56;55;67;61;72;53;63;61;62;22;2002;200236;2763
1895;大卫-安德森;David Andersen;5;0;6;60;74;57;62;74;76;73;61;65;58;57;62;74;68;22;2002;200237;791
1896;蒂图-麦多克斯;Tito Maddox;2;0;6;53;71;76;76;70;59;59;66;63;77;63;66;62;64;21;2002;200238;2764
1897;罗德-格利扎德;Rod Grizzard;2;3;6;58;72;60;62;72;55;64;62;64;63;52;58;62;60;22;2002;200239;2765
1898;胡安-卡洛斯-纳瓦罗;Juan Carlos Navarro;2;1;7;61;75;81;76;76;59;63;66;68;81;65;73;66;70;22;2002;200240;1109
1899;马里奥-卡苏;Mario Kasun;5;0;6;62;73;56;62;75;74;75;61;65;57;57;62;74;68;22;2002;200241;1911
1900;罗纳德-穆雷;Ronald Murray;2;0;6;60;68;75;75;72;59;59;66;63;76;63;68;63;66;23;2002;200242;2051
1901;贾森-詹宁斯;Jason Jennings;5;0;6;52;73;55;58;73;61;71;52;64;56;51;57;65;61;23;2002;200243;2766
1902;郎尼-巴克斯特;Lonny Baxter;3;0;6;67;72;69;69;71;60;63;62;64;70;62;67;62;66;24;2002;200244;1693
1903;萨姆-克兰西;Sam Clancy;3;2;7;56;78;58;64;76;72;77;61;68;60;55;60;72;67;22;2002;200245;2767
1904;马特-巴恩斯;Matt Barnes;3;4;8;70;75;73;74;73;68;70;71;70;73;67;73;71;73;22;2002;200246;366
1905;贾马尔-桑普森;Jamal Sampson;4;5;6;53;76;60;67;76;72;72;53;65;61;59;61;70;66;19;2002;200247;1437
1906;克里斯-欧文斯;Chris Owens;3;4;6;64;72;72;69;68;59;59;59;63;72;61;67;59;64;23;2002;200248;2768
1907;彼得-费塞;Peter Fehse;4;0;6;54;67;60;66;73;65;68;51;63;61;57;59;64;62;19;2002;200249;2769
1908;达柳斯-桑盖拉;Darius Songaila;4;0;6;56;75;62;67;74;68;72;54;65;63;59;63;68;65;24;2002;200250;1436
1909;费雷德里克-卡梅里克斯;Frederico Kammerichs;3;0;7;57;63;72;66;72;63;71;53;64;72;56;62;63;64;22;2002;200251;1908
1910;马库斯-泰勒;Marcus Taylor;2;1;6;66;60;68;67;70;53;61;63;61;70;57;62;60;61;21;2002;200252;2770
1911;拉素尔-巴特勒;Rasual Butler;2;3;6;56;71;75;75;71;60;58;66;63;76;63;67;63;65;23;2002;200253;1697
1912;特马尔-斯利;Tamar Slay;2;3;6;53;72;73;77;68;62;62;65;63;74;64;66;63;64;22;2002;200254;2141
1913;穆拉登-塞库拉茨;Mladen Sekularac;3;4;6;55;71;62;65;72;61;63;55;64;64;55;59;61;61;21;2002;200255;2771
1914;路易斯-斯科拉;Luis Scola;4;0;7;60;91;67;81;81;63;68;58;73;67;75;76;68;72;22;2002;200256;299
1915;兰迪-霍尔科姆;Randy Holcomb;4;0;6;57;73;60;64;76;72;71;54;65;61;56;61;70;65;23;2002;200257;2772
1916;考斯利-爱德华兹;Corsley Edwards;3;4;6;65;70;68;72;69;61;58;60;63;69;64;67;60;64;23;2002;200258;1672
1917;田卧勇太;Yuta Tabuse;1;2;6;73;60;72;70;68;61;60;68;61;74;59;68;64;66;23;2003;200300;1495
1918;勒布朗-詹姆斯;LeBron James;3;1;10;82;89;71;73;87;69;78;71;85;70;72;81;79;81;19;2003;200301;2
1919;达科-米利西奇;Darko Miličić;4;5;7;62;76;61;68;82;74;73;60;69;62;62;66;75;71;18;2003;200302;280
1920;卡梅隆-安东尼;Carmelo Anthony;3;4;10;66;81;75;81;83;70;75;57;80;72;77;77;72;76;19;2003;200303;18
1921;克里斯-波什;Chris Bosh;4;5;9;61;81;69;75;74;75;78;62;77;68;68;73;75;74;19;2003;200304;93
1922;德维恩-韦德;Dwyane Wade;2;1;10;76;87;72;81;85;71;63;76;82;70;74;79;77;78;22;2003;200305;75
1923;克里斯-卡曼;Chris Kaman;5;4;8;56;81;59;67;78;81;82;64;70;59;61;66;81;74;21;2003;200306;244
1924;柯克-辛里奇;Kirk Hinrich;1;2;7;79;65;74;74;77;60;59;72;66;76;65;75;68;72;23;2003;200307;328
1925;TJ-福特;T.J. Ford;1;0;7;79;63;77;76;76;58;65;74;65;79;66;76;70;73;20;2003;200308;214
1926;迈克尔-斯维特尼;Michael Sweetney;3;0;6;63;68;72;68;69;59;58;58;63;72;59;66;58;63;21;2003;200309;2151
1927;贾尔维斯-海耶斯;Jarvis Hayes;3;4;6;67;69;72;71;71;58;62;58;63;72;63;68;60;65;22;2003;200310;1840
1928;迈克尔-皮特鲁斯;Mickael Pietrus;2;3;6;56;70;75;75;72;60;59;66;63;76;62;66;63;65;21;2003;200311;649
1929;尼克-科里森;Nick Collison;4;0;6;57;74;58;65;76;70;71;53;65;59;57;61;69;65;23;2003;200312;1135
1930;马库斯-班克斯;Marcus Banks;1;0;6;75;59;69;69;71;61;60;65;61;72;59;68;63;66;22;2003;200313;836
1931;卢克-里德诺;Luke Ridnour;1;2;6;73;60;68;71;68;58;61;70;61;71;60;68;64;66;22;2003;200314;1216
1932;里斯-盖恩斯;Reece Gaines;2;0;6;62;68;77;73;69;62;57;66;63;77;62;68;62;66;23;2003;200315;983
1933;特洛伊-贝尔;Troy Bell;1;0;6;76;60;68;69;70;60;62;63;61;71;59;68;63;66;23;2003;200316;2773
1934;扎科-卡巴卡帕;Zarko Cabarkapa;4;0;6;57;73;59;67;74;72;68;56;64;60;59;61;68;65;22;2003;200317;1103
1935;大卫-韦斯特;David West;4;0;8;59;82;67;71;78;73;75;62;73;67;64;70;74;72;23;2003;200318;315
1936;亚历山大-帕夫洛维奇;Sasha Pavlović;2;3;6;57;69;76;75;70;58;55;63;63;77;63;67;60;64;20;2003;200319;1374
1937;邓台-琼斯;Dahntay Jones;2;0;6;53;68;73;74;71;62;55;67;63;74;61;64;63;63;23;2003;200320;1412
1938;鲍里斯-迪奥;Boris Diaw;4;2;7;70;83;72;73;78;66;74;58;70;71;69;75;70;73;21;2003;200321;207
1939;佐兰-普拉尼尼奇;Zoran Planinic;2;3;6;54;70;75;73;69;59;60;66;63;76;60;65;62;64;21;2003;200322;2084
1940;特拉维斯-奥特洛;Travis Outlaw;3;0;6;66;69;71;72;69;58;66;62;63;71;64;67;62;66;19;2003;200323;822
1941;布莱恩-库克;Brian Cook;4;0;6;54;73;61;64;76;69;68;53;65;62;56;60;67;64;23;2003;200324;1934
1942;卡洛斯-德尔菲诺;Carlos Delfino;2;1;6;55;70;74;76;70;62;59;64;63;75;63;66;62;64;21;2003;200325;1767
1943;恩第-依比;Ndudi Ebi;4;0;6;54;73;62;65;77;70;71;53;65;63;57;61;69;65;19;2003;200326;1595
1944;肯德里克-帕金斯;Kendrick Perkins;5;0;6;59;76;53;58;73;74;75;62;65;54;53;60;73;67;19;2003;200327;640
1945;莱昂德罗-巴博萨;Leandro Barbosa;1;2;6;73;62;70;70;72;59;60;66;62;73;60;69;64;67;21;2003;200328;362
1946;约什-霍华德;Josh Howard;3;2;8;68;80;76;78;73;70;71;63;68;75;71;75;69;73;23;2003;200329;512
1947;马齐-兰佩;Maciej Lampe;4;5;6;54;73;61;64;74;68;70;54;64;62;56;60;67;64;18;2003;200330;1953
1948;杰森-卡波诺;Jason Kapono;3;0;6;63;70;68;71;68;58;58;59;63;69;62;66;58;63;22;2003;200331;1900
1949;卢克-沃顿;Luke Walton;3;4;6;64;68;72;68;72;60;65;60;63;72;60;66;63;65;23;2003;200332;1552
1950;杰罗姆-比斯利;Jerome Beasley;4;0;6;56;73;60;66;75;68;71;57;65;61;58;61;69;65;23;2003;200333;855
1951;索夫克里斯-斯科塞尼提斯;Sofoklis Schortsanitis;5;0;6;61;66;57;50;67;63;67;57;62;58;45;56;63;59;18;2003;200334;2137
1952;西蒙-瑟夫奇克;Szymon Szewczyk;4;5;6;53;72;55;60;72;66;67;53;64;57;52;56;64;60;21;2003;200335;2774
1953;马里奥-奥斯汀;Mario Austin;4;5;7;53;71;53;67;73;70;73;57;66;55;58;58;69;64;21;2003;200336;1686
1954;泰瑞斯-汉森;Travis Hansen;2;0;6;53;68;75;73;69;60;58;65;63;76;60;65;62;63;25;2003;200337;2775
1955;史蒂夫-布雷克;Steve Blake;2;1;6;62;70;73;75;69;60;56;66;63;74;64;68;61;65;23;2003;200338;893
1956;斯拉乌考-沃尼斯;Vladimir Vranes;5;0;6;62;75;55;62;74;74;76;59;65;56;57;62;74;68;21;2003;200339;1559
1957;德里克-齐默曼;Derrick Zimmerman;2;1;6;62;68;75;74;68;62;62;66;62;76;63;68;63;66;22;2003;200340;1402
1958;威利-格林;Willie Green;2;0;6;57;70;76;74;68;62;54;63;63;77;62;67;60;64;22;2003;200341;1818
1959;扎扎-帕楚里亚;Zaza Pachulia;5;0;7;56;76;62;64;81;76;78;66;69;62;58;64;79;72;19;2003;200342;639
1960;基斯-博甘斯;Keith Bogans;2;3;6;62;69;77;77;71;61;56;64;63;77;65;70;62;66;23;2003;200343;867
1961;马里克-巴蒂安;Malick Badiane;4;5;6;53;72;51;56;70;67;72;60;63;54;49;54;67;61;19;2003;200344;1689
1962;马特-邦纳;Matt Bonner;5;4;6;60;75;57;62;77;75;73;60;65;58;57;63;74;69;24;2003;200345;374
1963;萨尼-贝西洛维奇;Sani Bečirovič;2;1;6;62;66;68;65;70;53;60;63;62;70;55;62;60;61;22;2003;200346;1709
1964;莫里斯-威廉姆斯;Mo Williams;1;2;7;78;65;76;74;75;62;60;75;65;78;65;75;70;73;21;2003;200347;710
1965;詹姆斯-朗;James Lang;5;0;6;62;75;57;58;77;74;73;62;65;58;54;62;74;68;20;2003;200348;2776
1966;詹姆斯-琼斯;James Jones;3;2;6;64;72;68;69;71;59;66;62;64;69;61;66;63;65;23;2003;200349;1422
1967;帕奇里斯-莫伦德;Paccelis Morlende;1;0;6;70;57;69;66;68;53;50;68;60;72;55;65;59;62;22;2003;200350;2777
1968;凯尔-科沃尔;Kyle Korver;3;2;8;59;69;85;74;74;54;70;63;66;83;64;71;64;69;22;2003;200351;249
1969;雷蒙-范德海尔;Remon van de Hare;5;0;6;58;73;67;66;70;53;64;53;64;66;60;65;58;61;21;2003;200352;2778
1970;汤米-史密斯;Tommy Smith;4;3;7;57;77;62;68;72;64;72;57;67;63;60;64;66;65;23;2003;200353;1451
1971;内扎德-西纳诺维奇;Nedžad Sinanović;5;0;6;53;70;57;59;72;71;70;56;63;58;52;57;69;63;20;2003;200354;2779
1972;里克-里克特;Rick Rickert;4;5;6;56;72;58;60;72;71;66;53;64;59;53;58;66;62;20;2003;200355;2780
1973;布兰登-亨特;Brandon Hunter;3;0;6;66;72;69;71;71;58;60;60;64;70;63;67;60;65;23;2003;200356;2781
1974;薛玉洋;Xue Yuyang;4;5;6;54;74;59;66;76;68;70;53;65;60;58;61;68;64;20;2003;200357;726
1975;安德雷斯-格林艾德基斯;Andreas Glyniadakis;5;0;6;62;74;54;60;73;77;76;58;64;55;55;61;74;68;22;2003;200358;996
1976;安德烈斯-诺西奥尼;Andrés Nocioni;4;0;6;57;77;58;66;74;71;71;57;65;59;59;62;69;66;25;2004;200400;1372
1977;德怀特-霍华德;Dwight Howard;5;4;10;58;82;56;69;81;81;80;57;80;57;64;69;80;75;19;2004;200401;36
1978;埃梅卡-奥卡福;Emeka Okafor;5;4;7;56;80;59;66;81;81;79;64;70;59;60;65;81;74;22;2004;200402;356
1979;本-戈登;Ben Gordon;2;0;7;64;77;78;75;76;61;62;72;68;78;65;73;69;71;21;2004;200403;472
1980;肖恩-利文斯顿;Shaun Livingston;1;3;8;74;66;75;74;75;63;59;75;65;77;64;73;70;72;19;2004;200404;583
1981;德文-哈里斯;Devin Harris;1;2;7;75;71;70;70;73;61;68;68;66;73;61;72;68;70;21;2004;200405;1011
1982;约什-柴尔德里斯;Josh Childress;2;3;6;53;68;74;74;70;61;53;67;63;75;61;64;62;63;21;2004;200406;1751
1983;洛尔-邓;Luol Deng;3;0;8;72;76;77;74;77;63;64;64;68;76;68;74;67;71;19;2004;200407;437
1984;拉菲尔-阿鲁尤;Rafael Araujo;5;0;6;59;74;53;59;75;76;76;58;65;54;54;60;75;67;24;2004;200408;760
1985;安德烈-伊戈达拉;Andre Iguodala;3;2;9;70;73;70;73;76;73;73;79;67;73;66;71;78;75;20;2004;200409;332
1986;卢克-杰克逊;Luke Ryan Jackson;3;0;6;65;68;70;68;71;60;65;59;63;70;60;66;62;65;23;2004;200410;1095
1987;安德里斯-比德林斯;Andris Biedrins;5;0;6;58;76;56;58;75;76;73;61;65;57;53;60;74;68;18;2004;200411;854
1988;罗波特-斯威夫特;Robert Swift;5;0;6;61;73;53;59;74;75;75;62;64;54;54;59;74;67;19;2004;200412;1473
1989;塞巴斯蒂安-特尔菲尔;Sebastian Telfair;1;2;6;77;62;70;71;72;60;62;72;62;73;61;71;67;69;19;2004;200413;1490
1990;克里斯-亨弗里斯;Kris Humphries;4;3;6;53;74;60;66;75;70;69;57;65;61;57;61;69;65;19;2004;200414;1046
1991;艾尔-杰弗森;Al Jefferson;4;5;7;59;83;65;71;78;68;78;62;70;65;64;69;74;71;20;2004;200415;237
1992;柯克-施耐德;Kirk Snyder;2;1;6;62;68;74;77;72;60;56;66;63;75;65;68;63;66;21;2004;200416;2782
1993;约什-史密斯;Josh Smith;3;4;8;62;77;65;69;80;90;75;68;74;65;67;67;81;75;19;2004;200417;298
1994;JR-史密斯;J.R. Smith;2;3;7;67;76;79;68;77;65;66;65;68;79;60;71;68;70;19;2004;200418;296
1995;多雷尔-怀特;Dorell Wright;2;3;6;58;72;75;73;77;60;61;64;64;76;61;67;65;66;19;2004;200419;1056
1996;贾米尔-尼尔森;Jameer Nelson;1;0;7;78;67;74;75;74;61;64;75;65;76;66;75;70;73;22;2004;200420;285
1997;帕维尔-博德科尔金;Pavel Podkolzin;5;0;8;61;76;59;69;78;79;76;64;71;59;64;67;78;73;19;2004;200421;401
1998;维克多-卡亚帕;Viktor Khryapa;4;0;6;56;76;59;67;75;68;68;54;65;60;59;62;67;64;22;2004;200422;1914
1999;瑟盖-蒙尼亚;Sergei Monia;3;0;6;65;70;71;70;68;59;58;62;63;71;62;67;59;64;21;2004;200423;2783
2000;德隆蒂-韦斯特;Delonte West;1;2;6;68;70;76;77;74;58;58;68;63;75;64;72;64;69;21;2004;200424;2200
2001;托尼-阿伦;Tony Allen;2;3;7;70;73;68;75;80;76;73;76;68;70;66;70;79;74;23;2004;200425;170
2002;凯文-马丁;Kevin Martin;2;0;8;66;81;83;85;76;48;61;59;72;83;75;80;59;70;21;2004;200426;267
2003;萨沙-武贾西奇;Sasha Vujacic;3;2;6;66;70;71;68;69;62;63;61;63;71;60;66;62;65;20;2004;200427;719
2004;本诺-尤德里;Beno Udrih;1;2;6;75;62;71;69;72;59;61;63;62;74;59;70;63;67;22;2004;200428;1599
2005;大卫-哈里森;David Harrison;5;0;6;61;74;53;58;74;75;73;59;65;54;53;60;73;67;22;2004;200429;1008
2006;安德森-瓦莱乔;Anderson Varejão;4;5;7;54;75;62;67;73;69;68;54;65;63;59;62;66;65;22;2004;200430;701
2007;杰克逊-瓦尔曼;Jackson Vroman;4;5;6;57;73;58;64;77;70;71;56;65;59;56;60;70;65;23;2004;200431;2784
2008;PJ-拉莫斯;Peter John Ramos;5;0;6;51;63;60;61;67;60;64;60;61;60;53;56;61;58;19;2004;200432;2785
2009;莱那尔-钱莫斯;Lionel Chalmers;1;2;6;73;59;69;69;68;58;58;66;61;72;59;67;61;65;24;2004;200433;2786
2010;多塔-史密斯;Donta Smith;2;3;6;62;68;76;75;71;59;55;65;63;77;64;69;61;65;21;2004;200434;2787
2011;安德烈-埃梅特;Andre Emmett;3;0;6;66;70;70;69;70;60;67;58;63;70;61;66;62;65;22;2004;200435;778
2012;安东尼奥-伯克斯;Antonio Burks;1;0;6;73;59;68;72;72;60;62;64;61;71;61;68;64;66;24;2004;200436;864
2013;罗耶尔-埃维;Royal Ivey;1;2;6;76;58;71;68;71;58;58;69;61;74;58;69;64;67;23;2004;200437;779
2014;克里斯-杜洪;Chris Duhon;1;0;6;74;62;68;70;71;59;60;66;62;71;60;69;63;66;22;2004;200438;946
2015;艾伯特-米拉莱斯;Albert Miralles;5;0;6;55;71;55;53;76;67;69;53;64;56;47;56;68;62;22;2004;200439;2788
2016;贾斯汀-里德;Justin Reed;3;0;6;67;72;70;72;70;59;65;60;63;70;64;68;62;66;22;2004;200440;1213
2017;大卫-杨;David Young;2;1;6;66;68;65;67;70;53;55;63;63;67;58;63;58;61;23;2004;200441;2789
2018;维克多-萨尼启泽;Viktor Sanikidze;3;2;6;60;64;61;68;73;62;64;60;62;63;58;60;63;63;18;2004;200442;2790
2019;特雷沃-阿里扎;Trevor Ariza;3;0;7;65;71;68;71;71;60;65;61;66;69;63;67;63;66;19;2004;200443;169
2020;蒂姆-皮克特;Tim Pickett;2;3;6;60;65;68;62;72;54;67;56;63;70;52;61;60;60;23;2004;200444;2079
2021;伯纳德-罗宾逊;Bernard Robinson;2;3;6;59;70;77;75;70;59;61;63;63;77;63;69;62;66;24;2004;200445;1233
2022;河升镇;Ha Seung-Jin;5;0;6;58;75;54;61;73;76;75;61;65;55;56;61;74;68;19;2004;200446;496
2023;佩普-索;Pape Sow;4;0;6;55;74;59;67;73;68;72;57;64;60;59;61;68;65;23;2004;200447;2791
2024;瑞奇-米纳尔;Ricky Minard;2;1;6;67;65;70;68;65;55;67;58;61;72;58;65;59;62;22;2004;200448;2792
2025;谢尔盖-利舒克;Sergei Lishouk;5;4;6;55;76;62;67;76;68;69;54;65;63;59;64;68;66;22;2004;200449;2793
2026;瓦斯里斯-斯潘诺里斯;Vassilis Spanoulis;2;1;6;59;68;77;73;68;61;59;64;62;77;61;67;61;65;22;2004;200450;3353
2027;克里斯蒂安-德雷耶;Christian Drejer;3;2;6;62;64;66;61;72;53;62;59;62;67;53;59;59;60;22;2004;200451;2794
2028;罗曼-佐藤;Romain Sato;2;1;6;65;67;64;63;70;53;67;58;63;66;54;61;60;61;23;2004;200452;2795
2029;马特-弗雷杰;Matt Freije;4;0;6;53;73;59;66;73;71;72;54;64;60;57;60;69;64;23;2004;200453;1792
2030;瑞奇-保丁;Rickey Paulding;2;1;6;57;68;68;65;70;56;63;60;63;70;54;61;60;61;22;2004;200454;2796
2031;卢斯-福罗雷斯;Luis Flores;1;2;6;73;61;72;70;68;59;60;67;61;74;60;69;63;66;23;2004;200455;2797
2032;马库斯-多希特;Marcus Douthit;5;0;6;57;72;57;66;75;72;71;56;64;58;60;61;71;66;24;2004;200456;953
2033;谢尔盖-卡拉洛夫;Sergei Karaulov;5;0;6;54;70;53;55;72;65;67;54;63;54;49;55;65;60;22;2004;200457;2798
2034;布拉克-斯特普;Blake Stepp;1;2;6;70;62;67;64;68;53;55;68;61;70;54;65;60;63;22;2004;200458;2799
2035;拉沙德-赖特;Rashad Wright;1;0;6;60;60;67;61;65;53;54;62;60;70;49;59;56;58;22;2004;200459;2800
2036;何塞-卡尔德隆;Jose Calderon;1;0;8;85;67;74;73;75;65;67;74;66;76;66;77;72;75;24;2005;200500;243
2037;查克-海耶斯;Chuck Hayes;4;5;6;54;70;52;64;76;78;69;57;64;54;56;56;72;65;22;2005;200500;1032
2038;安德鲁-博古特;Andrew Bogut;5;0;8;56;81;60;64;78;82;80;64;70;60;58;65;81;73;21;2005;200501;199
2039;马文-威廉姆斯;Marvin Williams;4;0;7;59;80;67;69;78;73;77;58;69;67;62;68;74;71;19;2005;200502;1533
2040;德隆-威廉姆斯;Deron Williams;1;0;9;87;69;78;79;75;46;67;82;71;80;72;82;71;77;21;2005;200503;149
2041;克里斯-保罗;Chris Paul;1;0;10;86;68;79;79;77;45;65;75;73;80;71;82;68;76;20;2005;200504;22
2042;雷蒙德-费尔顿;Raymond Felton;1;2;7;79;63;73;77;77;61;65;77;65;75;67;75;73;74;21;2005;200505;211
2043;马泰尔-韦伯斯特;Martell Webster;2;3;6;60;68;73;77;69;58;54;66;63;74;65;68;60;64;19;2005;200506;2196
2044;查理-维兰纽瓦;Charlie Villanueva;3;0;6;66;69;71;72;69;59;61;58;63;71;64;67;59;64;21;2005;200507;2202
2045;钱宁-弗莱;Channing Frye;4;5;7;55;75;59;65;73;70;71;56;65;60;57;61;68;65;22;2005;200508;465
2046;埃克-迪奥古;Ike Diogu;4;3;6;53;74;62;63;75;71;71;56;65;63;55;60;70;65;22;2005;200509;932
2047;安德鲁-拜纳姆;Andrew Bynum;5;0;8;53;83;59;63;82;79;81;58;74;59;57;65;80;73;18;2005;200510;189
2048;弗兰-瓦斯奎兹;Fran Vázquez;5;0;7;45;56;66;65;59;55;61;56;59;60;75;57;54;55;22;2005;200511;5001
2049;雅洛斯拉弗-科若列夫;Yaroslav Korolev;4;0;6;53;74;62;67;76;70;70;54;65;63;58;62;69;65;18;2005;200512;2801
2050;肖恩-梅;Sean May;4;0;6;55;75;62;65;76;69;69;53;65;63;57;62;68;65;21;2005;200513;2026
2051;拉沙德-麦坎茨;Rashad McCants;2;0;6;60;68;76;77;69;58;57;63;63;77;65;69;60;65;21;2005;200514;2016
2052;安托万-怀特;Antoine Wright;2;3;6;58;69;74;73;69;59;62;65;63;75;61;66;63;64;21;2005;200515;1861
2053;乔伊-格拉汉姆;Joey Graham;3;4;6;66;72;70;71;68;61;64;62;63;70;63;67;62;66;23;2005;200516;1804
2054;丹尼-格兰杰;Danny Granger;3;0;8;72;76;75;75;77;66;69;67;71;75;69;75;70;74;22;2005;200517;219
2055;杰拉德-格林;Gerald Green;3;2;6;65;69;70;68;71;58;67;58;63;70;60;66;62;65;20;2005;200518;994
2056;哈基姆-瓦里克;Hakim Warrick;4;0;6;55;77;62;63;76;71;71;56;66;63;56;62;70;66;23;2005;200519;1509
2057;朱利叶斯-霍吉;Julius Hodge;1;2;6;73;59;68;72;70;58;61;64;61;71;61;68;62;65;22;2005;200520;1872
2058;内特-罗宾逊;Nate Robinson;1;2;7;78;67;75;77;74;62;62;74;65;77;67;76;69;73;21;2005;200521;264
2059;贾瑞特-杰克;Jarrett Jack;1;2;7;79;63;73;75;76;62;59;69;65;75;65;74;67;71;22;2005;200522;239
2060;弗朗西斯科-加西亚;Francisco Garcia;3;2;6;66;68;72;71;72;61;61;62;63;72;63;67;62;66;24;2005;200523;1086
2061;卢瑟-海德;Luther Head;2;1;6;59;72;77;74;69;61;62;63;63;77;63;69;62;66;23;2005;200524;1024
2062;乔汉-佩特洛;Johan Petro;5;0;6;59;75;53;58;75;77;74;59;65;54;53;60;74;67;20;2005;200525;2078
2063;杰森-马克希尔;Jason Maxiell;4;0;6;54;75;60;66;76;71;72;54;65;61;58;61;70;66;22;2005;200526;2003
2064;利纳斯-克雷扎;Linas Kleiza;3;0;6;65;70;70;69;71;62;61;61;63;70;61;66;62;65;21;2005;200527;1152
2065;伊安-马辛米;Ian Mahinmi;5;0;6;58;75;57;60;76;77;77;62;65;58;55;61;77;69;19;2005;200528;1267
2066;维恩-希米恩;Wayne Simien;4;0;6;57;73;62;63;77;71;70;54;65;63;56;61;70;66;22;2005;200529;1567
2067;大卫-李;David Lee;4;0;8;63;83;64;71;80;79;80;61;74;64;65;71;79;75;22;2005;200530;255
2068;萨利姆-斯塔德迈尔;Salim Stoudamire;1;2;6;75;59;71;70;68;58;59;65;61;74;60;69;61;66;23;2005;200531;1468
2069;丹尼尔-尤因;Daniel Ewing;2;0;6;53;71;73;77;68;61;55;64;63;74;63;65;60;63;22;2005;200532;2802
2070;布兰登-巴斯;Brandon Bass;4;0;6;55;76;62;67;76;68;69;54;65;63;59;63;68;65;20;2005;200533;832
2071;CJ-迈尔斯;C.J. Miles;2;0;6;54;71;76;74;70;61;59;66;63;77;61;66;63;65;18;2005;200534;606
2072;瑞奇-桑切斯;Ricky Sánchez;4;5;6;55;75;62;64;73;70;71;54;65;63;56;62;68;65;18;2005;200535;5001
2073;艾森-伊利亚索瓦;Ersan Ilyasova;4;0;7;59;82;65;68;78;77;76;58;70;65;61;68;75;72;18;2005;200536;732
2074;罗尼-图里亚夫;Ronny Turiaf;4;0;6;57;73;62;67;77;68;72;53;65;63;59;62;69;66;23;2005;200537;1498
2075;特拉维斯-迪纳尔;Travis Diener;1;2;6;73;59;69;69;68;61;59;71;61;72;59;67;65;66;23;2005;200538;935
2076;沃恩-韦弗;Von Wafer;1;2;6;74;61;69;70;68;59;59;67;61;72;60;69;62;66;20;2005;200539;1541
2077;蒙塔-艾利斯;Monta Ellis;2;1;8;71;77;78;74;76;67;63;70;71;78;66;75;70;72;20;2005;200540;174
2078;罗科-伍基奇;Roko Ukić;2;0;6;57;68;76;73;71;62;58;66;63;77;61;66;63;65;21;2005;200541;2224
2079;克里斯-塔夫特;Chris Taft;4;0;6;55;75;62;64;73;70;71;54;65;63;56;62;68;65;20;2005;200542;2803
2080;麦尔-伊利奇;Mile Ilić;5;4;6;60;73;57;59;75;75;77;59;65;58;54;61;75;68;21;2005;200543;2804
2081;马蒂纳斯-安德留斯科维休斯;Martynas Andriuskevicius;5;0;6;60;77;53;61;77;77;74;62;66;54;56;61;76;69;19;2005;200544;790
2082;路易斯-威廉姆斯;Lou Williams;1;2;7;71;67;74;75;75;59;63;71;66;76;64;72;68;70;19;2005;200545;313
2083;埃拉泽姆-洛贝克;Erazem Lorbek;4;5;6;55;75;62;64;73;70;71;54;65;63;56;62;68;65;21;2005;200546;5001
2084;布雷西-怀特;Bracey Wright;2;0;6;59;70;74;75;72;59;53;65;63;75;63;67;61;64;21;2005;200547;1862
2085;迈克尔-格拉贝尔;Mickael Gelabale;3;0;6;63;72;68;71;71;59;62;58;64;69;62;66;60;64;22;2005;200548;1803
2086;安德雷-布拉奇;Andray Blatche;4;0;6;54;77;60;65;75;68;70;57;65;61;57;62;68;65;19;2005;200549;874
2087;莱恩-戈麦斯;Ryan Gomes;3;0;6;64;71;70;71;68;62;65;59;63;70;63;67;62;65;23;2005;200550;985
2088;罗波特-威利;Robert Whaley;5;4;6;61;73;57;61;73;76;76;58;64;58;56;61;74;68;23;2005;200551;2805
2089;阿克塞尔-贺维尔;Axel Hervelle;2;3;6;62;67;60;63;71;66;69;60;63;63;53;59;65;62;22;2005;200552;2806
2090;奥瑞恩-格林;Orien Greene;2;0;6;55;69;74;76;69;62;60;63;63;75;63;66;62;64;23;2005;200553;1815
2091;迪昂-汤普森;Deon Thompson;2;3;6;58;71;73;77;71;60;55;67;63;74;65;67;62;65;23;2005;200554;2157
2092;劳伦斯-罗伯茨;Lawrence Roberts;4;0;6;53;75;58;64;76;70;71;53;65;59;56;60;69;65;23;2005;200555;2807
2093;阿米尔-约翰逊;Amir Johnson;4;3;6;57;77;59;66;77;72;70;57;66;60;59;63;71;67;18;2005;200556;1604
2094;马尔钦-戈塔特;Marcin Gortat;5;4;7;56;79;62;65;78;78;82;67;69;62;59;65;81;73;21;2005;200557;473
2095;尤洛斯-斯洛卡;Uros Slokar;4;0;6;56;75;58;65;75;68;68;53;65;59;57;61;67;64;22;2005;200558;2142
2096;坚克-阿基奥尔;Cenk Akyol;2;3;6;64;73;80;77;73;63;66;64;67;80;66;73;66;70;18;2005;200559;5001
2097;亚利克斯-阿克;Alex Acker;2;0;6;55;68;73;74;71;58;59;63;63;74;61;65;61;63;23;2005;200560;1640
2098;唐正东;Tang Zhengdong;5;4;6;59;76;55;59;75;73;74;59;65;56;54;61;73;67;24;2006;200600;696
2099;何塞-巴里亚;Jose Barea;1;2;6;74;68;71;72;69;59;58;65;63;74;62;72;62;67;22;2006;200600;369
2100;凯兰纳-阿祖布克;Kelenna Azubuike;2;0;6;53;72;73;77;71;58;61;65;64;74;64;66;63;64;23;2005;200600;1647
2101;安德里亚-巴尼亚尼;Andrea Bargnani;4;5;7;60;81;66;70;80;73;74;60;70;66;63;69;74;72;21;2006;200601;185
2102;拉马库斯-阿尔德里奇;LaMarcus Aldridge;4;5;9;63;81;65;73;78;82;82;64;75;65;67;71;81;76;21;2006;200602;83
2103;亚当-莫里森;Adam Morrison;4;0;6;55;76;62;67;77;68;71;57;66;63;59;63;69;67;22;2006;200603;1328
2104;泰鲁斯-托马斯;Tyrus Thomas;4;0;6;53;77;61;66;77;69;68;54;66;62;58;62;68;65;20;2006;200604;1507
2105;谢尔登-威廉姆斯;Shelden Williams;4;5;6;56;74;59;67;76;70;68;55;65;60;59;61;68;65;23;2006;200605;1537
2106;布兰登-罗伊;Brandon Roy;2;1;9;83;84;81;83;72;48;72;68;74;81;78;85;65;76;22;2006;200606;128
2107;兰迪-弗耶;Randy Foye;2;0;6;53;70;76;77;69;60;57;63;63;77;63;67;60;64;23;2006;200607;1794
2108;鲁迪-盖伊;Rudy Gay;3;4;8;71;74;76;77;77;63;68;65;70;75;70;75;68;73;20;2006;200608;216
2109;帕特里克-奥布莱恩特;Patrick O'Bryant;5;0;6;62;74;53;59;76;76;75;62;65;54;54;60;75;68;20;2006;200609;801
2110;穆罕默德-希尼;Mouhamed Sene;4;0;6;54;75;61;65;77;71;69;55;65;62;57;61;69;66;20;2006;200610;1574
2111;JJ-雷迪克;J.J. Redick;2;0;7;65;77;82;73;74;58;64;58;68;82;64;74;62;69;22;2006;200611;577
2112;希尔顿-阿姆斯特朗;Hilton Armstrong;4;5;6;53;75;58;65;76;69;72;53;65;59;57;60;69;65;22;2006;200612;765
2113;萨博-塞弗罗萨;Thabo Sefolosha;2;0;6;59;70;76;74;72;59;53;67;63;77;62;68;62;65;22;2006;200613;662
2114;罗尼-布鲁尔;Ronnie Brewer;2;3;6;62;69;76;75;72;60;61;67;63;77;64;69;64;67;21;2006;200614;898
2115;塞德里克-西蒙斯;Cedric Simmons;4;0;6;57;76;58;67;73;69;68;56;65;59;59;62;67;64;21;2006;200615;2231
2116;罗德尼-卡尼;Rodney Carney;4;3;6;56;77;62;66;74;71;71;57;65;63;58;63;69;66;22;2006;200616;1111
2117;肖恩-威廉姆斯;Shawne Williams;4;0;6;56;73;62;66;75;70;70;53;65;63;58;62;68;65;20;2006;200617;1536
2118;奥雷克谢-佩切罗夫;Oleksiy Pecherov;5;0;6;58;77;56;59;74;76;76;62;65;57;54;61;75;68;21;2006;200618;1388
2119;昆西-杜比;Quincy Douby;2;1;6;59;70;76;75;70;58;57;65;63;77;63;68;61;65;22;2006;200619;943
2120;雷纳尔多-巴尔克曼;Renaldo Balkman;3;0;6;64;72;72;72;71;60;62;61;64;72;64;68;62;66;22;2006;200620;826
2121;拉简-隆多;Rajon Rondo;1;5;9;83;66;59;77;73;61;80;83;67;63;69;72;79;75;20;2006;200621;126
2122;马库斯-威廉姆斯;Marcus Darrell Williams;2;0;6;57;70;76;76;70;62;58;65;63;77;63;67;63;65;21;2006;200622;1531
2123;约什-布恩;Josh Boone;4;5;6;56;77;61;65;76;70;71;56;66;62;58;63;70;66;22;2006;200623;871
2124;凯尔-洛瑞;Kyle Lowry;1;2;8;78;80;78;73;73;66;58;68;68;80;65;78;66;73;20;2006;200624;266
2125;香农-布朗;Shannon Brown;2;1;6;59;71;74;74;68;59;60;63;63;75;62;67;61;64;21;2006;200625;413
2126;乔丹-法玛尔;Jordan Farmar;1;2;6;73;60;69;72;69;58;61;72;61;72;61;68;66;67;20;2006;200626;959
2127;赛尔吉奥-罗德里格斯;Sergio Rodríguez;2;1;6;59;70;75;76;69;62;56;65;63;76;64;68;62;65;20;2006;200627;1238
2128;莫里斯-艾格;Maurice Ager;2;1;6;54;70;74;76;70;61;53;67;63;75;63;66;62;64;22;2006;200628;1663
2129;马蒂-科林斯;Mardy Collins;2;0;6;60;69;77;76;71;58;55;65;63;77;64;69;61;65;22;2006;200629;1137
2130;乔尔-福利兰德;Joel Freeland;4;5;6;56;73;61;67;73;69;71;54;64;62;59;62;68;65;19;2006;200630;978
2131;詹姆斯-怀特;James White;3;2;6;66;70;72;71;68;62;58;61;63;72;63;68;60;65;24;2006;200631;1062
2132;史蒂夫-诺瓦克;Steve Novak;4;3;6;57;77;85;63;76;70;72;56;66;63;56;68;70;69;23;2006;200632;1370
2133;所罗门-琼斯;Solomon Jones;4;0;6;56;73;62;63;74;68;68;56;64;63;55;61;67;64;22;2006;200633;2103
2134;保罗-戴维斯;Paul Davis;5;0;6;61;77;57;62;75;75;74;59;65;58;57;63;74;69;22;2006;200634;916
2135;PJ-塔克;P.J. Tucker;3;0;7;65;69;69;68;71;60;59;61;63;70;60;65;61;64;21;2006;200635;690
2136;克雷格-史密斯;Craig Smith;3;4;6;64;69;70;72;71;62;60;58;63;70;63;67;61;65;23;2006;200636;1447
2137;鲍比-琼斯;Bobby Jones;3;0;6;63;68;69;72;71;58;59;58;63;70;63;66;59;63;23;2006;200637;2100
2138;科斯塔-皮洛维奇;Kosta Perovic;5;0;6;58;77;56;58;76;75;76;60;66;57;53;61;75;68;21;2006;200638;2081
2139;大卫-诺尔;David Noel;3;0;6;63;70;72;72;69;59;67;60;63;72;63;67;62;66;22;2006;200639;1365
2140;德汉-布朗;Denham BROWN;2;1;6;66;65;67;63;70;56;61;59;62;69;54;62;59;61;23;2006;200640;1742
2141;詹姆斯-奥古斯丁;James Augustine;4;0;6;55;76;61;66;76;69;71;53;65;62;58;62;68;65;22;2006;200641;806
2142;丹尼尔-吉布森;Daniel Gibson;1;2;6;75;58;71;71;69;60;61;65;61;74;61;70;63;67;20;2006;200642;1076
2143;马库斯-文尼休斯;Marcus Vinicius;3;0;6;67;70;69;69;72;58;62;58;63;70;61;66;61;64;22;2006;200643;2206
2144;里奥-伊莱乌;Lior Eliyahu;3;4;6;58;73;60;64;72;68;67;55;64;62;55;59;64;63;21;2006;200644;2808
2145;亚历山大-约翰逊;Alexander Johnson;4;3;6;54;77;59;65;73;68;69;54;65;60;57;61;66;64;23;2006;200645;2265
2146;迪-布朗;Dee Brown;1;0;6;74;59;70;71;69;60;62;71;61;73;60;69;66;67;22;2006;200646;411
2147;保罗-米尔萨普;Paul Millsap;4;3;8;59;82;63;69;78;73;76;59;73;63;62;68;74;71;21;2006;200647;277
2148;维拉德玛-威勒明科;Vladimir Veremeenko;4;3;6;63;67;65;66;72;61;68;60;63;65;59;63;65;64;22;2006;200648;2809
2149;里昂-鲍威;Leon Powe;4;3;6;57;75;60;63;77;69;71;56;65;61;56;62;70;66;23;2006;200649;842
2150;莱恩-霍林斯;Ryan Hollins;5;4;6;62;74;56;58;75;76;73;62;65;57;54;61;74;68;22;2006;200650;1068
2151;切克-撒伯;Cheikh Samb;5;0;6;60;75;56;61;74;77;74;59;65;57;56;62;74;68;22;2006;200651;2810
2152;吉勒莫-迪亚兹;Guillermo Díaz;1;2;6;74;60;69;69;72;59;60;66;62;72;59;68;64;66;21;2006;200652;2811
2153;威塔姆-哈尔佩林;Yotam Halperin;2;1;6;62;66;65;65;70;58;62;50;62;67;55;61;57;59;22;2006;200653;2812
2154;哈桑-亚当斯;Hassan Adams;2;0;6;60;68;77;76;72;60;54;64;63;77;64;69;61;65;22;2006;200654;1585
2155;艾克-尤波亚;Ejike Ugboaja;3;2;6;61;70;61;66;70;57;62;58;63;63;57;60;59;61;21;2006;200655;2813
2156;艾丁-巴夫切齐;Edin Bavčić;4;0;6;55;70;55;57;72;68;69;51;63;57;50;56;65;61;22;2006;200656;2814
2157;卢卡斯-马弗洛克法雷蒂斯;Loukas Mavrokefalidis;5;0;6;51;73;55;54;71;70;72;50;64;56;48;56;68;62;22;2006;200657;1997
2158;JR-平诺克;J.R. Pinnock;2;1;6;60;62;69;64;70;57;63;55;62;71;53;61;59;60;23;2006;200658;2815
2159;达米尔-马克塔;Damir Markota;5;4;6;58;74;56;62;75;76;76;58;65;57;56;61;75;68;21;2006;200659;1259
2160;威尔-布雷洛克;Will Blalock;1;0;6;75;59;68;68;68;58;60;66;61;71;58;68;62;65;23;2006;200660;894
2161;格雷格-奥登;Greg Oden;5;0;9;59;86;66;68;68;81;80;68;76;65;63;72;77;75;20;2007;200701;87
2162;凯文-杜兰特;Kevin Durant;3;2;10;68;81;75;80;77;63;70;62;78;75;73;77;68;74;19;2007;200702;29
2163;艾尔-霍福德;Al Horford;5;0;9;60;83;61;66;78;78;78;62;73;61;61;69;78;74;21;2007;200703;110
2164;迈克-康利;Mike Conley;1;2;9;84;70;78;80;75;46;64;75;69;80;72;81;67;75;20;2007;200704;247
2165;杰夫-格林;Jeff Green;3;0;8;72;75;77;73;73;65;70;66;67;76;67;73;69;72;21;2007;200705;222
2166;易建联;Yi Jianlian;4;5;8;58;81;66;71;78;73;74;58;70;66;64;69;73;71;20;2007;200706;161
2167;科里-布鲁尔;Corey Brewer;3;2;6;64;68;68;69;70;60;63;58;63;69;61;65;61;64;21;2007;200707;416
2168;布兰登-怀特;Brandan Wright;4;0;7;61;80;66;71;78;77;73;61;69;66;64;69;75;72;20;2007;200708;1055
2169;乔金-诺阿;Joakim Noah;5;0;8;56;73;58;65;82;82;83;64;69;58;59;62;84;73;22;2007;200709;287
2170;斯宾塞-霍伊斯;Spencer Hawes;4;0;7;57;77;60;63;74;70;72;57;65;61;56;62;69;66;19;2007;200710;521
2171;阿西-劳;Acie Law;2;0;6;60;71;77;74;70;59;58;66;63;77;63;69;62;66;23;2007;200711;1200
2172;赛迪斯-杨;Thaddeus Young;3;2;8;64;70;70;71;71;62;58;60;63;70;62;67;61;65;19;2007;200712;729
2173;朱利安-莱特;Julian Wright;3;0;6;67;69;70;69;72;62;60;61;63;70;61;66;62;65;20;2007;200713;1188
2174;艾尔-索顿;Al Thornton;3;4;6;65;68;68;68;68;62;63;59;62;69;60;64;61;64;24;2007;200714;1476
2175;罗德尼-斯塔基;Rodney Stuckey;1;2;7;73;58;68;72;71;62;60;67;61;71;61;68;65;66;21;2007;200715;679
2176;尼克-杨;Nick Young;2;3;7;60;73;82;75;75;62;66;66;67;82;64;72;67;70;22;2007;200716;728
2177;希恩-威廉姆斯;Sean Williams;4;0;6;57;77;58;66;75;69;68;53;65;59;59;62;67;65;21;2007;200717;2816
2178;马科-贝里内利;Marco Belinelli;2;3;7;58;68;76;76;69;61;55;63;63;77;64;68;60;64;21;2007;200718;384
2179;加瓦利斯-克里坦顿;Javaris Crittenton;1;0;6;73;61;72;72;70;62;58;66;61;74;61;69;63;67;20;2007;200719;1161
2180;贾森-史密斯;Jason Smith;4;0;6;55;75;58;64;74;71;68;53;65;59;56;60;67;64;21;2007;200720;2128
2181;戴奎恩-库克;Daequan Cook;2;0;6;61;72;75;76;72;60;56;64;64;76;65;69;62;66;20;2007;200721;1166
2182;贾里德-杜德利;Jared Dudley;3;4;6;65;72;72;70;68;61;60;59;63;72;62;68;60;65;22;2007;200722;945
2183;威尔森-钱德勒;Wilson Chandler;3;0;7;69;73;74;73;75;67;67;65;67;74;66;72;69;71;20;2007;200723;1406
2184;鲁迪-费尔南德斯;Rudy Fernandez;2;0;7;60;72;73;74;71;59;54;66;64;74;63;67;61;65;22;2007;200724;458
2185;莫里斯-阿尔蒙德;Morris Almond;2;3;6;59;72;73;73;71;58;54;66;64;74;62;67;61;64;22;2007;200725;1637
2186;阿隆-布鲁克斯;Aaron Brooks;1;0;7;78;65;77;73;77;60;61;71;66;79;64;75;68;72;23;2007;200726;417
2187;阿隆-阿弗拉罗;Arron Afflalo;2;0;7;55;72;77;77;68;60;61;67;63;77;64;68;63;66;22;2007;200727;341
2188;蒂亚戈-斯普利特;Tiago Splitter;4;5;7;58;78;64;69;79;74;77;60;69;64;62;66;75;71;22;2007;200728;1466
2189;阿兰杜-塔克;Alando Tucker;2;0;6;59;71;73;75;71;58;55;67;63;74;63;67;62;65;23;2007;200729;1478
2190;佩特里-考波能;Petteri Koponen;1;0;6;75;60;71;68;68;61;58;70;61;74;58;69;64;67;24;2007;200730;1128
2191;卡尔-兰德里;Carl Landry;4;0;6;54;76;58;64;74;68;72;56;65;59;56;60;68;64;24;2007;200731;1193
2192;加布-普鲁伊特;Gabe Pruitt;1;2;6;73;58;69;72;70;61;62;67;61;72;61;68;65;66;21;2007;200732;1401
2193;马库斯-威廉姆斯;Marcus Eliot Williams;2;0;6;57;70;76;76;70;62;58;65;63;77;63;67;63;65;21;2007;200733;1532
2194;尼克-费泽卡斯;Nick Fazekas;4;0;6;54;75;60;65;77;71;72;56;65;61;57;61;71;66;22;2007;200734;969
2195;格伦-戴维斯;Glen Davis;4;0;6;54;74;58;66;73;68;71;57;64;59;58;60;68;64;22;2007;200735;430
2196;杰马里奥-戴维森;Jermareo Davidson;4;0;6;55;76;60;65;75;72;72;57;65;61;57;61;71;66;23;2007;200736;913
2197;约什-麦克罗伯茨;Josh McRoberts;4;0;6;56;75;62;64;77;72;68;56;65;63;56;62;70;66;20;2007;200737;1292
2198;凯莱洛-费申科;Kyrylo Fesenko;5;0;6;59;73;55;59;76;75;75;61;65;56;54;60;75;68;21;2007;200738;968
2199;斯坦科-巴拉奇;Stanko Barać;5;0;6;58;76;54;59;75;73;76;62;65;55;54;60;74;67;21;2007;200739;2817
2200;孙悦;Sun Yue;1;3;7;69;64;77;77;73;58;59;77;65;79;65;73;69;71;22;2007;200740;303
2201;克里斯-理查德;Chris Richard;4;0;6;53;73;60;64;74;71;70;57;64;61;56;60;69;65;23;2007;200741;1966
2202;德里克-贝耶斯;Derrick Byars;3;0;6;64;69;71;68;72;60;58;60;63;71;60;66;60;64;23;2007;200742;1710
2203;亚当-哈鲁斯卡;Adam Haluska;2;0;6;59;69;76;73;68;59;58;63;63;77;61;67;60;64;24;2007;200743;1828
2204;雷肖恩-特里;Reyshawn Terry;3;0;6;64;71;68;71;68;58;59;58;63;69;63;66;58;63;23;2007;200744;2160
2205;贾雷德-乔丹;Jared Jordan;1;0;6;73;58;70;72;68;61;59;68;61;73;61;68;63;66;23;2007;200745;2818
2206;斯蒂芬-拉斯牟;Stephane Lasme;4;0;6;55;73;62;65;77;69;70;54;65;63;57;61;69;65;25;2007;200746;1944
2207;多米尼克-马奎尔;Dominic McGuire;3;0;6;65;69;68;71;69;59;60;62;63;69;63;66;60;64;22;2007;200747;2819
2208;马克-加索尔;Marc Gasol;5;0;8;61;83;67;70;79;81;80;67;73;66;65;72;81;77;23;2007;200748;115
2209;阿隆-格雷;Aaron Gray;5;0;6;61;74;53;62;73;74;77;60;64;54;57;61;74;68;23;2007;200749;1809
2210;雷迪达斯-瑟布蒂斯;Renaldas Seibutis;2;0;6;59;71;77;77;69;60;59;65;63;77;65;69;62;66;22;2007;200750;2119
2211;詹姆斯昂-库里;JamesOn Curry;2;0;6;57;68;77;77;68;59;53;66;62;77;64;68;60;64;22;2007;200751;1936
2212;陶林-格林;Taurean Green;1;0;6;75;59;72;70;69;61;61;65;61;74;60;69;63;67;21;2007;200752;1817
2213;德梅特里斯-尼克尔斯;Demetris Nichols;3;0;6;63;70;70;68;69;60;65;61;63;70;60;65;62;65;23;2007;200753;2058
2214;布拉德-纽利;Brad Newley;2;0;6;62;68;74;75;69;61;61;65;63;75;64;68;63;66;22;2007;200754;2059
2215;赫伯特-希尔;Herbert Hill;4;0;6;54;74;61;65;77;68;72;56;65;62;57;61;70;66;23;2007;200755;2232
2216;拉蒙-塞申斯;Ramon Sessions;1;0;7;76;61;70;69;71;60;58;71;62;73;59;69;65;67;21;2007;200756;2113
2217;萨米-梅希亚;Sammy Mejia;1;0;6;75;60;68;69;68;62;59;68;61;71;59;68;64;66;24;2007;200757;2820
2218;乔治-普林特基斯;Georgios Printezis;3;0;6;67;69;69;69;69;60;66;59;63;70;61;66;62;65;22;2007;200758;2090
2219;DJ-斯特罗贝里;DJ Strawberry;1;2;6;76;59;68;68;69;61;60;65;61;71;58;68;63;65;22;2007;200759;2148
2220;米洛万-拉科维奇;Milovan Raković;5;0;6;59;75;53;58;74;76;73;62;65;54;53;60;74;67;22;2007;200760;1941
2221;德里克-罗斯;Derrick Rose;1;0;10;77;85;72;82;70;68;70;71;77;74;74;80;71;76;20;2008;200801;50
2222;迈克尔-比斯利;Michael Beasley;4;3;9;65;75;66;73;74;68;69;65;72;66;67;70;70;70;20;2008;200802;195
2223;OJ-梅奥;O.J. Mayo;2;0;9;68;77;74;75;69;62;68;68;71;75;66;73;66;70;21;2008;200803;274
2224;拉塞尔-威斯布鲁克;Russell Westbrook;1;0;10;74;82;78;82;84;48;66;70;81;80;73;82;69;76;20;2008;200804;74
2225;凯文-乐福;Kevin Love;4;5;10;69;77;77;74;81;55;79;52;78;75;69;77;68;72;20;2008;200805;121
2226;达尼罗-加里纳利;Danilo Gallinari;3;4;8;68;76;74;75;76;66;69;66;71;74;68;73;70;73;20;2008;200806;235
2227;埃里克-戈登;Eric Gordon;2;0;8;70;72;72;77;73;65;65;69;69;73;68;72;68;70;20;2008;200807;471
2228;乔-亚历山大;Joe Alexander;3;4;6;66;68;69;72;73;68;70;62;63;70;64;67;68;68;22;2008;200808;1587
2229;DJ-奥古斯丁;D.J. Augustin;1;0;7;72;72;73;78;77;60;65;66;67;75;67;74;67;71;21;2008;200809;805
2230;布鲁克-洛佩斯;Brook Lopez;5;4;9;62;79;55;70;78;73;72;58;72;56;65;67;73;70;20;2008;200810;265
2231;杰里-贝勒斯;Jerryd Bayless;1;0;7;74;69;72;73;73;54;62;66;66;74;63;72;64;68;20;2008;200811;193
2232;杰森-汤普森;Jason Thompson;4;5;6;62;69;56;64;74;69;70;61;64;58;57;60;69;65;22;2008;200812;1489
2233;布兰登-拉什;Brandon Rush;2;3;7;72;73;69;72;72;65;68;66;66;71;64;70;68;69;23;2008;200813;1178
2234;安东尼-兰多夫;Anthony Randolph;3;4;7;69;68;69;72;73;68;70;64;65;70;64;68;69;69;19;2008;200814;1194
2235;罗宾-洛佩斯;Robin Lopez;5;0;7;60;68;55;64;72;75;70;62;65;56;58;60;72;66;20;2008;200815;599
2236;马利斯-斯贝茨;Marreese Speights;4;5;6;55;68;55;64;72;68;69;66;63;57;56;57;69;63;21;2008;200816;1454
2237;罗伊-希伯特;Roy Hibbert;5;0;8;65;74;56;69;75;76;75;62;70;57;64;66;75;71;22;2008;200817;324
2238;贾维尔-麦基;JaVale McGee;5;4;7;59;74;56;68;70;74;73;62;68;57;62;63;71;68;21;2008;200818;608
2239;JJ-希克森;J. J. Hickson;4;5;7;60;75;60;68;70;70;75;60;66;61;61;64;70;67;20;2008;200819;721
2240;阿莱克斯-阿金萨;Alexis Ajinca;4;5;7;55;71;68;70;78;70;72;66;67;68;61;65;73;69;20;2008;200820;757
2241;莱恩-安德森;Ryan Anderson;4;0;7;62;70;76;73;74;64;69;61;66;74;65;70;67;68;20;2008;200821;351
2242;考特尼-李;Courtney Lee;2;0;7;66;73;72;74;75;62;65;62;67;73;64;69;65;68;23;2008;200822;580
2243;科斯塔-库福斯;Kosta Koufos;5;4;7;61;70;56;68;73;69;70;60;66;57;62;62;69;66;19;2008;200823;1164
2244;塞尔吉-伊巴卡;Serge Ibaka;4;5;8;60;78;60;64;83;81;80;61;70;61;58;64;81;73;19;2008;200824;331
2245;尼古拉斯-巴图姆;Nicolas Batum;3;2;8;66;73;74;75;75;75;69;64;70;74;67;71;71;72;20;2008;200825;188
2246;乔治-希尔;George Hill;1;0;8;73;71;71;72;75;60;62;67;69;74;62;72;66;70;22;2008;200826;326
2247;达雷尔-亚瑟;Darrell Arthur;4;3;7;62;68;68;68;72;68;69;62;65;68;61;65;68;67;20;2008;200827;1588
2248;丹特-格林;Donte Greene;4;3;7;61;68;51;56;70;68;67;59;63;54;50;55;66;61;20;2008;200828;1816
2249;DJ-怀特;D.J. White;4;0;7;62;68;55;64;73;59;72;61;61;57;57;59;66;63;22;2008;200829;1859
2250;JR-吉登斯;J. R. Giddens;2;1;6;66;70;70;75;75;50;50;55;64;72;65;68;55;62;23;2008;200830;1877
2251;尼科拉-佩科维奇;Nikola Pekovic;4;5;8;56;76;60;70;71;70;76;61;67;61;62;64;71;67;23;2008;200831;289
2252;沃尔特-夏普;Walter Sharpe;4;0;6;53;65;58;59;73;69;72;53;61;59;51;55;68;61;22;2008;200832;2236
2253;乔伊-多西;Joey Dorsey;5;4;6;55;50;50;60;72;72;70;58;60;52;52;49;70;60;25;2008;200833;952
2254;马里奥-查莫斯;Mario Chalmers;1;0;7;70;69;66;70;70;62;62;69;65;69;60;68;66;67;22;2008;200834;422
2255;德安德鲁-乔丹;DeAndre Jordan;5;0;9;58;70;45;58;80;78;80;55;72;48;52;56;78;68;20;2008;200835;293
2256;欧米尔-阿西克;Omer Asik;5;0;7;51;70;41;42;76;75;74;51;67;45;37;47;72;61;22;2008;200836;771
2257;卢克-巴莫特;Luc Richard Mbah a Moute;3;0;6;62;69;68;72;76;69;68;66;64;69;63;65;70;69;22;2008;200837;831
2258;凯尔-韦弗;Kyle Weaver;2;3;6;66;72;68;68;72;55;62;61;64;70;59;65;61;63;22;2008;200838;2821
2259;索尼-威姆斯;Clarence Weems;1;2;6;71;65;60;61;68;51;55;60;62;64;52;62;56;59;22;2008;200839;2193
2260;克里斯-道格拉斯罗伯茨;Chris Douglas-Roberts;2;3;6;69;68;66;69;73;65;62;62;63;68;60;65;65;65;22;2008;200840;928
2261;内森-杰瓦伊;Nathan Jawai;3;4;6;61;63;56;58;64;60;60;51;61;59;50;54;55;56;22;2008;200841;1895
2262;肖恩-辛格特里;Sean Singletary;2;1;6;61;56;58;60;63;57;55;51;59;61;50;54;52;53;23;2008;200842;2241
2263;小帕特里克-尤因;Patrick Ewing Jr.;3;4;6;50;61;60;64;61;61;60;51;60;62;53;54;54;55;24;2008;200843;2257
2264;安特-托米奇;Ante Tomić;4;5;6;59;72;53;56;73;62;71;53;64;55;50;56;65;61;22;2008;200844;3268
2265;戈兰-德拉季奇;Goran Dragic;1;2;9;71;74;73;76;78;52;66;67;73;75;66;74;67;71;22;2008;200845;205
2266;特伦特-普莱斯特德;Trent Plaisted;4;5;6;59;72;53;56;73;62;71;53;64;55;50;56;65;61;22;2008;200846;2087
2267;比尔-沃克;Bill Walker;2;0;7;65;70;70;72;75;60;63;62;66;72;62;67;64;66;21;2008;200847;1555
2268;马里克-海尔斯顿;Malik Hairston;1;2;6;61;53;54;59;58;56;57;58;58;59;47;53;53;53;21;2008;200848;1838
2269;理查德-亨德里克斯;Richard Hendrix;3;2;6;57;72;63;66;73;53;72;55;64;65;57;60;62;62;22;2008;200849;1847
2270;迪旺-哈丁;DeVon Hardin;5;0;6;55;73;54;58;70;68;67;53;64;55;52;58;65;62;22;2008;200850;1823
2271;山-福斯特;Shan Foster;2;0;6;58;67;68;66;70;57;65;61;63;70;55;61;62;61;22;2008;200851;2822
2272;达内尔-杰克逊;Darnell Jackson;4;0;6;54;51;58;53;57;52;54;57;58;59;44;49;50;49;23;2008;200852;1890
2273;塔迪加-德兰吉塞维奇;Tadija Dragicevic;4;3;6;55;65;73;63;71;56;64;58;62;72;54;62;60;61;22;2008;200853;1769
2274;马蒂-鲁宁;Maarty Leunen;4;0;6;53;68;53;64;70;67;68;59;63;55;55;56;66;61;23;2008;200854;5001
2275;麦克-泰勒;Mike Taylor;1;2;6;63;53;54;54;55;54;55;56;58;59;44;52;50;51;22;2008;200855;2153
2276;萨沙-考恩;Sasha Kaun;5;0;6;50;51;53;54;53;54;52;53;57;54;46;47;47;47;23;2008;200856;1917
2277;詹姆斯-吉斯特;James Gist;3;2;6;61;66;61;64;70;63;66;61;62;63;55;59;64;62;22;2008;200857;1882
2278;乔-克劳福德;Joe Crawford;3;0;8;60;72;60;66;72;64;65;60;68;62;57;61;64;64;22;2008;200858;552
2279;德隆-华盛顿;Deron Washington;3;2;6;61;68;65;61;70;62;61;59;63;66;53;60;61;61;23;2008;200859;1857
2280;赛米-艾尔登;Semih Erden;5;0;6;52;62;61;53;51;53;51;50;58;61;46;53;45;49;22;2008;200860;1661
2281;韦斯利-马修斯;Wesley Matthews;2;3;7;70;72;81;73;74;62;57;66;69;81;64;74;64;70;23;2009;200900;273
2282;阿隆佐-基;Alonzo Gee;2;3;7;60;67;78;72;70;58;72;66;65;78;61;68;66;67;22;2009;200900;1070
2283;布雷克-格里芬;Blake Griffin;4;5;10;69;83;71;76;83;75;80;63;81;70;71;78;79;78;20;2009;200901;103
2284;哈希姆-塔比特;Hasheem Thabeet;5;0;7;60;77;53;60;73;77;75;61;68;54;55;62;74;68;22;2009;200902;689
2285;詹姆斯-哈登;James Harden;2;1;10;72;82;83;89;81;50;60;65;80;83;80;84;64;75;20;2009;200903;33
2286;泰瑞克-埃文斯;Tyreke Evans;3;2;9;75;75;76;79;78;64;63;71;73;75;73;77;69;75;20;2009;200904;172
2287;里基-卢比奥;Ricky Rubio;1;0;9;80;66;73;76;74;64;66;67;70;75;67;76;68;72;19;2009;200905;262
2288;乔尼-弗林;Jonny Flynn;2;1;7;66;77;78;73;75;66;61;66;68;78;64;73;67;70;20;2009;200906;976
2289;斯蒂芬-库里;Stephen Curry;1;2;10;80;78;90;80;76;49;61;65;76;90;72;87;63;76;21;2009;200907;11
2290;乔丹-希尔;Jordan Hill;4;5;7;59;78;63;70;79;74;73;57;72;63;63;67;73;70;22;2009;200908;325
2291;德马尔-德罗赞;DeMar DeRozan;3;2;9;69;71;72;80;80;64;70;68;75;72;72;74;71;74;20;2009;200909;98
2292;布兰顿-詹宁斯;Brandon Jennings;2;1;9;70;78;79;79;79;65;64;65;75;79;70;77;69;73;20;2009;200910;334
2293;泰伦斯-威廉姆斯;Terrence Williams;3;2;7;67;71;73;73;73;65;67;64;66;73;65;70;67;69;22;2009;200911;1534
2294;杰拉德-亨德森二世;Gerald Henderson;2;0;7;58;74;78;77;74;61;65;69;67;78;65;71;68;69;22;2009;200912;2823
2295;泰勒-汉斯布鲁;Tyler Hansbrough;4;0;7;59;77;60;67;78;73;71;56;69;61;60;64;72;68;24;2009;200913;1038
2296;厄尔-克拉克;Earl Clark;4;3;7;57;78;59;67;74;69;72;55;68;60;60;64;69;66;22;2009;200914;1142
2297;奥斯汀-达耶;Austin Daye;4;3;7;58;74;63;66;74;71;69;56;67;63;59;64;68;66;21;2009;200915;909
2298;詹姆斯-约翰逊;James Johnson;3;0;7;66;71;72;71;74;63;70;62;66;72;63;68;67;69;22;2009;200916;1618
2299;朱-霍乐迪;Jrue Holiday;1;2;8;75;73;79;75;72;59;66;68;69;80;66;77;67;73;19;2009;200917;111
2300;泰-劳森;Ty Lawson;1;0;8;83;67;74;76;76;59;58;69;68;76;68;77;66;72;22;2009;200918;253
2301;杰夫-蒂格;Jeff Teague;1;0;8;81;69;79;72;73;59;65;74;68;80;64;77;69;74;21;2009;200919;444
2302;埃里克-梅诺;Eric Maynor;2;1;7;56;70;78;76;74;63;62;66;66;78;63;68;66;67;22;2009;200920;1303
2303;达伦-科里森;Darren Collison;1;0;8;72;66;77;77;76;61;65;76;68;79;66;74;72;73;22;2009;200921;544
2304;维克多-克拉夫;Victor Claver;3;0;7;67;73;69;73;70;60;68;61;66;70;65;69;63;67;21;2009;200922;1140
2305;欧米-卡斯比;Omri Casspi;3;0;7;65;69;72;71;72;60;68;59;66;72;63;68;64;67;21;2009;200923;537
2306;拜伦-穆伦斯;Byron Mullens;5;4;6;59;75;55;59;74;77;73;60;65;56;54;61;74;68;20;2009;200924;1342
2307;罗德里格-布博瓦;Rodrigue Beaubois;1;0;7;74;60;73;71;72;62;62;68;63;75;61;70;66;68;21;2009;200925;870
2308;泰-吉布森;Taj Gibson;4;0;8;59;80;66;66;78;74;78;59;72;66;59;67;75;71;24;2009;200926;522
2309;德马雷-卡罗尔;DeMarre Carroll;4;5;8;59;79;64;70;82;77;75;59;73;64;63;68;77;73;23;2009;200927;533
2310;韦恩-艾灵顿;Wayne Ellington;2;0;7;56;72;79;79;73;61;57;70;66;79;66;70;65;68;22;2009;200928;785
2311;托尼-道格拉斯;Toney Douglas;2;1;7;57;70;76;78;74;62;62;66;66;77;65;68;66;67;23;2009;200929;927
2312;克里斯蒂安-艾恩加;Christian Eyenga;3;0;6;63;68;69;69;69;61;62;61;63;70;60;65;61;64;20;2009;200930;1660
2313;杰夫-艾尔斯;Jeff Ayres;5;4;7;60;72;57;59;77;73;75;61;67;58;54;61;74;68;22;2009;200931;782
2314;杰梅因-泰勒;Jermaine Taylor;2;0;7;61;71;78;80;72;64;65;70;66;78;68;72;68;70;23;2009;200932;1483
2315;丹特-康宁汉姆;Dante Cunningham;4;0;7;58;79;62;65;76;75;72;58;69;63;58;65;72;69;22;2009;200933;1125
2316;塞尔吉奥-鲁尔;Sergio Llull;1;2;7;75;63;72;70;72;63;63;67;64;74;60;71;66;69;22;2009;200934;1228
2317;达胡安-萨莫斯;DaJuan Summers;3;0;7;67;69;73;69;70;59;68;63;65;73;61;68;64;67;22;2009;200935;1429
2318;萨姆-杨;Sam Young;3;0;7;66;71;74;73;72;65;65;61;66;74;65;70;65;68;24;2009;200936;1589
2319;德胡安-布莱尔;DeJuan Blair;5;4;6;62;76;55;62;74;75;77;61;65;56;57;62;75;69;20;2009;200937;876
2320;琼-布罗克曼;Jon Brockman;4;0;7;57;78;63;70;79;74;72;57;69;63;62;66;73;69;22;2009;200938;903
2321;约纳斯-杰雷布科;Jonas Jerebko;4;3;7;58;79;63;67;75;70;70;59;68;63;60;65;70;68;22;2009;200939;1098
2322;德里克-布朗;Derrick Brown;3;0;7;69;74;73;71;71;63;60;61;66;73;64;71;62;67;22;2009;200940;881
2323;约迪-米克斯;Jodie Meeks;2;0;7;64;72;79;78;70;63;64;66;66;79;67;73;65;69;22;2009;200941;1313
2324;帕特里克-贝弗利;Patrick Beverly;1;0;7;76;59;73;70;69;59;61;64;63;75;60;70;62;67;21;2009;200942;382
2325;马库斯-索顿;Marcus Terrell Thornton;1;2;7;57;75;77;81;78;52;70;76;71;79;66;72;72;72;22;2009;200943;3208
2326;蔡斯-巴丁格;Chase Budinger;3;2;7;68;70;70;72;72;62;65;60;66;70;64;68;63;67;21;2009;200944;824
2327;尼克-卡拉希斯;Nick Calathes;2;1;6;54;68;76;75;71;58;53;64;63;77;62;66;60;63;20;2009;200945;1905
2328;丹尼-格林;Danny Green;2;3;8;68;63;80;73;72;69;65;70;66;80;63;71;69;70;22;2009;200946;221
2329;亨克-诺雷尔;Henk Norel;4;0;7;56;79;61;66;79;73;72;59;69;62;59;64;73;69;22;2009;200947;1368
2330;泰勒-格里芬;Taylor Griffin;4;0;7;60;76;62;67;77;71;74;55;68;63;60;65;71;68;23;2009;200948;989
2331;塞尔吉-格拉蒂尔;Sergiy Gladyr;2;0;6;53;70;75;75;72;62;58;65;63;76;62;66;63;64;20;2009;200949;2824
2332;戈兰-萨顿;Goran Suton;5;4;7;63;74;52;57;75;73;76;59;67;54;53;60;74;67;24;2009;200950;1425
2333;杰克-麦克科林顿;Jack McClinton;2;0;7;64;73;77;77;74;64;64;67;67;77;66;72;67;70;22;2009;200951;1288
2334;AJ-普莱斯;A.J. Price;1;0;7;76;61;72;71;72;65;64;66;64;74;61;71;66;69;23;2009;200952;2085
2335;南多-德-科洛;Nando De Colo;2;1;6;59;68;75;74;71;59;57;66;63;76;62;67;62;65;23;2009;200953;929
2336;罗伯特-瓦登;Robert Vaden;2;3;7;62;70;79;80;72;64;55;65;66;79;68;72;63;68;24;2009;200954;2825
2337;帕蒂-米尔斯;Patty Mills;2;1;7;63;72;75;78;73;61;56;64;66;76;67;71;62;67;21;2009;200955;619
2338;艾哈迈德-尼维斯;Ahmad Nivins;4;0;7;57;77;60;66;76;71;73;55;68;61;59;63;70;67;22;2009;200956;1361
2339;埃米尔-普莱德季奇;Emir Preldzic;3;0;7;66;72;74;73;75;64;66;61;67;74;65;70;66;69;22;2009;200957;1398
2340;莱斯特-哈德森;Lester Hudson;2;0;7;56;71;75;77;72;60;65;69;66;76;64;68;67;67;25;2009;200958;1822
2341;秦纳穆鲁-埃罗努;Chinemelu Elonu;4;0;7;56;75;60;66;76;70;70;55;68;61;58;62;69;66;22;2009;200959;1653
2342;罗伯特-多齐尔;Robert Dozier;4;5;7;55;76;60;69;77;71;75;58;68;61;61;63;72;68;24;2009;200960;452
2343;提莫菲-莫兹戈夫;Timofey Mozgov;5;0;7;60;74;53;58;75;74;75;57;67;54;53;60;73;67;24;2010;201000;1334
2344;约翰-沃尔;John Wall;1;0;10;81;67;77;75;83;46;61;73;75;79;66;78;68;74;20;2010;201001;154
2345;埃文-特纳;Evan Turner;3;2;9;72;71;78;76;73;65;66;67;71;77;69;75;67;72;22;2010;201002;306
2346;德里克-费沃斯;Derrick Favors;5;4;8;62;76;53;59;74;75;76;58;70;54;55;62;74;68;19;2010;201003;212
2347;韦斯利-约翰逊;Wesley Johnson;3;0;8;71;75;71;75;75;63;68;65;70;71;68;73;68;71;23;2010;201004;741
2348;德马库斯-考辛斯;DeMarcus Cousins;5;4;9;63;85;76;71;77;68;80;62;79;73;67;77;74;76;20;2010;201005;118
2349;艾派-尤度;Ekpe Udoh;5;4;7;57;77;58;60;77;75;75;58;69;58;55;62;75;69;23;2010;201006;733
2350;格雷格-门罗;Greg Monroe;5;4;9;54;76;58;64;77;76;76;63;71;58;57;63;76;70;20;2010;201007;275
2351;艾尔-法鲁克-阿米奴;Al-Farouq Aminu;3;0;8;66;73;70;74;71;64;67;62;66;70;66;69;65;68;20;2010;201008;454
2352;戈登-海沃德;Gordon Hayward;3;2;9;66;70;69;71;74;64;63;59;68;70;63;67;64;67;20;2010;201009;227
2353;保罗-乔治;Paul George;3;2;10;71;78;79;77;77;60;63;65;77;78;71;77;66;73;20;2010;201010;139
2354;科尔-阿尔德里奇;Cole Aldrich;5;0;7;58;73;55;58;78;74;73;58;68;56;53;60;74;67;22;2010;201011;753
2355;泽维尔-亨利;Xavier Henry;3;2;7;63;70;72;68;71;60;59;58;63;72;60;66;60;64;19;2010;201012;502
2356;艾德-戴维斯;Ed Davis;4;0;7;58;78;62;68;78;71;70;57;69;63;61;65;71;68;21;2010;201013;428
2357;帕特里克-帕特森;Patrick Patterson;4;0;7;56;77;63;67;75;73;71;55;68;63;59;64;70;67;21;2010;201014;645
2358;拉里-桑德斯;Larry Sanders;5;4;8;51;80;57;64;79;82;80;62;73;58;57;63;81;72;22;2010;201015;294
2359;卢克-巴比特;Luke Babbitt;3;0;7;66;72;71;73;70;61;64;63;66;71;65;69;63;67;21;2010;201016;361
2360;凯文-塞拉芬;Kevin Seraphin;4;0;7;55;76;61;67;78;70;69;55;68;62;59;63;69;66;21;2010;201017;664
2361;埃里克-布莱德索;Eric Bledsoe;2;1;9;70;78;81;76;77;68;59;70;74;81;68;77;69;74;21;2010;201018;408
2362;埃弗里-布拉德利;Avery Bradley;2;0;9;65;76;79;74;73;63;60;70;70;79;64;73;67;70;20;2010;201019;406
2363;詹姆斯-安德森;James Anderson;3;2;7;65;69;72;69;73;60;68;60;66;72;61;67;64;67;21;2010;201020;1678
2364;克雷格-布莱金斯;Craig Brackins;5;4;7;57;76;55;61;73;75;75;61;67;56;55;61;74;68;23;2010;201021;877
2365;埃利奥特-威廉姆斯;Elliot Williams;2;0;7;59;69;74;78;69;61;57;64;65;75;66;68;61;65;21;2010;201022;1521
2366;特雷沃-布克;Trevor Booker;4;0;8;57;77;63;69;79;70;70;56;69;63;61;65;70;68;23;2010;201023;872
2367;达迈-詹姆斯;Damion James;3;2;7;70;74;71;72;74;62;62;64;67;71;65;71;65;69;23;2010;201024;1629
2368;多米尼克-琼斯;Dominique Jones;2;0;7;62;70;76;75;75;63;61;66;66;77;64;69;66;68;22;2010;201025;1413
2369;昆西-庞德塞特;Quincy Pondexter;3;2;7;67;71;74;70;70;63;68;63;66;74;62;69;65;68;22;2010;201026;1381
2370;乔丹-克劳福德;Jordan Crawford;2;1;8;56;71;79;76;73;61;62;67;66;79;63;69;65;67;22;2010;201027;1149
2371;格雷维斯-瓦斯奎兹;Greivis Vásquez;1;0;7;76;62;71;73;73;60;62;66;64;74;63;71;65;68;24;2010;201028;1513
2372;丹尼尔-奥尔顿;Daniel Orton;5;0;6;59;76;54;62;75;76;74;61;65;55;57;61;74;68;20;2010;201029;803
2373;拉萨-海沃德;Lazar Hayward;3;0;7;67;70;74;72;71;65;66;63;66;74;64;69;65;68;24;2010;201030;1030
2374;蒂博尔-佩莱斯;Tibor Pleiss;5;0;7;60;76;58;59;77;75;76;60;68;58;54;63;75;69;21;2010;201031;1385
2375;德克斯特-皮特曼;Dexter Pittman;5;0;7;57;77;56;63;75;75;74;60;68;57;57;62;74;68;22;2010;201032;1392
2376;哈桑-怀特塞德;Hassan Whiteside;5;0;8;54;70;61;64;79;86;83;56;70;61;57;62;82;73;21;2010;201033;510
2377;阿蒙-约翰逊;Armon Johnson;2;1;7;60;69;74;74;71;61;61;68;65;75;62;67;65;66;21;2010;201034;1603
2378;内马尼亚-别利察;Nemanja Bjelica;5;4;7;62;74;52;60;73;76;73;61;67;54;55;61;73;67;22;2010;201035;389
2379;特瑞科-怀特;Terrico White;2;0;6;59;68;77;75;69;60;54;64;63;77;63;68;60;64;20;2010;201036;1864
2380;达林顿-霍布森;Darington Hobson;2;0;7;65;73;79;76;72;61;64;69;66;79;66;73;66;70;23;2010;201037;1064
2381;安迪-劳汀斯;Andy Rautins;2;0;7;63;74;80;80;73;64;57;68;67;80;69;74;65;70;24;2010;201038;1203
2382;兰德里-菲尔兹;Landry Fields;3;0;7;69;75;71;75;71;62;66;64;67;71;68;72;65;69;22;2010;201039;962
2383;兰斯-斯蒂芬森;Lance Stephenson;3;2;7;66;70;69;73;73;63;65;60;66;70;65;68;64;67;20;2010;201040;675
2384;贾维斯-瓦纳多;Jarvis Varnado;5;4;7;61;74;55;61;74;75;78;62;67;56;56;62;75;69;22;2010;201041;1511
2385;德肖恩-巴特勒;Da'Sean Butler;3;0;7;68;75;73;73;71;62;61;60;67;73;66;71;62;68;22;2010;201042;833
2386;德文-伊班克斯;Devin Ebanks;3;0;7;66;70;71;69;69;62;68;62;65;71;61;67;64;66;21;2010;201043;1591
2387;杰罗姆-乔丹;Jerome Jordan;5;0;7;59;78;52;59;77;74;75;59;69;54;54;61;74;68;24;2010;201044;1408
2388;保罗-普雷斯特斯;Paulão Prestes;5;0;7;59;77;55;58;74;74;74;63;68;56;53;61;74;68;22;2010;201045;2826
2389;加尼-拉沃尔;Gani Lawal;4;3;7;60;77;63;69;77;70;70;59;69;63;62;66;70;68;22;2010;201046;1180
2390;凯斯-加伦;Keith Gallon;3;2;6;66;72;68;72;68;59;65;61;63;69;64;67;61;65;19;2010;201047;1084
2391;拉塔维奥斯-威廉姆斯;Latavious Williams;3;0;7;68;71;70;73;70;61;61;60;66;70;65;69;61;66;21;2010;201048;1528
2392;瑞安-理查兹;Ryan Richards;3;0;6;63;70;71;69;72;61;60;60;63;71;60;66;61;65;19;2010;201049;2827
2393;所罗门-阿拉比;Solomon Alabi;5;0;7;59;72;53;60;74;72;77;60;67;54;55;60;73;67;22;2010;201050;759
2394;马格南-罗尔;Magnum Rolle;4;0;7;58;78;63;67;77;72;74;58;69;63;60;65;72;69;24;2010;201051;1241
2395;卢克-哈兰高迪;Luke Harangody;4;3;7;55;77;60;67;75;73;71;55;68;61;59;63;70;67;23;2010;201052;1006
2396;佩普-赛;Pape Sy;5;0;7;58;73;58;63;73;74;73;59;67;58;57;62;72;67;22;2010;201053;1435
2397;威利-沃伦;Willie Warren;2;0;7;58;69;78;78;71;63;56;66;65;78;65;69;63;66;21;2010;201054;1557
2398;杰里米-埃文斯;Jeremy Evans;4;0;7;55;78;63;67;77;73;74;58;69;63;59;64;73;69;23;2010;201055;780
2399;哈马迪-恩迪亚耶;Hamady N'Diaye;5;0;7;59;74;54;61;76;74;76;63;68;55;56;61;75;68;24;2010;201056;955
2400;莱恩-里德;Ryan Reid;3;0;7;67;73;71;75;73;62;67;63;67;71;67;70;66;69;24;2010;201057;1214
2401;德里克-卡拉科特;Derrick Caracter;5;4;7;62;76;52;61;75;71;75;57;68;54;57;61;72;67;22;2010;201058;1107
2402;斯坦利-罗宾逊;Stanley Robinson;4;0;7;55;76;62;70;79;75;73;57;69;63;62;65;74;69;22;2010;201059;5001
2403;德韦恩-科林斯;Dwayne Collins;4;0;7;60;76;61;65;77;72;70;59;68;62;58;64;71;68;22;2010;201060;1136
2404;林书豪;Jeremy Lin;1;2;9;75;73;79;78;78;63;67;71;73;80;68;79;71;75;22;2011;201100;124
2405;凯里-欧文;Kyrie Irving;1;0;10;82;75;84;79;74;43;63;73;75;85;71;84;65;75;19;2011;201101;136
2406;德里克-威廉姆斯;Derrick Williams;3;4;7;67;71;75;70;72;60;64;59;66;75;62;69;62;67;20;2011;201102;311
2407;埃内斯-坎特;Enes Kanter;5;0;7;55;75;57;64;79;78;75;64;68;58;58;62;78;70;19;2011;201103;540
2408;特里斯坦-汤普森;Tristan Thompson;4;0;7;59;74;63;70;76;72;72;54;68;63;62;65;70;68;20;2011;201104;695
2409;约纳斯-瓦兰丘纳斯;Jonas Valančiūnas;5;0;7;52;76;56;65;78;79;79;62;68;57;58;61;79;70;19;2011;201105;702
2410;扬-韦塞利;Jan Vesely;3;4;7;64;69;73;71;71;59;62;59;65;73;62;68;61;65;21;2011;201106;1542
2411;俾斯麦-比永博;Bismack Biyombo;4;5;7;59;76;60;67;75;69;71;60;68;61;60;64;70;67;19;2011;201107;388
2412;布兰顿-奈特;Brandon Knight;1;2;7;76;60;73;74;74;64;54;65;64;75;64;72;63;68;20;2011;201108;284
2413;肯巴-沃克;Kemba Walker;1;0;9;78;75;78;73;79;57;56;70;74;80;65;78;66;73;21;2011;201109;155
2414;吉默-弗雷戴特;Jimmer Fredette;1;0;7;76;64;71;71;71;65;61;67;64;74;61;71;66;69;22;2011;201110;466
2415;克莱-汤普森;Klay Thompson;2;0;9;66;82;87;84;74;53;68;74;74;86;74;81;68;75;21;2011;201111;147
2416;亚历克-伯克斯;Alec Burks;4;3;7;58;79;61;69;74;69;75;54;68;62;62;65;69;67;20;2011;201112;398
2417;马基夫-莫里斯;Markieff Morris;4;0;7;59;79;61;68;79;74;74;56;69;62;61;66;73;70;22;2011;201113;626
2418;马库斯-莫里斯;Marcus Morris;3;4;7;69;70;72;72;71;61;63;61;66;72;65;70;62;67;22;2011;201114;1330
2419;科怀-伦纳德;Kawhi Leonard;3;2;10;68;79;75;83;83;68;70;75;79;75;75;78;76;78;20;2011;201115;47
2420;尼古拉-武切维奇;Nikola Vucevic;5;0;9;56;77;59;62;80;80;80;62;75;59;56;64;80;73;21;2011;201116;322
2421;伊曼-香珀特;Iman Shumpert;2;3;7;55;71;76;78;71;63;60;66;66;77;65;68;64;66;21;2011;201117;725
2422;克里斯-辛格尔顿;Chris Singleton;3;4;7;65;74;75;74;70;60;60;61;66;75;66;71;61;67;22;2011;201118;1579
2423;托拜厄斯-哈里斯;Tobias Harris;3;4;9;68;72;71;74;71;61;61;61;66;71;66;70;62;67;19;2011;201119;487
2424;多纳塔斯-莫泰尤纳斯;Donatas Motiejūnas;4;0;8;59;78;62;71;77;71;74;58;71;63;64;67;72;70;21;2011;201120;627
2425;诺兰-史密斯;Nolan Smith;1;2;7;76;61;72;71;73;61;63;72;64;74;61;71;68;70;23;2011;201121;1449
2426;肯尼思-法里德;Kenneth Faried;4;0;8;60;81;62;68;81;72;71;57;73;63;62;67;73;70;22;2011;201122;453
2427;尼古拉-米罗蒂奇;Nikola Mirotić;3;4;8;65;73;74;69;71;62;65;62;66;74;61;69;64;67;20;2011;201123;622
2428;雷吉-杰克逊;Reggie Jackson;1;2;9;78;60;73;74;74;61;62;68;66;75;64;73;66;70;21;2011;201124;240
2429;马尚-布鲁克斯;Marshon Brooks;2;0;7;59;74;76;78;72;63;59;68;67;77;66;70;65;68;23;2011;201125;900
2430;乔丹-汉密尔顿;Jordan Hamilton;2;3;7;54;73;78;74;73;59;57;65;67;78;61;68;63;65;21;2011;201126;1036
2431;贾胡安-约翰逊;JaJuan Johnson;4;0;7;57;79;62;66;79;70;72;56;69;63;59;65;71;68;22;2011;201127;1613
2432;诺里斯-科尔;Norris Cole;1;0;8;77;62;69;70;71;59;59;71;64;72;61;70;65;68;23;2011;201128;1131
2433;科里-约瑟夫;Cory Joseph;1;0;7;73;62;70;69;70;60;61;67;62;73;59;69;64;67;20;2011;201129;1620
2434;吉米-巴特勒;Jimmy Butler;3;0;10;60;73;75;80;79;65;70;79;76;75;70;73;75;75;22;2011;201130;89
2435;博扬-博格达诺维奇;Bojan Bogdanovic;3;0;7;66;71;70;71;74;60;65;63;66;70;63;68;65;67;22;2011;201131;198
2436;贾斯汀-哈珀;Justin Harper;4;0;7;55;79;64;70;77;74;71;55;69;64;62;66;71;69;22;2011;201132;1021
2437;凯尔-辛格勒;Kyle Singler;3;0;7;65;71;75;74;72;63;63;64;66;75;65;71;64;69;23;2011;201133;2240
2438;谢尔文-马克;Shelvin Mack;1;2;6;73;58;71;71;69;61;61;68;61;74;60;69;64;67;21;2011;201134;2000
2439;泰勒-霍尼卡特;Tyler Honeycutt;2;3;7;61;71;78;77;73;63;59;67;66;78;65;71;65;68;21;2011;201135;1874
2440;乔丹-威廉姆斯;Jordan Williams;4;0;7;54;77;61;64;76;72;73;55;68;62;56;62;71;67;21;2011;201136;2188
2441;特雷-汤普金斯;Trey Thompkins;4;0;7;54;76;61;68;74;69;72;58;68;62;60;63;69;66;21;2011;201137;2155
2442;钱德勒-帕森斯;Chandler Parsons;3;4;8;69;72;77;75;77;66;68;63;70;76;67;73;69;72;23;2011;201138;643
2443;杰里米-泰勒;Jeremy Tyler;4;0;6;57;75;61;65;74;72;69;55;65;62;58;63;69;66;20;2011;201139;1482
2444;乔恩-洛伊尔;Jon Leuer;4;0;7;59;77;64;67;76;75;74;59;68;64;60;66;73;70;22;2011;201140;1248
2445;达柳斯-莫里斯;Darius Morris;1;0;6;73;62;68;72;70;61;58;69;62;71;61;69;64;67;20;2011;201141;1329
2446;戴维斯-贝尔坦斯;Davis Bertans;3;0;6;64;71;69;72;68;60;62;59;63;70;63;67;60;64;19;2011;201142;381
2447;马尔科姆-李;Malcolm Lee;1;2;7;74;63;73;73;73;63;61;70;64;75;63;72;67;70;21;2011;201143;1208
2448;查尔斯-詹金斯;Charles Jenkins;1;0;7;76;64;71;70;73;61;60;72;65;74;61;71;67;69;22;2011;201144;1626
2449;约什-哈里森;Josh Harrellson;5;0;7;59;74;55;57;75;73;78;62;67;56;52;60;75;68;22;2011;201145;1007
2450;安德鲁-古德洛克;Andrew Goudelock;1;2;7;76;61;73;73;72;60;61;75;64;75;63;72;68;70;23;2011;201146;998
2451;特拉维斯-莱斯利;Travis Leslie;2;3;7;59;71;77;75;70;59;58;67;66;77;63;69;63;66;21;2011;201147;1185
2452;基斯-本森;Keith Benson;5;0;7;61;77;57;59;72;78;74;59;67;58;55;63;74;68;23;2011;201148;853
2453;约什-塞尔比;Josh Selby;1;2;6;75;60;69;72;72;59;58;63;62;72;62;70;62;66;20;2011;201149;1432
2454;拉沃伊-艾伦;Lavoy Allen;4;0;7;59;76;61;66;77;73;73;55;68;62;59;64;72;68;22;2011;201150;786
2455;琼-迪布勒;Jon Diebler;2;0;7;64;73;78;77;74;61;62;66;67;78;66;72;65;69;23;2011;201151;933
2456;沃农-麦克林;Vernon Macklin;4;0;7;57;79;63;66;75;74;73;58;68;63;59;65;72;68;25;2011;201152;1291
2457;德安德烈-里金斯;DeAndre Liggins;2;0;7;58;70;78;75;71;64;62;70;66;78;63;69;67;68;23;2011;201153;1218
2458;米兰-马克万;Milan Macvan;3;0;7;65;71;73;74;75;62;62;62;67;73;65;70;64;68;22;2011;201154;1260
2459;伊托万-摩尔;E'Twaun Moore;2;1;7;65;71;76;77;70;60;59;66;66;77;66;71;63;67;22;2011;201155;1322
2460;丘库迪耶贝尔-马杜阿本;Chukwudiebere Maduabum;3;0;6;65;69;71;69;68;59;60;59;63;71;61;66;59;64;20;2011;201156;1996
2461;唐吉-恩贡博;Tanguy Ngombo;2;0;7;65;71;77;78;70;63;62;70;66;77;67;72;66;69;22;2011;201157;2828
2462;阿特-马朱克;Ater Majok;4;5;7;56;77;63;67;75;75;72;56;68;63;59;64;71;68;24;2011;201158;1271
2463;奥道姆-洪高;Adam Hanga;2;0;7;63;74;77;75;70;63;58;65;66;77;65;71;63;67;22;2011;201159;1049
2464;小以赛亚-托马斯;Isaiah Thomas;1;2;8;82;62;72;73;78;58;68;71;67;74;64;74;71;73;22;2011;201160;699
2465;安东尼-戴维斯;Anthony Davis;4;5;10;62;84;68;70;78;83;79;63;78;68;65;73;80;76;19;2012;201201;25
2466;迈克尔-基德-吉尔克里斯特;Michael Kidd-Gilchrist;3;0;7;68;73;71;71;71;66;65;70;66;71;64;70;68;70;19;2012;201202;1072
2467;布拉德利-比尔;Bradley Beal;2;0;9;59;76;81;80;73;65;65;69;75;81;68;74;68;72;19;2012;201203;91
2468;迪昂-维特斯;Dion Waiters;2;1;8;61;76;81;76;74;61;61;69;70;81;65;73;66;70;21;2012;201204;316
2469;托马斯-罗宾逊;Thomas Robinson;4;0;7;60;75;62;66;79;70;75;63;73;63;58;65;74;70;21;2012;201205;1236
2470;达米安-利拉德;Damian Lillard;1;2;10;81;78;84;80;78;51;65;78;76;82;72;84;71;78;22;2012;201206;45
2471;哈里森-巴恩斯;Harrison Barnes;3;2;8;68;72;73;70;74;68;70;73;66;70;63;69;72;71;20;2012;201207;365
2472;泰伦斯-罗斯;Terrence Ross;2;3;7;63;71;78;77;78;62;62;67;66;78;64;71;68;70;21;2012;201208;597
2473;安德烈-德拉蒙德;Andre Drummond;5;0;9;55;81;57;62;76;72;84;61;75;58;56;64;77;71;19;2012;201209;206
2474;奥斯汀-里弗斯;Austin Rivers;2;1;7;73;71;76;73;77;58;60;70;65;77;61;72;67;70;20;2012;201210;1217
2475;梅耶斯-伦纳德;Meyers Leonard;5;0;6;59;76;60;65;75;73;74;60;65;56;55;63;73;68;20;2012;201211;1231
2476;杰里米-兰姆;Jeremy Lamb;2;0;7;64;74;77;79;69;61;61;67;66;77;68;72;64;68;20;2012;201212;571
2477;肯道尔-马绍尔;Kendall Marshall;1;2;7;74;68;73;69;73;60;63;66;69;73;65;72;65;69;21;2012;201213;1264
2478;约翰-汉森;John Henson;4;0;7;56;75;64;68;76;74;75;63;68;64;60;64;74;69;22;2012;201214;503
2479;莫-哈克雷斯;Maurice Harkless;3;0;6;66;71;71;72;74;65;66;72;63;71;64;68;70;70;19;2012;201215;1005
2480;罗伊斯-怀特;Royce White;3;4;7;68;75;70;70;75;62;67;62;70;70;62;70;66;69;21;2012;201216;1059
2481;泰勒-泽勒;Tyler Zeller;5;0;7;62;75;60;59;72;78;74;60;68;55;54;63;74;69;23;2012;201217;1624
2482;泰伦斯-琼斯;Terrence Jones;4;0;7;57;78;59;66;80;73;74;57;69;60;59;63;74;69;21;2012;201218;1420
2483;安德鲁-尼克尔森;Andrew Nicholson;4;0;7;57;79;60;70;77;71;72;57;69;61;62;65;71;68;23;2012;201219;1358
2484;埃文-富尼耶;Evan Fournier;2;0;8;61;75;80;77;71;62;60;67;69;80;66;72;64;69;20;2012;201220;470
2485;贾里德-萨林杰;Jared Sullinger;4;0;7;57;75;60;65;77;72;75;63;65;61;58;62;74;68;20;2012;201221;1428
2486;法布-梅洛;Fab Melo;5;0;7;61;72;54;61;73;76;77;58;66;55;56;60;74;68;22;2012;201222;1302
2487;约翰-詹金斯;John Jenkins;2;0;7;61;69;77;75;72;62;65;66;66;77;64;69;66;68;21;2012;201223;1627
2488;贾里德-康宁汉姆;Jared Cunningham;2;0;7;62;70;77;76;71;64;61;66;66;77;65;70;65;68;21;2012;201224;1126
2489;托尼-罗滕;Tony Wroten;1;0;7;74;70;72;73;76;58;59;64;67;74;63;73;64;69;19;2012;201225;598
2490;迈尔斯-普拉姆利;Miles Plumlee;4;0;7;57;77;63;66;78;73;70;57;69;63;59;64;71;68;24;2012;201226;1396
2491;阿内特-莫尔特里;Arnett Moultrie;4;0;7;57;76;65;69;80;72;74;58;69;65;61;66;73;70;22;2012;201227;1325
2492;佩里-琼斯;Perry Jones;3;0;7;64;73;73;72;72;63;64;59;66;73;64;69;63;67;21;2012;201228;1417
2493;马奎斯-蒂格;Marquis Teague;1;0;6;74;61;70;69;70;61;62;72;61;73;59;69;67;68;19;2012;201229;941
2494;费斯图斯-艾泽利;Festus Ezeli;5;0;7;59;74;51;58;76;73;76;62;68;53;53;59;75;67;23;2012;201230;787
2495;杰弗里-泰勒;Jeffery Taylor;3;0;7;68;72;73;73;71;63;67;63;66;73;65;70;65;69;23;2012;201231;1481
2496;托马斯-萨托兰斯基;Tomas Satoransky;2;0;7;65;70;77;77;69;61;60;67;65;77;65;72;63;68;21;2012;201232;659
2497;伯纳德-詹姆斯;Bernard James;5;0;7;58;76;56;59;74;76;75;58;68;57;54;61;74;68;27;2012;201233;1628
2498;杰-克劳德;Jae Crowder;3;0;8;69;71;72;74;72;62;63;63;66;72;66;71;64;68;22;2012;201234;551
2499;德雷蒙德-格林;Draymond Green;4;3;9;76;75;65;61;75;73;74;78;72;59;58;68;77;72;22;2012;201235;104
2500;奥兰多-约翰逊;Orlando Vincent Johnson;2;0;7;58;71;75;70;73;62;65;67;67;79;67;68;67;67;23;2012;201236;1608
2501;昆西-阿西;Quincy Acy;4;0;7;55;77;60;69;76;72;71;55;68;61;61;64;70;67;22;2012;201237;770
2502;昆西-米勒;Quincy Miller;3;0;6;67;68;70;72;69;65;61;61;63;70;61;67;62;66;20;2012;201238;2035
2503;克里斯-米德尔顿;Khris Middleton;3;2;9;68;74;80;78;71;63;67;63;69;74;67;74;65;71;21;2012;201239;276
2504;威尔-巴顿;Will Barton;2;0;8;63;72;77;75;70;59;57;67;66;77;64;70;62;67;21;2012;201240;364
2505;泰肖恩-泰勒;Tyshawn Taylor;1;0;7;76;62;72;70;70;62;60;68;64;74;61;70;65;68;22;2012;201241;1485
2506;多隆-兰姆;Doron Lamb;2;0;7;59;70;75;76;70;62;56;68;65;76;64;68;63;66;21;2012;201242;1197
2507;迈克-斯科特;Mike Scott;4;0;7;58;76;61;68;78;72;70;56;68;62;61;64;71;68;24;2012;201243;1460
2508;金-英格利什;Kim English;2;0;7;57;73;78;77;73;61;64;68;67;78;65;70;66;68;24;2012;201244;1597
2509;贾斯汀-汉密尔顿;Justin Hamilton;5;0;7;59;77;52;61;73;71;78;61;68;54;56;61;73;68;22;2012;201245;1035
2510;达柳斯-米勒;Darius Miller;3;0;7;67;73;72;73;71;62;60;63;66;72;65;70;62;67;22;2012;201246;1314
2511;凯文-墨菲;Kevin Murphy;2;0;7;62;71;75;72;71;61;58;65;66;78;66;69;63;66;22;2012;201247;1336
2512;科斯塔斯-帕帕尼古拉乌;Kostas Papanikolaou;3;0;7;68;70;73;73;70;61;64;64;66;75;67;70;63;68;22;2012;201248;2068
2513;凯尔-奥奎因;Kyle O'Quinn;5;0;7;60;75;56;59;73;75;74;59;67;57;54;61;73;67;22;2012;201249;812
2514;伊泽特-蒂尔克耶尔马兹;Izzet Turkyilmaz;5;0;7;60;76;57;62;75;71;70;62;68;58;57;63;71;67;22;2012;201250;1779
2515;克里斯-约瑟夫;Kris Joseph;3;0;7;70;75;70;73;74;63;61;64;67;70;66;71;65;69;24;2012;201251;1621
2516;奥格涅-库兹米奇;Ognjen Kuzmic;3;0;7;64;71;69;70;70;64;65;61;66;71;67;67;64;66;22;2012;201252;1169
2517;福坎-阿德米尔;Furkan Aldemir;4;0;7;55;77;59;65;75;70;69;54;68;60;57;62;68;65;21;2012;201253;1636
2518;托尔尼克-申格利亚;Tornike Shengelia;3;0;7;66;69;69;70;69;59;61;59;65;70;62;66;60;64;21;2012;201254;2123
2519;达柳斯-约翰逊-奥多姆;Darius Johnson-Odom;2;0;7;61;70;78;76;72;62;59;66;66;78;64;70;64;67;23;2012;201255;2261
2520;托米斯拉夫-佐比奇;Tomislav Zubcic;3;0;6;67;69;70;68;69;59;67;61;63;70;60;66;62;65;20;2012;201256;2271
2521;伊坎-卡拉曼;Ilkan Karaman;4;0;7;58;68;61;69;71;72;70;58;65;62;62;62;68;65;22;2012;201257;1904
2522;罗比-赫梅尔;Robbie Hummel;3;0;7;63;73;72;74;70;62;64;63;66;72;67;69;63;67;23;2012;201258;2829
2523;马库斯-丹蒙;Marcus Denmon;2;0;7;64;71;72;69;73;65;64;63;66;71;68;68;66;67;22;2012;201259;1762
2524;罗伯特-萨克雷;Robert Sacre;5;0;7;60;74;54;60;74;75;72;58;67;55;55;61;72;67;23;2012;201260;1427
2525;安东尼-本内特;Anthony Bennett;3;4;7;65;70;71;76;72;65;67;68;64;71;64;69;68;69;20;2013;201301;852
2526;维克托-奥拉迪波;Victor Oladipo;2;1;9;65;76;77;76;76;66;66;68;71;77;66;73;70;72;21;2013;201302;179
2527;奥托-波特;Otto Porter Jr.;3;2;8;70;76;68;74;74;58;67;66;68;69;67;71;66;69;20;2013;201303;394
2528;科迪-泽勒;Cody Zeller;5;4;7;63;78;60;65;76;71;75;65;69;58;55;66;74;70;21;2013;201304;1623
2529;亚历克斯-莱恩;Alex Len;5;4;7;53;78;62;67;74;76;75;60;68;60;57;64;74;70;20;2013;201305;1182
2530;诺伦斯-诺埃尔;Nerlens Noel;5;4;8;51;78;57;61;79;78;78;65;69;58;54;61;79;70;19;2013;201306;288
2531;本-麦克勒莫;Ben McLemore;2;3;6;65;72;78;72;72;65;62;70;64;76;57;70;67;69;20;2013;201307;1289
2532;肯塔维厄斯-考德威尔-波普;Kentavious Caldwell-Pope;2;3;7;65;73;80;74;75;61;62;70;65;80;63;72;67;70;20;2013;201308;541
2533;特雷-伯克;Trey Burke;1;0;8;76;70;75;72;73;62;60;62;67;77;62;74;63;69;21;2013;201309;397
2534;CJ-麦科勒姆;CJ McCollum;2;1;9;71;80;81;77;78;50;68;68;75;81;69;78;66;73;22;2013;201310;130
2535;迈克尔-卡特-威廉姆斯;Michael Carter Williams;1;0;8;77;64;72;73;75;59;56;76;65;74;63;72;68;70;22;2013;201311;538
2536;史蒂文-亚当斯;Steven Adams;5;0;9;55;76;56;63;78;79;75;59;66;57;57;61;77;70;20;2013;201312;330
2537;凯利-奥利尼克;Kelly Olynyk;5;4;8;55;81;60;65;75;71;79;63;70;60;59;65;75;70;22;2013;201313;815
2538;沙巴兹-穆罕默德;Shabazz Muhammad;2;3;8;67;75;69;67;78;62;64;73;71;71;59;67;71;69;21;2013;201314;1341
2539;扬尼斯-阿德托昆博;Giannis Antetokounmpo;3;4;10;71;83;62;70;85;70;78;70;82;64;66;71;79;76;19;2013;201315;13
2540;卢卡斯-诺奎拉;Lucas Nogueira;5;0;7;60;74;56;62;76;77;74;59;68;57;57;62;75;69;21;2013;201316;1367
2541;丹尼斯-施罗德;Dennis Schröder;1;0;8;79;70;72;71;70;56;58;67;70;74;69;75;62;69;20;2013;201317;667
2542;肖恩-拉金;Shane Larkin;1;0;7;76;60;72;70;69;60;61;73;63;74;60;70;66;68;21;2013;201318;1176
2543;谢尔盖-卡拉肖夫;Sergey Karasev;3;2;6;66;73;68;69;68;65;67;68;68;69;61;67;66;68;20;2013;201319;1906
2544;托尼-斯内尔;Tony Snell;3;0;7;69;73;72;73;74;63;64;65;67;72;66;71;66;69;22;2013;201320;1463
2545;戈尔吉-迪昂;Gorgui Dieng;5;4;7;55;77;58;65;78;76;75;65;69;58;59;63;77;70;24;2013;201321;441
2546;梅森-普拉姆利;Mason Plumlee;5;0;7;58;78;62;66;77;80;77;62;69;62;60;66;78;72;23;2013;201322;1397
2547;所罗门-希尔;Solomon Hill;2;3;7;60;74;77;80;73;64;60;69;67;77;68;72;66;69;22;2013;201323;1570
2548;蒂姆-哈达威二世;Tim Hardaway Jr.;2;3;7;67;71;76;76;70;61;65;69;66;77;65;71;66;69;21;2013;201324;483
2549;雷吉-布洛克;Reggie Bullock;3;2;7;66;69;67;70;75;59;68;73;65;68;62;66;69;68;22;2013;201325;904
2550;安德烈-罗伯森;Andre Roberson;2;3;8;63;71;78;75;73;71;61;73;66;75;68;71;70;70;22;2013;201326;592
2551;鲁迪-戈贝尔;Rudy Gobert;5;0;9;53;79;57;64;77;80;81;64;72;58;58;63;80;72;21;2013;201327;217
2552;利维奥-让-夏尔;Livio Jean-Charles;3;4;6;67;70;68;75;70;65;64;58;63;69;70;69;63;67;20;2013;201328;1423
2553;阿奇-古德温;Archie Goodwin;2;0;6;65;72;74;74;70;61;57;67;68;75;70;71;63;67;19;2013;201329;999
2554;内马尼亚-内多维奇;Nemanja Nedovic;1;2;7;77;62;75;70;70;61;64;68;64;77;61;72;66;69;22;2013;201330;1348
2555;阿伦-克拉布;Allen Crabbe;2;3;7;60;69;75;76;69;68;62;71;65;76;63;68;67;68;21;2013;201331;1139
2556;阿莱克斯-阿布里恩斯;Alex Abrines;2;3;6;57;68;76;77;72;61;63;66;63;77;64;67;65;66;20;2013;201332;749
2557;卡里克-菲利克斯;Carrick Felix;2;0;7;60;71;75;78;73;64;59;69;67;65;66;68;66;67;23;2013;201333;963
2558;以赛亚-坎南;Isaiah Canaan;2;1;7;58;73;77;76;71;64;59;68;66;77;64;69;65;67;22;2013;201334;539
2559;格伦-莱斯二世;Glen Rice Jr.;3;0;7;69;73;70;72;71;61;68;63;65;70;65;70;65;68;23;2013;201335;1184
2560;雷-麦卡勒姆;Ray McCallum;1;0;7;75;60;70;71;68;62;60;68;63;73;61;70;64;67;22;2013;201336;1281
2561;托尼-米切尔;Tony LaShae Mitchell Jr.;4;0;7;55;77;62;68;75;73;70;56;68;63;60;64;70;67;21;2013;201337;1318
2562;内特-沃尔特斯;Nate Wolters;1;0;7;79;62;72;70;70;64;62;65;64;73;61;72;64;68;22;2013;201338;1554
2563;杰夫-维希;Jeff Withey;5;0;7;60;78;53;62;74;77;71;57;68;54;57;63;73;68;23;2013;201339;1546
2564;格兰特-杰瑞特;Grant Jerrett;4;0;6;60;75;59;65;73;69;70;58;68;60;57;63;68;66;20;2013;201340;1893
2565;贾马尔-富兰克林;Jamaal Franklin;2;3;7;62;73;78;78;69;61;61;68;65;79;65;71;64;68;22;2013;201341;982
2566;皮雷-杰克逊;Pierre Jackson;1;0;7;79;61;73;73;74;64;62;65;64;75;63;73;66;70;22;2013;201342;1096
2567;里奇-雷多;Ricky Ledo;2;0;7;55;69;78;78;72;62;61;66;66;78;65;68;65;67;21;2013;201343;1206
2568;迈克-穆斯卡拉;Mike Muscala;5;0;7;58;75;56;59;73;76;73;59;67;56;54;61;73;67;22;2013;201344;1344
2569;马科-托多洛维奇;Marko Todorovic;5;0;7;63;75;54;59;74;77;75;59;67;54;55;61;74;68;21;2013;201345;1500
2570;埃里克-格林;Erick Green;1;2;7;75;60;70;71;71;61;56;65;63;73;61;70;62;66;22;2013;201346;992
2571;劳尔-内托;Raul Neto;1;0;7;76;60;70;71;71;60;60;72;63;73;61;70;66;68;21;2013;201347;1356
2572;莱恩-凯利;Ryan Kelly;4;3;7;55;77;62;64;80;71;69;58;69;62;57;63;71;67;22;2013;201348;1117
2573;埃里克-墨菲;Erik Murphy;4;0;7;58;71;61;70;69;68;71;60;69;62;63;64;67;66;23;2013;201349;1335
2574;詹姆斯-恩尼斯;James Ennis;2;3;7;61;71;76;78;73;61;56;68;66;77;66;70;64;67;23;2013;201350;957
2575;罗梅罗-奥斯比;Romero Osby;4;3;7;56;79;62;65;77;73;75;56;68;62;58;64;72;68;23;2013;201351;820
2576;洛伦佐-布朗;Lorenzo Brown;1;0;7;72;61;69;70;70;60;60;71;63;72;59;68;66;67;23;2013;201352;886
2577;科尔顿-艾弗森;Colton Iverson;5;0;7;60;75;53;57;74;75;76;59;67;54;52;60;74;67;24;2013;201353;783
2578;阿萨兰-卡兹米;Arsalan Kazemi;4;0;7;59;76;62;65;76;73;73;59;68;62;57;64;72;68;23;2013;201354;1113
2579;杰弗瑞-洛文吉;Joffrey Lauvergne;4;5;7;59;71;65;66;72;71;62;58;69;65;59;64;66;65;22;2013;201355;1246
2580;佩顿-希瓦;Peyton Siva;1;0;7;65;58;72;74;72;60;60;65;62;74;64;67;64;65;23;2013;201356;1575
2581;阿莱克斯-奥里亚奇;Alex Oriakhi;4;5;7;60;77;64;67;80;73;73;56;69;64;60;66;73;70;23;2013;201357;813
2582;德肖恩-托马斯;Deshaun Thomas;3;4;7;67;71;69;68;70;63;62;61;66;73;64;68;62;66;22;2013;201358;1502
2583;博扬-杜布列维奇;Bojan Dubljevic;5;4;7;58;75;53;60;72;75;73;58;67;54;55;60;72;66;22;2013;201359;944
2584;扬尼斯-迪马;Janis Timma;3;0;7;61;71;65;71;70;64;63;64;67;71;66;66;64;66;23;2013;201360;934
2585;安德鲁-威金斯;Andrew Wiggins;3;2;10;69;77;74;76;85;68;68;71;79;74;69;75;75;76;19;2014;201401;148
2586;贾巴里-帕克;Jabari Parker;4;3;9;62;79;66;71;76;78;79;56;71;66;65;69;75;72;19;2014;201402;642
2587;乔尔-恩比德;Joel Embiid;5;0;10;64;91;65;72;65;81;85;62;76;64;69;76;77;76;20;2014;201403;100
2588;阿隆-戈登;Aaron Gordon;4;3;9;56;78;72;75;76;74;73;60;71;71;67;70;73;72;19;2014;201404;218
2589;丹特-埃克萨姆;Dante Exum;1;2;7;75;61;70;72;73;63;58;68;64;73;62;71;65;68;19;2014;201405;776
2590;马库斯-斯玛特;Marcus Smart;1;2;8;79;64;71;69;75;60;56;65;63;74;60;72;63;68;20;2014;201406;300
2591;朱利叶斯-兰德尔;Julius Randle;4;5;8;59;76;65;70;79;73;70;58;69;65;63;67;72;70;20;2014;201407;252
2592;尼克-施陶斯卡斯;Nik Stauskas;2;3;7;58;72;75;77;70;63;60;65;66;76;65;69;63;66;21;2014;201408;669
2593;诺阿-冯莱;Noah Vonleh;4;0;6;56;74;61;66;75;71;70;55;65;62;58;62;69;66;19;2014;201409;970
2594;埃尔弗里德-佩顿;Elfrid Payton;1;0;6;66;64;71;71;72;62;61;65;62;74;59;67;64;66;20;2014;201410;1382
2595;道格-麦克德莫特;Doug McDermott;3;4;7;69;71;74;75;71;62;66;63;66;74;67;72;64;69;23;2014;201411;1287
2596;达里奥-沙里奇;Dario Šarić;4;5;8;61;79;65;69;79;70;74;61;72;65;62;68;73;71;20;2014;201412;665
2597;扎克-拉文;Zach LaVine;2;1;9;67;80;80;75;77;49;70;66;77;80;66;76;66;71;19;2014;201413;119
2598;TJ-沃伦;T.J. Warren;3;4;8;67;72;73;79;76;64;70;65;70;73;71;73;69;72;21;2014;201414;318
2599;阿德里安-佩恩;Adreian Payne;4;5;7;60;75;61;68;75;74;72;56;68;62;61;65;71;68;23;2014;201415;1383
2600;约瑟夫-努尔基奇;Jusuf Nurkic;5;0;8;54;66;60;65;78;76;78;64;68;60;57;60;78;69;20;2014;201416;286
2601;詹姆斯-杨;James Young;2;3;6;58;68;75;74;72;60;61;66;63;76;62;67;64;66;19;2014;201417;1590
2602;泰勒-恩尼斯;Tyler Ennis;1;0;6;74;58;72;69;68;59;59;67;61;74;59;69;62;66;20;2014;201418;956
2603;加里-哈里斯;Gary Harris;2;0;6;62;69;75;76;69;60;60;64;63;76;65;69;62;65;20;2014;201419;1012
2604;布鲁诺-卡博克洛;Bruno Caboclo;3;2;6;67;69;70;68;70;61;59;62;63;70;60;66;61;64;19;2014;201420;1901
2605;米奇-麦加里;Mitch McGary;5;4;7;59;75;56;62;72;77;75;56;67;57;57;62;73;68;22;2014;201421;1279
2606;乔丹-亚当斯;Jordan Adams;2;0;6;60;71;73;77;72;60;61;66;64;74;65;68;64;66;20;2014;201422;1586
2607;罗德尼-胡德;Rodney Hood;2;1;8;61;75;79;75;77;60;61;66;71;79;64;72;66;69;22;2014;201423;1050
2608;沙巴兹-内皮尔;Shabazz Napier;1;0;7;77;60;69;67;69;61;60;65;63;72;58;69;63;66;23;2014;201424;1351
2609;克林特-卡佩拉;Clint Capela;5;4;7;56;78;59;67;72;70;82;66;68;59;61;65;75;70;20;2014;201425;535
2610;PJ-海尔斯顿;P.J. Hairston;3;2;6;65;69;71;69;69;59;60;59;63;71;61;66;59;64;22;2014;201426;1025
2611;博格丹-博格达诺维奇;Bogdan Bogdanovic;2;0;7;59;72;77;76;70;60;56;69;66;77;64;70;63;67;22;2014;201427;403
2612;CJ-威尔考克斯;C.J. Wilcox;2;3;7;65;74;78;76;75;62;55;69;67;78;66;73;65;69;24;2014;201428;1514
2613;约什-胡斯蒂斯;Josh Huestis;3;4;7;66;69;68;70;71;60;67;62;65;69;62;66;64;66;23;2014;201429;1051
2614;凯尔-安德森;Kyle Anderson;3;4;7;72;64;74;75;73;63;65;64;65;74;67;71;65;69;21;2014;201430;794
2615;达米恩-英格里斯;Damien Inglis;3;4;6;65;70;69;70;69;60;65;59;63;70;62;66;61;65;19;2014;201431;1596
2616;KJ-麦克丹尼尔斯;KJ McDaniels;2;3;7;54;73;77;74;72;60;58;66;66;77;61;67;63;65;21;2014;201432;1284
2617;乔-哈里斯;Joe Harris;2;3;7;57;74;78;79;75;64;56;67;67;78;66;70;65;68;23;2014;201433;486
2618;科林恩索尼-厄利;Cleanthony Early;3;0;7;67;71;73;72;71;63;61;62;66;73;64;69;63;67;23;2014;201434;954
2619;贾内尔-斯托克斯;Jarnell Stokes;4;5;6;53;73;62;66;76;70;71;54;65;63;57;61;69;65;21;2014;201435;1471
2620;约翰尼-奥布莱恩特;Johnny O'Bryant III;4;0;7;58;76;62;68;76;70;71;56;68;63;61;65;70;67;21;2014;201436;802
2621;德安德鲁-丹尼尔斯;DeAndre Daniels;3;0;7;67;74;75;71;71;62;63;62;66;75;64;71;63;68;22;2014;201437;922
2622;斯潘塞-丁威迪;Spencer Dinwiddie;1;2;8;78;62;72;73;72;62;59;73;64;74;63;72;67;70;21;2014;201438;208
2623;杰拉米-格兰特;Jerami Grant;3;4;6;67;68;72;68;68;61;64;61;62;72;60;66;62;65;20;2014;201439;476
2624;格伦-罗宾逊三世;Glenn Robinson III;3;2;6;65;70;71;69;69;59;63;58;63;71;61;67;60;64;21;2014;201440;591
2625;尼古拉-约基奇;Nikola Jokic;5;3;10;80;81;77;72;80;69;76;65;79;74;72;82;75;78;19;2014;201441;82
2626;尼克-约翰逊;Nick Johnson;1;0;7;78;63;71;69;73;60;61;66;64;74;60;71;65;68;22;2014;201442;1616
2627;沃尔特-塔瓦雷斯;Walter Tavares;5;0;7;58;77;52;59;75;74;72;59;68;54;54;60;72;67;22;2014;201443;1480
2628;马克尔-布朗;Markel Brown;2;0;7;61;73;76;80;72;63;63;67;66;77;68;71;66;69;23;2014;201444;887
2629;德怀特-鲍威尔;Dwight Powell;4;5;8;57;77;63;70;75;75;71;57;68;63;62;65;71;68;23;2014;201445;843
2630;乔丹-克拉克森;Jordan Clarkson;1;2;7;80;65;76;73;76;61;64;72;68;78;64;76;70;73;22;2014;201446;549
2631;拉斯-史密斯;Russ Smith;1;2;7;77;59;68;68;69;63;60;71;63;71;59;68;66;67;23;2014;201447;1448
2632;拉马尔-帕特森;Lamar Patterson;2;3;7;58;73;79;79;75;63;63;68;67;79;67;71;67;70;23;2014;201448;1378
2633;卡梅隆-巴尔斯托;Cameron Bairstow;5;0;7;56;77;53;61;73;73;76;58;68;54;55;60;73;67;24;2014;201449;827
2634;亚历克-布朗;Alec Brown;5;0;7;61;75;54;59;72;73;74;61;67;55;54;61;72;67;22;2014;201450;890
2635;萨纳西斯-阿德托昆博;Thanasis Antetokounmpo;3;2;7;66;73;72;71;74;62;68;61;67;72;63;69;66;68;22;2014;201451;751
2636;瓦西里耶-米西奇;Vasilije Micic;1;0;6;77;59;70;71;70;62;62;69;61;73;61;70;66;68;20;2014;201452;1320
2637;亚历山德罗-金蒂莱;Alessandro Gentile;3;0;7;67;74;71;74;71;64;63;63;66;71;66;70;64;68;22;2014;201453;1102
2638;内马尼亚-丹古比奇;Nemanja Dangubic;2;0;7;61;70;75;76;71;62;56;65;66;76;64;69;62;66;21;2014;201454;920
2639;塞马尔-克里斯顿;Semaj Christon;1;0;7;77;63;72;71;74;64;63;66;65;74;62;71;67;69;22;2014;201455;1157
2640;罗伊-戴文-马布尔;Roy Devyn Marble;2;0;7;61;71;75;80;71;60;59;68;66;76;68;70;64;67;22;2014;201456;919
2641;路易斯-拉贝里;Louis Labeyrie;4;0;7;59;79;63;69;77;73;75;55;69;63;62;67;72;70;22;2014;201457;1173
2642;乔丹-麦克雷;Jordan McRae;2;3;7;64;71;78;75;73;60;57;67;66;78;64;71;64;68;23;2014;201458;1290
2643;泽维尔-泰晤士;Xavier Thames;2;0;7;63;71;79;78;72;61;57;68;66;79;67;72;64;68;23;2014;201459;1487
2644;科里-杰弗森;Cory Jefferson;4;5;7;57;78;62;68;76;74;73;56;68;63;61;65;72;69;24;2014;201460;1090
2645;卡尔-安东尼-唐斯;Karl-Anthony Towns;5;4;10;64;80;70;70;81;79;81;60;79;68;66;74;80;77;20;2015;201501;86
2646;德安吉洛-拉塞尔;D'Angelo Russell;1;2;9;76;67;76;71;73;50;61;65;67;78;62;74;62;68;19;2015;201502;251
2647;贾希尔-奥卡福;Jahlil Okafor;5;4;7;61;82;63;70;79;61;76;61;70;62;65;70;71;70;20;2015;201503;357
2648;克里斯塔普斯-波尔津吉斯;Kristaps Porziņģis;4;5;9;65;81;76;75;78;70;76;62;75;74;69;76;74;75;20;2015;201504;197
2649;马里奥-赫佐尼亚;Mario Hezonja;2;3;8;56;69;78;74;71;62;57;66;63;78;61;67;63;65;20;2015;201505;499
2650;威利-考利-斯坦;Willie Cauley-Stein;5;0;7;56;73;58;68;80;79;80;63;68;58;61;63;80;72;22;2015;201506;1129
2651;伊曼纽尔-穆迪埃;Emmanuel Mudiay;1;2;7;76;68;77;76;74;50;59;71;66;79;66;76;64;71;19;2015;201507;630
2652;斯坦利-约翰逊;Stanley Johnson;3;2;7;64;68;72;69;71;60;67;59;63;72;61;66;63;65;19;2015;201508;1617
2653;弗兰克-卡明斯基;Frank Kaminsky;5;0;7;60;71;68;67;72;75;74;60;66;66;61;66;73;70;22;2015;201509;534
2654;贾斯蒂斯-温斯洛;Justise Winslow;3;4;8;64;71;65;64;74;65;59;74;66;66;56;63;68;66;19;2015;201510;1550
2655;迈尔斯-特纳;Myles Turner;5;4;8;53;64;57;60;80;77;70;61;66;58;53;56;75;66;19;2015;201511;307
2656;特雷-莱尔斯;Trey Lyles;4;0;7;55;73;60;67;76;69;70;57;65;61;59;61;69;65;20;2015;201512;1183
2657;德文-布克;Devin Booker;2;3;10;73;79;83;82;82;50;66;68;76;83;74;81;67;75;19;2015;201513;94
2658;卡梅隆-佩恩;Cameron Payne;1;2;7;76;59;70;71;72;61;61;72;63;73;61;70;67;69;21;2015;201514;647
2659;凯利-乌布雷;Kelly Oubre Jr.;3;4;8;68;70;73;70;70;63;60;59;65;73;63;69;61;66;20;2015;201515;319
2660;特里-罗齐尔;Terry Rozier;1;0;7;76;62;70;70;69;59;59;65;63;73;60;70;62;66;21;2015;201516;595
2661;拉沙德-沃恩;Rashad Vaughn;2;3;6;60;69;73;74;70;58;56;67;63;74;62;67;62;64;19;2015;201517;2210
2662;萨姆-德克尔;Sam Dekker;3;4;7;65;72;70;73;69;62;63;60;66;70;65;68;62;66;21;2015;201518;931
2663;杰里安-格兰特;Jerian Grant;1;0;8;75;58;71;68;72;61;59;71;63;74;58;69;66;68;23;2015;201519;1808
2664;德隆-莱特;Delon Wright;1;0;7;75;57;71;72;73;58;59;70;63;74;61;70;65;68;23;2015;201520;1190
2665;贾斯汀-安德森;Justin Anderson;3;0;7;67;70;72;75;70;61;66;62;65;72;67;70;63;68;22;2015;201521;793
2666;鲍比-波蒂斯;Bobby Portis;4;0;6;57;75;58;66;75;70;70;56;65;59;58;61;69;65;20;2015;201522;390
2667;朗戴-霍利斯-杰弗森;Rondae Hollis-Jefferson;3;2;7;67;73;72;75;69;63;66;63;66;72;67;71;64;68;21;2015;201523;518
2668;泰尔斯-琼斯;Tyus Jones;1;0;6;73;61;72;69;70;58;58;70;61;74;59;69;64;67;19;2015;201524;656
2669;贾瑞尔-马丁;Jarell Martin;4;0;7;54;78;59;68;76;69;69;58;68;60;60;63;69;66;21;2015;201525;1251
2670;尼古拉-米卢蒂诺夫;Nikola Milutinov;5;0;7;62;74;57;61;76;77;78;59;68;58;56;63;76;70;21;2015;201526;1315
2671;拉里-南斯二世;Larry Nance Jr.;4;0;7;57;76;61;65;77;71;70;56;68;62;58;63;70;67;23;2015;201527;636
2672;RJ-亨特;R. J. Hunter;2;0;7;61;75;77;79;70;61;59;65;66;77;68;72;63;67;22;2015;201528;1851
2673;克里斯-麦卡洛;Chris McCullough;4;5;6;57;77;59;64;76;70;72;55;66;60;57;62;70;66;20;2015;201529;2012
2674;凯文-卢尼;Kevon Looney;4;5;7;53;73;59;66;76;71;72;55;65;60;57;60;70;65;19;2015;201530;586
2675;赛迪-奥斯曼;Cedi Osman;3;0;6;63;69;69;71;71;59;65;61;63;70;62;66;62;65;20;2015;201531;359
2676;蒙特雷斯-哈雷尔;Montrezl Harrell;4;5;6;57;81;59;63;79;69;79;55;67;60;56;63;73;68;22;2015;201532;485
2677;乔丹-米基;Jordan Mickey;4;0;7;56;78;61;65;74;72;70;54;68;62;58;63;69;66;21;2015;201533;1312
2678;安东尼-布朗;Anthony Brown;3;0;7;66;74;71;74;74;61;68;62;67;71;66;70;66;69;23;2015;201534;2830
2679;吉尔雷默-赫南戈麦斯;Willy Hernangómez;4;0;7;54;74;63;67;75;72;69;56;67;63;59;63;69;66;21;2015;201535;774
2680;拉基姆-克里斯玛斯;Rakeem Christmas;4;0;7;58;79;62;68;79;73;75;57;69;63;61;66;74;70;24;2015;201536;1158
2681;理查恩-福尔摩斯;Richaun Holmes;4;0;7;58;78;60;66;75;73;72;58;68;61;59;64;71;68;22;2015;201537;519
2682;达伦-希拉德二世;Darrun Hilliard;2;3;7;62;75;77;77;73;62;63;66;67;77;66;71;66;69;22;2015;201538;2233
2683;胡安-包莱特;Juan Vaulet;3;0;6;66;69;71;72;68;59;65;58;63;71;64;67;60;65;19;2015;201539;1702
2684;约什-理查德森;Josh Richardson;2;0;7;67;75;79;74;72;57;65;68;67;79;65;73;65;69;22;2015;201540;259
2685;帕特-康诺顿;Pat Connaughton;2;0;7;61;70;80;77;73;60;56;68;66;80;65;71;64;68;23;2015;201541;1127
2686;奥利维尔-汉兰;Olivier Hanlan;1;0;7;76;59;73;73;69;58;57;67;63;75;63;71;62;67;22;2015;201542;1033
2687;约瑟夫-杨;Joseph Young;1;0;7;75;58;71;72;71;58;60;65;63;74;61;70;63;67;23;2015;201543;2254
2688;安德鲁-哈里森;Andrew Harrison;1;0;7;76;59;71;72;72;60;60;70;63;74;62;70;66;68;21;2015;201544;1825
2689;马库斯-桑顿;Marcus Alexander Thornton;1;2;7;76;64;74;75;74;61;64;66;65;76;65;73;66;70;22;2015;201545;3033
2690;诺曼-鲍威尔;Norman Powell;2;0;7;59;72;76;77;70;64;55;69;66;77;65;69;64;67;22;2015;201546;844
2691;奥图拉斯-古戴蒂斯;Artūras Gudaitis;4;0;7;57;79;60;70;77;75;75;59;69;61;62;65;74;70;22;2015;201547;1819
2692;达卡里-约翰逊;Dakari Johnson;4;0;6;57;75;62;64;76;68;69;54;65;63;57;63;68;65;20;2015;201548;2260
2693;阿隆-怀特;Aaron White;3;4;7;66;72;72;73;69;61;62;61;66;72;65;69;61;66;21;2015;201549;1860
2694;马库斯-埃里克森;Marcus Eriksson;2;0;7;64;74;76;77;70;63;63;69;66;77;67;72;66;69;22;2015;201550;1650
2695;泰勒-哈维;Tyler Harvey;2;0;7;58;74;78;79;72;63;63;65;67;78;67;71;65;68;22;2015;201551;1836
2696;萨特南-辛格-巴马拉;Satnam Singh Bhamara;5;0;6;59;75;53;61;73;73;74;59;65;54;56;61;72;67;19;2015;201552;2239
2697;多米尼克-庞特;Dominic Pointer;2;3;7;56;74;78;80;74;60;60;66;67;78;67;70;64;68;23;2015;201553;2073
2698;丹尼尔-迪亚兹;Daniel Diez;3;0;7;68;71;73;70;73;63;68;64;66;73;63;70;67;69;22;2015;201554;939
2699;卡迪-拉朗;Cady Lalanne;5;0;7;57;75;55;58;72;76;75;57;67;56;53;60;73;67;23;2015;201555;2831
2700;布兰登-道森;Branden Dawson;3;0;7;70;71;70;70;71;64;63;61;66;70;63;69;63;67;22;2015;201556;1765
2701;尼古拉-拉蒂切维奇;Nikola Radičević;5;0;7;58;74;53;57;76;72;77;57;68;54;52;59;74;67;22;2015;201557;2832
2702;JP-托克托;J.P. Tokoto;3;0;7;69;70;74;71;74;62;69;63;66;74;64;70;67;69;22;2015;201558;2166
2703;迪米特里奥斯-阿格拉瓦尼斯;Dimitrios Agravanis;4;0;7;56;74;62;64;75;71;70;54;67;63;56;62;69;65;21;2015;201559;1639
2704;卢卡-米特洛维奇;Luka Mitrovic;4;0;7;56;78;65;67;76;74;73;58;68;65;59;65;72;69;22;2015;201560;2039
2705;本-西蒙斯;Ben Simmons;3;4;10;84;82;50;60;80;70;71;70;79;54;58;68;74;72;20;2016;201601;156
2706;布兰登-英格拉姆;Brandon Ingram;3;0;10;69;79;74;77;79;62;66;65;78;74;70;76;68;73;19;2016;201602;162
2707;杰伦-布朗;Jaylen Brown;2;3;10;70;72;79;76;77;64;60;68;75;79;67;75;68;72;20;2016;201603;96
2708;德拉甘-本德尔;Dragan Bender;4;5;7;58;76;62;68;80;71;72;60;69;63;61;65;73;69;19;2016;201604;387
2709;克里斯-邓恩;Kris Dunn;1;0;8;77;67;74;74;75;61;64;75;68;76;65;74;71;73;22;2016;201605;438
2710;巴迪-希尔德;Buddy Hield;2;0;8;63;75;78;75;73;60;67;68;70;78;65;72;67;70;24;2016;201606;720
2711;贾马尔-穆雷;Jamal Murray;2;0;9;69;70;80;77;75;60;67;69;71;80;67;75;68;72;19;2016;201607;282
2712;马奎斯-克里斯;Marquese Chriss;4;0;6;57;75;62;63;75;70;72;56;65;63;56;62;70;66;19;2016;201608;1154
2713;雅各布-珀尔特尔;Jakob Poeltl;5;0;7;59;74;54;57;74;73;73;59;67;55;52;60;72;66;21;2016;201609;650
2714;索恩-梅克;Thon Maker;4;0;7;55;77;61;65;77;68;72;53;66;62;57;62;69;66;19;2016;201610;615
2715;多曼塔斯-萨博尼斯;Domantas Sabonis;4;5;9;59;77;60;68;77;72;73;58;74;61;61;66;72;69;20;2016;201611;141
2716;托里恩-普林斯;Taurean Prince;4;0;7;55;78;64;66;79;72;75;58;69;64;58;65;73;69;22;2016;201612;291
2717;乔治斯-帕帕扬尼斯;Georgios Papagiannis;5;0;6;58;77;53;59;73;74;75;61;65;54;54;60;73;67;19;2016;201613;1377
2718;丹泽尔-瓦伦丁;Denzel Valentine;2;0;7;59;74;77;75;71;61;55;70;66;77;64;70;64;67;23;2016;201614;703
2719;胡安-埃尔南戈麦斯;Juan Hernangómez;3;4;7;65;72;69;72;72;60;66;61;66;70;64;68;64;67;21;2016;201615;773
2720;盖尔雄-亚布塞莱;Guerschon Yabusele;4;0;7;57;75;61;68;75;70;71;58;68;62;60;64;70;67;21;2016;201616;1584
2721;韦德-鲍德温;Wade Baldwin;1;0;6;73;59;72;72;70;61;60;72;61;74;61;69;66;68;20;2016;201617;839
2722;亨利-埃伦森;Henry Ellenson;4;0;6;57;77;60;66;77;68;71;56;66;61;59;63;69;66;20;2016;201618;1652
2723;马利克-比斯利;Malik Beasley;2;0;6;62;72;73;75;69;62;60;65;63;74;64;68;63;66;20;2016;201619;194
2724;卡里斯-勒夫特;Caris LeVert;2;0;7;62;74;79;78;73;65;62;66;67;79;67;72;66;70;22;2016;201620;576
2725;德安德鲁-本布里;DeAndre' Bembry;3;0;7;68;73;72;74;73;62;67;61;67;72;66;71;65;69;22;2016;201621;386
2726;马拉奇-理查德森;Malachi Richardson;2;0;6;57;68;77;75;68;60;57;64;62;77;62;67;61;64;21;2016;201622;1967
2727;安特-日日奇;Ante Žižić;5;0;6;60;77;53;62;75;73;73;62;65;54;57;62;73;68;20;2016;201623;2105
2728;蒂莫泰-卢瓦乌-卡巴罗;Timothe Luwawu-Cabarrot;2;3;8;64;75;76;76;76;56;60;63;70;77;66;72;63;68;21;2016;201624;1227
2729;布莱斯-约翰逊;Brice Johnson;4;0;7;54;74;60;67;75;71;70;58;67;61;59;62;70;66;22;2016;201625;1609
2730;富尔坎-科尔克马兹;Furkan Korkmaz;2;3;7;62;73;74;74;73;63;62;66;67;75;63;69;66;67;19;2016;201626;1133
2731;帕斯卡尔-西亚卡姆;Pascal Siakam;4;0;9;65;79;75;77;79;74;71;58;75;73;71;76;73;74;22;2016;201627;157
2732;斯卡尔-拉比西埃;Skal Labissière;4;5;6;55;74;61;67;76;68;68;56;65;62;59;62;68;65;20;2016;201628;1938
2733;德章泰-默里;Dejounte Murray;1;2;9;76;61;70;69;72;62;59;72;62;73;59;69;67;68;20;2016;201629;281
2734;达米安-琼斯;Damian Jones;5;0;7;60;78;55;63;78;76;76;61;69;56;58;64;76;70;21;2016;201630;1411
2735;德永塔-戴维斯;Deyonta Davis;4;5;6;55;76;61;66;77;71;70;56;66;62;58;63;70;66;20;2016;201631;917
2736;伊维察-祖巴茨;Ivica Zubac;5;0;7;60;77;55;62;77;75;73;60;66;56;57;62;74;69;19;2016;201632;747
2737;谢赫-迪亚洛;Cheick Diallo;4;5;6;56;76;60;65;75;68;68;54;65;61;57;61;67;64;20;2016;201633;1778
2738;泰勒-尤利斯;Tyler Ulis;1;0;6;76;59;70;70;69;62;62;71;61;73;60;69;66;68;21;2016;201634;1601
2739;拉德-扎戈拉茨;Rade Zagorac;2;3;6;59;72;77;74;72;59;55;64;64;77;63;69;61;65;20;2016;201635;1625
2740;马尔科姆-布罗格登;Malcolm Brogdon;1;2;9;71;75;78;76;75;60;61;71;70;80;66;76;68;72;24;2016;201636;202
2741;齐纳努-奥努阿库;Chinanu Onuaku;4;5;6;56;73;62;64;77;69;72;54;65;63;56;61;69;65;20;2016;201637;819
2742;帕特里克-麦考;Patrick McCaw;2;3;7;60;73;74;74;70;59;55;67;66;75;63;68;62;65;21;2016;201638;610
2743;大卫-米西诺;David Michineau;1;0;7;77;64;74;72;73;64;64;67;65;76;63;73;67;70;22;2016;201639;1319
2744;戴蒙德-斯通;Diamond Stone;4;5;6;53;76;62;65;73;72;69;55;65;63;57;61;68;65;19;2016;201640;1469
2745;斯蒂芬-齐默尔曼;Stephen Zimmerman;4;5;6;53;74;59;63;73;72;71;54;64;60;55;59;69;64;20;2016;201641;2095
2746;伊塞亚-怀特海德;Isaiah Whitehead;1;2;7;77;61;71;73;71;61;62;66;64;74;63;72;64;68;21;2016;201642;1063
2747;周琦;Zhou Qi;5;4;8;61;75;54;58;76;74;73;62;70;55;53;61;74;68;21;2016;201643;338
2748;伊萨亚-科尔迪尼耶;Isaia Cordinier;2;0;6;54;70;77;73;69;58;59;64;63;77;60;66;61;64;20;2016;201644;1919
2749;迪米特里厄斯-杰克逊;Demetrius Jackson;2;0;7;64;75;76;78;75;61;63;66;68;77;68;73;66;70;22;2016;201645;1093
2750;AJ-哈蒙斯;A.J. Hammons;5;0;7;61;77;53;59;76;74;78;59;68;54;55;61;75;69;24;2016;201646;1018
2751;杰克-莱曼;Jake Layman;3;0;7;66;70;74;73;74;61;66;62;66;74;65;69;65;68;22;2016;201647;1949
2752;保罗-齐普泽;Paul Zipser;2;3;7;64;73;79;76;75;64;63;68;67;79;66;73;68;70;22;2016;201648;1403
2753;迈克尔-贝纳杰;Michael Gbinije;3;0;7;69;71;73;73;72;63;64;64;66;73;66;71;65;69;24;2016;201649;1707
2754;乔治-尼昂;Georges Niang;4;0;7;58;77;63;66;77;71;72;59;69;63;59;65;71;68;23;2016;201650;1357
2755;本-本蒂尔;Ben Bentil;4;0;7;57;75;60;65;75;69;72;55;68;61;58;63;69;66;21;2016;201651;1712
2756;乔尔-博伦博伊;Joel Bolomboy;4;5;7;55;77;65;65;78;73;73;58;69;65;57;64;73;69;23;2016;201652;868
2757;彼得-科尔纳利;Petr Cornelie;4;0;7;55;74;63;64;75;69;71;56;67;63;56;62;69;66;21;2016;201653;1920
2758;凯-费尔德;Kay Felder;1;0;7;75;59;73;70;73;61;61;67;63;75;60;70;65;68;21;2016;201654;964
2759;马库斯-佩奇;Marcus Paige;1;0;7;78;64;71;71;71;62;62;69;64;74;62;72;66;69;23;2016;201655;1387
2760;丹尼尔-汉密尔顿;Daniel Hamilton;2;3;7;57;71;78;75;72;60;54;66;66;78;63;69;62;66;21;2016;201656;1034
2761;王哲林;Wang Zhelin;5;4;8;62;73;54;59;76;77;71;61;70;55;54;61;74;68;22;2016;201657;309
2762;阿卜杜勒-纳迪尔;Abdel Nader;3;0;7;68;70;72;72;74;64;66;62;66;72;64;69;66;69;23;2016;201658;2053
2763;以赛亚-考辛斯;Isaiah Cousins;1;2;7;74;59;69;69;71;60;61;67;63;72;59;68;64;66;22;2016;201659;1130
2764;泰隆-华莱士;Tyrone Wallace;1;0;7;74;58;70;69;69;58;60;73;62;73;59;68;66;67;22;2016;201660;1052
2765;马克尔-富尔茨;Markelle Fultz;2;1;9;80;77;78;76;76;68;60;72;73;78;70;79;70;75;19;2017;201701;215
2766;朗佐-鲍尔;Lonzo Ball;1;2;9;79;69;74;69;74;63;70;74;70;76;61;74;72;73;20;2017;201702;191
2767;杰森-塔图姆;Jayson Tatum;3;2;10;65;80;77;77;83;60;69;68;80;76;69;76;71;74;19;2017;201703;146
2768;约什-杰克逊;Josh Jackson;2;3;8;68;78;70;75;79;64;66;65;72;72;66;71;69;70;20;2017;201704;531
2769;达龙-福克斯;De’Aaron Fox;1;2;10;79;75;77;76;81;55;60;63;77;79;68;79;65;73;20;2017;201705;102
2770;乔纳森-艾萨克;Jonathan Isaac;4;3;8;60;71;68;74;78;68;73;79;72;68;66;69;76;72;20;2017;201706;349
2771;劳里-马尔卡宁;Lauri Markkanen;4;3;8;56;77;81;78;74;60;71;58;70;78;69;74;66;69;20;2017;201707;269
2772;弗朗克-尼利基纳;Frank Ntilikina;1;0;7;70;72;74;78;76;50;54;63;67;76;67;74;60;68;19;2017;201708;1360
2773;丹尼斯-史密斯;Dennis Smith Jr.;1;0;7;67;74;69;75;74;47;68;64;67;72;64;70;63;67;20;2017;201709;670
2774;扎克-科林斯;Zach Collins;4;5;7;56;73;74;77;73;61;76;53;67;72;68;69;66;68;20;2017;201710;545
2775;马利克-蒙克;Malik Monk;2;1;7;68;81;73;76;73;47;49;68;66;74;67;73;58;66;19;2017;201711;617
2776;卢克-肯纳德;Luke Kennard;2;3;7;63;78;85;82;73;54;59;62;68;84;71;77;61;70;21;2017;201712;555
2777;多诺万-米切尔;Donovan Mitchell;2;3;9;72;76;79;81;79;71;65;69;77;79;72;78;72;76;21;2017;201713;131
2778;埃德里斯-阿德巴约;Bam Adebayo;5;4;9;61;81;58;75;83;70;81;60;80;58;70;71;77;75;20;2017;201714;167
2779;贾斯廷-杰克逊;Justin Jackson;3;2;6;62;75;66;72;73;50;60;59;65;67;63;66;58;63;22;2017;201715;1094
2780;贾斯汀-巴顿;Justin Patton;5;4;8;52;71;50;60;75;61;75;56;69;52;53;57;68;62;20;2017;201716;363
2781;DJ-威尔森;D.J. Wilson;4;3;6;52;72;70;78;74;62;72;53;64;69;67;66;65;66;21;2017;201717;1517
2782;TJ-利夫;T.J. Leaf;4;3;6;62;77;72;72;65;66;69;61;63;71;65;70;64;67;20;2017;201718;1968
2783;约翰-科林斯;John Collins;4;5;9;50;81;76;78;79;62;79;56;76;74;68;73;71;72;20;2017;201719;248
2784;哈里斯-吉尔斯三世;Harry Giles III;4;3;7;51;73;53;68;71;62;76;61;66;55;59;58;68;63;19;2017;201720;1087
2785;特伦斯-弗格森;Terrance Ferguson;2;3;6;62;72;65;68;71;57;60;63;64;67;58;63;61;62;19;2017;201721;1789
2786;贾莱特-阿伦;Jarrett Allen;5;4;9;52;79;60;70;79;80;81;50;75;60;63;66;78;73;19;2017;201722;342
2787;OG-阿奴诺比;OG Anunoby;3;4;9;65;71;75;74;77;61;68;63;72;75;65;71;67;70;20;2017;201723;344
2788;泰勒-莱登;Tyler Lydon;4;3;6;61;65;53;61;68;62;70;65;62;55;54;56;65;61;21;2017;201724;1945
2789;安热伊斯-帕塞奇尼克斯;Anžejs Pasečņiks;5;0;7;79;61;73;73;74;64;62;65;64;70;73;72;65;68;22;2017;201725;2069
2790;凯莱布-斯瓦尼根;Caleb Swanigan;4;5;6;60;77;60;64;77;62;74;59;66;61;58;63;69;66;20;2017;201726;2150
2791;凯尔-库兹马;Kyle Kuzma;4;3;8;60;76;69;72;81;67;69;61;72;68;65;70;71;70;22;2017;201727;562
2792;托尼-布拉德利;Tony Bradley;5;4;6;52;77;54;57;76;60;76;53;66;55;51;58;67;63;20;2017;201728;1730
2793;德里克-怀特;Derrick White;1;2;7;80;79;82;79;73;48;56;66;68;83;71;83;60;73;23;2017;201729;507
2794;约什-哈特;Josh Hart;2;0;7;71;77;76;79;76;56;75;70;68;77;70;75;70;73;22;2017;201730;493
2795;弗兰克-杰克逊;Frank Jackson;1;2;6;61;55;60;63;67;49;60;64;60;64;51;56;59;57;19;2017;201731;1891
2796;达文-里德;Davon Reed;1;2;6;64;53;61;59;68;50;62;67;60;65;48;56;61;59;22;2017;201732;1962
2797;韦斯利-艾旺杜;Wesley Iwundu;2;3;6;64;74;72;66;72;45;64;61;64;73;57;67;59;63;23;2017;201733;1668
2798;弗兰克-梅森;Frank Mason III;1;0;7;79;61;73;73;74;64;62;65;64;75;71;74;66;70;23;2017;201734;2029
2799;伊凡-拉布;Ivan Rabb;4;3;6;58;70;53;63;70;62;67;57;63;55;56;58;63;60;20;2017;201734;1939
2800;乔纳-博尔登;Jonah Bolden;3;4;6;59;60;61;61;74;74;70;64;62;63;52;56;71;64;22;2017;201736;402
2801;谢米-奥杰莱;Semi Ojeleye;4;5;6;57;71;52;54;77;62;73;61;65;54;47;55;69;62;23;2017;201737;1682
2802;乔丹-贝尔;Jordan Bell;4;3;8;69;80;50;62;78;64;75;59;72;53;58;64;70;67;23;2017;201738;380
2803;贾旺-埃文斯;Jawun Evans;1;0;6;63;56;68;67;65;53;57;62;60;71;54;62;57;60;21;2017;201739;1656
2804;德维恩-培根;Dwayne Bacon;2;3;6;55;69;72;71;73;53;57;60;63;73;59;64;59;62;21;2017;201740;2074
2805;泰勒-多尔西;Tyler Dorsey;1;2;6;57;62;68;70;72;58;67;63;62;71;56;62;64;63;21;2017;201741;1781
2806;托马斯-布莱恩特;Thomas Bryant;5;0;7;57;75;56;57;81;89;68;56;66;57;52;60;79;70;20;2017;201742;875
2807;以赛亚-哈尔腾施泰因;Isaiah Hartenstein;4;0;7;59;78;62;71;77;71;74;58;71;63;64;67;72;70;19;2017;201743;484
2808;丹伊恩-多特森;Damyean Dotson;2;3;6;66;73;71;68;69;56;61;63;63;72;59;67;61;64;23;2017;201744;1783
2809;狄龙-布鲁克斯;Dillon Brooks;3;4;8;56;73;69;68;75;71;58;73;70;70;58;64;69;68;22;2017;201745;418
2810;斯特林-布朗;Sterling Brown;2;3;7;60;74;80;82;67;45;57;69;65;80;70;73;58;66;22;2017;201746;888
2811;伊凯-阿宁博古;Ike Anigbogu;5;4;6;57;72;56;57;73;67;69;58;64;57;51;58;67;63;19;2017;201747;1645
2812;辛达理厄斯-桑威尔;Sindarius Thornwell;2;1;6;60;61;62;61;68;52;53;60;61;65;51;57;55;56;23;2017;201748;1439
2813;弗拉特科-钱茶尔;Vlatko Čančar;3;4;6;53;70;64;68;65;61;62;60;62;65;57;59;60;60;20;2017;201749;653
2814;马蒂亚斯-莱索特;Mathias Lessort;4;0;7;55;77;65;65;76;79;73;67;69;65;57;64;76;70;22;2017;201750;2953
2815;蒙特-莫里斯;Monte Morris;1;0;7;76;79;79;76;76;53;58;69;69;80;67;79;65;72;22;2017;201751;1331
2816;艾德蒙-萨姆纳;Edmond Sumner;2;1;6;61;64;67;62;68;57;60;59;62;69;52;60;59;59;22;2017;201752;1430
2817;卡迪姆-阿伦;Kadeem Allen;1;2;6;62;67;65;68;70;59;58;64;63;68;56;63;61;62;25;2017;201753;1642
2818;亚力克-彼得斯;Alec Peters;3;4;6;62;71;57;59;70;64;63;60;63;60;52;58;63;61;22;2017;201754;2997
2819;杰朗-布洛瑟盖姆;Jaron Blossomgame;3;2;6;61;68;60;62;73;62;64;57;63;62;54;58;62;61;24;2017;201754;1748
2820;奈杰尔-威廉姆斯-戈斯;Nigel Williams-Goss;1;0;6;67;65;62;67;67;60;54;62;62;66;56;63;58;61;23;2017;201755;2187
2821;贾巴里-伯德;Jabari Bird;2;0;6;59;67;68;67;70;59;57;63;63;70;56;62;61;61;23;2017;201756;1723
2822;萨沙-韦津科夫;Sasha Vezenkov;4;0;7;64;73;79;76;75;64;63;68;67;79;66;74;67;70;22;2017;201757;2942
2823;奥格年-亚拉马兹;Ognjen Jaramaz;1;0;6;59;67;68;67;70;59;57;63;63;70;56;62;61;62;22;2017;201758;2974
2824;阿尔法-卡巴;Alpha Kaba;4;5;7;60;75;61;68;75;74;72;56;68;62;61;65;71;68;21;2017;201760;3379
2825;德安德烈-艾顿;Deandre Ayton;5;4;9;68;80;61;68;80;75;82;61;76;61;65;71;79;75;20;2018;201801;173
2826;马文-巴格利;Marvin Bagley;4;5;8;54;74;69;73;79;73;74;53;71;68;64;67;72;70;19;2018;201802;183
2827;卢卡-东契奇;Luka Dončić;3;1;10;83;80;75;79;80;60;69;67;79;75;76;82;70;77;19;2018;201803;28
2828;小贾伦-杰克逊;Jaren Jackson Jr.;4;0;9;50;76;73;74;79;84;79;63;74;72;64;69;80;75;19;2018;201804;242
2829;特雷-杨;Trae Young;1;2;9;80;79;83;81;80;55;58;61;78;84;73;85;63;75;20;2018;201805;160
2830;穆罕默德-班巴;Mohamed Bamba;5;0;8;51;75;76;67;73;78;83;54;70;73;59;67;77;72;20;2018;201806;372
2831;温德尔-卡特;Wendell Carter Jr.;5;4;8;57;77;68;69;78;82;83;47;71;66;63;68;79;74;19;2018;201807;245
2832;科林-塞克斯顿;Collin Sexton;1;2;8;73;78;76;78;74;50;59;62;71;78;68;77;60;70;20;2018;201808;663
2833;凯文-诺克斯;Kevin Knox;3;0;7;68;68;66;64;75;69;63;64;66;67;57;64;67;67;19;2018;201809;1366
2834;米卡尔-布里奇斯;Mikal Bridges;3;0;8;55;75;69;71;76;68;63;73;70;70;61;66;71;69;22;2018;201810;415
2835;谢伊-吉尔杰斯-亚历山大;Shai Gilgeous-Alexander;2;1;9;75;76;78;75;80;59;63;66;74;78;68;77;67;73;20;2018;201811;112
2836;迈尔斯-布里奇斯;Miles Bridges;3;4;9;65;73;69;68;77;61;68;63;70;70;60;67;67;68;20;2018;201812;201
2837;杰罗姆-罗宾逊;Jerome Robinson;2;1;6;57;70;58;63;70;56;57;67;63;61;53;57;61;59;21;2018;201813;1980
2838;迈克尔-波特;Michael Porter Jr.;4;3;6;58;72;58;71;70;64;67;56;63;59;63;62;64;63;20;2018;201814;396
2839;特洛伊-布朗;Troy Brown;3;2;7;62;76;70;71;76;54;62;57;68;70;63;68;60;65;19;2018;201815;889
2840;扎伊尔-史密斯;Zhaire Smith;1;2;6;67;64;70;67;72;59;57;65;62;73;56;66;62;64;19;2018;201816;2131
2841;唐特-迪温琴佐;Donte DiVincenzo;2;0;8;67;70;72;75;74;56;64;76;68;73;65;70;69;69;22;2018;201817;443
2842;朗尼-沃克;Lonnie Walker;2;1;6;61;63;69;67;69;53;54;69;62;71;56;62;60;61;20;2018;201818;2214
2843;凯文-赫尔特;Kevin Huerter;2;3;7;66;72;80;75;68;51;63;72;65;80;65;73;63;68;20;2018;201819;497
2844;约什-奥科吉;Josh Okogie;2;3;6;59;71;65;65;70;59;64;64;63;67;55;61;63;62;20;2018;201820;808
2845;格雷森-阿伦;Grayson Allen;2;0;7;68;72;78;78;78;57;64;68;68;78;68;74;67;71;23;2018;201821;761
2846;钱德勒-哈奇森;Chandler Hutchison;3;4;6;62;67;62;61;69;61;59;65;62;64;53;59;62;61;22;2018;201822;1830
2847;阿龙-霍乐迪;Aaron Holiday;1;2;7;71;75;77;65;77;45;50;74;68;79;56;72;63;68;22;2018;201823;515
2848;安芬尼-西蒙斯;Anfernee Simons;2;1;9;72;76;75;68;75;51;62;67;70;76;61;72;63;68;19;2018;201824;323
2849;莫里茨-瓦格纳;Moritz Wagner;4;5;7;53;72;61;62;71;60;61;51;66;62;54;59;59;59;21;2018;201825;2176
2850;兰德里-沙梅特;Landry Shamet;1;2;6;69;70;75;71;72;45;60;75;63;77;60;71;65;68;21;2018;201826;1441
2851;罗伯特-威廉姆斯;Robert Williams;4;0;8;57;74;53;61;79;73;78;61;68;55;54;58;76;67;21;2018;201827;314
2852;雅各布-埃文斯;Jacob Evans;2;0;6;53;61;62;63;70;53;57;53;61;65;51;55;55;55;21;2018;201828;1657
2853;扎南-穆萨;Dzanan Musa;2;3;6;68;68;70;70;62;59;63;60;61;72;61;67;58;63;19;2018;201829;1343
2854;奥马里-斯佩尔曼;Omari Spellman;4;0;6;57;74;61;69;69;73;73;50;64;62;61;63;67;65;21;2018;201830;2145
2855;埃利-奥科博;Elie Okobo;2;3;6;65;63;65;61;70;63;62;61;62;67;52;60;62;61;21;2018;201831;1683
2856;杰文-卡特;Jevon Carter;1;0;6;62;63;67;65;73;54;58;63;62;70;53;62;61;61;23;2018;201832;1912
2857;杰伦-布伦森;Jalen Brunson;1;0;8;70;71;75;73;70;59;69;60;68;77;63;73;63;68;22;2018;201833;419
2858;德文特-格雷厄姆;Devonte' Graham;1;2;8;69;71;74;70;76;57;59;63;69;76;60;71;63;68;23;2018;201834;220
2859;梅尔文-弗雷泽;Melvin Frazier;3;2;6;59;61;62;64;72;61;63;62;62;64;54;58;63;61;22;2018;201835;1793
2860;米切尔-罗宾逊;Mitchell Robinson;5;0;9;55;83;55;60;81;80;81;55;77;56;55;64;80;73;20;2018;201836;263
2861;小加里-特伦特;Gary Trent Jr.;2;0;7;59;71;75;72;70;57;61;67;66;76;61;67;63;65;20;2018;201837;1493
2862;凯里-托马斯;Khyri Thomas;2;0;6;67;70;69;71;69;62;61;61;63;71;62;67;61;64;22;2018;201838;2169
2863;伊萨卡-邦加;Issac Bonga;2;0;6;62;64;65;63;68;62;65;61;62;67;53;60;62;61;19;2018;201839;373
2864;罗季翁斯-库鲁茨;Rodions Kurucs;3;4;6;64;75;66;70;73;69;67;67;65;67;62;66;69;69;20;2018;201840;559
2865;贾里德-范德比尔特;Jarred Vanderbilt;4;0;7;58;71;59;62;76;71;73;60;67;60;55;60;72;66;19;2018;201841;960
2866;布鲁斯-布朗;Bruce Brown;2;0;7;60;62;67;64;70;57;59;61;62;69;53;60;60;60;22;2018;201842;1739
2867;贾斯汀-杰克逊;Justin Nicholas Jackson;4;0;6;57;69;53;60;70;62;66;57;63;55;53;56;63;59;21;2018;201843;1892
2868;伊苏夫-撒农;Issuf Sanon;1;0;6;62;63;57;59;62;59;57;60;60;61;48;56;56;56;19;2018;201844;2833
2869;哈米杜-迪亚洛;Hamidou Diallo;2;1;7;67;79;64;77;78;62;67;77;69;66;68;69;73;71;20;2018;201845;937
2870;德安东尼-梅尔顿;De'Anthony Melton;1;2;8;61;62;64;61;70;57;54;63;62;67;50;59;59;59;20;2018;201846;1300
2871;斯维亚托斯拉夫-米哈伊柳克;Sviatoslav Mykhailiuk;3;0;6;53;70;62;64;72;63;65;58;63;64;54;58;63;61;21;2018;201847;2032
2872;凯塔-贝茨-迪奥普;Keita Bates-Diop;3;0;6;67;72;69;69;71;60;63;62;64;70;62;67;62;66;23;2018;201848;847
2873;奇梅齐耶-梅图;Chimezie Metu;4;0;6;56;75;62;67;74;68;72;54;65;63;59;63;68;65;21;2018;201849;1305
2874;阿利兹-约翰逊;Alize Johnson;4;3;6;57;74;58;65;76;70;71;53;65;59;57;61;69;65;22;2018;201850;1602
2875;托尼-卡尔;Tony Carr;1;0;6;75;59;69;69;71;61;60;65;61;72;59;68;63;66;21;2018;201851;1902
2876;文森特-爱德华兹;Vince Edwards;3;0;6;63;68;72;68;69;59;58;58;63;72;59;66;58;63;22;2018;201852;1673
2877;德文-霍尔;Devon Hall;2;0;6;62;68;75;74;68;62;62;66;62;76;63;68;63;66;23;2018;201853;1066
2878;谢克-米尔顿;Shake Milton;1;0;6;62;68;76;75;71;59;55;65;63;78;62;69;61;66;22;2018;201854;1310
2879;阿诺达斯-库尔博卡;Arnoldas Kulboka;3;0;6;66;69;71;72;69;58;66;62;63;71;64;67;62;66;20;2018;201855;1163
2880;雷-斯波尔丁;Ray Spalding;3;4;6;60;63;60;69;60;57;68;65;60;62;59;59;60;61;21;2018;201856;2132
2881;凯文-贺维;Kevin Hervey;3;0;6;63;68;68;70;68;58;65;59;62;69;61;64;60;63;22;2018;201857;1844
2882;托马斯-韦尔什;Thomas Welsh;5;0;6;60;73;57;61;75;75;75;62;65;58;56;61;75;68;22;2018;201858;2198
2883;乔治-金;George King;3;0;6;67;71;70;69;69;62;62;60;63;70;62;67;61;65;25;2018;201859;1100
2884;克斯塔斯-安特托昆博;Kostas Antetokounmpo;4;0;6;54;75;60;66;76;71;72;54;65;61;58;61;70;66;21;2018;201860;750
2885;蔡恩-威廉森;Zion Williamson;4;3;10;65;82;63;69;85;71;80;63;81;63;64;72;78;75;19;2019;201901;150
2886;贾-莫兰特;Ja Morant;1;2;10;71;80;75;76;82;68;66;70;79;77;66;77;73;75;20;2019;201902;132
2887;RJ-巴雷特;RJ Barrett;3;2;9;60;76;68;70;83;68;75;68;75;69;61;67;76;72;19;2019;201903;184
2888;德安德烈-亨特;De'Andre Hunter;3;0;7;72;75;75;77;76;66;65;64;68;75;70;75;68;72;22;2019;201904;504
2889;达里厄斯-加兰;Darius Garland;1;0;8;78;65;76;79;80;67;69;75;65;78;65;76;75;76;19;2019;201905;234
2890;贾勒特-卡尔弗;Jarrett Culver;2;0;7;68;70;74;73;68;58;56;75;65;75;64;70;64;67;20;2019;201906;532
2891;科比-怀特;Coby White;1;2;9;74;75;80;77;78;55;60;75;73;81;67;79;69;74;19;2019;201907;508
2892;贾克森-海斯;Jaxson Hayes;5;0;7;61;74;59;65;72;69;70;60;67;59;60;64;69;67;19;2019;201908;1028
2893;八村塁;Rui Hachimura;4;3;7;59;78;74;71;76;65;73;66;68;72;64;71;71;71;21;2019;201909;180
2894;卡姆-雷迪什;Cam Reddish;3;2;7;64;73;73;75;78;64;66;68;73;73;66;71;69;71;20;2019;201910;254
2895;卡梅隆-约翰逊;Cameron Johnson;3;4;8;61;73;68;66;73;57;62;60;67;69;58;64;61;64;23;2019;201911;737
2896;PJ-华盛顿;P.J. Washington;4;0;7;57;72;62;67;75;61;60;59;67;63;59;63;63;63;21;2019;201912;1053
2897;泰勒-希罗;Tyler Herro;2;0;8;69;77;83;81;77;60;61;67;71;83;72;79;66;73;20;2019;201913;722
2898;罗密欧-兰福德;Romeo Langford;2;3;7;63;70;68;70;70;62;70;65;63;70;60;65;66;65;20;2019;201914;1195
2899;塞古-敦布亚;Sekou Doumbouya;4;3;7;56;78;67;66;67;65;74;64;66;67;59;65;67;66;19;2019;201915;949
2900;丘马-奥基基;Chuma Okeke;3;4;6;59;76;70;72;70;67;71;60;67;70;63;67;66;68;21;2019;201916;807
2901;尼基尔-亚历山大-沃克;Nickeil Alexander-Walker;2;1;7;57;68;75;76;72;62;58;67;65;76;63;67;64;65;21;2019;201917;727
2902;戈加-比塔泽;Goga Bitadze;5;0;7;57;79;67;73;70;73;74;52;67;66;67;69;70;69;20;2019;201918;856
2903;卢卡-萨马尼奇;Luka Šamanić;4;0;7;59;78;62;71;77;71;74;58;71;63;64;67;72;70;20;2019;201919;1440
2904;马蒂斯-赛布尔;Matisse Thybulle;2;3;8;58;69;77;73;68;60;53;66;63;77;61;67;60;64;22;2019;201920;661
2905;布兰登-克拉克;Brandon Clarke;4;0;7;57;74;61;65;73;71;68;56;67;62;57;62;68;65;23;2019;201921;1141
2906;格兰特-威廉姆斯;Grant Williams;4;0;7;58;70;70;72;73;76;70;65;66;69;63;66;72;69;21;2019;201922;1523
2907;达柳斯-贝兹利;Darius Bazley;4;3;7;57;76;59;63;75;69;71;54;68;60;56;62;68;65;19;2019;201923;849
2908;泰-杰罗姆;Ty Jerome;1;0;6;74;58;71;71;70;62;61;66;61;74;60;69;64;67;22;2019;201924;1099
2909;纳西尔-利特尔;Nassir Little;3;0;8;68;73;64;72;73;65;69;66;69;65;65;68;68;69;19;2019;201925;1223
2910;迪伦-温德勒;Dylan Windler;3;2;6;62;74;70;68;76;52;68;64;65;70;60;66;64;66;23;2019;201926;1547
2911;姆菲翁杜-卡本盖莱;Mfiondu Kabengele;5;4;6;60;76;53;59;74;73;73;61;65;54;54;60;72;67;22;2019;201927;1104
2912;乔丹-普尔;Jordan Poole;2;1;8;67;73;80;76;73;61;63;61;71;80;66;74;63;69;20;2019;201928;651
2913;凯尔登-约翰逊;Keldon Johnson;2;3;8;65;69;76;75;77;57;68;71;69;77;64;71;69;70;20;2019;201929;738
2914;小凯文-波特;Kevin Porter Jr.;1;2;7;72;73;72;71;70;57;61;67;68;74;61;72;63;68;19;2019;201930;395
2915;尼古拉斯-克拉克斯顿;Nicolas Claxton;5;4;8;60;73;55;62;75;76;73;61;65;56;57;61;74;68;20;2019;201931;1145
2916;KZ-奥克帕拉;KZ Okpala;3;0;8;62;64;66;65;70;62;60;55;66;67;56;61;59;61;20;2019;201932;811
2917;卡森-爱德华兹;Carsen Edwards;3;0;6;65;71;70;70;68;59;66;58;63;70;62;67;61;65;21;2019;201933;1671
2918;布鲁诺-费尔南多;Bruno Fernando;5;0;6;55;76;59;66;76;69;72;57;65;59;60;63;70;67;21;2019;201934;965
2919;马科斯-洛扎达-席尔瓦;Didi Louzada;2;0;6;54;71;76;76;69;62;53;65;63;77;63;67;61;64;21;2019;201935;1992
2920;科迪-马丁;Cody Martin;3;2;6;64;72;69;72;69;59;67;60;63;70;64;67;62;66;24;2019;201936;1252
2921;戴维达斯-西尔维迪斯;Deividas Sirvydis;3;2;6;62;63;65;63;65;57;63;61;61;66;54;59;59;60;19;2019;201937;2227
2922;丹尼尔-加福德;Daniel Gafford;4;5;6;58;75;55;58;75;76;73;62;65;57;52;59;74;66;21;2019;201938;1081
2923;阿伦-斯马伊拉吉奇;Alen Smailagic;4;0;6;57;74;61;63;77;70;72;56;65;62;56;61;70;66;19;2019;201939;1462
2924;贾斯廷-詹姆斯;Justin James;2;3;6;54;71;76;77;68;58;58;64;63;77;64;67;60;64;23;2019;201940;2268
2925;埃里克-帕斯卡尔;Eric Paschall;4;3;6;57;75;59;67;74;69;70;57;65;60;59;62;68;65;23;2019;201941;644
2926;阿德米拉尔-斯科菲尔德;Admiral Schofield;3;0;6;60;71;70;69;69;61;63;58;63;70;60;65;61;64;22;2019;201942;2136
2927;杰伦-诺埃尔;Jaylen Nowell;2;1;6;56;69;74;73;72;61;56;65;63;75;61;65;62;64;20;2019;201943;637
2928;波尔-波尔;Bol Bol;5;4;7;56;75;65;70;68;82;76;47;68;64;63;66;72;69;20;2019;201944;391
2929;以赛亚-罗比;Isaiah Roby;3;4;6;63;68;68;70;68;58;65;59;62;69;61;64;60;63;21;2019;201945;1978
2930;塔伦-霍顿-塔克;Talen Horton-Tucker;2;0;6;56;69;74;73;72;61;56;65;63;75;61;65;62;64;20;2019;201946;1065
2931;伊格纳斯-布拉兹代基斯;Ignas Brazdeikis;3;0;6;65;71;69;71;68;60;64;60;63;70;63;67;61;65;21;2019;201947;1734
2932;特伦斯-曼;Terance Mann;2;0;7;53;70;76;74;70;60;55;65;63;77;61;66;61;64;23;2019;201948;1295
2933;奎因达里-韦瑟斯庞;Quinndary Weatherspoon;2;0;6;57;70;73;77;71;60;54;67;63;74;64;66;62;64;23;2019;201949;2199
2934;贾雷尔-布兰特利;Jarrell Brantley;4;0;6;56;75;61;66;76;69;70;53;65;62;58;62;68;65;23;2019;201950;1738
2935;特里蒙特-沃特斯;Tremont Waters;1;0;6;73;60;71;70;71;58;58;68;61;74;59;68;63;66;21;2019;201951;2221
2936;杰伦-麦克丹尼尔斯;Jalen McDaniels;4;3;6;53;73;59;64;77;72;71;56;65;60;56;59;71;65;22;2019;201952;1286
2937;贾斯廷-赖特-福尔曼;Justin Wright-Foreman;1;2;6;72;65;69;64;61;56;57;56;61;72;55;67;54;61;22;2019;201953;1951
2938;马里亚尔-沙约克;Marial Shayok;2;3;6;58;70;74;77;68;60;60;67;63;75;65;68;63;65;24;2019;201954;2120
2939;凯尔-盖伊;Kyle Guy;2;0;6;53;69;74;75;70;60;55;67;63;75;62;65;62;63;22;2019;201955;1802
2940;杰伊伦-汉兹;Jaylen Hands;1;0;6;76;60;68;69;70;60;62;63;61;71;59;68;63;66;20;2019;201956;1039
2941;乔丹-博恩;Jordan Bone;2;1;6;70;63;68;63;60;61;61;61;60;70;55;63;58;61;22;2019;201957;1726
2942;米耶-奥尼;Miye Oni;2;0;6;62;68;77;73;69;62;57;66;63;77;62;68;62;66;22;2019;201958;1684
2943;德万-埃尔南德斯;Dewan Hernandez;5;4;6;54;74;59;66;76;68;70;53;65;59;59;62;68;65;23;2019;201959;1648
2944;瓦尼亚-马林科维奇;Vanja Marinkovic;2;3;6;57;69;76;75;70;58;55;63;63;77;63;67;60;64;22;2019;201960;2004
2945;安东尼-爱德华兹;Anthony Edwards;2;1;10;76;76;80;79;79;56;65;68;77;80;72;80;68;74;19;2020;202001;85
2946;詹姆斯-怀斯曼;James Wiseman;5;0;8;54;75;70;76;82;78;70;57;75;68;68;71;76;73;19;2020;202002;506
2947;拉梅洛-鲍尔;LaMelo Ball;2;1;9;81;75;81;76;75;51;68;72;75;81;70;80;67;74;19;2020;202003;90
2948;帕特里克-威廉姆斯;Patrick Williams;3;4;7;61;73;74;69;77;61;71;76;68;74;60;68;72;71;19;2020;202004;711
2949;艾萨克-奥科罗;Isaac Okoro;2;3;7;63;72;75;69;79;69;65;77;68;76;59;68;75;71;20;2020;202005;810
2950;奥涅卡-奥孔古;Onyeka Okongwu;4;5;8;50;81;67;80;71;81;78;47;71;67;70;70;72;71;20;2020;202006;358
2951;基利安-海斯;Killian Hayes;2;1;6;76;76;74;79;69;51;49;70;66;75;72;76;58;68;19;2020;202007;494
2952;奥比-托平;Obi Toppin;4;3;8;56;80;62;70;77;71;72;51;72;63;62;66;70;68;22;2020;202008;700
2953;德尼-阿夫迪亚;Deni Avdija;3;4;8;64;72;70;73;72;69;76;65;68;70;64;68;71;71;20;2020;202009;340
2954;杰伦-史密斯;Jalen Smith;4;5;7;57;72;75;73;72;71;74;67;66;73;64;68;72;70;20;2020;202010;1446
2955;德文-瓦塞尔;Devin Vassell;2;3;7;56;75;79;79;77;65;61;76;68;79;66;71;71;71;19;2020;202011;1512
2956;泰雷斯-哈利伯顿;Tyrese Haliburton;1;0;9;83;77;84;79;76;55;68;65;73;79;68;83;66;76;20;2020;202012;226
2957;小凯拉-刘易斯;Kira Lewis Jr.;2;1;6;71;73;68;79;72;48;68;68;64;70;70;71;64;67;19;2020;202013;1224
2958;阿隆-内史密斯;Aaron Nesmith;2;3;7;48;77;81;75;75;66;65;66;68;81;61;68;68;68;21;2020;202014;1353
2959;科勒-安东尼;Cole Anthony;1;0;8;79;77;79;78;78;55;64;64;74;80;70;81;65;74;20;2020;202015;354
2960;以赛亚-斯图尔特;Isaiah Stewart;5;0;7;53;76;68;66;83;80;78;53;72;66;59;66;79;73;19;2020;202016;684
2961;阿列克谢-波库舍夫斯基;Aleksej Pokusevski;5;0;7;65;75;71;70;72;66;70;60;69;69;65;71;67;69;19;2020;202017;392
2962;约什-格林;Josh Green;2;3;7;63;73;66;71;79;65;64;76;65;68;61;65;73;69;20;2020;202018;479
2963;萨迪克-贝;Saddiq Bey;3;4;8;58;70;78;74;77;63;67;59;69;77;64;69;66;68;21;2020;202019;377
2964;普雷舍斯-阿丘瓦;Precious Achiuwa;5;4;7;62;79;73;68;75;74;77;43;68;70;63;71;71;71;21;2020;202020;767
2965;泰雷斯-马克西;Tyrese Maxey;1;2;9;73;79;81;80;77;61;62;70;72;82;72;80;68;75;20;2020;202021;603
2966;齐克-纳吉;Zeke Nnaji;5;4;6;51;73;51;67;72;56;78;53;64;53;59;58;65;62;20;2020;202022;2056
2967;莱安德罗-博尔马罗;Leandro Bolmaro;3;2;7;58;68;67;69;71;52;66;73;65;68;59;63;65;65;20;2020;202023;866
2968;RJ-汉普顿;R.J. Hampton;2;3;7;59;70;70;78;78;62;70;76;69;72;66;67;74;70;19;2020;202024;495
2969;伊曼纽尔-奎克利;Immanuel Quickley;1;0;7;74;78;78;79;75;53;66;58;71;80;69;79;62;71;21;2020;202025;563
2970;佩顿-普理查德;Payton Pritchard;1;0;7;74;74;74;75;70;53;67;57;68;76;66;75;60;68;23;2020;202026;1400
2971;乌多卡-阿祖布伊克;Udoka Azubuike;5;0;6;50;71;50;60;78;79;81;45;65;52;53;55;76;66;21;2020;202027;772
2972;杰登-麦克丹尼尔斯;Jaden McDaniels;4;3;8;62;73;69;69;78;77;61;60;70;68;62;68;70;69;20;2020;202028;1285
2973;马拉奇-弗林;Malachi Flynn;2;1;6;64;73;70;73;72;49;66;74;64;72;63;68;66;67;22;2020;202029;975
2974;德斯蒙德-贝恩;Desmond Bane;2;3;9;61;76;79;77;77;70;69;63;73;79;66;73;70;71;22;2020;202030;192
2975;泰雷尔-特里;Tyrell Terry;1;0;6;71;73;78;71;71;50;64;63;64;80;61;73;61;68;20;2020;202031;2161
2976;小弗农-凯里;Vernon Carey Jr.;5;0;6;50;81;50;55;78;72;76;50;67;52;49;57;73;65;19;2020;202032;1116
2977;丹尼尔-奥图鲁;Daniel Oturu;5;4;6;50;74;50;60;70;75;71;50;64;52;53;56;69;63;21;2020;202033;1688
2978;泰奥-玛勒东;Théo Maledon;1;2;7;72;71;73;72;70;48;62;67;66;75;62;72;62;67;19;2020;202034;1272
2979;泽维尔-蒂尔曼;Xavier Tillman Sr.;4;3;6;51;67;57;65;74;75;72;63;63;59;55;56;73;65;22;2020;202035;940
2980;泰勒-贝;Tyler Bey;3;0;6;51;70;65;65;72;68;73;75;63;66;54;58;73;66;22;2020;202036;378
2981;维特-克雷伊奇;Vit Krejci;3;2;6;71;72;70;71;70;51;58;70;63;70;64;69;60;66;20;2020;202037;1151
2982;萨宾-李;Saben Lee;2;1;6;67;73;72;70;70;47;66;71;64;73;61;68;63;66;21;2020;202038;1209
2983;伊莱贾-休斯;Elijah Hughes;2;0;6;62;68;71;74;74;55;68;69;63;72;63;66;67;67;22;2020;202039;1582
2984;罗伯特-伍达德;Robert Woodard II;4;5;6;54;71;61;62;78;62;68;55;65;62;54;59;66;63;21;2020;202040;2222
2985;特雷-琼斯;Tre Jones;1;0;7;67;67;71;68;74;58;67;71;65;74;57;67;69;68;21;2020;202041;1421
2986;尼克-理查兹;Nick Richards;4;0;6;50;76;64;75;78;78;75;48;66;64;65;65;73;69;23;2020;202042;1221
2987;热迈厄斯-拉姆齐;Jahmi'us Ramsey;2;1;7;60;71;68;69;69;48;62;65;65;70;58;64;59;62;19;2020;202043;1942
2988;马尔科-西蒙诺维奇;Marko Simonovic;4;5;6;58;71;68;72;65;71;70;55;62;68;64;65;65;65;21;2020;202044;1566
2989;乔丹-沃拉;Jordan Nwora;4;3;6;50;81;50;59;71;70;76;55;65;53;51;56;69;63;22;2020;202045;2216
2990;CJ-艾勒比;CJ Elleby;3;4;6;56;78;66;74;74;58;78;49;65;67;64;65;64;65;20;2020;202046;1665
2991;亚姆-马达尔;Yam Madar;1;0;6;70;71;70;74;63;45;60;59;62;73;63;71;54;63;19;2020;202047;1994
2992;尼克-曼尼恩;Nico Mannion;1;0;6;64;70;64;70;65;54;59;63;62;67;59;64;58;62;19;2020;202048;2025
2993;以赛亚-乔;Isaiah Joe;2;3;7;51;76;71;78;74;58;65;58;65;72;64;65;62;64;21;2020;202049;2099
2994;斯凯拉-梅斯;Skylar Mays;1;2;6;70;70;74;76;69;48;59;78;63;76;65;72;65;69;23;2020;202050;2031
2995;尤斯蒂尼扬-杰斯普;Justinian Jessup;1;2;6;60;71;62;76;76;52;61;60;64;66;63;64;61;63;21;2020;202051;1894
2996;小肯扬-马丁;Kenyon Martin Jr.;4;3;7;56;74;73;71;80;63;73;57;71;72;63;68;70;69;20;2020;202052;1254
2997;卡修斯-温斯顿;Cassius Winston;1;0;6;76;73;69;72;67;42;55;68;63;72;63;72;57;66;22;2020;202053;1549
2998;卡修斯-斯坦利;Cassius Stanley;3;2;7;50;73;61;68;80;82;65;55;68;63;57;59;71;66;21;2020;202054;2146
2999;杰伊-斯库布;Jay Scrubb;2;3;6;63;76;76;78;72;60;68;53;65;77;67;72;61;67;20;2020;202055;2139
3000;格兰特-里勒;Grant Riller;2;3;6;63;78;70;68;72;57;60;51;65;72;59;67;57;62;23;2020;202056;1965
3001;雷吉-佩里;Reggie Perry;5;4;7;61;75;56;59;69;62;67;50;66;57;54;61;62;62;20;2020;202057;1386
3002;保罗-里德;Paul Reed;5;4;7;50;76;50;59;80;81;75;45;66;52;52;57;76;67;21;2020;202058;1212
3003;杰伦-哈里斯;Jalen Harris;2;3;6;62;78;76;73;73;48;62;52;65;77;63;70;56;64;22;2020;202059;1826
3004;萨姆-梅里尔;Sam Merrill;2;0;6;64;78;79;78;72;50;64;60;65;79;68;74;60;67;24;2020;202060;2028
3005;凯德-康宁汉姆;Cade Cunningham;1;2;10;80;79;75;77;80;70;65;75;78;77;69;80;75;78;20;2021;202101;117
3006;杰伦-格林;Jalen Green;2;0;9;74;77;76;75;82;60;68;74;74;77;68;76;73;75;19;2021;202102;223
3007;埃文-莫布里;Evan Mobley;4;5;10;67;82;68;70;84;75;80;57;79;68;65;74;78;76;20;2021;202103;624
3008;斯科蒂-巴恩斯;Scottie Barnes;3;4;9;73;78;61;68;79;75;70;73;75;63;63;69;76;74;20;2021;202104;182
3009;杰伦-萨格斯;Jalen Suggs;1;2;8;76;78;75;72;76;63;57;66;71;70;69;76;65;71;20;2021;202105;658
3010;约什-吉迪;Josh Giddey;1;2;8;78;75;76;80;77;55;57;70;73;78;71;80;65;73;19;2021;202106;233
3011;乔纳森-库明加;Jonathan Kuminga;3;4;9;68;73;63;67;83;73;68;71;72;65;60;66;76;72;19;2021;202107;560
3012;弗朗茨-瓦格纳;Franz Wagner;4;5;8;69;76;75;77;72;63;64;67;67;73;72;75;66;70;20;2021;202108;1508
3013;戴维恩-米切尔;Davion Mitchell;2;1;6;66;76;69;63;79;72;59;79;66;71;55;65;75;70;23;2021;202109;1316
3014;扎耶尔-威廉姆斯;Ziaire Williams;3;2;7;63;71;69;78;74;66;60;74;69;70;68;69;69;70;20;2021;202110;713
3015;詹姆斯-伯克奈特;James Bouknight;2;1;6;66;72;69;74;73;62;56;65;64;71;64;68;63;65;21;2021;202111;863
3016;约书亚-普里莫;Joshua Primo;2;0;7;65;70;70;75;75;65;60;65;66;72;65;68;66;67;19;2021;202112;2089
3017;克里斯-杜阿尔特;Chris Duarte;2;3;7;66;82;79;76;67;56;62;74;67;79;67;75;65;70;24;2021;202113;942
3018;摩西-穆迪;Moses Moody;2;3;8;63;73;78;74;71;65;63;69;68;78;64;71;67;69;19;2021;202114;629
3019;科里-基斯伯特;Corey Kispert;3;2;7;59;80;77;83;72;56;63;69;68;76;73;74;64;70;22;2021;202115;1075
3020;阿尔佩伦-申京;Alperen Sengun;5;4;9;72;78;66;71;74;74;78;60;73;65;69;74;75;74;19;2021;202116;295
3021;特雷-墨菲;Trey Murphy III;3;2;7;58;77;74;83;72;65;59;67;67;74;72;72;65;69;21;2021;202117;1337
3022;特雷-曼恩;Tre Mann;1;0;6;69;70;74;74;71;51;60;75;63;76;63;71;66;69;20;2021;202118;1296
3023;凯-琼斯;Kai Jones;4;5;7;56;78;69;70;75;67;74;52;68;68;62;67;68;68;21;2021;202119;1415
3024;杰伦-约翰逊;Jalen Johnson;4;3;7;62;76;73;70;68;67;71;66;66;72;63;70;68;69;20;2021;202120;1614
3025;基恩-约翰逊;Keon Johnson;2;3;7;67;73;63;71;76;59;66;74;67;66;62;66;70;68;19;2021;202121;1612
3026;以赛亚-杰克逊;Isaiah Jackson;5;4;7;46;77;48;76;74;77;76;53;68;50;66;60;74;67;20;2021;202122;1097
3027;乌斯曼-加鲁巴;Usman Garuba;4;5;7;68;70;66;66;72;67;74;66;66;66;60;66;70;68;19;2021;202123;1083
3028;约什-克里斯托弗;Josh Christopher;2;1;7;63;73;72;77;76;61;71;67;67;73;66;69;69;69;20;2021;202124;1160
3029;昆汀-格莱姆斯;Quentin Grimes;2;1;7;68;68;72;72;75;60;67;65;64;73;62;68;67;68;21;2021;202125;987
3030;纳肖恩-海兰德;Nah'Shon Hyland;2;1;6;67;74;69;79;66;58;66;77;63;71;69;70;67;69;21;2021;202126;1026
3031;卡梅伦-托马斯;Cam Thomas;2;0;7;66;81;73;80;79;58;59;60;70;74;70;74;63;69;20;2021;202127;1504
3032;杰登-斯普林格;Jaden Springer;2;1;7;63;71;73;75;75;71;62;77;67;74;64;69;73;71;19;2021;202128;1467
3033;戴罗恩-夏普;Day'Ron Sharpe;4;5;7;59;77;50;59;79;73;81;51;66;53;53;58;74;67;20;2021;202129;1577
3034;桑蒂-阿尔达马;Santi Aldama;4;5;7;52;76;66;76;73;72;74;46;65;66;66;66;68;67;21;2021;202130;752
3035;以赛亚-托德;Isaiah Todd;4;0;6;55;70;70;79;78;71;70;55;65;69;69;68;70;69;21;2021;202131;1499
3036;杰雷米亚-罗宾逊-厄尔;Jeremiah Robinson-Earl;4;3;6;54;74;65;72;75;65;76;50;65;65;63;65;68;66;21;2021;202132;1234
3037;杰森-普雷斯顿;Jason Preston;1;0;6;70;70;70;75;70;50;50;60;63;73;64;71;55;64;22;2021;202133;2088
3038;罗卡斯-约库贝蒂斯;Rokas Jokubaitis;1;2;6;72;70;70;72;65;50;45;66;62;73;62;70;54;63;20;2021;202134;2266
3039;赫伯特-琼斯;Herbert Jones;2;3;7;63;67;67;66;79;65;74;78;67;69;56;63;77;69;23;2021;202135;1414
3040;迈尔斯-麦克布莱德;Miles McBride;1;2;6;71;72;73;76;72;60;52;61;64;75;65;72;59;66;21;2021;202136;1283
3041;JT-索尔;JT Thor;4;5;6;52;70;60;73;76;71;74;60;64;61;63;61;72;67;19;2021;202137;1501
3042;阿约-多桑姆;Ayo Dosunmu;2;3;6;67;80;74;77;74;55;59;63;66;75;68;73;62;68;22;2021;202138;951
3043;内米亚斯-克塔;Neemias Queta;5;0;6;52;78;50;65;78;74;74;55;66;52;58;60;74;67;22;2021;202139;1170
3044;贾里德-巴特勒;Jared Butler;1;2;6;71;77;76;75;73;59;60;64;65;78;65;75;63;69;21;2021;202140;1696
3045;乔-维斯坎普;Joe Wieskamp;2;3;6;60;70;72;76;70;55;53;65;63;73;64;67;59;63;22;2021;202141;2203
3046;以赛亚-里维尔斯;Isaiah Livers;3;4;6;54;73;73;79;73;57;65;57;64;73;67;68;61;66;23;2021;202142;1219
3047;格雷格-布朗;Greg Brown III;3;4;6;58;72;68;72;71;58;71;67;64;69;62;65;66;66;20;2021;202143;882
3048;凯斯勒-爱德华兹;Kessler Edwards;3;4;6;60;74;76;75;71;61;63;67;64;75;65;70;64;68;21;2021;202144;788
3049;朱安-贝加林;Juhann Begarin;1;2;6;66;66;67;65;68;64;62;64;62;70;54;64;63;63;18;2021;202145;1705
3050;达拉诺-班顿;Dalano Banton;1;0;6;72;68;60;67;72;66;68;63;63;64;58;65;67;66;22;2021;202146;835
3051;大卫-约翰逊;David Johnson;1;2;6;68;69;68;71;66;51;61;67;62;71;60;68;61;64;20;2021;202147;2262
3052;谢里夫-库珀;Sharife Cooper;1;2;7;76;75;61;75;77;56;64;73;68;65;66;71;69;70;20;2021;202148;1168
3053;马库斯-泽加罗斯基;Marcus Zegarowski;1;2;6;69;68;73;68;66;58;64;62;62;75;58;69;61;65;22;2021;202149;2267
3054;菲利普-彼得鲁塞夫;Filip Petrusev;5;4;6;55;74;61;73;74;71;72;50;65;61;66;65;69;67;21;2021;202150;1716
3055;布兰登-波士顿;Brandon Boston;2;3;6;57;70;67;72;80;55;62;62;65;69;60;63;64;64;20;2021;202151;1719
3056;卢卡-加尔扎;Luka Garza;5;0;6;51;77;67;75;72;68;70;50;65;66;67;67;66;67;23;2021;202152;1080
3057;查尔斯-巴锡;Charles Bassey;4;5;6;50;72;50;68;75;73;76;52;64;53;58;57;71;64;21;2021;202153;1699
3058;桑德罗-马穆凯拉什维利;Sandro Mamukelashvili;4;5;6;65;77;62;76;75;68;76;50;65;63;70;69;69;69;22;2021;202154;1262
3059;阿隆-威金斯;Aaron Wiggins;2;3;6;57;75;71;72;73;56;68;71;65;72;61;66;67;66;23;2021;202155;1518
3060;斯科蒂-刘易斯;Scottie Lewis;2;3;6;59;75;68;72;79;62;63;79;66;70;61;65;73;69;21;2021;202156;1971
3061;巴尔萨-科普里维察;Balsa Koprivica;5;0;6;50;73;50;64;75;75;72;45;65;52;56;57;70;64;21;2021;202157;1925
3062;杰里科-西姆斯;Jericho Sims;5;4;6;53;78;50;56;75;74;74;49;66;52;50;57;71;65;23;2021;202158;1568
3063;雷匡-格雷;RaiQuan Gray;4;5;6;66;68;60;63;68;66;67;61;62;61;57;61;65;63;22;2021;202159;1811
3064;乔治斯-卡莱察基斯;Georgios Kalaitzakis;2;3;6;65;70;70;70;70;65;60;65;63;72;60;66;64;65;23;2021;202160;1907
3065;保罗-班凯罗;Paolo Banchero;4;5;9;68;78;70;72;82;70;75;71;79;69;67;74;77;76;20;2022;202201;190
3066;切特-霍姆格伦;Chet Holmgren;4;5;9;60;80;76;71;79;78;77;65;78;71;64;73;78;76;20;2022;202202;231
3067;小贾巴里-史密斯;Jabari Smith Jr.;4;3;8;65;71;76;78;79;67;77;70;73;74;71;74;75;75;19;2022;202203;297
3068;基根-穆雷;Keegan Murray;3;4;8;63;75;76;79;77;69;68;72;73;75;70;73;73;74;22;2022;202204;631
3069;贾登-艾维;Jaden Ivey;2;0;8;73;79;75;77;81;62;65;67;76;76;69;76;70;73;20;2022;202205;175
3070;本尼迪克特-马瑟林;Bennedict Mathurin;3;2;8;63;71;77;79;77;63;70;66;69;76;69;72;69;72;20;2022;202206;605
3071;谢登-夏普;Shaedon Sharpe;2;0;8;65;72;80;78;77;62;68;70;72;80;67;74;70;72;19;2022;202207;724
3072;戴森-丹尼尔斯;Dyson Daniels;2;3;7;70;71;69;74;76;66;75;75;67;71;65;69;75;72;19;2022;202208;921
3073;杰里米-索汉;Jeremy Sochan;3;4;8;65;73;61;58;80;71;79;75;68;63;51;61;79;71;19;2022;202209;687
3074;约翰尼-戴维斯;Johnny Davis;2;0;6;68;73;75;79;79;60;73;66;65;76;69;73;70;72;20;2022;202210;1761
3075;奥斯曼-迪昂;Ousmane Dieng;3;4;7;68;72;69;77;77;56;65;68;72;70;69;71;66;70;19;2022;202211;440
3076;杰伦-威廉姆斯;Jalen Williams;3;2;8;65;77;70;80;80;53;59;66;75;70;72;73;64;70;21;2022;202212;708
3077;杰伦-杜伦;Jalen Duren;5;4;8;55;82;50;62;81;80;75;60;74;52;56;62;79;71;19;2022;202213;448
3078;奥查伊-阿巴吉;Ochai Agbaji;2;1;7;63;72;73;73;78;60;65;68;68;74;63;69;68;69;22;2022;202214;748
3079;马克-威廉姆斯;Mark Williams;5;4;7;53;82;49;71;80;78;70;64;70;51;64;63;76;70;21;2022;202215;1530
3080;AJ-格里芬;AJ Griffin;3;0;8;61;78;66;77;78;63;65;68;72;67;68;69;69;70;19;2022;202216;478
3081;塔里-伊森;Tari Eason;4;0;6;60;74;68;75;70;69;71;72;64;68;67;68;71;70;21;2022;202217;1594
3082;达伦-特里;Dalen Terry;2;1;7;62;77;69;73;79;64;67;70;72;71;63;68;71;70;20;2022;202218;697
3083;杰克-拉拉维亚;Jake LaRavia;3;0;6;72;62;74;77;64;62;66;65;61;74;69;70;63;67;21;2022;202219;1177
3084;马拉基-布兰纳姆;Malaki Branham;2;1;6;64;68;72;83;79;59;64;69;64;73;71;70;69;69;19;2022;202220;878
3085;克里斯蒂安-布劳恩;Christian Braun;2;0;6;69;72;67;72;77;64;70;71;65;69;63;68;72;70;21;2022;202221;892
3086;沃克-凯斯勒;Walker Kessler;5;0;6;55;76;60;57;76;75;75;66;65;60;51;60;76;68;21;2022;202222;1119
3087;大卫-罗迪;David Roddy;3;0;7;62;78;66;68;78;58;63;61;72;67;60;66;64;66;21;2022;202223;1240
3088;马琼-博尚;MarJon Beauchamp;2;0;7;61;76;58;68;76;64;77;74;68;61;58;61;75;67;22;2022;202224;869
3089;布莱克-韦斯利;Blake Wesley;2;0;6;67;71;71;65;76;59;66;69;64;72;57;66;68;67;19;2022;202225;1543
3090;小温德尔-摩尔;Wendell Moore Jr.;3;2;7;69;68;65;70;75;59;68;70;66;66;63;66;68;68;21;2022;202226;1321
3091;尼古拉-约维奇;Nikola Jovic;3;0;7;69;65;69;69;79;63;67;63;66;70;61;66;68;68;19;2022;202227;1622
3092;小帕特里克-鲍德温;Patrick Baldwin Jr.;3;4;6;64;66;59;73;78;61;70;68;64;61;64;63;70;67;20;2022;202228;840
3093;泰泰-华盛顿;TyTy Washington Jr.;1;0;6;72;71;71;73;79;58;63;65;68;74;63;72;67;70;21;2022;202229;1054
3094;佩顿-沃特森;Peyton Watson;2;1;7;66;69;66;69;73;60;63;71;66;68;60;64;67;66;20;2022;202230;1562
3095;安德鲁-内姆布哈德;Andrew Nembhard;1;2;7;76;61;69;66;69;56;63;63;63;72;57;68;62;65;23;2022;202231;1350
3096;凯莱布-休斯坦;Caleb Houstan;3;0;7;67;65;71;75;72;60;65;64;65;71;66;68;64;67;20;2022;202232;1583
3097;克里斯蒂安-科洛科;Christian Koloko;5;0;6;58;74;53;71;70;68;70;64;64;54;65;63;68;66;22;2022;202233;1138
3098;杰林-威廉姆斯;Jaylin Williams;5;0;7;54;69;56;61;76;66;76;59;66;57;54;58;71;65;20;2022;202234;1525
3099;马克斯-克里斯蒂;Max Christie;2;0;7;60;67;72;68;72;62;67;70;65;73;57;64;68;66;19;2022;202235;1156
3100;加布里埃莱-普罗奇达;Gabriele Procida;2;0;7;59;71;73;71;70;59;63;67;66;74;60;66;64;65;20;2022;202236;2092
3101;贾登-哈迪;Jaden Hardy;2;0;7;66;68;64;77;70;60;68;73;63;66;66;65;68;67;20;2022;202237;1001
3102;肯尼迪-钱德勒;Kennedy Chandler;1;0;6;71;71;64;58;73;59;66;74;64;67;50;64;70;66;20;2022;202238;1405
3103;哈利法-迪奥普;Khalifa Diop;4;5;6;53;70;60;67;77;70;71;55;64;61;58;60;70;65;20;2022;202239;1773
3104;布莱斯-麦戈文斯;Bryce McGowens;2;0;6;70;67;65;70;73;63;64;66;63;67;61;65;66;66;20;2022;202240;1277
3105;EJ-利德尔;E.J. Liddell;4;0;6;57;74;66;69;72;64;70;58;64;66;61;65;66;65;21;2022;202241;1222
3106;特雷弗-基尔斯;Trevor Keels;2;0;6;70;64;71;66;70;53;65;63;62;72;57;66;61;64;19;2022;202242;1875
3107;穆萨-迪亚巴特;Moussa Diabaté;5;4;7;57;66;63;65;74;66;70;58;65;62;58;61;68;65;21;2022;202243;936
3108;瑞安-罗林斯;Ryan Rollins;2;1;6;67;59;69;69;67;60;63;66;61;71;59;64;63;63;20;2022;202244;1989
3109;约什-米诺特;Josh Minott;4;3;6;69;68;60;69;71;58;63;69;63;61;63;65;63;64;20;2022;202245;2037
3110;伊斯梅尔-卡马盖特;Ismael Kamagate;5;0;7;51;77;50;65;74;72;68;64;68;52;58;59;71;65;21;2022;202246;1110
3111;文斯-威廉姆斯;Vince Williams;3;0;7;62;69;59;67;76;61;68;65;64;61;58;61;67;65;22;2022;202247;1535
3112;肯德尔-布朗;Kendall Brown;3;2;7;66;75;67;66;68;58;65;66;66;68;59;66;63;65;19;2022;202248;884
3113;以赛亚-莫布里;Isaiah Mobley;4;0;6;56;74;63;69;71;60;68;59;64;63;61;63;64;63;23;2022;202249;1323
3114;马泰奥-斯帕尼奥洛;Matteo Spagnolo;1;0;6;73;70;66;66;69;56;60;65;63;69;57;68;62;65;19;2022;202250;2144
3115;泰里斯-马丁;Tyrese Martin;2;3;6;64;63;70;68;71;55;66;70;62;72;58;64;65;65;23;2022;202251;1253
3116;卡洛-马特科维奇;Karlo Matkovic;4;5;6;58;76;59;61;72;63;69;57;65;60;54;61;65;63;21;2022;202252;2008
3117;JD-戴维森;JD Davison;1;0;6;69;60;68;67;68;56;60;69;61;71;56;65;63;64;20;2022;202253;1757
3118;扬尼克-恩佐萨;Yannick Nzosa;5;0;6;53;72;61;66;73;67;73;56;64;61;59;61;69;65;18;2022;202254;1786
3119;桂-桑托斯;Gui Santos;3;4;6;57;66;65;61;71;69;71;65;63;66;52;58;69;64;20;2022;202255;2117
3120;卢克-特拉弗斯;Luke Travers;2;3;6;69;64;68;71;68;56;61;70;62;70;61;66;63;65;20;2022;202256;2158
3121;贾巴里-沃克;Jabari Walker;3;4;6;59;67;64;58;69;63;67;70;62;65;50;58;67;63;22;2022;202257;2213
3122;雨果-贝松;Hugo Besson;1;2;6;72;60;69;65;68;56;59;67;61;72;55;66;62;64;21;2022;202258;1708
3123;曾凡博;Zeng Fanbo;3;4;7;58;69;72;68;71;71;71;57;65;72;58;64;67;67;19;2022;202200;421
3124;张镇麟;Kevin Zhang;3;4;7;66;78;69;70;75;56;78;50;68;70;63;69;64;67;23;2022;202200;744
3125;郭昊文;Guo Haowen;2;1;7;70;68;71;73;68;58;68;67;64;72;64;69;65;67;22;2022;202200;482
3126;余嘉豪;Yu Jiahao;5;0;7;55;72;58;68;70;78;73;50;66;58;61;62;71;67;19;2022;202200;735
3127;小斯科蒂-皮蓬;Scotty Pippen Jr.;1;0;7;65;68;70;67;72;63;63;69;65;73;56;66;67;67;21;2022;202200;1391
3128;小肯尼斯-洛夫顿;Kenneth Lofton Jr.;4;3;7;58;78;61;65;70;65;70;64;67;62;58;64;67;65;20;2022;202200;1245
3129;谢里夫-奥尼尔;Shareef O'Neal;4;0;7;59;73;63;65;71;68;71;58;66;63;58;63;67;65;22;2022;202200;1685
3130;小迈克尔-福斯特;Michael Foster Jr.;4;0;6;58;70;63;63;70;70;66;65;63;63;56;61;68;65;22;2022;202200;1798
3131;朱利安-尚帕尼;Julian Champagnie;3;0;6;58;69;67;69;73;59;63;69;63;68;59;63;65;65;21;2022;202200;1442
3132;阿隆德斯-威廉姆斯;Alondes Williams;1;2;6;73;71;63;70;70;59;60;63;63;67;61;68;62;65;23;2022;202200;1519
3133;维克托-文班亚马;Victor Wembanyama;5;0;10;65;85;75;70;80;95;85;65;80;70;60;77;89;83;19;2023;202301;153
3134;布兰登-米勒;Brandon Miller;3;0;9;71;78;79;79;81;63;68;69;77;78;71;78;71;76;20;2023;202302;1257
3135;斯科特-亨德森;Scoot Henderson;1;0;8;78;80;78;76;85;57;66;71;77;76;67;80;72;76;18;2023;202303;501
3136;阿门-汤普森;Amen Thompson;2;1;8;75;72;73;75;79;60;69;72;68;75;66;73;72;73;19;2023;202304;693
3137;奥萨尔-汤普森;Ausar Thompson;3;2;8;69;75;70;72;79;62;71;73;71;70;68;71;73;73;19;2023;202305;694
3138;安东尼-布莱克;Anthony Black;2;3;7;78;75;76;80;77;55;57;70;73;78;71;78;65;72;19;2023;202306;1795
3139;比拉尔-库利巴利;Bilal Coulibaly;3;0;7;65;71;75;74;78;61;68;69;72;75;65;71;69;71;19;2023;202307;2914
3140;贾雷斯-沃克;Jarace Walker;4;0;7;59;80;63;69;79;74;76;59;75;63;62;68;75;72;19;2023;202308;1782
3141;泰勒-亨德里克斯;Taylor Hendricks;4;0;7;57;79;65;71;82;70;75;61;74;71;69;70;75;72;19;2023;202309;1834
3142;卡森-华莱士;Cason Wallace;2;1;8;72;69;67;72;78;65;69;75;67;69;64;68;74;71;20;2023;202310;505
3143;杰特-霍华德;Jett Howard;2;0;7;61;76;79;77;77;70;69;63;73;79;66;73;70;71;19;2023;202311;2007
3144;德雷克-莱弗利二世;Dereck Lively II;5;0;8;60;78;61;62;81;75;74;59;70;58;44;63;76;70;19;2023;202312;567
3145;格雷迪-迪克;Gradey Dick;3;0;7;72;73;69;72;72;65;68;66;66;71;64;70;67;70;19;2023;202313;1796
3146;乔丹-霍金斯;Jordan Hawkins;2;0;7;65;84;78;73;74;62;65;63;72;78;64;74;65;70;20;2023;202314;2845
3147;科比-巴夫金;Kobe Bufkin;2;0;7;78;75;79;78;77;57;62;60;72;76;72;78;63;71;20;2023;202315;2871
3148;基昂特-乔治;Keyonte George;2;0;7;74;69;73;75;76;60;61;73;66;74;67;72;68;70;19;2023;202316;1029
3149;杰伦-胡德-希菲诺;Jalen Hood-Schifino;1;2;7;78;62;72;73;72;62;59;73;64;74;63;72;67;70;19;2023;202317;2209
3150;小海梅-哈克斯;Jaime Jaquez Jr.;2;3;7;60;75;74;71;81;79;74;57;73;70;61;68;73;70;23;2023;202318;2915
3151;布兰丁-波杰姆斯基;Brandin Podziemski;2;0;7;67;70;76;73;76;68;64;76;65;73;68;70;73;71;21;2023;202319;2916
3152;卡姆-惠特莫尔;Cam Whitmore;3;2;8;68;77;62;72;77;64;71;68;69;62;65;68;71;70;18;2023;202320;511
3153;诺阿-克洛尼;Noah Clowney;4;0;7;57;77;68;69;78;80;80;47;71;66;63;67;75;71;19;2023;202321;2917
3154;达里克-怀特黑德;Dariq Whitehead;3;2;7;70;76;71;74;80;53;67;63;69;71;67;72;65;70;18;2023;202322;509
3155;克里斯-穆雷;Kris Murray;4;0;7;60;75;76;79;75;69;68;72;73;69;71;73;72;72;22;2023;202323;809
3156;奥利维尔-马克尚斯-普罗斯珀;Olivier-Maxence Prosper;4;0;7;65;69;69;68;78;68;70;65;67;68;61;67;71;69;21;2023;202324;2918
3157;马库斯-萨瑟;Marcus Sasser;1;2;7;71;69;74;73;72;54;55;71;66;76;63;72;63;68;22;2023;202325;2869
3158;本-谢泼德;Ben Sheppard;2;0;7;68;68;72;72;75;60;67;65;64;73;62;68;67;68;22;2023;202326;2919
3159;小尼克-史密斯;Nick Smith Jr.;2;1;7;70;72;76;73;77;59;69;70;69;75;68;73;70;71;19;2023;202327;672
3160;布莱斯-森萨博;Brice Sensabaugh;3;0;7;67;72;70;79;76;64;68;65;70;69;71;71;68;71;19;2023;202328;1937
3161;朱利安-斯特劳瑟;Julian Strawther;2;0;7;60;71;76;77;75;62;60;71;68;77;69;70;67;69;22;2023;202329;2920
3162;科比-布朗;Kobe Brown;4;0;7;59;82;63;69;78;73;76;59;73;63;62;68;74;71;24;2023;202330;2921
3163;詹姆斯-纳吉;James Nnaji;5;0;6;56;78;59;67;79;70;82;66;68;59;61;65;77;71;18;2023;202331;2880
3164;杰伦-皮克特;Jalen Pickett;1;2;6;73;61;73;71;75;61;61;68;61;74;65;70;67;69;24;2023;202332;2922
3165;伦纳德-米勒;Leonard Miller;3;0;6;59;82;63;69;78;73;76;59;73;63;62;66;73;70;19;2023;202333;2863
3166;科尔比-琼斯;Colby Jones;2;0;7;71;63;76;73;75;60;61;71;70;71;66;70;67;69;20;2023;202334;2859
3167;朱利安-菲利普斯;Julian Phillips;3;0;6;60;73;70;71;70;69;72;71;71;68;65;67;71;70;20;2023;202335;2923
3168;小安德烈-杰克逊;Andre Jackson Jr.;2;3;6;62;72;72;61;73;71;73;67;69;70;56;64;72;68;22;2023;202336;2924
3169;亨特-泰森;Hunter Tyson;3;0;7;54;71;78;77;72;62;62;67;69;78;64;69;65;68;24;2023;202337;2925
3170;乔丹-沃尔什;Jordan Walsh;3;0;6;69;71;72;74;72;62;63;63;66;72;66;71;64;68;20;2023;202338;2926
3171;穆罕穆德-盖耶;Mouhamed Gueye;4;0;6;59;77;61;65;77;71;72;60;68;64;57;64;72;68;21;2023;202339;2927
3172;马克斯韦尔-刘易斯;Maxwell Lewis;3;0;6;60;74;77;75;77;65;61;70;68;73;66;70;68;70;19;2023;202340;2858
3173;阿马里-贝利;Amari Bailey;2;0;6;67;70;74;77;75;63;60;67;63;75;64;70;66;68;20;2023;202341;2928
3174;特里斯坦-武克切维奇;Tristan Vukčević;4;0;7;55;81;60;65;78;68;79;63;70;60;59;64;74;69;23;2023;202342;2929
3175;拉扬-吕佩尔;Rayan Rupert;2;0;6;55;75;69;71;76;68;63;73;70;70;61;65;71;68;18;2023;202343;2235
3176;西耶-西索科;Sidy Cissoko;2;0;6;72;67;75;73;73;65;62;66;67;76;67;72;66;69;19;2023;202344;2867
3177;GG-杰克逊;GG Jackson;4;0;6;75;70;72;72;76;61;63;61;66;72;65;72;65;68;18;2023;202345;2855
3178;塞斯-伦迪;Seth Lundy;2;3;6;55;74;74;75;76;68;74;64;68;74;64;67;71;69;24;2023;202346;2930
3179;莫哈维-金;Mojave King;2;0;6;68;72;72;61;73;71;73;55;69;70;56;66;67;67;22;2023;202347;2931
3180;乔丹-米勒;Jordan Miller;3;0;6;71;71;67;64;72;57;59;70;69;65;70;68;63;67;24;2023;202348;2932
3181;艾蒙尼-贝茨;Emoni Bates;3;2;6;67;74;69;79;66;58;66;68;63;71;69;71;63;68;20;2023;202349;2583
3182;基扬泰-约翰逊;Keyontae Johnson;3;0;7;61;73;68;66;73;63;67;65;68;68;63;65;67;67;24;2023;202350;2933
3183;杰伦-威尔森;Jalen Wilson;3;4;6;59;75;64;68;75;72;71;59;73;64;63;65;69;68;23;2023;202351;2934
3184;图马尼-卡马拉;Toumani Camara;4;0;6;61;75;71;70;73;67;68;61;66;63;65;68;67;67;24;2023;202352;2935
3185;杰伦-克拉克;Jaylen Clark;2;0;6;63;68;73;69;75;64;63;65;68;71;59;66;67;66;22;2023;202353;2936
3186;杰伦-斯劳森;Jalen Slawson;3;0;6;62;72;72;61;73;71;73;55;69;70;56;64;68;67;24;2023;202354;2937
3187;以赛亚-王;Isaiah Wong;1;2;6;62;72;72;61;73;71;73;55;69;70;56;65;66;65;23;2023;202355;2938
3188;塔里克-比贝罗维奇;Tarik Biberović;2;3;6;65;68;69;68;70;62;65;63;65;68;69;66;64;65;22;2023;202356;2939
3189;特雷斯-杰克逊-戴维斯;Trayce Jackson-Davis;4;5;7;50;81;65;67;77;68;61;56;76;60;63;66;66;66;24;2023;202357;2913
3190;克里斯-利文斯顿;Chris Livingston;3;0;6;62;69;77;77;71;61;56;64;63;77;65;70;61;66;20;2023;202358;2940
3191;特奎维恩-史密斯;Terquavion Smith;2;0;6;61;65;76;73;70;61;64;64;63;70;64;66;64;65;21;2023;202300;2862
3192;扎卡里-里萨谢;Zaccharie Risacher;3;0;8;63;78;81;75;77;72;70;73;74;79;72;75;75;76;18;2024;202401;2898
3193;亚历山大-萨尔;Alexandre Sarr;5;4;8;49;77;65;63;76;82;80;62;78;70;63;67;80;74;18;2024;202402;2009
3194;里德-谢泼德;Reed Sheppard;2;1;8;67;76;87;79;75;62;70;82;78;85;75;80;75;78;19;2024;202403;3137
3195;斯蒂芬-卡斯尔;Stephon Castle;2;0;8;67;71;68;70;80;72;72;78;70;70;70;68;79;73;19;2024;202404;3138
3196;罗恩-霍兰德;Ronald Holland II;3;0;8;68;73;79;74;74;76;75;79;75;75;72;74;78;77;18;2024;202405;3088
3197;提贾尼-萨隆;Tidjane Salaun;4;3;8;56;75;68;70;77;71;72;68;72;68;65;67;74;71;18;2024;202406;3139
3198;多诺万-克林根;Donovan Clingan;5;0;7;59;79;59;62;83;84;84;59;82;55;52;66;84;76;19;2024;202407;1921
3199;罗布-迪林厄姆;Rob Dillingham;1;2;8;75;73;75;78;75;65;61;70;75;72;75;77;68;73;19;2024;202408;3140
3200;扎克-伊迪;Zach Edey;5;0;7;52;84;62;65;85;85;84;62;85;60;60;69;86;78;21;2024;202409;1717
3201;科迪-威廉姆斯;Cody Williams;3;0;7;60;76;79;77;76;61;64;61;73;75;74;73;65;70;19;2024;202410;3141
3202;马塔斯-布泽利斯;Matas Buzelis;3;0;8;64;76;73;75;75;73;75;72;72;70;70;72;75;75;19;2024;202411;3142
3203;尼古拉-托皮奇;Nikola Topić;1;0;8;77;76;78;75;73;65;68;66;74;78;73;80;68;74;18;2024;202412;3098
3204;德文-卡特;Devin Carter;1;2;7;76;78;79;77;76;55;75;74;72;76;67;78;73;76;22;2024;202413;3143
3205;卡尔顿-卡林顿;Carlton Carrington;1;2;7;78;79;81;80;75;60;73;65;76;77;72;82;69;76;18;2024;202414;3145
3206;凯莱尔-威尔;Kel'el Ware;5;0;7;59;83;67;68;77;78;79;61;82;62;64;72;78;75;19;2024;202415;705
3207;贾里德-麦凯恩;Jared McCain;2;0;8;70;75;77;72;77;54;63;71;68;80;76;75;67;71;20;2024;202416;3146
3208;多尔顿-克内克特;Dalton Knecht;3;0;7;72;79;79;78;77;66;66;79;77;75;76;79;73;77;22;2024;202417;3147
3209;特里斯坦-达-席尔瓦;Tristan da Silva;3;4;7;66;79;85;81;77;67;70;72;79;79;75;79;73;77;22;2024;202418;3148
3210;贾科比-沃尔特;Ja'Kobe Walter;2;0;7;65;73;77;74;75;61;62;75;70;80;69;73;69;71;19;2024;202419;3149
3211;杰隆-泰森;Jaylon Tyson;3;4;7;69;79;81;77;75;65;78;68;78;80;77;79;73;77;21;2024;202420;3150
3212;伊夫-米西;Yves Missi;5;0;7;78;62;64;71;80;78;70;64;75;51;64;68;76;72;19;2024;202421;3151
3213;达龙-霍姆斯二世;DaRon Holmes II;4;0;7;56;73;77;72;73;70;72;73;72;75;70;71;73;72;20;2024;202422;3152
3214;AJ-约翰逊;AJ Johnson;1;0;7;64;79;74;72;73;67;67;78;77;72;66;72;74;73;19;2024;202423;3153
3215;凯肖恩-乔治;Kyshawn George;2;0;7;66;72;80;77;70;60;60;72;65;80;65;73;65;70;20;2024;202424;3154
3216;帕科姆-达迪耶;Pacome Dadiet;3;0;7;60;70;68;73;75;69;71;70;68;67;59;65;72;70;18;2024;202425;3155
3217;狄龙-琼斯;Dillon Jones;2;3;7;66;73;85;74;75;62;66;73;72;75;69;74;70;72;22;2024;202426;3156
3218;小特伦斯-香农;Terrence Shannon Jr.;2;3;7;68;79;79;79;70;63;60;73;79;79;78;78;67;73;23;2024;202427;3157
3219;瑞安-邓恩;Ryan Dunn;3;4;7;63;70;67;66;79;65;74;78;67;69;68;65;76;72;20;2024;202428;3158
3220;以赛亚-科利尔;Isaiah Collier;1;0;7;71;70;74;76;76;44;67;74;67;75;73;74;68;71;19;2024;202429;3159
3221;贝勒-沙伊尔曼;Baylor Scheierman;2;0;6;73;77;80;76;77;50;70;65;71;83;75;78;66;72;23;2024;202430;3160
3222;乔纳森-莫格博;Jonathan Mogbo;3;0;7;64;73;80;77;73;63;66;64;67;80;66;73;66;70;22;2024;202431;3161
3223;凯尔-菲利波夫斯基;Kyle Filipowski;4;0;7;50;81;70;78;79;75;79;56;76;70;68;71;75;73;20;2024;202432;2849
3224;泰勒-史密斯;Tyler Smith;4;0;6;57;78;59;66;80;73;74;57;69;60;59;63;74;69;19;2024;202433;3162
3225;泰勒-科莱克;Tyler Kolek;1;0;6;64;73;70;73;72;49;66;74;64;72;63;68;67;68;22;2024;202434;3163
3226;约翰尼-弗菲;Johnny Furphy;3;0;7;61;73;68;66;73;57;62;60;67;69;58;64;61;64;19;2024;202435;3164
3227;胡安-努涅斯;Juan Nunez;1;0;7;64;73;80;77;73;63;66;64;67;80;66;74;66;70;19;2024;202436;3165
3228;博比-克林特曼;Bobi Klintman;4;0;6;66;73;71;70;74;75;69;64;70;64;61;69;72;70;20;2024;202437;3166
3229;阿杰伊-米切尔;Ajay Mitchell;2;0;7;76;61;69;66;71;67;63;63;63;72;57;66;65;66;21;2024;202438;3167
3230;杰伦-威尔斯;Jaylen Wells;3;0;7;62;73;69;69;78;77;61;60;70;68;62;66;69;69;20;2024;202439;3168
3231;奥索-伊戈达罗;Oso Ighodaro;4;0;6;57;74;61;65;73;71;68;56;67;62;57;62;68;65;21;2024;202440;3169
3232;阿德姆-博纳;Adem Bona;5;0;6;46;77;48;76;74;77;76;53;68;50;66;60;74;67;20;2024;202441;3170
3233;KJ-辛普森;KJ Simpson;1;2;6;79;70;78;73;75;55;64;64;68;75;68;77;64;71;20;2024;202442;3171
3234;尼古拉-久里希奇;Nikola Durišić;2;0;6;66;71;70;71;74;60;65;63;66;70;63;67;65;66;20;2024;202443;3144
3235;佩莱-拉尔森;Pelle Larsson;3;0;6;69;72;67;72;70;64;70;71;65;69;63;68;69;69;23;2024;202444;3172
3236;贾马尔-谢德;Jamal Shead;1;0;7;62;63;67;65;73;54;58;63;62;70;53;62;61;61;21;2024;202445;3173
3237;卡梅隆-克里斯蒂;Cameron Christie;2;0;6;58;79;61;69;74;69;75;54;68;62;62;62;67;64;19;2024;202446;3174
3238;安东尼奥-里夫斯;Antonio Reeves;2;0;7;76;76;80;80;75;55;65;50;69;75;75;79;59;69;23;2024;202447;3175
3239;哈里森-英格拉姆;Harrison Ingram;2;3;7;70;72;73;69;75;63;63;63;72;70;71;71;65;68;20;2024;202448;3176
3240;特里斯坦-牛顿;Tristen Newton;1;0;7;53;70;76;74;70;60;55;65;63;77;61;66;61;64;22;2024;202449;3177
3241;恩里克-弗里曼;Enrique Freeman;4;0;7;56;80;55;72;80;62;76;65;70;57;64;64;72;68;23;2024;202450;3178
3242;梅尔文-阿金萨;Melvin Ajinca;3;0;7;62;74;79;78;67;65;62;69;67;79;67;73;65;70;19;2024;202451;3179
3243;昆滕-波斯特;Quinton Post;5;0;6;62;79;55;63;73;73;72;67;72;56;65;66;73;69;24;2024;202452;3180
3244;卡姆-斯潘塞;Cam Spencer;2;0;6;53;69;74;75;70;60;55;72;63;75;62;65;64;64;24;2024;202453;3181
3245;安通-沃特森;Anton Watson;4;0;6;55;73;60;67;76;69;70;57;65;61;59;61;69;65;23;2024;202454;3182
3246;布朗尼-詹姆斯;Bronny James;2;0;7;67;70;60;63;67;69;71;77;61;68;65;63;72;67;20;2024;202455;742
3247;小凯文-麦卡勒;Kevin McCullar Jr.;2;3;7;63;76;70;69;71;70;72;71;65;72;65;67;72;69;22;2024;202456;3183
3248;乌尔里希-乔姆切;Ulrich Chomche;4;5;6;60;78;60;64;75;74;73;61;70;61;58;64;73;69;18;2024;202457;3184
3249;阿里尔-胡克波尔蒂;Ariel Hukporti;5;0;6;57;75;56;57;81;89;68;56;66;57;52;60;79;70;22;2024;202458;3185
3250;崔永熙;Cui Yongxi;3;2;7;58;69;70;80;80;60;65;70;70;70;70;69;69;70;21;2024;202400;427
3251;布兰登-卡尔森;Branden Carlson;5;0;6;51;79;66;59;75;72;60;58;76;67;58;65;67;66;25;2024;202400;3211
3252;赫塞-爱德华兹;Jesse Edwards;5;0;6;69;67;61;53;72;66;75;56;73;63;57;63;69;66;25;2024;202400;3221
3253;恩法利-丹特;N’Faly Dante;5;4;6;56;70;63;58;71;76;66;60;72;58;61;62;70;66;22;2024;202400;3216
3254;克沙德-约翰逊;Keshad Johnson;3;4;6;60;65;64;64;70;67;71;62;67;62;65;61;67;65;23;2024;242400;3215
3255;以赛亚-克劳福德;Isaiah Crawford;1;2;6;74;53;73;70;63;54;63;65;58;71;65;68;60;65;22;2024;202400;3227
3256;布雷克-辛森;Blake Hinson;3;0;6;66;67;69;66;70;63;59;56;65;70;64;66;60;64;24;2024;202400;5001
3257;杰伦-布里奇斯;Jalen Bridges;3;0;6;69;58;68;67;75;63;63;57;59;65;63;63;63;64;23;2024;202400;3226
3258;艾萨克-琼斯;Isaac Jones;4;0;6;71;63;71;57;74;66;58;53;70;70;58;65;62;64;23;2024;202400;3156
3259;丹尼斯-詹金斯;Daniss Jenkins;1;0;6;76;56;70;67;74;55;55;63;62;62;60;66;61;64;22;2024;202400;3213
3260;PJ-霍尔;PJ Hall;5;4;6;63;76;53;54;66;70;69;60;70;59;58;62;66;64;22;2024;202400;3218
3261;贾斯汀-爱德华兹;Justin Edwards;3;0;6;59;69;55;67;72;65;67;59;69;61;68;61;65;64;20;2024;202400;3210
3262;亚历克斯-杜卡斯;Alex Ducas;2;0;6;72;56;70;57;72;62;55;65;59;74;59;63;62;63;23;2024;202400;3222
3263;里斯-比克曼;Reece Beekman;1;0;6;78;62;71;67;57;60;55;63;61;70;64;70;56;63;22;2024;202400;3223
3264;特雷-亚历山大;Trey Alexander;1;2;6;70;55;69;60;71;52;65;61;60;67;64;64;61;63;21;2024;202400;3219
3265;大卫-琼斯;David Jones;1;0;6;69;59;65;55;63;48;63;74;59;64;58;61;63;62;22;2024;202400;3239
3266;珍恩-普林;Zyon Pullin;1;0;6;73;61;66;57;71;58;53;61;58;67;58;63;59;61;23;2024;202400;3249
3267;阿尔梅尔-特劳雷;Armel Traore;3;0;6;63;65;70;61;70;67;54;54;64;63;59;62;58;61;21;2024;202400;3225
3268;特伦廷-弗劳尔斯;Trentyn Flowers;3;4;6;61;68;56;67;75;57;54;62;66;58;62;60;60;61;19;2024;202400;3224
3269;库珀-弗拉格;Cooper Flagg;4;3;10;68;85;73;72;87;70;77;80;83;72;67;78;82;80;18;2025;202501;3212
3270;迪伦-哈珀;Dylan Harper;2;1;9;72;82;83;89;81;60;60;65;80;83;80;84;67;76;20;2025;202502;3260
3271;VJ-埃奇库姆;VJ Edgecombe;2;0;8;65;76;77;76;76;66;66;68;71;77;66;73;70;72;19;2025;202503;3261
3272;康-克努佩尔;Kon Knueppel;3;0;9;65;80;77;83;72;58;63;69;78;76;78;78;65;73;19;2025;202504;3263
3273;埃斯-贝利;Ace Bailey;3;2;8;71;78;76;76;81;63;68;69;77;78;71;77;71;75;19;2025;202505;3240
3274;特雷-约翰逊;Tre Johnson;2;0;8;66;81;73;80;79;58;59;60;70;74;70;74;63;69;18;2025;202506;3262
3275;杰里迈亚-费尔斯;Jeremiah Fears;1;0;7;76;79;81;76;77;52;60;70;74;81;69;81;66;74;18;2025;202507;3264
3276;叶戈尔-杰明;Egor Demin;1;2;8;78;75;76;80;77;55;57;70;73;78;71;80;65;73;18;2025;202508;3272
3277;科林·默里-博伊尔斯;Collin Murray-Boyles;4;0;7;65;75;61;68;75;75;75;70;68;62;60;66;76;71;19;2025;202509;3273
3278;卡曼-马卢阿奇;Khaman Maluach;5;0;7;53;83;57;64;79;83;83;64;79;58;58;66;83;75;19;2025;202510;3270
3279;塞德里克-考沃德;Cedric Coward;3;2;7;66;75;70;70;75;65;68;75;65;68;62;68;72;71;21;2025;202511;3266
3280;诺阿-埃森格;Noa Essengue;4;3;7;68;76;73;74;76;67;67;65;68;73;67;73;69;71;18;2025;202512;3265
3281;德里克-奎因;Derik Queen;5;0;7;57;74;68;69;78;79;81;47;71;66;63;67;77;72;19;2025;202513;3275
3282;卡特-布莱恩特;Carter Bryant;3;4;7;67;72;73;79;76;64;70;65;70;73;71;73;69;72;21;2025;202514;3267
3283;托马斯-索伯;Thomas Sorber;5;4;7;52;79;60;70;79;80;81;50;75;60;63;66;78;73;20;2025;202515;3276
3284;杨瀚森;Hansen Yang;5;0;8;71;81;63;64;76;75;79;56;74;61;69;72;75;74;20;2025;202516;730
3285;若昂-贝兰热;Joan Beringer;5;4;7;60;72;60;58;65;77;75;63;69;62;61;63;72;68;18;2025;202517;3277
3286;小沃尔特-克莱顿;Walter Clayton Jr.;1;2;8;84;66;71;65;63;54;64;78;71;73;71;75;66;71;22;2025;202518;3278
3287;诺兰-特拉奥雷;Nolan Traore;1;0;8;71;72;68;74;71;55;67;75;71;70;67;71;69;70;18;2025;202519;3279
3288;卡斯帕拉斯-亚库契奥尼斯;Kasparas Jakucionis;1;0;7;68;62;70;71;56;49;64;72;61;74;63;67;60;64;18;2025;202520;3269
3289;威尔-赖利;Will Riley;3;0;7;77;66;60;67;69;68;65;61;70;60;63;66;65;66;18;2025;202521;3280
3290;德雷克-鲍威尔;Drake Powell;2;0;7;76;73;75;71;71;59;54;60;71;70;66;73;59;67;18;2025;202522;3281
3291;阿萨-纽厄尔;Asa Newell;4;0;7;61;78;67;69;80;77;70;61;74;66;69;70;75;72;20;2025;202523;3282
3292;尼克-克利福德;Nique Clifford;2;3;7;67;74;76;64;71;55;70;67;75;78;64;71;65;68;22;2025;202524;3283
3293;杰斯-理查德森;Jase Richardson;2;1;8;70;71;78;75;71;65;65;61;71;75;71;74;64;70;19;2025;202525;3271
3294;本-萨拉夫;Ben Saraf;2;1;7;71;61;84;64;73;65;70;69;65;81;65;71;70;70;22;2025;202526;3284
3295;丹尼-沃尔夫;Danny Wolf;4;3;7;67;80;71;68;73;72;67;55;75;70;63;73;68;70;20;2025;202527;3285
3296;乌戈-冈萨雷斯;Hugo Gonzalez;3;0;6;60;61;61;68;65;54;69;63;60;64;67;60;61;61;19;2025;202528;3286
3297;利亚姆-麦克尼利;Liam McNeeley;3;0;6;71;60;61;72;72;66;59;65;61;66;71;65;64;66;18;2025;202529;3287
3298;亚尼克-科南-尼德豪泽;Yanic Konan Niederhauser;5;0;6;56;67;68;60;74;74;65;51;71;67;64;63;68;66;22;2025;202530;3288
3299;拉希尔-弗莱明;Rasheer Fleming;4;0;6;65;76;58;66;74;72;63;53;73;57;67;66;66;66;20;2025;202531;3289
3300;诺阿-庞达;Noah Penda;3;0;6;69;73;69;64;66;63;70;56;72;64;64;68;62;66;20;2025;202532;3290
3301;西恩-詹姆斯;Sion James;2;0;7;67;64;76;61;62;59;61;67;64;74;65;67;60;64;20;2025;202533;3291
3302;瑞恩-卡尔克布伦纳;Ryan Kalkbrenner;5;0;6;57;76;63;63;68;76;74;46;70;63;58;65;69;67;22;2025;202534;3292
3303;乔奈-布鲁姆;Johni Broome;4;5;7;64;67;59;62;79;74;69;61;71;59;65;63;73;68;22;2025;202535;3293
3304;阿杜-蒂耶罗;Adou Thiero;3;0;6;68;55;63;61;63;59;58;55;55;66;60;59;55;58;20;2025;202536;3294
3305;查兹-兰尼尔;Chaz Lanier;2;0;6;73;67;67;59;67;53;63;58;63;71;62;65;58;62;20;2025;202537;3295
3306;卡姆-琼斯;Kam Jones;2;0;6;71;64;66;65;62;52;60;69;67;72;65;66;59;63;22;2025;202538;3296
3307;阿莱贾-马丁;Alijah Martin;2;0;6;62;60;70;60;68;65;53;67;58;67;59;60;62;61;23;2025;202539;3297
3308;迈卡-皮维;Micah Peavy;3;0;6;64;58;61;68;59;66;59;65;63;65;68;62;60;62;23;2025;202540;3298
3309;科比-布雷亚;Koby Brea;2;0;7;67;67;75;67;59;62;66;66;68;71;65;68;61;65;22;2025;202541;3299
3310;马克西姆-雷诺;Maxime Raynaud;5;0;6;57;71;57;50;58;71;72;53;74;62;56;60;64;62;21;2025;202542;3300
3311;贾米尔-沃特金斯;Jamir Watkins;2;3;6;65;57;73;60;57;63;64;70;59;72;61;62;62;62;23;2025;202543;3301
3312;布鲁克斯-巴恩海泽;Brooks Barnhizer;3;2;6;67;70;58;64;67;67;56;71;68;59;68;63;64;64;23;2025;202544;3302
3313;罗科-齐卡尔斯基;Rocco Zikarsky;5;0;6;54;75;62;63;59;62;66;51;73;59;61;64;58;61;18;2025;202545;3303
3314;阿马里-威廉姆斯;Amari Williams;5;0;6;60;73;67;64;73;63;69;55;70;68;64;67;65;66;23;2025;202546;3304
3315;博戈柳布-马尔科维奇;Bogoljub Marković;4;0;6;54;59;68;52;63;64;56;50;59;61;58;55;56;55;19;2025;202547;3305
3316;贾冯-斯莫尔;Javon Small;1;0;6;74;53;74;70;57;51;61;68;56;68;62;67;58;63;22;2025;202548;3306
3317;泰瑞斯-普罗克特;Tyrese Proctor;1;0;6;78;51;68;62;54;55;64;62;56;64;57;64;56;60;20;2025;202549;3307
3318;科比-桑德斯;Kobe Sanders;2;3;6;75;65;73;57;56;63;67;71;63;71;56;66;63;65;23;2025;202550;3308
3319;穆罕默德-迪亚瓦拉;Mohamed Diawara;4;2;6;63;63;59;61;65;69;65;57;62;57;57;58;63;61;23;2025;202551;3309
3320;亚历克斯-图希;Alex Toohey;3;0;6;62;69;69;69;70;51;59;55;64;62;64;64;56;61;20;2025;202552;3310
3321;约翰-汤杰;John Tonje;2;0;6;65;66;74;66;63;56;59;68;67;76;65;67;60;64;23;2025;202553;3311
3322;泰伦-皮特;Taelon Peter;1;0;6;76;63;74;68;69;55;55;60;65;72;65;71;57;65;23;2025;202554;3312
3323;拉克兰-欧尔布里希;Lachlan Olbrich;4;5;6;57;63;56;55;74;60;58;51;67;57;59;56;59;58;23;2025;202555;3313
3324;威尔-理查德;Will Richard;1;0;6;73;64;72;65;55;55;59;61;66;68;61;68;54;62;23;2025;202556;3314
3325;马克斯-舒尔加;Max Shulga;2;0;6;75;56;73;57;57;54;67;62;56;76;62;66;57;62;23;2025;202557;3315
3326;萨利乌-尼昂;Saliou Niang;2;0;6;65;65;70;56;60;53;56;71;63;68;62;63;58;61;23;2025;202558;3316
3327;贾哈迈-马沙克;Jahmai Mashack;2;0;6;63;57;67;59;56;62;61;62;63;67;60;60;57;58;23;2025;202559;3317
3328;塔玛-贝茨;Tamar Bates;1;2;6;72;57;71;67;59;58;64;60;62;69;60;67;57;62;22;2025;202500;3324
3329;阿莱贾-马丁;Alijah Martin;2;0;5;65;75;65;64;68;72;65;54;72;65;63;65;62;64;23;2025;202500;3320
3330;伊莱-约翰-恩迪亚耶;Eli John Ndiaye;4;0;5;59;74;68;54;72;67;67;54;73;66;58;64;65;64;23;2025;202500;3322
3331;RJ-路易斯;RJ Luis Jr.;2;3;5;55;67;61;66;73;68;67;53;63;62;61;58;63;61;20;2025;202500;3327
3332;迪伦-考德威尔;Dylan Cardwell;5;0;5;60;79;63;58;60;77;73;52;79;61;56;67;67;67;23;2025;202500;3329
3333;CJ-亨特利;CJ Huntley;3;4;5;72;60;78;62;57;52;62;61;64;74;59;66;54;61;25;2025;202500;3328
3334;亨特-萨利斯;Hunter Sallis;2;0;6;68;62;64;56;68;52;66;60;64;67;61;61;59;60;22;2025;202500;5001
3335;迈尔斯-凯利;Miles Kelly;1;0;5;79;63;62;71;66;53;62;60;64;66;68;69;58;64;23;2025;202500;3330
3336;马克-西尔斯;Mark Sears;1;0;5;75;54;77;71;57;59;67;73;59;69;68;70;64;67;23;2025;202500;3321
3337;瑞安-内姆布哈德;Ryan Nembhard;1;0;5;71;54;70;61;65;52;54;63;55;67;61;63;56;60;24;2025;202500;3331
3338;克里斯-马农;Chris Manon;2;3;5;75;64;63;65;58;56;59;61;60;64;62;64;55;60;23;2025;202500;3332
3339;弗拉季斯拉夫-戈尔金;Vladislav Goldin;5;0;5;68;76;57;66;65;67;69;54;70;58;61;67;64;65;24;2025;202500;3323
3340;亨特-迪金森;Hunter Dickinson;5;0;5;76;55;62;56;67;52;52;73;58;69;62;61;55;58;23;2025;202500;3333
3341;凯莱布-乐福;Caleb Love;1;2;6;79;67;75;62;64;52;61;64;66;71;58;71;59;66;23;2025;202500;3326
3342;恰奇-赫本;Chucky Hepburn;4;3;6;68;74;56;63;74;72;70;65;75;57;65;66;71;69;23;2025;202500;3319
3343;赵维伦;Zhao Weilun;1;0;8;82;62;80;78;77;45;58;70;55;85;75;79;64;72;21;2026;202600;335
3344;淡厚然;Dan Houran;4;0;7;58;76;52;60;88;82;80;65;85;40;45;59;84;72;21;2026;202600;2946
3345;王俊杰;Wang Junjie;3;2;7;72;74;78;75;76;68;75;66;65;82;70;75;72;75;21;2026;202600;2945
3346;张博源;Zhang Boyuan;3;4;8;65;76;69;68;79;76;73;63;72;68;62;68;74;72;19;2026;202600;5001
3347;卡梅伦-布泽尔;Cameron Boozer;4;0;8;70;84;53;62;87;81;83;73;80;55;59;68;86;77;19;2026;202600;3389
3348;达林-彼得森;Darryn Peterson;2;0;8;72;81;79;75;82;67;70;71;80;75;73;78;75;76;19;2026;202600;3328
3349;AJ-迪班察;AJ Dybantsa;3;0;9;60;78;70;70;84;68;75;68;77;69;61;68;76;73;19;2026;202600;3274