No;name;nameBirth;positionFirst;positionSecond;potential;skillPass;skillShotInterior;skillShotExterior;skillShotFree;skillPhysique;skillBlock;skillRebound;skillSteal;tendencyIn;tendencyEx;tendencyFr;ATT;DEF;Ranks;age;yearsLeague;team;teamID;yearsContract;salary;stateInjury;draft;image;info;allStars;allStarsMvps;allTeam1;allTeam2;allTeam3;best3ptsers;bestBlockers;bestPassers;bestRebounders;bestRookie;bestScorers;bestStealers;defTeam1;defTeam2;defTeam3;dpoy;fmvps;mvps;rings;sixmans
1;杰森-塔图姆;Jayson Tatum;4;3;10;74;88;90;88;93;71;82;84;86;91;85;92;87;90;25;6;凯尔特人;1;3;32600000;0;201703;146;0;4;1;2;0;3;0;0;0;0;0;0;0;0;0;0;0;0;0;0;0
2;克里斯塔普斯-波尔津吉斯;Kristaps Porziņģis;5;4;9;61;89;86;85;85;82;85;60;82;78;80;85;85;85;28;8;凯尔特人;1;1;36020000;0;201504;197;0;1;0;0;0;0;0;0;0;0;0;0;0;0;0;0;0;0;0;0;0
3;杰伦-布朗;Jaylen Brown;3;2;10;72;90;86;87;90;72;73;79;88;85;85;89;82;87;27;7;凯尔特人;1;6;50000000;0;201603;96;0;2;0;0;1;0;0;0;0;0;0;0;0;0;0;0;0;0;0;0;0
4;朱-霍乐迪;Jrue Holiday;1;2;9;84;75;84;80;86;76;70;89;77;83;75;86;86;86;33;14;凯尔特人;1;2;36860000;0;200917;111;0;2;0;0;0;0;0;0;0;0;0;0;0;3;2;0;0;0;0;1;0
5;德里克-怀特;Derrick White;2;1;9;81;84;88;81;86;72;65;83;80;83;75;86;81;84;29;6;凯尔特人;1;1;18360000;0;201729;507;0;0;0;0;0;0;0;0;0;0;0;0;0;0;1;0;0;0;0;0;0
6;艾尔-霍福德;Al Horford;5;4;8;67;78;86;80;79;73;84;72;76;80;75;81;81;81;37;16;凯尔特人;1;2;10000000;0;200703;110;0;5;0;0;0;1;0;0;0;0;0;0;0;0;1;0;0;0;0;0;0
7;萨姆-豪瑟;Sam Hauser;3;4;7;60;75;86;84;75;72;70;65;70;90;70;77;71;75;25;2;凯尔特人;1;2;2000000;0;202100;1040;0;0;0;0;0;0;0;0;0;0;0;0;0;0;0;0;0;0;0;0;0
8;杰登-斯普林格;Jaden Springer;2;1;7;65;72;66;72;79;73;64;77;68;70;68;67;76;71;20;2;凯尔特人;1;2;3000000;0;202128;1467;0;0;0;0;0;0;0;0;0;0;0;0;0;0;0;0;0;0;0;0;0
9;佩顿-普理查德;Payton Pritchard;1;0;8;79;81;80;76;79;60;71;65;70;76;70;80;70;76;25;3;凯尔特人;1;4;4000000;0;202026;1400;0;0;0;0;0;0;0;0;0;0;0;0;0;0;0;0;0;0;0;0;0
10;卢克-科内特;Luke Kornet;5;0;7;57;80;65;70;79;72;79;57;79;55;60;69;75;72;28;6;凯尔特人;1;1;3000000;0;201700;546;0;0;0;0;0;0;0;0;0;0;0;0;0;0;0;0;0;0;0;0;0
11;乔丹-沃尔什;Jordan Walsh;3;2;6;69;78;79;79;72;62;63;63;70;72;70;76;64;71;20;0;凯尔特人;1;3;2100000;0;202338;2926;0;0;0;0;0;0;0;0;0;0;0;0;0;0;0;0;0;0;0;0;0
12;泽维尔-蒂尔曼;Xavier Tillman Sr.;4;5;6;56;72;61;70;78;75;75;73;65;60;58;62;78;70;24;3;凯尔特人;1;1;2500000;0;202035;940;0;0;0;0;0;0;0;0;0;0;0;0;0;0;0;0;0;0;0;0;0
13;尼米亚斯-奎塔;Neemias Queta;5;4;7;52;80;50;70;78;74;86;55;80;40;50;62;78;70;23;2;凯尔特人;1;1;2050000;0;202139;1170;0;0;0;0;0;0;0;0;0;0;0;0;0;0;0;0;0;0;0;0;0
14;奥谢-布里塞特;Oshae Brissett;3;4;6;55;72;68;71;71;71;70;66;64;69;59;63;70;67;25;4;凯尔特人;1;2;2470000;0;201900;897;0;0;0;0;0;0;0;0;0;0;0;0;0;0;0;0;0;0;0;0;0
15;JD-戴维森;JD Davison;1;0;6;69;60;69;67;68;71;60;69;61;71;42;63;66;65;23;1;凯尔特人;1;1;1350000;0;202253;1757;0;0;0;0;0;0;0;0;0;0;0;0;0;0;0;0;0;0;0;0;0
16;德鲁-彼得森;Drew Peterson;3;4;6;67;64;62;64;59;67;69;69;62;67;66;63;65;65;23;0;凯尔特人;1;1;53176;0;202300;3097;0;0;0;0;0;0;0;0;0;0;0;0;0;0;0;0;0;0;0;0;0
17;斯维亚托斯拉夫-米哈伊柳克;Sviatoslav Mykhailiuk;3;2;6;55;81;83;77;70;50;50;60;65;83;65;73;54;64;26;5;凯尔特人;1;1;1730000;0;201847;2032;0;0;0;0;0;0;0;0;0;0;0;0;0;0;0;0;0;0;0;0;0
18;米卡尔-布里奇斯;Mikal Bridges;3;4;9;69;82;84;86;84;70;72;81;80;83;84;84;80;83;27;5;篮网;2;2;21700000;0;201810;415;0;0;0;0;0;0;0;0;0;0;0;0;0;1;0;0;0;0;0;0;0
19;尼古拉斯-克拉克斯顿;Nicolas Claxton;5;0;9;60;89;60;68;85;91;86;73;75;50;55;69;91;81;24;4;篮网;2;1;10000000;0;201931;1145;0;0;0;0;0;0;0;0;0;0;0;0;0;0;0;0;0;0;0;0;0
20;本-西蒙斯;Ben Simmons;1;2;9;86;87;50;58;80;81;83;83;80;30;50;65;87;75;27;7;篮网;2;2;37860000;0;201601;156;0;3;0;0;0;1;0;0;0;0;1;0;1;2;0;0;0;0;0;0;0
21;卡梅伦-约翰逊;Cameron Johnson;4;3;8;64;81;86;76;82;60;73;70;77;81;68;79;72;76;27;4;篮网;2;4;27000000;0;201911;737;0;0;0;0;0;0;0;0;0;0;0;0;0;0;0;0;0;0;0;0;0
22;卡梅隆-托马斯;Cam Thomas;2;3;8;64;79;83;83;87;57;65;67;82;83;84;81;70;76;21;2;篮网;2;2;3250000;0;202127;1504;0;0;0;0;0;0;0;0;0;0;0;0;0;0;0;0;0;0;0;0;0
23;丹尼斯-施罗德;Dennis Schröder;1;0;8;82;77;83;82;81;45;63;74;77;77;80;85;68;78;30;10;篮网;2;2;13000000;0;201317;667;0;0;0;0;0;0;0;0;0;0;0;0;0;0;0;0;0;0;0;0;0
24;多里安-芬尼-史密斯;Dorian Finney-Smith;3;4;8;65;76;78;75;82;67;74;76;75;72;70;74;77;76;30;7;篮网;2;2;13390000;0;201600;464;0;0;0;0;0;0;0;0;0;0;0;0;0;0;0;0;0;0;0;0;0
25;朗尼-沃克;Lonnie Walker;2;3;8;60;79;82;81;82;57;63;70;75;80;72;76;69;73;25;5;篮网;2;1;2350000;0;201818;2214;0;0;0;0;0;0;0;0;0;0;0;0;0;0;0;0;0;0;0;0;0
26;戴罗恩-夏普;Day'Ron Sharpe;5;0;7;56;84;64;61;82;75;87;65;79;36;36;62;82;73;21;2;篮网;2;2;2750000;0;202129;1577;0;0;0;0;0;0;0;0;0;0;0;0;0;0;0;0;0;0;0;0;0
27;诺亚-克劳尼;Noah Clowney;4;5;7;57;77;68;69;78;75;80;55;71;66;63;67;75;71;19;0;篮网;2;4;4750000;0;202321;2917;0;0;0;0;0;0;0;0;0;0;0;0;0;0;0;0;0;0;0;0;0
28;基恩-约翰逊;Keon Johnson;2;3;7;60;77;65;75;79;61;63;76;69;66;67;66;72;69;21;2;篮网;2;1;53176;0;202121;1612;0;0;0;0;0;0;0;0;0;0;0;0;0;0;0;0;0;0;0;0;0
29;达里克-怀特黑德;Dariq Whitehead;3;2;8;70;76;71;74;80;53;67;63;69;71;67;72;65;70;18;0;篮网;2;4;4500000;0;202322;509;0;0;0;0;0;0;0;0;0;0;0;0;0;0;0;0;0;0;0;0;0
30;特伦登-沃特福特;Trendon Watford;4;5;6;61;78;69;71;79;65;79;53;66;68;64;69;71;70;22;2;篮网;2;1;2700000;0;202100;2218;0;0;0;0;0;0;0;0;0;0;0;0;0;0;0;0;0;0;0;0;0
31;杰伦-威尔森;Jalen Wilson;3;4;6;59;75;64;68;75;72;71;59;73;64;63;65;69;68;23;0;篮网;2;2;1450000;0;202351;2934;0;0;0;0;0;0;0;0;0;0;0;0;0;0;0;0;0;0;0;0;0
32;雅各布-吉尔亚德;Jacob Gilyard;1;0;6;70;65;69;68;68;65;70;68;62;72;58;67;68;68;26;1;篮网;2;1;53176;0;202200;2020;0;0;0;0;0;0;0;0;0;0;0;0;0;0;0;0;0;0;0;0;0
33;丹尼斯-史密斯;Dennis Smith Jr.;1;0;7;67;77;69;67;78;47;68;64;67;72;64;69;65;67;26;6;篮网;2;1;2490000;0;201709;670;0;0;0;0;0;0;0;0;0;0;0;0;0;0;0;0;0;0;0;0;0
34;凯塔-贝茨-迪奥普;Keita Bates-Diop;3;4;6;55;70;69;79;70;60;69;60;63;70;67;66;63;66;28;5;篮网;2;2;2500000;0;201848;847;0;0;0;0;0;0;0;0;0;0;0;0;0;0;0;0;0;0;0;0;0
35;杰伦-马丁;Jaylen Martin;2;0;6;68;65;65;59;53;50;49;59;61;65;59;62;48;55;19;0;篮网;2;1;53176;0;202300;3004;0;0;0;0;0;0;0;0;0;0;0;0;0;0;0;0;0;0;0;0;0
36;杰伦-布伦森;Jalen Brunson;1;2;10;84;87;91;92;90;64;69;78;87;89;90;96;80;89;27;5;尼克斯;3;3;25000000;0;201833;419;0;0;0;0;0;0;0;0;0;0;0;0;0;0;0;0;0;0;0;0;0
37;OG-阿奴诺比;OG Anunoby;3;4;9;58;85;84;82;85;81;75;86;80;80;73;78;86;84;26;6;尼克斯;3;1;18000000;0;201723;344;0;0;0;0;0;0;0;0;0;0;0;0;1;0;1;0;0;0;0;1;0
38;朱利叶斯-兰德尔;Julius Randle;4;5;9;75;89;75;80;87;67;85;66;88;81;80;86;80;83;29;9;尼克斯;3;2;28060000;0;201407;252;0;2;0;0;1;1;0;0;0;0;0;0;0;0;0;0;0;0;0;0;0
39;约什-哈特;Josh Hart;4;3;8;75;82;82;74;95;70;92;78;80;74;65;81;90;85;28;6;尼克斯;3;5;20000000;0;201730;493;0;0;0;0;0;0;0;0;0;0;0;0;0;0;0;0;0;0;0;0;0
40;唐特-迪温琴佐;Donte DiVincenzo;2;3;8;73;75;91;82;84;65;70;81;76;88;80;84;79;82;27;5;尼克斯;3;4;12500000;0;201817;443;0;0;0;0;0;0;0;0;0;0;0;0;0;0;0;0;0;0;0;1;0
41;以赛亚-哈尔滕施泰因;Isaiah Hartenstein;5;0;7;72;85;60;70;84;80;86;65;80;60;60;74;85;80;25;5;尼克斯;3;1;7800000;0;201743;484;0;0;0;0;0;0;0;0;0;0;0;0;0;0;0;0;0;0;0;0;0
42;米切尔-罗宾逊;Mitchell Robinson;5;0;7;55;85;55;67;81;85;87;70;80;47;58;66;87;77;25;5;尼克斯;3;3;15000000;0;201836;263;0;0;0;0;0;0;0;0;0;0;0;0;0;0;0;0;0;0;0;0;0
43;普雷舍斯-阿丘瓦;Precious Achiuwa;4;5;7;60;79;60;65;85;75;83;68;74;60;60;66;82;74;23;3;尼克斯;3;1;3300000;0;202020;767;0;0;0;0;0;0;0;0;0;0;0;0;0;0;0;0;0;0;0;0;0
44;博扬-博格达诺维奇;Bojan Bogdanovic;4;3;8;62;75;86;81;81;50;73;75;75;87;81;80;69;75;34;9;尼克斯;3;2;17850000;0;201131;198;0;0;0;0;0;0;0;0;0;0;0;0;0;0;0;0;0;0;0;0;0
45;谢克-米尔顿;Shake Milton;2;1;7;68;76;80;76;76;73;64;76;68;81;67;75;74;75;27;5;尼克斯;3;2;5000000;0;201824;1310;0;0;0;0;0;0;0;0;0;0;0;0;0;0;0;0;0;0;0;0;0
46;亚历克-伯克斯;Alec Burks;2;1;7;55;65;83;82;83;51;69;73;71;81;72;72;71;72;32;12;尼克斯;3;1;10000000;0;201112;398;0;0;0;0;0;0;0;0;0;0;0;0;0;0;0;0;0;0;0;0;0
47;迈尔斯-麦克布莱德;Miles McBride;1;2;7;72;78;81;79;82;62;60;77;70;77;70;78;73;76;22;2;尼克斯;3;1;15600000;0;202136;1283;0;0;0;0;0;0;0;0;0;0;0;0;0;0;0;0;0;0;0;0;0
48;杜安-华盛顿;Duane Washington Jr.;1;0;6;72;77;77;78;75;53;52;51;65;79;68;76;54;66;23;2;尼克斯;3;1;53176;0;202100;1858;0;0;0;0;0;0;0;0;0;0;0;0;0;0;0;0;0;0;0;0;0
49;达匡-杰弗里斯;DaQuan Jeffries;3;4;6;63;67;71;70;69;60;59;66;61;68;61;64;62;64;26;2;尼克斯;3;1;53176;0;201900;1089;0;0;0;0;0;0;0;0;0;0;0;0;0;0;0;0;0;0;0;0;0
50;雅各布-托平;Jacob Toppin;4;0;6;72;62;71;65;59;57;71;57;67;70;68;68;58;63;23;0;尼克斯;3;1;1800000;0;202300;3005;0;0;0;0;0;0;0;0;0;0;0;0;0;0;0;0;0;0;0;0;0
51;查理-布朗;Charlie Brown;3;0;6;63;68;70;75;65;55;61;60;62;72;64;67;57;63;27;4;尼克斯;3;1;1100000;0;201900;1740;0;0;0;0;0;0;0;0;0;0;0;0;0;0;0;0;0;0;0;0;0
52;杰里科-西姆斯;Jericho Sims;5;0;6;53;78;50;56;75;74;74;49;66;41;30;53;71;63;24;2;尼克斯;3;3;1640000;0;202158;1568;0;0;0;0;0;0;0;0;0;0;0;0;0;0;0;0;0;0;0;0;0
53;莫马蒂-迪亚基特;Mamadi Diakite;4;3;6;55;68;64;67;74;60;60;60;63;64;45;60;62;61;26;3;尼克斯;3;1;53176;0;202000;1777;0;0;0;0;0;0;0;0;0;0;0;0;0;0;0;0;0;0;0;0;0
54;乔尔-恩比德;Joel Embiid;5;0;10;75;92;80;92;87;85;92;70;91;80;92;94;91;92;29;9;76人;4;4;33300000;0;201403;100;0;6;0;1;4;0;0;0;0;0;0;2;0;0;3;0;0;0;1;0;0
55;泰雷斯-马克西;Tyrese Maxey;1;2;9;83;84;88;89;85;66;67;79;87;88;82;93;78;86;22;3;76人;4;1;2480000;0;202021;603;0;0;0;0;0;0;0;0;0;0;0;0;0;0;0;0;0;0;0;0;0
56;托拜厄斯-哈里斯;Tobias Harris;4;3;8;71;81;82;85;83;68;80;70;81;80;82;84;78;81;31;12;76人;4;1;34360000;0;201119;487;0;0;0;0;0;0;0;0;0;0;0;0;0;0;0;0;0;0;0;0;0
57;凯利-乌布雷;Kelly Oubre Jr.;3;2;7;60;82;78;80;84;69;75;81;80;80;70;76;81;80;28;8;76人;4;1;7300000;0;201515;319;0;0;0;0;0;0;0;0;0;0;0;0;0;0;0;0;0;0;0;0;0
58;尼古拉斯-巴图姆;Nicolas Batum;4;3;7;67;74;84;80;78;70;74;76;65;70;60;74;76;75;35;15;76人;4;1;11000000;0;200825;188;0;0;0;0;0;0;0;0;0;0;0;0;0;0;0;0;0;0;0;0;0
59;巴迪-希尔德;Buddy Hield;3;2;8;65;79;88;85;78;60;70;73;75;90;76;82;71;78;31;7;76人;4;1;24430000;0;201606;720;0;0;0;0;0;0;1;0;0;0;0;0;0;0;0;0;0;0;0;0;0
60;穆罕默德-班巴;Mohamed Bamba;5;0;8;54;79;76;68;78;84;78;56;70;65;63;69;79;75;25;5;76人;4;1;3200000;0;201806;372;0;0;0;0;0;0;0;0;0;0;0;0;0;0;0;0;0;0;0;0;0
61;罗伯特-科温顿;Robert Covington;3;4;8;60;79;75;76;80;71;76;82;70;70;70;71;80;77;33;10;76人;4;1;12980000;0;201300;548;0;0;0;0;0;0;0;0;0;0;0;0;0;1;0;0;0;0;0;0;0
62;凯尔-洛瑞;Kyle Lowry;2;1;8;83;74;73;75;77;71;68;80;70;70;72;76;77;76;37;17;76人;4;1;28330000;0;200624;266;0;6;0;0;0;3;0;0;0;0;0;0;0;0;0;0;0;0;0;1;0
63;德安东尼-梅尔顿;De'Anthony Melton;2;1;7;76;70;81;77;76;63;67;81;67;75;69;75;74;75;25;5;76人;4;1;8750000;0;201846;1300;0;0;0;0;0;0;0;0;0;0;0;0;0;0;0;0;0;0;0;0;0
64;卡梅隆-佩恩;Cameron Payne;1;2;8;79;70;82;80;79;50;60;70;70;75;74;80;66;74;29;7;76人;4;1;6330000;0;201514;647;0;0;0;0;0;0;0;0;0;0;0;0;0;0;0;0;0;0;0;0;0
65;保罗-里德;Paul Reed;5;4;7;58;81;68;59;82;77;82;55;78;60;40;65;79;73;24;3;76人;4;1;1740000;0;202058;1212;0;0;0;0;0;0;0;0;0;0;0;0;0;0;0;0;0;0;0;0;0
66;小肯扬-马丁;Kenyon Martin Jr.;3;4;8;60;76;76;73;82;67;75;60;72;63;66;69;72;72;22;3;76人;4;1;1860000;0;202052;1254;0;0;0;0;0;0;0;0;0;0;0;0;0;0;0;0;0;0;0;0;0
67;特奎维恩-史密斯;Terquavion-Smith;2;0;6;61;65;76;73;70;61;64;64;63;70;64;66;64;65;21;0;76人;4;1;950000;0;202300;2862;0;0;0;0;0;0;0;0;0;0;0;0;0;0;0;0;0;0;0;0;0
68;杰夫-道丁;Jeff Dowtin;2;3;6;67;68;65;61;65;66;63;62;62;66;37;59;62;61;26;3;76人;4;1;53176;0;202000;1764;0;0;0;0;0;0;0;0;0;0;0;0;0;0;0;0;0;0;0;0;0
69;瑞奇-昆西尔四世;Ricky Council IV;2;0;6;68;55;69;64;59;61;64;58;60;70;65;63;57;60;22;0;76人;4;1;53176;0;202300;2947;0;0;0;0;0;0;0;0;0;0;0;0;0;0;0;0;0;0;0;0;0
70;斯科蒂-巴恩斯;Scottie Barnes;4;3;9;79;90;78;79;84;76;80;81;84;75;72;85;84;85;22;2;猛龙;5;2;9000000;0;202104;182;0;0;0;0;0;0;0;0;0;0;1;0;0;0;0;0;0;0;0;0;0
71;布鲁斯-布朗;Bruce Brown;3;2;8;75;83;74;80;84;65;76;77;76;77;70;80;78;80;27;5;猛龙;5;2;22500000;0;201842;1739;0;0;0;0;0;0;0;0;0;0;0;0;0;0;0;0;0;0;0;1;0
72;伊曼纽尔-奎克利;Immanuel Quickley;1;2;8;79;78;84;82;81;59;68;70;80;82;80;86;71;79;24;3;猛龙;5;1;2310000;0;202025;563;0;0;0;0;0;0;0;0;0;0;0;0;0;0;0;0;0;0;0;0;0
73;RJ-巴雷特;RJ Barrett;3;2;8;73;85;80;76;86;65;70;70;85;78;77;82;75;79;23;4;猛龙;5;4;20880000;0;201903;184;0;0;0;0;0;0;0;0;0;0;0;0;0;0;0;0;0;0;0;0;0
74;凯利-奥利尼克;Kelly Olynyk;5;4;8;78;83;80;80;79;63;79;65;77;75;78;84;73;79;32;10;猛龙;5;1;12330000;0;201313;815;0;0;0;0;0;0;0;0;0;0;0;0;0;0;0;0;0;0;0;0;0
75;小加里-特伦特;Gary Trent Jr.;2;3;8;65;80;83;82;80;60;66;74;76;85;75;79;72;76;25;5;猛龙;5;1;18000000;0;201837;1493;0;0;0;0;0;0;0;0;0;0;0;0;0;0;0;0;0;0;0;0;0
76;雅各布-珀尔特尔;Jakob Poeltl;5;0;8;56;81;55;71;80;84;87;63;80;43;50;64;85;75;28;7;猛龙;5;4;20000000;0;201609;650;0;0;0;0;0;0;0;0;0;0;0;0;0;0;0;0;0;0;0;0;0
77;克里斯-布歇;Chris Boucher;4;5;8;50;80;65;71;82;74;76;68;75;65;65;67;78;73;31;6;猛龙;5;2;11750000;0;201700;420;0;0;0;0;0;0;0;0;0;0;0;0;0;0;0;0;0;0;0;2;0
78;杰伦-麦克丹尼尔斯;Jalen McDaniels;4;3;6;71;75;70;71;76;71;75;61;66;69;66;71;73;72;26;3;猛龙;5;1;1960000;0;202028;1286;0;0;0;0;0;0;0;0;0;0;0;0;0;0;0;0;0;0;0;0;0
79;乔丹-沃拉;Jordan Nwora;3;2;6;68;77;78;79;78;55;60;65;75;78;69;77;63;71;24;3;猛龙;5;1;3200000;0;202045;2216;0;0;0;0;0;0;0;0;0;0;0;0;0;0;0;0;0;0;0;1;0
80;加勒特-坦普尔;Garrett Temple;2;1;7;68;76;76;82;78;48;64;62;68;77;72;75;62;69;37;14;猛龙;5;1;2100000;0;200900;692;0;0;0;0;0;0;0;0;0;0;0;0;0;0;0;0;0;0;0;0;0
81;格雷迪-迪克;Gradey Dick;2;3;8;67;75;77;72;75;65;68;68;70;75;68;72;70;71;19;0;猛龙;5;4;6750000;0;202313;1796;0;0;0;0;0;0;0;0;0;0;0;0;0;0;0;0;0;0;0;0;0
82;奥查伊-阿巴吉;Ochai Agbaji;3;2;7;55;72;68;73;78;60;65;68;68;74;63;66;68;68;23;1;猛龙;5;3;6500000;0;202214;748;0;0;0;0;0;0;0;0;0;0;0;0;0;0;0;0;0;0;0;0;0
83;雅翁-弗里曼;Javon Freeman-Liberty;2;0;6;72;60;79;56;59;51;65;68;65;76;59;67;59;63;23;0;猛龙;5;1;1800000;0;202200;3022;0;0;0;0;0;0;0;0;0;0;0;0;0;0;0;0;0;0;0;0;0
84;默罕莫多-盖伊;Mouhamadou Gueye;5;0;6;53;64;56;61;69;70;69;55;67;60;63;58;67;63;22;0;猛龙;5;1;53176;0;202200;3132;0;0;0;0;0;0;0;0;0;0;0;0;0;0;0;0;0;0;0;0;0
85;琼泰-波特;Jontay Porter;5;4;6;60;66;58;66;63;62;65;55;61;50;54;59;60;59;24;3;猛龙;5;1;53176;0;202000;1721;0;0;0;0;0;0;0;0;0;0;0;0;0;0;0;0;0;0;0;0;0
86;DJ-卡尔顿;D.J. Carton;1;0;6;71;60;67;57;65;43;64;57;58;64;61;62;55;59;23;0;猛龙;5;1;53176;0;202100;3129;0;0;0;0;0;0;0;0;0;0;0;0;0;0;0;0;0;0;0;0;0
87;德马尔-德罗赞;DeMar DeRozan;3;4;10;78;88;75;92;87;65;75;76;90;75;92;89;79;85;34;14;公牛;6;1;27300000;0;200909;98;0;6;0;0;2;1;0;0;0;0;0;0;0;0;0;0;0;0;0;0;0
88;扎克-拉文;Zach LaVine;2;3;9;76;82;85;81;82;63;71;73;85;84;84;85;75;80;28;9;公牛;6;4;43000000;0;201413;119;0;2;0;0;0;0;0;0;0;0;0;0;0;0;0;0;0;0;0;0;0
89;尼古拉-武切维奇;Nikola Vucevic;5;0;8;70;87;72;78;82;65;87;58;84;78;79;83;77;80;33;12;公牛;6;3;20000000;0;201116;322;0;2;0;0;0;0;0;0;0;0;0;0;0;0;0;0;0;0;0;0;0
90;亚历克斯-卡鲁索;Alex Caruso;2;1;8;78;78;80;75;82;76;70;89;71;77;66;78;84;81;29;6;公牛;6;2;9250000;0;201600;1108;0;0;0;0;0;0;0;0;0;0;0;0;0;1;0;0;0;0;0;1;0
91;朗佐-鲍尔;Lonzo Ball;1;2;7;84;70;83;71;76;70;81;83;72;84;65;81;82;81;26;6;公牛;6;2;21250000;0;201702;191;0;0;0;0;0;1;0;0;0;0;0;0;0;0;0;0;0;0;0;0;0
92;科比-怀特;Coby White;1;2;9;77;86;85;81;84;60;65;74;84;83;80;87;74;81;23;4;公牛;6;3;13330000;0;201907;508;0;0;0;0;0;0;0;0;0;0;0;0;0;0;0;0;0;0;0;0;0
93;贾文特-格林;Javonte Green;2;3;6;59;79;75;70;76;70;72;75;80;75;79;72;75;74;30;4;公牛;6;1;53176;0;201900;993;0;0;0;0;0;0;0;0;0;0;0;0;0;0;0;0;0;0;0;0;0
94;帕特里克-威廉姆斯;Patrick Williams;4;3;8;65;76;78;72;79;65;70;83;69;76;66;74;75;74;22;3;公牛;6;1;7500000;0;202004;711;0;0;0;0;0;0;0;0;0;0;0;0;0;0;0;0;0;0;0;0;0
95;安德烈-德拉蒙德;Andre Drummond;5;0;7;53;81;51;65;79;75;92;56;76;42;63;62;81;72;30;11;公牛;6;1;3300000;0;201209;206;0;2;0;0;0;1;0;0;0;4;0;0;0;0;0;0;0;0;0;0;0
96;阿约-多桑姆;Ayo Dosunmu;2;3;7;71;83;80;79;81;60;64;67;82;77;73;79;69;74;23;2;公牛;6;1;2100000;0;202138;951;0;0;0;0;0;0;0;0;0;0;0;0;0;0;0;0;0;0;0;0;0
97;托里-克雷格;Torrey Craig;4;3;6;61;72;75;76;78;67;74;61;66;71;67;70;72;71;33;6;公牛;6;2;2680000;0;201400;1150;0;0;0;0;0;0;0;0;0;0;0;0;0;0;0;0;0;0;0;0;0
98;达伦-特里;Dalen Terry;3;2;8;62;77;69;73;79;64;67;70;72;71;63;69;71;71;20;1;公牛;6;3;5500000;0;202218;697;0;0;0;0;0;0;0;0;0;0;0;0;0;0;0;0;0;0;0;0;0
99;朱利安-菲利普斯;Julian Phillips;3;4;6;60;73;70;71;70;69;72;71;71;68;65;67;71;70;20;0;公牛;6;3;2250000;0;202335;2923;0;0;0;0;0;0;0;0;0;0;0;0;0;0;0;0;0;0;0;0;0
100;奥努拉尔普-比蒂姆;Onuralp Bitim;3;2;6;72;70;72;69;66;66;61;70;72;71;70;71;65;69;24;0;公牛;6;1;2050000;0;202100;3021;0;0;0;0;0;0;0;0;0;0;0;0;0;0;0;0;0;0;0;0;0
101;杰文-卡特;Jevon Carter;1;0;6;76;72;71;70;70;50;58;68;63;74;61;72;61;67;28;5;公牛;6;3;6700000;0;201832;1912;0;0;0;0;0;0;0;0;0;0;0;0;0;0;0;0;0;0;0;0;0
102;安德鲁-冯克;Andrew Funk;2;0;6;71;64;75;71;71;62;58;61;62;73;64;69;61;65;24;0;公牛;6;1;53176;0;202300;3124;0;0;0;0;0;0;0;0;0;0;0;0;0;0;0;0;0;0;0;0;0
103;亨利-德雷尔;Henri Drell;2;3;6;72;60;76;56;60;65;65;59;59;70;60;64;59;62;23;0;公牛;6;1;53176;0;202200;3128;0;0;0;0;0;0;0;0;0;0;0;0;0;0;0;0;0;0;0;0;0
104;阿达马-萨诺戈;Adama Sanogo;4;5;6;63;62;69;58;62;60;70;60;62;68;61;62;61;61;23;0;公牛;6;1;1100000;0;202300;3008;0;0;0;0;0;0;0;0;0;0;0;0;0;0;0;0;0;0;0;0;0
105;多诺万-米切尔;Donovan Mitchell;2;1;10;84;88;89;92;90;69;70;79;87;90;91;94;81;88;27;6;骑士;7;2;32600000;0;201713;131;0;4;0;0;1;0;0;0;0;0;0;0;0;0;0;0;0;0;0;0;0
106;埃文-莫布里;Evan Mobley;4;5;10;70;86;71;75;88;87;90;66;81;70;66;78;90;84;22;2;骑士;7;2;9500000;0;202103;624;0;0;0;0;0;0;0;0;0;0;0;0;0;1;0;0;0;0;0;0;0
107;达里厄斯-加兰;Darius Garland;1;0;9;83;80;86;85;81;60;71;74;82;84;81;89;74;82;24;4;骑士;7;5;38600000;0;201905;234;0;1;0;0;0;0;0;0;0;0;0;0;0;0;0;0;0;0;0;0;0
108;贾勒特-阿伦;Jarrett Allen;5;0;9;58;89;60;70;87;89;89;65;85;53;64;72;91;82;25;6;骑士;7;3;20000000;0;201722;342;0;1;0;0;0;0;0;0;0;0;0;0;0;0;0;0;0;0;0;0;0
109;马克思-斯特鲁斯;Max Strus;3;2;7;70;75;85;82;82;63;61;79;75;85;75;81;73;78;27;4;骑士;7;4;15750000;0;201900;683;0;0;0;0;0;0;0;0;0;0;0;0;0;0;0;0;0;0;0;0;0
110;艾萨克-奥科罗;Isaac Okoro;3;4;8;58;79;76;75;81;75;70;85;70;80;65;71;81;77;22;3;骑士;7;1;6400000;0;202005;810;0;0;0;0;0;0;0;0;0;0;0;0;0;0;0;0;0;0;0;0;0
111;卡里斯-勒韦尔;Caris LeVert;2;3;7;76;80;74;73;84;58;65;75;82;80;79;79;73;76;29;7;骑士;7;2;16000000;0;201620;576;0;0;0;0;0;0;0;0;0;0;0;0;0;0;0;0;0;0;0;0;0
112;马库斯-莫里斯;Marcus Morris;4;3;8;65;76;80;78;78;65;74;72;75;76;79;78;73;75;34;12;骑士;7;0;0;0;201114;1330;0;0;0;0;0;0;0;0;0;0;0;0;0;0;0;0;0;0;0;0;0
113;乔治-尼昂;Georges Niang;4;3;7;71;80;85;80;78;67;61;68;75;80;75;82;69;75;30;7;骑士;7;3;8660000;0;201650;1357;0;0;0;0;0;0;0;0;0;0;0;0;0;0;0;0;0;0;0;0;0
114;迪恩-韦德;Dean Wade;4;3;6;60;78;72;76;71;71;76;60;65;72;67;71;71;71;27;4;骑士;7;1;1800000;0;201900;1540;0;0;0;0;0;0;0;0;0;0;0;0;0;0;0;0;0;0;0;0;0
115;萨姆-梅里尔;Sam Merrill;2;1;6;67;75;86;78;72;55;64;65;70;80;70;77;63;70;27;3;骑士;7;2;1050000;0;202060;2028;0;0;0;0;0;0;0;0;0;0;0;0;0;0;0;0;0;0;0;0;0
116;特里斯坦-汤普森;Tristan Thompson;5;4;7;63;80;50;69;76;73;81;65;69;31;65;62;77;70;32;12;骑士;7;1;53176;0;201104;695;0;0;0;0;0;0;0;0;0;0;0;0;0;0;0;0;0;0;0;1;0
117;泰-杰罗姆;Ty Jerome;2;1;7;70;75;73;76;75;50;59;66;70;75;65;73;62;68;26;4;骑士;7;2;2500000;0;201924;1099;0;0;0;0;0;0;0;0;0;0;0;0;0;0;0;0;0;0;0;0;0
118;艾蒙尼-贝茨;Emoni Bates;3;2;6;67;74;69;79;66;58;66;68;63;71;69;71;63;68;20;0;骑士;7;2;1550000;0;202349;2583;0;0;0;0;0;0;0;0;0;0;0;0;0;0;0;0;0;0;0;0;0
119;达米安-琼斯;Damian Jones;5;0;7;60;78;50;64;80;70;77;60;69;37;51;59;75;67;28;7;骑士;7;1;3000000;0;201630;1411;0;0;0;0;0;0;0;0;0;0;0;0;0;0;0;0;0;0;0;0;0
120;皮特-南斯;Pete Nance;4;0;6;63;71;71;57;74;67;59;63;70;69;60;66;65;65;23;0;骑士;7;1;53176;0;202300;3126;0;0;0;0;0;0;0;0;0;0;0;0;0;0;0;0;0;0;0;0;0
121;小克雷格-波特;Craig Porter;1;2;6;66;74;60;69;71;70;59;56;75;62;64;66;61;64;23;0;骑士;7;1;1800000;0;202300;3088;0;0;0;0;0;0;0;0;0;0;0;0;0;0;0;0;0;0;0;0;0
122;以赛亚-莫布里;Isaiah Mobley;4;3;7;56;74;63;69;71;60;68;59;64;61;58;63;64;63;24;1;骑士;7;1;1550000;0;202249;1323;0;0;0;0;0;0;0;0;0;0;0;0;0;0;0;0;0;0;0;0;0
123;凯德-康宁汉姆;Cade Cunningham;1;2;10;86;80;80;85;82;65;71;75;81;82;85;88;76;83;22;2;活塞;8;2;10500000;0;202101;117;0;0;0;0;0;0;0;0;0;0;0;0;0;0;0;0;0;0;0;0;0
124;杰伦-杜伦;Jalen Duren;5;0;9;67;86;55;68;86;81;89;67;86;45;60;71;87;80;19;1;活塞;8;3;6750000;0;202213;448;0;0;0;0;0;0;0;0;0;0;0;0;0;0;0;0;0;0;0;0;0
125;西蒙尼-冯泰奇奥;Simone Fontecchio;3;4;7;62;76;87;82;78;65;75;70;79;85;79;80;73;78;27;1;活塞;8;1;3100000;0;202200;971;0;0;0;0;0;0;0;0;0;0;0;0;0;0;0;0;0;0;0;0;0
126;詹姆斯-怀斯曼;James Wiseman;5;0;8;50;82;60;74;84;79;79;57;80;65;67;70;80;75;23;3;活塞;8;1;8500000;0;202002;506;0;0;0;0;0;0;0;0;0;0;0;0;0;0;0;0;0;0;0;1;0
127;马拉奇-弗林;Malachi Flynn;2;1;7;64;75;78;81;75;51;70;77;70;72;75;74;70;72;25;3;活塞;8;1;3200000;0;202029;975;0;0;0;0;0;0;0;0;0;0;0;0;0;0;0;0;0;0;0;0;0
128;贾登-艾维;Jaden Ivey;2;0;9;73;82;77;82;81;62;65;67;77;80;82;81;70;76;21;1;活塞;8;3;8750000;0;202205;175;0;0;0;0;0;0;0;0;0;0;0;0;0;0;0;0;0;0;0;0;0
129;以赛亚-斯图尔特;Isaiah Stewart;4;5;8;57;79;76;70;86;78;81;55;74;68;64;71;80;75;22;3;活塞;8;1;3700000;0;202016;684;0;0;0;0;0;0;0;0;0;0;0;0;0;0;0;0;0;0;0;0;0
130;奇梅齐耶-梅图;Chimezie Metu;4;5;7;55;80;68;72;79;74;82;51;75;60;70;69;75;72;26;5;活塞;8;1;2530000;0;201849;1305;0;0;0;0;0;0;0;0;0;0;0;0;0;0;0;0;0;0;0;0;0
131;奥萨尔-汤普森;Ausar Thompson;3;4;8;70;75;65;76;79;68;76;75;71;71;73;72;77;75;19;0;活塞;8;4;10000000;0;202305;694;0;0;0;0;0;0;0;0;0;0;0;0;0;0;0;0;0;0;0;0;0
132;马库斯-萨瑟;Marcus Sasser;1;0;7;73;79;78;79;79;54;55;71;79;76;77;80;66;74;22;0;活塞;8;4;3750000;0;202325;2869;0;0;0;0;0;0;0;0;0;0;0;0;0;0;0;0;0;0;0;0;0
133;昆汀-格莱姆斯;Quentin Grimes;2;3;6;62;70;80;76;78;65;70;67;65;76;67;71;71;71;23;2;活塞;8;2;2280000;0;202125;987;0;0;0;0;0;0;0;0;0;0;0;0;0;0;0;0;0;0;0;0;0
134;埃文-富尼耶;Evan Fournier;3;2;8;63;76;77;78;83;45;66;66;70;80;75;74;65;71;31;11;活塞;8;2;18000000;0;201220;470;0;0;0;0;0;0;0;0;0;0;0;0;0;0;0;0;0;0;0;0;0
135;泰-吉布森;Taj Gibson;5;4;7;52;82;50;72;80;78;74;64;73;42;63;62;78;70;38;14;活塞;8;1;1300000;0;200926;522;0;0;0;0;0;0;0;0;0;0;0;0;0;0;0;0;0;0;0;0;0
136;特洛伊-布朗;Troy Brown;3;2;7;62;76;75;71;79;54;70;74;68;70;63;69;70;70;24;5;活塞;8;2;4200000;0;201815;889;0;0;0;0;0;0;0;0;0;0;0;0;0;0;0;0;0;0;0;0;0
137;斯坦利-乌穆德;Stanley Umude;3;2;6;73;70;76;64;71;64;58;64;69;70;64;70;63;67;24;0;活塞;8;1;2050000;0;202300;3089;0;0;0;0;0;0;0;0;0;0;0;0;0;0;0;0;0;0;0;0;0
138;贾里德-罗登;Jared Rhoden;3;2;6;73;65;70;64;62;58;61;71;57;72;68;66;61;65;24;1;活塞;8;1;53176;0;202200;1239;0;0;0;0;0;0;0;0;0;0;0;0;0;0;0;0;0;0;0;0;0
139;巴迪-伯海姆;Buddy Boeheim;3;0;6;63;66;71;60;70;69;69;70;62;71;36;59;70;65;23;1;活塞;8;1;53176;0;202200;862;0;0;0;0;0;0;0;0;0;0;0;0;0;0;0;0;0;0;0;0;0
140;托森-埃夫布文万;Tosan Evbuomwan;4;3;6;70;68;59;62;71;60;69;61;70;61;60;64;64;64;22;0;活塞;8;1;53176;0;202300;3125;0;0;0;0;0;0;0;0;0;0;0;0;0;0;0;0;0;0;0;0;0
141;帕斯卡尔-西亚卡姆;Pascal Siakam;4;3;9;76;91;76;85;87;75;86;74;90;76;85;89;85;87;29;7;步行者;9;1;30560000;0;201627;157;0;2;0;0;1;1;0;0;0;0;0;0;0;0;0;0;0;0;0;1;0
142;泰雷斯-哈利伯顿;Tyrese Haliburton;1;2;10;95;84;88;85;86;55;70;72;85;89;74;95;74;85;23;3;步行者;9;6;52000000;0;202012;226;0;1;0;0;0;0;0;0;0;0;0;0;0;0;0;0;0;0;0;0;0
143;迈尔斯-特纳;Myles Turner;5;0;8;60;85;79;82;84;87;83;61;84;75;74;81;86;84;27;8;步行者;9;2;17000000;0;201511;307;0;0;0;0;0;0;0;2;0;0;0;0;0;0;0;0;0;0;0;0;0
144;杰伦-史密斯;Jalen Smith;5;4;8;55;86;78;78;76;75;76;69;80;79;68;78;77;77;23;3;步行者;9;1;4250000;0;202010;1446;0;0;0;0;0;0;0;0;0;0;0;0;0;0;0;0;0;0;0;0;0
145;阿隆-内史密斯;Aaron Nesmith;3;4;8;60;80;86;80;81;65;69;74;76;83;70;77;74;77;23;3;步行者;9;3;11000000;0;202014;1353;0;0;0;0;0;0;0;0;0;0;0;0;0;0;0;0;0;0;0;0;0
146;奥比-托平;Obi Toppin;4;5;8;63;84;79;80;81;72;75;63;82;70;70;79;75;77;25;3;步行者;9;1;4860000;0;202008;700;0;0;0;0;0;0;0;0;0;0;0;0;0;0;0;0;0;0;0;0;0
147;TJ-麦康奈尔;T.J. McConnell;1;0;7;84;80;65;82;83;50;67;77;75;60;75;79;73;76;31;8;步行者;9;2;8750000;0;201500;609;0;0;0;0;0;0;0;0;0;0;0;0;0;0;0;0;0;0;0;0;0
148;本尼迪克特-马图林;Bennedict Mathurin;3;2;7;66;78;81;82;80;63;69;70;80;81;69;78;71;76;21;1;步行者;9;3;8500000;0;202206;605;0;0;0;0;0;0;0;0;0;0;0;0;0;0;0;0;0;0;0;0;0
149;道格-麦克德莫特;Doug McDermott;3;2;7;56;79;89;86;79;53;70;70;70;86;75;78;68;74;32;9;步行者;9;1;13750000;0;201411;1287;0;0;0;0;0;0;0;0;0;0;0;0;0;0;0;0;0;0;0;0;0
150;贾拉斯-沃克;Jarace Walker;4;5;8;59;80;63;69;79;74;76;59;75;63;62;68;75;72;19;0;步行者;9;4;8500000;0;202308;1782;0;0;0;0;0;0;0;0;0;0;0;0;0;0;0;0;0;0;0;0;0
151;以赛亚-杰克逊;Isaiah Jackson;5;4;7;50;80;50;79;76;81;79;55;69;34;70;62;78;70;21;2;步行者;9;2;4500000;0;202122;1097;0;0;0;0;0;0;0;0;0;0;0;0;0;0;0;0;0;0;0;0;0
152;本-谢泼德;Ben Sheppard;2;1;7;68;70;76;74;78;60;67;69;64;73;62;70;69;70;22;0;步行者;9;4;3500000;0;202326;2919;0;0;0;0;0;0;0;0;0;0;0;0;0;0;0;0;0;0;0;0;0
153;詹姆斯-约翰逊;James Johnson;4;5;7;63;75;69;72;78;59;70;62;68;70;64;69;67;68;36;14;步行者;9;1;1100000;0;200916;1618;0;0;0;0;0;0;0;0;0;0;0;0;0;0;0;0;0;0;0;0;0
154;奥斯卡-希布维;Oscar Tshiebwe;5;4;6;66;70;57;58;67;77;70;50;73;58;56;63;68;66;23;0;步行者;9;1;2050000;0;202300;3019;0;0;0;0;0;0;0;0;0;0;0;0;0;0;0;0;0;0;0;0;0
155;以赛亚-王;Isaiah Wong;1;2;6;62;72;72;61;73;71;73;55;69;70;56;65;66;65;23;0;步行者;9;2;1250000;0;202355;2938;0;0;0;0;0;0;0;0;0;0;0;0;0;0;0;0;0;0;0;0;0
156;肯德尔-布朗;Kendall Brown;2;0;7;66;75;67;66;68;58;65;66;66;68;52;65;63;64;20;1;步行者;9;1;1600000;0;202248;884;0;0;0;0;0;0;0;0;0;0;0;0;0;0;0;0;0;0;0;0;0
157;安德鲁-内姆布哈德;Andrew Nembhard;2;1;7;76;78;77;83;81;56;63;77;70;75;75;78;71;75;23;1;步行者;9;3;2450000;0;202231;1350;0;0;0;0;0;0;0;0;0;0;0;0;0;0;0;0;0;0;0;0;0
158;扬尼斯-阿德托昆博;Giannis Antetokounmpo;4;5;11;84;96;70;75;93;82;91;77;96;71;75;88;93;91;29;10;雄鹿;10;4;52500000;0;201315;13;0;7;1;5;2;0;0;0;0;0;0;0;0;4;1;0;1;1;2;1;0
159;达米安-利拉德;Damian Lillard;1;0;10;85;83;92;87;85;61;67;70;83;93;84;94;73;85;33;11;雄鹿;10;4;31630000;0;201206;45;0;7;0;1;4;2;0;0;0;0;1;0;0;0;0;0;0;0;0;0;0
160;布鲁克-洛佩斯;Brook Lopez;5;0;8;55;80;84;75;79;88;84;65;76;82;66;77;85;81;35;15;雄鹿;10;2;24000000;0;200810;265;0;1;0;0;0;0;0;0;0;0;0;0;0;1;1;0;0;0;0;1;0
161;克里斯-米德尔顿;Khris Middleton;3;4;9;76;82;84;88;80;65;72;70;80;83;86;87;73;81;32;11;雄鹿;10;3;34000000;0;201239;276;0;3;0;0;0;0;0;0;0;0;0;0;0;0;0;0;0;0;0;1;0
162;鲍比-波蒂斯;Bobby Portis;4;5;8;55;85;79;80;83;76;80;60;82;75;75;78;79;78;29;8;雄鹿;10;3;12250000;0;201522;390;0;0;0;0;0;0;0;0;0;0;0;0;0;0;0;0;0;0;0;1;0
163;帕特-康诺顿;Pat Connaughton;3;2;7;68;74;70;76;75;60;62;72;70;72;65;71;67;70;31;8;雄鹿;10;1;4940000;0;201541;1127;0;0;0;0;0;0;0;0;0;0;0;0;0;0;0;0;0;0;0;1;0
164;帕特里克-贝弗利;Patrick Beverly;2;1;7;74;68;74;68;82;60;65;80;70;74;67;71;75;73;35;14;雄鹿;10;1;3200000;0;200942;382;0;0;0;0;0;0;0;0;0;0;0;0;0;1;2;0;0;0;0;0;0
165;杰-克劳德;Jae Crowder;3;4;7;63;72;79;76;80;56;68;72;70;68;76;72;70;72;33;11;雄鹿;10;1;6460000;0;201234;551;0;0;0;0;0;0;0;0;0;0;0;0;0;0;0;0;0;0;0;0;0
166;马利克-比斯利;Malik Beasley;2;1;8;62;75;90;85;78;55;65;65;70;85;79;80;66;73;27;7;雄鹿;10;1;2700000;0;201619;194;0;0;0;0;0;0;0;0;0;0;0;0;0;0;0;0;0;0;0;0;0
167;达尼罗-加里纳利;Danilo Gallinari;5;4;8;50;77;78;80;75;60;71;60;77;80;69;74;67;70;35;15;雄鹿;10;1;53176;0;200806;235;0;0;0;0;0;0;0;0;0;0;0;0;0;0;0;0;0;0;0;0;0
168;AJ-格林;A.J. Green;2;3;7;65;75;79;75;73;60;62;73;70;76;62;72;68;70;24;2;雄鹿;10;3;2400000;0;202100;991;0;0;0;0;0;0;0;0;0;0;0;0;0;0;0;0;0;0;0;0;0
169;泰泰-华盛顿;TyTy Washington Jr.;1;2;7;72;71;71;73;79;58;63;65;68;74;63;72;67;70;21;1;雄鹿;10;2;3400000;0;202229;1054;0;0;0;0;0;0;0;0;0;0;0;0;0;0;0;0;0;0;0;0;0
170;安德烈-杰克逊;Andre Jackson Jr.;2;3;6;62;72;72;61;73;71;73;67;69;70;56;64;72;68;22;0;雄鹿;10;3;2200000;0;202336;2924;0;0;0;0;0;0;0;0;0;0;0;0;0;0;0;0;0;0;0;0;0
171;马琼-博尚;MarJon Beauchamp ;3;2;7;61;76;58;68;76;64;77;74;68;58;47;60;74;68;21;1;雄鹿;10;3;4000000;0;202224;869;0;0;0;0;0;0;0;0;0;0;0;0;0;0;0;0;0;0;0;0;0
172;萨纳西斯-阿德托昆博;Thanasis Antetokounmpo;4;3;6;55;60;60;62;70;78;68;58;65;60;58;57;70;64;31;8;雄鹿;10;1;3610000;0;201451;751;0;0;0;0;0;0;0;0;0;0;0;0;0;0;0;0;0;0;0;1;0
173;克里斯-利文斯顿;Chris Livingston;4;3;6;62;69;77;77;71;61;56;64;63;77;65;70;61;66;20;0;雄鹿;10;2;1100000;0;202358;2940;0;0;0;0;0;0;0;0;0;0;0;0;0;0;0;0;0;0;0;0;0
174;瑞安-罗林斯;Ryan Rollins;2;1;6;67;59;69;69;67;60;63;66;61;71;52;63;63;63;21;1;雄鹿;10;1;53176;0;202244;1989;0;0;0;0;0;0;0;0;0;0;0;0;0;0;0;0;0;0;0;0;0
175;杰林-加洛韦;Jaylin Galloway;2;0;6;65;54;71;56;62;60;61;61;61;72;63;61;58;60;21;0;雄鹿;10;1;53176;0;202200;3130;0;0;0;0;0;0;0;0;0;0;0;0;0;0;0;0;0;0;0;0;0
176;德章泰-默里;Dejounte Murray;2;1;9;80;84;85;88;85;65;67;81;87;85;88;90;78;85;27;7;老鹰;11;5;30000000;0;201629;281;0;1;0;0;0;0;0;0;0;0;0;0;1;0;0;0;0;0;0;0;0
177;特雷-杨;Trae Young;1;0;10;92;82;90;88;84;60;63;67;86;92;86;96;70;84;25;5;老鹰;11;3;40140000;0;201805;160;0;2;0;0;0;1;0;0;0;0;0;0;0;0;0;0;0;0;0;0;0
178;杰伦-约翰逊;Jalen Johnson;4;5;9;70;87;77;79;86;74;80;68;85;73;72;82;81;82;21;2;老鹰;11;2;5000000;0;202120;1614;0;0;0;0;0;0;0;0;0;0;0;0;0;0;0;0;0;0;0;0;0
179;奥涅卡-奥孔古;Onyeka Okongwu;5;4;8;60;89;64;78;84;80;80;65;82;65;76;77;83;80;22;3;老鹰;11;4;15500000;0;202006;358;0;0;0;0;0;0;0;0;0;0;0;0;0;0;0;0;0;0;0;0;0
180;萨迪克-贝;Saddiq Bey;3;4;8;65;74;78;81;79;74;76;73;71;79;72;75;78;78;24;3;老鹰;11;1;3400000;0;202019;377;0;0;0;0;0;0;0;0;0;0;0;0;0;0;0;0;0;0;0;0;0
181;韦斯利-马修斯;Wesley Matthews;3;4;7;68;74;86;80;82;45;72;75;71;92;76;80;69;76;37;14;老鹰;11;1;2500000;0;200900;273;0;0;0;0;0;0;0;0;0;0;0;0;0;0;0;0;0;0;0;0;0
182;博格丹-博格达诺维奇;Bogdan Bogdanovic;2;3;8;77;78;87;84;81;55;70;63;73;84;77;84;68;76;31;6;老鹰;11;4;13500000;0;201427;403;0;0;0;0;0;0;0;0;0;0;0;0;0;0;0;0;0;0;0;0;0
183;德安德烈-亨特;De'Andre Hunter;4;3;8;54;80;81;84;79;65;72;76;78;78;81;78;74;76;26;4;老鹰;11;4;21000000;0;201904;504;0;0;0;0;0;0;0;0;0;0;0;0;0;0;0;0;0;0;0;0;0
184;克林特-卡佩拉;Clint Capela;5;0;8;53;86;50;63;86;83;93;53;80;31;43;60;87;74;29;9;老鹰;11;1;16000000;0;201425;535;0;0;0;0;0;0;0;0;0;1;0;0;0;0;0;0;0;0;0;0;0
185;科比-巴夫金;Kobe Bufkin;2;1;7;78;75;79;78;77;57;62;60;72;76;72;78;63;71;20;0;老鹰;11;4;6250000;0;202315;2871;0;0;0;0;0;0;0;0;0;0;0;0;0;0;0;0;0;0;0;0;0
186;塞斯-伦迪;Seth Lundy;3;4;6;55;74;74;75;76;68;74;64;68;74;64;68;71;70;24;0;老鹰;11;2;1700000;0;202346;2930;0;0;0;0;0;0;0;0;0;0;0;0;0;0;0;0;0;0;0;0;0
187;AJ-格里芬;AJ Griffin;3;4;8;61;80;66;77;78;63;65;68;72;66;68;69;69;70;19;1;老鹰;11;3;6000000;0;202216;478;0;0;0;0;0;0;0;0;0;0;0;0;0;0;0;0;0;0;0;0;0
188;特伦特-弗雷斯特;Trent Forrest;2;1;6;71;74;71;72;75;55;68;66;65;72;64;70;66;68;25;2;老鹰;11;1;1830000;0;202100;973;0;0;0;0;0;0;0;0;0;0;0;0;0;0;0;0;0;0;0;0;0
189;穆罕穆德-盖耶;Mouhamed Gueye;4;0;6;59;77;61;65;77;71;72;60;68;64;57;64;72;68;21;0;老鹰;11;3;2050000;0;202339;2927;0;0;0;0;0;0;0;0;0;0;0;0;0;0;0;0;0;0;0;0;0
190;加里森-马修斯;Garrison Mathews;2;3;6;72;73;71;74;74;51;56;70;64;72;66;71;62;67;27;4;老鹰;11;1;2470000;0;201900;1270;0;0;0;0;0;0;0;0;0;0;0;0;0;0;0;0;0;0;0;0;0
191;维特-克雷伊奇;Vit Krejci;3;2;6;71;72;70;71;70;51;58;70;63;70;64;69;60;66;22;3;老鹰;11;1;950000;0;202037;1151;0;0;0;0;0;0;0;0;0;0;0;0;0;0;0;0;0;0;0;0;0
192;布鲁诺-费尔南多;Bruno Fernando;5;0;6;50;72;60;74;74;68;71;59;64;58;63;62;69;66;25;4;老鹰;11;3;2500000;0;201934;965;0;0;0;0;0;0;0;0;0;0;0;0;0;0;0;0;0;0;0;0;0
193;迪伦-温德勒;Dylan Windler;4;3;6;62;74;70;68;76;52;68;64;65;70;55;67;64;65;27;4;老鹰;11;1;53176;0;201926;1547;0;0;0;0;0;0;0;0;0;0;0;0;0;0;0;0;0;0;0;0;0
194;迈尔斯-布里奇斯;Miles Bridges;4;3;8;70;86;82;75;87;70;78;68;83;82;79;84;79;81;25;5;黄蜂;12;1;7900000;0;201812;201;0;0;0;0;0;0;0;0;0;0;0;0;0;0;0;0;0;0;0;0;0
195;拉梅洛-鲍尔;LaMelo Ball;1;2;9;86;81;87;82;80;51;70;72;81;83;80;90;71;81;22;3;黄蜂;12;6;52000000;0;202003;90;0;1;0;0;0;0;0;0;0;0;1;0;0;0;0;0;0;0;0;0;0
196;布兰登-米勒;Brandon Miller;4;3;9;71;80;84;86;84;67;68;75;80;84;82;85;75;80;20;0;黄蜂;12;4;11500000;0;202302;1257;0;0;0;0;0;0;0;0;0;0;0;0;0;0;0;0;0;0;0;0;0
197;格兰特-威廉姆斯;Grant Williams;4;5;7;61;77;75;79;78;80;76;75;69;73;71;73;80;77;25;4;黄蜂;12;4;13250000;0;201922;1523;0;0;0;0;0;0;0;0;0;0;0;0;0;0;0;0;0;0;0;0;0
198;瓦西里耶-米西奇;Vasilije Micic;1;2;7;80;79;79;79;74;61;64;75;78;75;78;83;70;77;30;9;黄蜂;12;3;7830000;0;201452;1320;0;0;0;0;0;0;0;0;0;0;0;0;0;0;0;0;0;0;0;0;0
199;尼克-理查兹;Nick Richards;5;0;7;50;86;64;75;78;80;88;60;85;62;65;72;82;77;23;3;黄蜂;12;3;5000000;0;202042;1221;0;0;0;0;0;0;0;0;0;0;0;0;0;0;0;0;0;0;0;0;0
200;特雷-曼恩;Tre Mann;2;3;7;75;78;83;79;73;58;75;79;75;79;75;80;73;77;22;2;黄蜂;12;2;5500000;0;202118;1296;0;0;0;0;0;0;0;0;0;0;0;0;0;0;0;0;0;0;0;0;0
201;马克-威廉姆斯;Mark Williams;5;0;8;60;85;50;75;82;82;84;64;80;40;65;68;84;76;21;1;黄蜂;12;3;6250000;0;202215;1530;0;0;0;0;0;0;0;0;0;0;0;0;0;0;0;0;0;0;0;0;0
202;塞斯-库里;Seth Curry;2;1;8;74;74;88;80;79;45;68;70;71;82;76;81;66;74;33;10;黄蜂;12;2;5810000;0;201300;558;0;0;0;0;0;0;0;0;0;0;0;0;0;0;0;0;0;0;0;0;0
203;尼克-史密斯;Nick Smith Jr.;2;1;7;70;72;76;73;77;59;69;70;69;75;68;73;70;71;19;0;黄蜂;12;4;3250000;0;202327;672;0;0;0;0;0;0;0;0;0;0;0;0;0;0;0;0;0;0;0;0;0
204;科迪-马丁;Cody Martin;2;3;6;60;78;75;77;76;74;76;55;66;73;69;71;70;70;28;4;黄蜂;12;3;8000000;0;201936;1252;0;0;0;0;0;0;0;0;0;0;0;0;0;0;0;0;0;0;0;0;0
205;阿列克谢-波库舍夫斯基;Aleksej Pokusevski;5;4;8;65;75;71;70;72;70;70;60;60;60;65;68;69;69;22;3;黄蜂;12;2;3600000;0;202017;392;0;0;0;0;0;0;0;0;0;0;0;0;0;0;0;0;0;0;0;0;0
206;阿马里-贝利;Amari Bailey;2;1;6;67;70;74;77;75;63;60;67;63;75;64;70;66;68;20;0;黄蜂;12;3;1950000;0;202341;2928;0;0;0;0;0;0;0;0;0;0;0;0;0;0;0;0;0;0;0;0;0
207;戴维斯-贝尔坦斯;Davis Bertans;4;5;7;60;73;86;83;76;61;60;52;66;76;71;76;61;68;31;9;黄蜂;12;2;16000000;0;201142;381;0;0;0;0;0;0;0;0;0;0;0;0;0;0;0;0;0;0;0;0;0
208;JT-索尔;JT Thor;4;5;6;52;70;60;73;76;71;74;60;64;58;63;61;72;67;20;2;黄蜂;12;1;2150000;0;202137;1501;0;0;0;0;0;0;0;0;0;0;0;0;0;0;0;0;0;0;0;0;0
209;纳丹-门萨;Nathan Mensah;5;0;6;60;68;58;56;73;78;67;61;68;61;61;61;72;67;25;0;黄蜂;12;1;53176;0;202300;5001;0;0;0;0;0;0;0;0;0;0;0;0;0;0;0;0;0;0;0;0;0
210;布莱斯-麦戈文斯;Bryce McGowens;2;3;6;70;67;65;70;73;63;64;66;63;66;59;65;66;66;20;1;黄蜂;12;3;1850000;0;202240;1277;0;0;0;0;0;0;0;0;0;0;0;0;0;0;0;0;0;0;0;0;0
211;里基-布莱克;Leaky Black;4;3;6;56;68;60;63;72;70;62;59;68;63;58;61;66;63;23;0;黄蜂;12;1;1100000;0;202300;3020;0;0;0;0;0;0;0;0;0;0;0;0;0;0;0;0;0;0;0;0;0
212;马奎斯-博尔登;Marques Bolden;5;0;6;56;62;56;56;63;62;71;61;60;49;30;51;63;57;25;4;黄蜂;12;1;53176;0;201900;1727;0;0;0;0;0;0;0;0;0;0;0;0;0;0;0;0;0;0;0;0;0
213;吉米-巴特勒;Jimmy Butler;3;4;10;82;86;76;87;88;72;75;88;85;75;88;87;85;87;34;12;热火;13;2;46000000;0;201130;89;0;6;0;0;1;4;0;0;0;0;0;0;1;0;5;0;0;0;0;0;0
214;埃德里斯-阿德巴约;Edrice Adebayo;5;0;10;74;87;66;81;89;86;89;82;85;62;80;82;94;88;26;6;热火;13;2;32600000;0;201714;167;0;2;0;0;0;0;0;0;0;0;0;0;0;0;4;0;0;0;0;0;0
215;小海梅-哈克斯;Jaime Jaquez Jr.;3;2;8;70;82;73;81;84;67;70;77;80;75;75;78;77;79;23;0;热火;13;4;5500000;0;202318;2915;0;0;0;0;0;0;0;0;0;0;0;0;0;0;0;0;0;0;0;0;0
216;特里-罗齐尔;Terry Rozier;1;2;8;75;80;81;78;83;60;61;76;78;85;82;83;73;79;29;8;热火;13;3;21490000;0;201516;595;0;0;0;0;0;0;0;0;0;0;0;0;0;0;0;0;0;0;0;0;0
217;泰勒-希罗;Tyler Herro;2;1;9;78;82;89;86;80;63;67;73;79;87;85;88;73;81;24;4;热火;13;4;30000000;0;201913;722;0;0;0;0;0;0;0;0;0;0;0;0;0;0;0;0;0;0;0;0;1
218;凯莱布-马丁;Caleb Martin;2;3;8;65;80;84;83;76;68;78;79;71;80;80;79;78;79;28;4;热火;13;1;890000;0;201900;600;0;0;0;0;0;0;0;0;0;0;0;0;0;0;0;0;0;0;0;0;0
219;凯文-乐福;Kevin Love;5;4;9;72;77;80;77;79;68;78;65;73;77;72;79;75;77;35;15;热火;13;2;3700000;0;200805;121;0;5;0;0;2;0;0;0;0;1;0;0;0;0;0;0;0;0;0;1;0
220;约什-理查德森;Josh Richardson;2;3;8;65;76;78;80;84;56;69;78;74;76;72;75;75;75;30;8;热火;13;2;3000000;0;201540;259;0;0;0;0;0;0;0;0;0;0;0;0;0;0;0;0;0;0;0;0;0
221;邓肯-罗宾逊;Duncan Robinson;3;2;8;66;79;88;85;79;61;64;70;75;85;75;81;69;76;29;5;热火;13;3;18000000;0;201800;588;0;0;0;0;0;0;0;0;0;0;0;0;0;0;0;0;0;0;0;0;0
222;托马斯-布莱恩特;Thomas Bryant;5;0;7;54;83;65;71;79;74;79;53;78;60;68;71;75;73;26;6;热火;13;2;2700000;0;201742;875;0;0;0;0;0;0;0;0;0;0;0;0;0;0;0;0;0;0;0;1;0
223;德朗-赖特;Delon Wright;2;1;7;70;71;79;75;78;61;68;78;70;79;66;74;74;74;31;8;热火;13;1;8000000;0;201520;1190;0;0;0;0;0;0;0;0;0;0;0;0;0;0;0;0;0;0;0;0;0
224;尼古拉-约维奇;Nikola Jovic;4;3;7;69;76;83;75;79;69;73;69;72;75;69;77;74;75;20;1;热火;13;3;3250000;0;202227;1622;0;0;0;0;0;0;0;0;0;0;0;0;0;0;0;0;0;0;0;0;0
225;帕蒂-米尔斯;Patty Mills;1;2;7;72;74;84;82;80;45;60;60;69;87;74;81;61;72;35;14;热火;13;1;7250000;0;200955;619;0;0;0;0;0;0;0;0;0;0;0;0;0;0;0;0;0;0;0;1;0
226;科尔-斯威德;Cole Swider;3;4;6;65;69;80;71;71;65;65;67;63;73;63;69;66;69;21;1;热火;13;1;53176;0;202200;1472;0;0;0;0;0;0;0;0;0;0;0;0;0;0;0;0;0;0;0;0;0
227;贾马尔-凯因;Jamal Cain;4;3;6;62;67;67;77;71;64;70;60;63;68;67;67;66;66;24;1;热火;13;1;53176;0;202200;1120;0;0;0;0;0;0;0;0;0;0;0;0;0;0;0;0;0;0;0;0;0
228;奥兰多-罗宾逊;Orlando Robinson;5;0;6;58;75;50;69;74;70;71;66;69;41;52;59;71;66;23;1;热火;13;1;53176;0;202200;1232;0;0;0;0;0;0;0;0;0;0;0;0;0;0;0;0;0;0;0;0;0
229;阿隆德斯-威廉姆斯;Alondes Williams;1;2;6;73;71;63;70;70;59;60;63;66;66;60;68;62;65;24;1;热火;13;1;53176;0;202200;1519;0;0;0;0;0;0;0;0;0;0;0;0;0;0;0;0;0;0;0;0;0
230;海伍德-海史密斯;Haywood Highsmith;3;4;6;50;71;63;70;76;67;71;53;64;60;48;57;66;63;27;5;热火;13;1;1752638;0;201800;1027;0;0;0;0;0;0;0;0;0;0;0;0;0;0;0;0;0;0;0;0;0
231;弗朗茨-瓦格纳;Franz Wagner;3;4;9;79;88;74;82;85;72;80;81;87;80;80;85;84;86;22;2;魔术;14;2;8000000;0;202108;1508;0;0;0;0;0;0;0;0;0;0;0;0;0;0;0;0;0;0;0;0;0
232;帕布罗-班切罗;Paolo Banchero;4;3;9;77;85;80;86;87;73;80;68;88;80;88;89;81;85;20;1;魔术;14;3;10500000;0;202201;190;0;0;0;0;0;0;0;0;0;0;1;0;0;0;0;0;0;0;0;0;0
233;温德尔-卡特;Wendell Carter Jr.;5;4;9;60;85;78;80;81;76;82;67;80;70;73;79;81;80;24;5;魔术;14;1;7500000;0;201807;245;0;0;0;0;0;0;0;0;0;0;0;0;0;0;0;0;0;0;0;0;0
234;杰伦-萨格斯;Jalen Suggs;2;1;9;80;82;85;77;88;71;68;86;80;82;72;84;83;84;22;2;魔术;14;2;8750000;0;202105;658;0;0;0;0;0;0;0;0;0;0;0;0;0;0;0;0;0;0;0;0;0
235;科尔-安东尼;Cole Anthony;1;0;9;77;83;79;82;80;60;62;72;81;75;79;83;70;77;23;3;魔术;14;4;13000000;0;202015;354;0;0;0;0;0;0;0;0;0;0;0;0;0;0;0;0;0;0;0;0;0
236;乔纳森-艾萨克;Jonathan Isaac;4;5;9;50;79;70;74;80;85;78;88;75;69;67;69;87;78;26;6;魔术;14;1;16670000;0;201706;349;0;0;0;0;0;0;0;0;0;0;0;0;0;0;0;0;0;0;0;0;0
237;加里-哈里斯;Gary Harris;2;3;8;70;79;81;76;86;56;69;78;70;75;70;76;75;76;29;9;魔术;14;1;13000000;0;201419;1012;0;0;0;0;0;0;0;0;0;0;0;0;0;0;0;0;0;0;0;0;0
238;马克尔-富尔茨;Markelle Fultz;1;2;8;77;84;65;80;78;68;63;75;82;65;74;78;73;76;25;6;魔术;14;1;16670000;0;201701;215;0;0;0;0;0;0;0;0;0;0;0;0;0;0;0;0;0;0;0;0;0
239;安东尼-布莱克;Anthony Black;1;2;8;78;75;78;80;77;68;73;66;71;76;70;80;72;76;19;0;魔术;14;4;9500000;0;202306;1795;0;0;0;0;0;0;0;0;0;0;0;0;0;0;0;0;0;0;0;0;0
240;乔-英格尔斯;Joe Ingles;3;2;8;80;76;84;79;82;50;60;75;70;75;65;79;67;74;36;9;魔术;14;2;11000000;0;200900;333;0;0;0;0;0;0;0;0;0;0;0;0;0;0;0;0;0;0;0;0;0
241;莫里茨-瓦格纳;Moritz Wagner;5;4;7;69;85;70;65;82;72;79;67;82;60;62;75;78;77;26;5;魔术;14;2;8000000;0;201825;2176;0;0;0;0;0;0;0;0;0;0;0;0;0;0;0;0;0;0;0;0;0
242;杰特-霍华德;Jett Howard;4;3;7;61;76;79;77;77;70;69;63;73;79;66;74;71;73;19;0;魔术;14;4;7250000;0;202311;2007;0;0;0;0;0;0;0;0;0;0;0;0;0;0;0;0;0;0;0;0;0
243;戈加-比塔泽;Goga Bitadze;5;0;7;64;79;74;73;80;73;74;52;75;69;65;74;73;74;24;4;魔术;14;1;1800000;0;201918;856;0;0;0;0;0;0;0;0;0;0;0;0;0;0;0;0;0;0;0;0;0
244;丘马-奥基基;Chuma Okeke;2;3;7;63;74;75;71;72;71;75;63;68;73;60;69;70;69;25;4;魔术;14;1;4000000;0;201916;807;0;0;0;0;0;0;0;0;0;0;0;0;0;0;0;0;0;0;0;0;0
245;凯文-哈里斯;Kevon Harris;2;1;6;71;68;73;68;73;59;66;75;63;74;57;68;69;69;26;1;魔术;14;1;53176;0;202200;1013;0;0;0;0;0;0;0;0;0;0;0;0;0;0;0;0;0;0;0;0;0
246;阿德米拉尔-斯科菲尔德;Admiral Schofield;5;4;6;58;69;73;68;73;64;66;70;66;69;60;66;67;67;26;4;魔术;14;1;2110000;0;201942;2136;0;0;0;0;0;0;0;0;0;0;0;0;0;0;0;0;0;0;0;0;0
247;特雷弗林-奎因;Trevelin Queen;2;3;6;65;70;72;75;72;51;68;68;63;73;65;69;65;67;23;3;魔术;14;1;1650000;0;202000;1171;0;0;0;0;0;0;0;0;0;0;0;0;0;0;0;0;0;0;0;0;0
248;凯莱布-休斯坦;Caleb Houstan;3;2;7;67;65;71;75;72;60;65;64;65;71;66;68;64;67;20;1;魔术;14;2;2400000;0;202232;1583;0;0;0;0;0;0;0;0;0;0;0;0;0;0;0;0;0;0;0;0;0
249;凯尔-库兹马;Kyle Kuzma;4;5;9;69;82;82;79;87;75;81;69;80;81;77;82;82;82;28;6;奇才;15;4;25500000;0;201727;562;0;0;0;0;0;0;0;0;0;0;0;0;0;0;0;0;0;0;0;1;0
250;乔丹-普尔;Jordan Poole;2;1;9;76;82;81;80;85;52;63;71;80;88;78;83;69;77;24;4;奇才;15;4;35000000;0;201928;651;0;0;0;0;0;0;0;0;0;0;0;0;0;0;0;0;0;0;0;1;0
251;泰厄斯-琼斯;Tyus Jones;1;0;7;88;73;82;79;79;45;60;80;75;75;71;84;69;77;27;8;奇才;15;1;15000000;0;201524;656;0;0;0;0;0;0;0;0;0;0;0;0;0;0;0;0;0;0;0;0;0
252;里乔恩-霍姆斯;Richaun Holmes;5;4;7;50;80;55;77;83;73;78;64;73;69;73;68;78;74;30;8;奇才;15;2;11600000;0;201537;519;0;0;0;0;0;0;0;0;0;0;0;0;0;0;0;0;0;0;0;0;0
253;科里-基斯伯特;Corey Kispert;3;4;7;68;78;84;83;78;60;69;72;80;82;80;81;70;77;24;2;奇才;15;2;6250000;0;202115;1075;0;0;0;0;0;0;0;0;0;0;0;0;0;0;0;0;0;0;0;0;0
254;马文-巴格利;Marvin Bagley;5;0;8;57;82;72;77;81;77;78;62;77;60;69;73;79;76;24;5;奇才;15;1;2150000;0;201802;183;0;0;0;0;0;0;0;0;0;0;0;0;0;0;0;0;0;0;0;0;0
255;德尼-阿夫迪亚;Deni Avdija;3;4;8;72;79;80;79;83;66;70;68;80;74;72;79;73;77;23;3;奇才;15;4;13750000;0;202009;340;0;0;0;0;0;0;0;0;0;0;0;0;0;0;0;0;0;0;0;0;0
256;约翰尼-戴维斯;Johnny Davis;2;3;8;68;73;75;74;79;60;73;66;65;76;69;72;70;71;21;1;奇才;15;3;7500000;0;202210;1761;0;0;0;0;0;0;0;0;0;0;0;0;0;0;0;0;0;0;0;0;0
257;特里斯坦-武克切维奇;Tristan Vukčević;4;0;7;55;81;60;70;78;68;79;63;85;60;70;69;74;72;23;0;奇才;15;1;53176;0;202342;2929;0;0;0;0;0;0;0;0;0;0;0;0;0;0;0;0;0;0;0;0;0
258;比拉尔-库利巴利;Bilal Coulibaly;3;2;7;65;76;75;74;80;61;68;73;72;75;65;72;72;73;19;0;奇才;15;4;9000000;0;202307;2914;0;0;0;0;0;0;0;0;0;0;0;0;0;0;0;0;0;0;0;0;0
259;贾里德-巴特勒;Jared Butler;1;2;6;71;77;76;75;73;59;60;64;61;78;65;74;63;69;22;2;奇才;15;1;53176;0;202140;1696;0;0;0;0;0;0;0;0;0;0;0;0;0;0;0;0;0;0;0;0;0
260;兰德里-沙梅特;Landry Shamet;2;1;6;69;70;75;71;72;45;60;75;63;77;57;69;63;67;26;5;奇才;15;1;2090000;0;201826;1441;0;0;0;0;0;0;0;0;0;0;0;0;0;0;0;0;0;0;0;0;0
261;小帕特里克-鲍德温;Patrick Baldwin Jr.;4;5;6;64;66;59;73;78;61;70;68;64;58;64;63;70;67;20;1;奇才;15;3;3000000;0;202228;840;0;0;0;0;0;0;0;0;0;0;0;0;0;0;0;0;0;0;0;0;0
262;朱尔斯-伯纳德;Jules Bernard;2;0;6;70;65;71;68;64;60;71;68;67;67;70;68;65;66;23;1;奇才;15;1;53176;0;202200;3133;0;0;0;0;0;0;0;0;0;0;0;0;0;0;0;0;0;0;0;0;0
263;安东尼-吉尔;Anthony Gill;4;3;6;66;78;65;70;77;50;62;70;66;65;63;69;63;66;31;3;奇才;15;1;2200000;0;201600;1077;0;0;0;0;0;0;0;0;0;0;0;0;0;0;0;0;0;0;0;0;0
264;尤金-奥莫鲁伊;Eugene Omoruyi;4;3;6;66;72;68;74;74;54;64;59;64;69;66;69;61;65;26;2;奇才;15;1;1800000;0;202100;817;0;0;0;0;0;0;0;0;0;0;0;0;0;0;0;0;0;0;0;0;0
265;卢卡-东契奇;Luka Dončić;1;2;10;90;91;92;90;91;64;82;70;92;94;89;100;81;91;24;5;独行侠;16;3;40140000;0;201803;28;0;4;0;4;0;0;1;0;0;0;0;0;0;0;0;0;0;0;0;0;0
266;凯里-欧文;Kyrie Irving;2;1;10;80;88;91;92;89;68;72;75;90;90;90;94;80;87;31;12;独行侠;16;3;42000000;0;201101;136;0;8;1;0;1;2;0;0;0;0;0;0;0;0;0;0;0;0;0;1;0
267;PJ-华盛顿;P.J. Washington;4;5;8;70;81;83;78;85;75;77;73;71;78;80;81;81;81;25;4;独行侠;16;1;16853176;0;201912;1053;0;0;0;0;0;0;0;0;0;0;0;0;0;0;0;0;0;0;0;0;0
268;德雷克-莱弗利;Dereck Lively II;5;0;8;57;88;61;62;86;85;86;59;81;50;53;67;86;77;19;0;独行侠;16;4;7000000;0;202312;567;0;0;0;0;0;0;0;0;0;0;0;0;0;0;0;0;0;0;0;0;0
269;丹尼尔-加福德;Daniel Gafford;5;4;7;60;88;55;70;80;85;82;62;80;50;67;70;83;77;25;4;独行侠;16;1;13393176;0;201938;1081;0;0;0;0;0;0;0;0;0;0;0;0;0;0;0;0;0;0;0;0;0
270;小德里克-琼斯;Derrick Jones Jr.;3;4;7;55;79;78;72;84;72;74;80;75;72;70;71;81;77;26;7;独行侠;16;1;3300000;0;201600;657;0;0;0;0;0;0;0;0;0;0;0;0;0;0;0;0;0;0;0;0;0
271;约什-格林;Josh Green;3;2;7;63;73;80;74;83;70;64;81;65;80;68;72;77;75;22;3;独行侠;16;3;13500000;0;202018;479;0;0;0;0;0;0;0;0;0;0;0;0;0;0;0;0;0;0;0;0;0
272;小蒂姆-哈达威;Tim Hardaway Jr.;3;2;8;70;75;85;80;80;51;60;68;73;86;78;81;64;73;31;10;独行侠;16;2;18000000;0;201324;483;0;0;0;0;0;0;0;0;0;0;0;0;0;0;0;0;0;0;0;0;0
273;贾登-哈迪;Jaden Hardy;2;1;8;60;75;74;77;75;60;60;70;70;78;71;71;66;69;20;1;独行侠;16;2;2150000;0;202237;1001;0;0;0;0;0;0;0;0;0;0;0;0;0;0;0;0;0;0;0;0;0
274;马克西-克勒贝尔;Maxi Kleber;4;5;7;56;75;80;76;78;65;69;69;67;76;68;71;71;71;32;6;独行侠;16;3;11000000;0;201400;553;0;0;0;0;0;0;0;0;0;0;0;0;0;0;0;0;0;0;0;0;0
275;马基夫-莫里斯;Markieff Morris;4;5;7;55;74;75;70;75;65;73;70;73;73;77;71;71;71;34;12;独行侠;16;1;5000000;0;201113;626;0;0;0;0;0;0;0;0;0;0;0;0;0;0;0;0;0;0;0;1;0
276;格雷格-布朗;Greg Brown III;3;4;6;60;75;70;76;75;60;75;70;65;70;66;69;71;71;21;2;独行侠;16;1;3000000;0;202143;882;0;0;0;0;0;0;0;0;0;0;0;0;0;0;0;0;0;0;0;0;0
277;丹特-埃克萨姆;Dante Exum;3;2;7;73;78;71;75;80;58;65;76;75;65;77;75;71;74;28;9;独行侠;16;1;1350000;0;201405;776;0;0;0;0;0;0;0;0;0;0;0;0;0;0;0;0;0;0;0;0;0
278;德怀特-鲍威尔;Dwight Powell;5;4;7;53;77;65;76;77;61;79;66;69;62;68;67;72;70;32;9;独行侠;16;4;4000000;0;201445;843;0;0;0;0;0;0;0;0;0;0;0;0;0;0;0;0;0;0;0;0;0
279;奥利维尔-马克尚斯-普罗斯珀;Olivier-Maxence Prosper;4;0;7;65;69;69;68;78;68;70;65;67;68;61;67;71;69;21;0;独行侠;16;4;4000000;0;202324;2918;0;0;0;0;0;0;0;0;0;0;0;0;0;0;0;0;0;0;0;0;0
280;布兰顿-威廉姆斯;Brandon Williams;1;2;6;73;71;70;67;67;67;69;68;63;73;50;69;68;68;24;3;独行侠;16;1;53176;0;202000;2181;0;0;0;0;0;0;0;0;0;0;0;0;0;0;0;0;0;0;0;0;0
281;AJ-劳森;A.J. Lawson;2;0;6;63;68;72;65;65;59;64;68;60;76;68;66;63;65;23;1;独行侠;16;1;53176;0;202200;1202;0;0;0;0;0;0;0;0;0;0;0;0;0;0;0;0;0;0;0;0;0
282;亚历克斯-福吉;Alex Fudge;4;0;6;72;55;63;63;55;60;56;61;57;64;61;60;53;57;20;0;独行侠;16;1;53176;0;202200;3052;0;0;0;0;0;0;0;0;0;0;0;0;0;0;0;0;0;0;0;0;0
283;阿尔佩伦-申京;Alperen Sengun;5;0;10;81;90;68;79;85;80;85;63;85;68;73;85;84;85;20;2;火箭;17;2;6000000;0;202116;295;0;0;0;0;0;0;0;0;0;0;0;0;0;0;0;0;0;0;0;0;0
284;弗雷德-范弗利特;Fred VanVleet;1;2;9;85;76;84;82;87;60;70;81;77;88;81;88;79;84;29;7;火箭;17;3;43330000;0;201600;210;0;1;0;0;0;0;0;0;0;0;0;0;0;0;0;0;0;0;0;1;0
285;狄龙-布鲁克斯;Dillon Brooks;3;4;8;60;77;80;77;82;72;68;85;75;80;77;76;80;79;28;6;火箭;17;4;20000000;0;201745;418;0;0;0;0;0;0;0;0;0;0;0;0;0;0;1;0;0;0;0;0;0
286;杰伦-格林;Jalen Green;2;1;9;75;86;82;82;87;60;65;70;89;85;84;86;72;80;21;2;火箭;17;2;10000000;0;202102;223;0;0;0;0;0;0;0;0;0;0;0;0;0;0;0;0;0;0;0;0;0
287;塔里-伊森;Tari Eason;4;3;8;60;76;75;75;80;74;80;80;75;70;67;72;82;77;22;1;火箭;17;3;5750000;0;202217;1594;0;0;0;0;0;0;0;0;0;0;0;0;0;0;0;0;0;0;0;0;0
288;贾巴里-史密斯;Jabari Smith Jr.;4;5;9;63;83;79;78;81;70;80;70;79;75;80;79;78;79;20;1;火箭;17;3;9500000;0;202203;297;0;0;0;0;0;0;0;0;0;0;0;0;0;0;0;0;0;0;0;0;0
289;史蒂文-亚当斯;Steven Adams;5;0;7;51;79;50;66;82;83;90;73;78;33;51;59;88;74;30;10;火箭;17;2;17500000;0;201312;330;0;0;0;0;0;0;0;0;0;0;0;0;0;0;0;0;0;0;0;0;0
290;乔克-兰代尔;Jock Landale;5;4;7;54;78;70;75;78;72;75;60;75;70;64;71;74;73;27;2;火箭;17;4;8000000;0;201800;1192;0;0;0;0;0;0;0;0;0;0;0;0;0;0;0;0;0;0;0;0;0
291;雷吉-布洛克;Reggie Bullock;2;3;7;60;73;84;83;85;55;69;70;69;83;70;75;72;73;32;10;火箭;17;1;10200000;0;201325;904;0;0;0;0;0;0;0;0;0;0;0;0;0;0;0;0;0;0;0;0;0
292;杰肖恩-泰特;Jae'Sean Tate;3;2;6;61;83;81;82;80;62;70;55;68;80;73;76;66;73;28;3;火箭;17;2;7070000;0;201800;1486;0;0;0;0;0;0;0;0;0;0;0;0;0;0;0;0;0;0;0;0;0
293;杰夫-格林;Jeff Green;4;5;7;65;76;77;80;78;64;70;66;68;81;74;76;70;73;37;16;火箭;17;1;6000000;0;200705;222;0;0;0;0;0;0;0;0;0;0;0;0;0;0;0;0;0;0;0;1;0
294;阿门-汤普森;Amen Thompson;3;2;8;77;83;64;68;85;64;73;77;81;65;66;74;77;77;19;0;火箭;17;4;10500000;0;202304;693;0;0;0;0;0;0;0;0;0;0;0;0;0;0;0;0;0;0;0;0;0
295;卡姆-惠特莫尔;Cam Whitmore;3;4;8;62;77;80;76;80;64;71;62;78;75;69;74;70;73;18;0;火箭;17;4;5000000;0;202320;511;0;0;0;0;0;0;0;0;0;0;0;0;0;0;0;0;0;0;0;0;0
296;博班-马里亚诺维奇;Boban Marjanović;5;0;6;52;80;50;74;75;83;81;45;66;33;66;60;77;69;35;8;火箭;17;1;3500000;0;201500;604;0;0;0;0;0;0;0;0;0;0;0;0;0;0;0;0;0;0;0;0;0
297;杰纳森-威廉姆斯;Jeenathan Williams;1;2;6;71;68;68;68;72;69;69;67;63;70;60;67;69;68;25;1;火箭;17;1;53176;0;202200;2033;0;0;0;0;0;0;0;0;0;0;0;0;0;0;0;0;0;0;0;0;0
298;阿龙-霍乐迪;Aaron Holiday;1;0;6;71;75;77;65;77;45;50;74;65;79;42;70;63;67;27;5;火箭;17;1;2800000;0;201823;515;0;0;0;0;0;0;0;0;0;0;0;0;0;0;0;0;0;0;0;0;0
299;杰梅因-塞缪尔斯;Jermaine Samuels Jr.;3;0;6;65;73;72;73;58;54;70;70;73;73;66;71;61;67;24;0;火箭;17;1;2050000;0;202000;3094;0;0;0;0;0;0;0;0;0;0;0;0;0;0;0;0;0;0;0;0;0
300;内特-辛顿;Nate Hinton;2;3;6;68;70;59;69;69;50;51;70;63;60;54;62;59;60;24;3;火箭;17;1;1100000;0;202000;2238;0;0;0;0;0;0;0;0;0;0;0;0;0;0;0;0;0;0;0;0;0
301;贾-莫兰特;Ja Morant;1;0;10;87;93;80;88;90;68;71;77;89;82;86;93;81;87;24;4;灰熊;18;5;38600000;0;201902;132;0;2;0;0;1;0;0;0;0;0;1;0;0;0;0;0;0;0;0;0;0
302;小贾伦-杰克逊;Jaren Jackson Jr.;5;4;9;62;84;78;78;87;90;80;76;88;71;80;81;90;86;24;5;灰熊;18;5;20500000;0;201804;242;0;1;0;0;0;0;0;2;0;0;0;0;0;2;0;0;0;0;0;0;0
303;德斯蒙德-贝恩;Desmond Bane;2;3;9;73;78;91;88;84;71;71;72;79;92;79;87;77;82;25;3;灰熊;18;5;41400000;0;202030;192;0;0;0;0;0;0;0;0;0;0;0;0;0;0;0;0;0;0;0;0;0
304;马库斯-斯玛特;Marcus Smart;1;2;9;82;72;71;73;85;72;71;85;75;74;67;77;84;80;29;9;灰熊;18;2;18580000;0;201406;300;0;0;0;0;0;0;0;0;0;0;0;0;0;3;0;0;1;0;0;0;0
305;GG-杰克逊;GG Jackson;4;5;9;60;82;82;74;82;67;72;70;80;78;77;79;75;77;18;0;灰熊;18;4;2750000;0;202345;2855;0;0;0;0;0;0;0;0;0;0;0;0;0;0;0;0;0;0;0;0;0
306;文斯-威廉姆斯;Vince Williams ;2;1;8;70;82;78;78;78;69;70;72;75;78;78;79;74;77;21;1;灰熊;18;1;1650000;0;202247;1535;0;0;0;0;0;0;0;0;0;0;0;0;0;0;0;0;0;0;0;0;0
307;小斯科蒂-皮蓬;Scotty Pippen Jr.;1;0;7;75;82;76;74;79;63;63;70;75;73;75;79;70;75;22;1;灰熊;18;1;53176;0;202200;1391;0;0;0;0;0;0;0;0;0;0;0;0;0;0;0;0;0;0;0;0;0
308;布兰登-克拉克;Brandon Clarke;4;0;7;65;86;69;69;83;71;83;55;72;68;64;73;77;75;27;4;灰熊;18;4;12000000;0;201921;1141;0;0;0;0;0;0;0;0;0;0;0;0;0;0;0;0;0;0;0;0;0
309;德里克-罗斯;Derrick Rose;1;0;9;75;74;77;80;75;50;63;70;77;76;75;80;66;73;35;15;灰熊;18;2;3250000;0;200801;50;0;3;0;1;0;0;0;0;0;0;0;0;0;0;0;0;0;0;1;0;0
310;扎伊尔-威廉姆斯;Ziaire Williams;3;2;8;65;75;73;80;76;70;64;76;70;73;71;73;73;74;22;2;灰熊;18;2;7500000;0;202110;713;0;0;0;0;0;0;0;0;0;0;0;0;0;0;0;0;0;0;0;0;0
311;卢克-肯纳德;Luke Kennard;2;3;7;67;73;92;85;77;56;61;64;69;90;78;82;64;74;27;6;灰熊;18;1;16000000;0;201712;555;0;0;0;0;0;0;0;0;0;0;0;0;0;0;0;0;0;0;0;0;0
312;拉马尔-斯蒂文斯;Lamar Stevens;4;5;7;65;85;75;80;70;55;80;65;85;70;85;82;67;74;26;3;灰熊;18;1;1750000;0;202000;1458;0;0;0;0;0;0;0;0;0;0;0;0;0;0;0;0;0;0;0;0;0
313;桑蒂-阿尔达马;Santi Aldama;4;3;6;56;79;79;78;78;74;78;50;66;69;69;72;73;72;22;2;灰熊;18;2;2500000;0;202130;752;0;0;0;0;0;0;0;0;0;0;0;0;0;0;0;0;0;0;0;0;0
314;乔丹-古德温;Jordan Goodwin;2;1;6;71;65;76;75;70;60;66;72;62;77;65;71;67;69;24;2;灰熊;18;2;1300000;0;202100;1000;0;0;0;0;0;0;0;0;0;0;0;0;0;0;0;0;0;0;0;0;0
315;渡边雄太;Yuta Watanabe;4;3;6;60;73;75;65;73;67;73;65;65;69;63;67;70;69;29;5;灰熊;18;2;2500000;0;201800;449;0;0;0;0;0;0;0;0;0;0;0;0;0;0;0;0;0;0;0;0;0
316;约翰-康查尔;John Konchar ;2;1;6;63;71;75;78;70;59;62;68;63;76;67;70;64;67;27;4;灰熊;18;3;5000000;0;201900;1124;0;0;0;0;0;0;0;0;0;0;0;0;0;0;0;0;0;0;0;0;0
317;杰克-拉拉维亚;Jake LaRavia;4;3;6;72;62;74;77;64;62;66;65;61;74;69;70;62;66;21;1;灰熊;18;3;5250000;0;202219;1177;0;0;0;0;0;0;0;0;0;0;0;0;0;0;0;0;0;0;0;0;0
318;特雷-杰米森;Trey Jemison;5;0;6;60;64;54;64;61;62;63;52;65;58;63;59;57;58;23;0;灰熊;18;1;53176;0;202300;3099;0;0;0;0;0;0;0;0;0;0;0;0;0;0;0;0;0;0;0;0;0
319;蔡恩-威廉森;Zion Williamson;4;5;10;76;95;65;71;85;75;87;78;95;68;76;83;86;85;23;4;鹈鹕;19;5;38600000;0;201901;150;0;2;0;0;0;0;0;0;0;0;0;0;0;0;0;0;0;0;0;0;0
320;约纳斯-瓦兰丘纳斯;Jonas Valančiūnas;5;0;8;67;83;70;78;82;79;86;60;80;70;75;78;83;81;31;11;鹈鹕;19;1;15000000;0;201105;702;0;0;0;0;0;0;0;0;0;0;0;0;0;0;0;0;0;0;0;0;0
321;布兰登-英格拉姆;Brandon Ingram;3;2;9;79;83;84;90;83;70;75;71;82;84;91;90;77;85;26;7;鹈鹕;19;2;31650000;0;201602;162;0;1;0;0;0;0;0;0;0;0;0;0;0;0;0;0;0;0;0;0;0
322;CJ-麦科勒姆;CJ McCollum;1;2;9;78;77;91;88;83;60;67;68;82;88;88;90;71;82;32;10;鹈鹕;19;3;33330000;0;201310;130;0;0;0;0;0;0;0;0;0;0;0;0;0;0;0;0;0;0;0;0;0
323;赫伯特-琼斯;Herbert Jones;3;4;8;60;78;85;75;81;70;80;90;75;72;70;74;85;80;24;2;鹈鹕;19;4;18000000;0;202135;1414;0;0;0;0;0;0;0;0;0;0;0;0;0;0;0;0;0;0;0;0;0
324;戴森-丹尼尔斯;Dyson Daniels;1;2;8;72;75;71;74;79;70;75;87;70;71;69;74;83;78;20;1;鹈鹕;19;3;8000000;0;202208;921;0;0;0;0;0;0;0;0;0;0;0;0;0;0;0;0;0;0;0;0;0
325;约瑟-阿尔瓦拉多;Jose Alvarado;1;0;7;76;76;74;76;80;60;60;82;70;76;67;76;74;75;25;2;鹈鹕;19;1;1980000;0;202100;755;0;0;0;0;0;0;0;0;0;0;0;0;0;0;0;0;0;0;0;0;0
326;特雷-墨菲;Trey Murphy III;3;4;8;55;79;84;80;82;68;62;76;75;85;70;76;73;76;23;2;鹈鹕;19;2;5750000;0;202117;1337;0;0;0;0;0;0;0;0;0;0;0;0;0;0;0;0;0;0;0;0;0
327;小拉里-南斯;Larry Nance Jr.;5;4;7;65;81;55;76;77;66;85;61;69;47;72;69;75;72;31;8;鹈鹕;19;2;10600000;0;201527;636;0;0;0;0;0;0;0;0;0;0;0;0;0;0;0;0;0;0;0;0;0
328;科迪-泽勒;Cody Zeller;5;0;7;59;81;50;75;80;71;77;70;71;50;69;66;77;72;31;10;鹈鹕;19;1;3100000;0;201304;1623;0;0;0;0;0;0;0;0;0;0;0;0;0;0;0;0;0;0;0;0;0
329;乔丹-霍金斯;Jordan Hawkins;2;3;7;65;84;78;73;74;62;65;63;79;78;78;77;65;72;20;0;鹈鹕;19;4;6500000;0;202314;2845;0;0;0;0;0;0;0;0;0;0;0;0;0;0;0;0;0;0;0;0;0
330;纳吉-马绍尔;Naji Marshall;3;4;7;61;79;78;79;70;65;65;70;78;72;75;75;67;72;25;3;鹈鹕;19;1;1700000;0;202000;1265;0;0;0;0;0;0;0;0;0;0;0;0;0;0;0;0;0;0;0;0;0
331;德瑞-西伯恩;Dereon Seabron;2;3;6;73;65;71;65;71;56;68;77;62;72;46;65;69;67;23;1;鹈鹕;19;1;2050000;0;202200;1565;0;0;0;0;0;0;0;0;0;0;0;0;0;0;0;0;0;0;0;0;0
332;马特-里安;Matt Ryan;3;2;6;68;69;75;66;60;61;62;72;62;73;63;68;62;66;26;3;鹈鹕;19;1;53176;0;202000;1211;0;0;0;0;0;0;0;0;0;0;0;0;0;0;0;0;0;0;0;0;0
333;杰雷米亚-罗宾逊-厄尔;Jeremiah Robinson-Earl;4;5;6;54;74;65;72;75;65;76;50;65;64;63;64;68;66;23;2;鹈鹕;19;1;53176;0;202132;1234;0;0;0;0;0;0;0;0;0;0;0;0;0;0;0;0;0;0;0;0;0
334;EJ-利德尔;E.J. Liddell;4;3;6;57;74;66;69;72;64;70;58;64;65;59;64;66;65;22;1;鹈鹕;19;3;3070000;0;202241;1222;0;0;0;0;0;0;0;0;0;0;0;0;0;0;0;0;0;0;0;0;0
335;马尔科姆-希尔;Malcolm Hill;4;3;6;51;70;65;68;73;62;71;61;64;64;48;59;67;63;28;2;鹈鹕;19;1;53176;0;201700;1569;0;0;0;0;0;0;0;0;0;0;0;0;0;0;0;0;0;0;0;0;0
336;维克托-文班亚马;Victor Wembanyama;5;4;10;70;83;74;71;85;94;84;75;83;77;71;80;92;87;19;0;马刺;20;4;12000000;0;202301;153;0;0;0;0;0;0;0;0;0;0;0;0;0;0;0;0;0;0;0;0;0
337;凯尔登-约翰逊;Keldon Johnson;3;2;9;68;81;78;82;82;70;74;76;82;82;78;80;78;80;24;4;马刺;20;4;20000000;0;201929;738;0;0;0;0;0;0;0;0;0;0;0;0;0;0;0;0;0;0;0;0;0
338;德文-瓦塞尔;Devin Vassell;2;1;9;74;84;84;83;80;64;65;78;76;84;83;84;74;80;22;3;马刺;20;5;29000000;0;202011;1512;0;0;0;0;0;0;0;0;0;0;0;0;0;0;0;0;0;0;0;0;0
339;扎克-科林斯;Zach Collins;5;0;7;60;80;71;72;79;72;80;56;80;76;71;76;76;76;26;6;马刺;20;2;17500000;0;201710;545;0;0;0;0;0;0;0;0;0;0;0;0;0;0;0;0;0;0;0;0;0
340;特雷-琼斯;Tre Jones;1;0;8;82;82;70;75;78;61;69;70;80;65;60;78;71;75;23;3;马刺;20;2;10000000;0;202041;1421;0;0;0;0;0;0;0;0;0;0;0;0;0;0;0;0;0;0;0;0;0
341;杰里米-索汉;Jeremy Sochan;4;1;8;69;79;65;73;83;75;77;78;73;75;73;74;82;78;20;1;马刺;20;3;7750000;0;202209;687;0;0;0;0;0;0;0;0;0;0;0;0;0;0;0;0;0;0;0;0;0
342;切迪-奥斯曼;Cedi Osman;3;4;7;72;79;78;72;82;62;72;64;70;77;66;75;71;74;28;6;马刺;20;1;8840000;0;201531;359;0;0;0;0;0;0;0;0;0;0;0;0;0;0;0;0;0;0;0;0;0
343;马拉基-布兰纳姆;Malaki Branham;1;2;8;64;76;73;75;80;60;64;67;75;76;73;73;69;71;20;1;马刺;20;3;5000000;0;202220;878;0;0;0;0;0;0;0;0;0;0;0;0;0;0;0;0;0;0;0;0;0
344;德文特-格雷厄姆;Devonte' Graham;1;2;7;71;75;81;74;80;60;61;65;69;80;64;76;67;72;28;5;马刺;20;2;11750000;0;201834;220;0;0;0;0;0;0;0;0;0;0;0;0;0;0;0;0;0;0;0;0;0
345;多米尼克-巴洛;Dominick Barlow;5;4;6;56;72;70;72;79;71;75;64;65;69;63;67;75;71;20;2;马刺;20;1;53176;0;202100;830;0;0;0;0;0;0;0;0;0;0;0;0;0;0;0;0;0;0;0;0;0
346;西耶-西索科;Sidy Cissoko;3;4;6;72;67;75;73;73;65;62;66;67;76;67;72;66;70;19;0;马刺;20;3;1800000;0;202344;2867;0;0;0;0;0;0;0;0;0;0;0;0;0;0;0;0;0;0;0;0;0
347;朱利安-尚帕尼;Julian Champagnie;3;4;6;65;74;67;73;78;63;68;71;69;68;52;67;71;70;22;1;马刺;20;1;2800000;0;202200;1442;0;0;0;0;0;0;0;0;0;0;0;0;0;0;0;0;0;0;0;0;0
348;桑德罗-马穆拉什维利;Sandro Mamukelashvili;5;4;7;68;77;68;76;75;68;76;60;68;71;70;74;72;73;22;2;马刺;20;1;2000000;0;202154;1262;0;0;0;0;0;0;0;0;0;0;0;0;0;0;0;0;0;0;0;0;0
349;贾马雷-布耶亚;Jamaree Bouyea;1;0;6;70;70;72;71;73;68;65;72;64;74;61;70;71;70;23;0;马刺;20;1;53176;0;202300;2941;0;0;0;0;0;0;0;0;0;0;0;0;0;0;0;0;0;0;0;0;0
350;布莱克-韦斯利;Blake Wesley;2;1;6;67;71;71;65;76;59;66;69;64;72;45;65;68;66;20;1;马刺;20;3;3750000;0;202225;1543;0;0;0;0;0;0;0;0;0;0;0;0;0;0;0;0;0;0;0;0;0
351;查尔斯-巴锡;Charles Bassey;5;0;6;50;82;50;68;75;73;76;52;64;43;47;58;72;65;22;2;马刺;20;3;2380000;0;202153;1699;0;0;0;0;0;0;0;0;0;0;0;0;0;0;0;0;0;0;0;0;0
352;大卫-杜克;David Duke Jr.;1;2;6;62;62;70;66;67;60;60;70;61;73;41;61;64;63;24;2;马刺;20;1;53176;0;202100;947;0;0;0;0;0;0;0;0;0;0;0;0;0;0;0;0;0;0;0;0;0
353;雷匡-格雷;RaiQuan Gray;4;5;6;66;68;60;63;68;66;67;61;62;58;44;59;65;62;23;2;马刺;20;1;53176;0;202159;1811;0;0;0;0;0;0;0;0;0;0;0;0;0;0;0;0;0;0;0;0;0
354;尼古拉-约基奇;Nikola Jokic;5;0;11;94;94;80;87;94;65;91;88;93;78;80;97;89;93;28;8;掘金;21;5;50000000;0;201441;82;0;5;0;3;2;0;0;0;0;0;0;0;0;0;0;0;0;1;2;1;0
355;贾马尔-穆雷;Jamal Murray;1;2;9;79;85;85;87;84;61;70;78;85;85;85;90;77;84;26;7;掘金;21;1;27290000;0;201607;282;0;0;0;0;0;0;0;0;0;0;0;0;0;0;0;0;0;0;0;1;0
356;阿隆-戈登;Aaron Gordon;4;5;8;68;85;70;74;90;82;84;80;85;70;70;78;90;84;28;9;掘金;21;2;21670000;0;201404;218;0;0;0;0;0;0;0;0;0;0;0;0;0;0;0;0;0;0;0;1;0
357;肯塔维厄斯-考德威尔-波普;Kentavious Caldwell-Pope;2;3;8;69;78;88;81;85;68;65;83;75;84;75;81;79;80;30;10;掘金;21;2;14000000;0;201308;541;0;0;0;0;0;0;0;0;0;0;0;0;0;0;0;0;0;0;0;2;0
358;小迈克尔-波特;Michael Porter Jr.;3;4;8;67;79;90;85;79;67;76;69;75;88;85;84;74;80;25;5;掘金;21;4;29750000;0;201814;396;0;0;0;0;0;0;0;0;0;0;0;0;0;0;0;0;0;0;0;1;0
359;雷吉-杰克逊;Reggie Jackson;1;2;8;76;78;73;75;80;50;67;72;80;75;72;78;70;74;33;12;掘金;21;2;5125000;0;201124;240;0;0;0;0;0;0;0;0;0;0;0;0;0;0;0;0;0;0;0;1;0
360;佩顿-沃特森;Peyton Watson;3;4;7;58;80;70;75;80;76;70;71;78;70;70;71;76;75;23;1;掘金;21;2;2500000;0;202230;1562;0;0;0;0;0;0;0;0;0;0;0;0;0;0;0;0;0;0;0;1;0
361;德安德鲁-乔丹;DeAndre Jordan;5;0;7;50;83;50;52;80;76;83;55;79;35;72;60;79;70;33;15;掘金;21;1;3500000;0;200835;293;0;1;0;1;0;2;0;0;0;2;0;0;0;2;0;0;0;0;0;1;0
362;克里斯蒂安-布劳恩;Christian Braun;2;3;7;65;76;78;72;82;64;70;71;75;70;69;72;74;73;21;1;掘金;21;3;4750000;0;202221;892;0;0;0;0;0;0;0;0;0;0;0;0;0;0;0;0;0;0;0;1;0
363;朱利安-斯特劳瑟;Julian Strawther;3;2;7;60;71;76;77;75;62;60;71;70;77;70;71;67;70;22;0;掘金;21;4;2750000;0;202329;2920;0;0;0;0;0;0;0;0;0;0;0;0;0;0;0;0;0;0;0;0;0
364;布拉克斯顿-基;Braxton Key;4;3;6;67;73;73;73;66;71;66;73;63;74;64;71;68;70;27;3;掘金;21;1;2050000;0;202000;1071;0;0;0;0;0;0;0;0;0;0;0;0;0;0;0;0;0;0;0;0;0
365;贾斯廷-霍勒迪;Justin Holiday;2;1;7;73;72;80;75;75;55;65;72;69;75;75;76;67;72;34;11;掘金;21;1;2410000;0;201210;516;0;0;0;0;0;0;0;0;0;0;0;0;0;0;0;0;0;0;0;0;0
366;杰伦-皮克特;Jalen Pickett;1;2;6;73;61;73;71;75;61;61;68;61;74;65;70;67;69;24;0;掘金;21;4;2400000;0;202332;2922;0;0;0;0;0;0;0;0;0;0;0;0;0;0;0;0;0;0;0;0;0
367;科林-吉雷斯皮;Collin Gillespie;1;0;6;70;65;72;74;67;60;68;73;62;73;64;70;68;69;24;2;掘金;21;1;53176;0;202100;1078;0;0;0;0;0;0;0;0;0;0;0;0;0;0;0;0;0;0;0;1;0
368;弗拉特科-钱查尔;Vlatko Čančar;3;2;7;67;76;74;77;67;61;66;61;66;74;69;73;62;68;26;4;掘金;21;2;4300000;0;201749;653;0;0;0;0;0;0;0;0;0;0;0;0;0;0;0;0;0;0;0;1;0
369;齐克-纳吉;Zeke Nnaji;5;4;6;57;78;56;67;79;70;80;53;64;46;51;60;74;68;22;3;掘金;21;4;8000000;0;202022;2056;0;0;0;0;0;0;0;0;0;0;0;0;0;0;0;0;0;0;0;1;0
370;亨特-泰森;Hunter Tyson;4;5;7;54;71;78;77;72;60;60;70;75;78;75;73;64;68;24;0;掘金;21;3;2150000;0;202337;2925;0;0;0;0;0;0;0;0;0;0;0;0;0;0;0;0;0;0;0;0;0
371;杰-胡夫;Jay Huff;5;0;6;52;67;55;60;77;80;70;53;64;47;36;52;74;64;26;2;掘金;21;1;53176;0;202100;1853;0;0;0;0;0;0;0;0;0;0;0;0;0;0;0;0;0;0;0;0;0
372;卡尔-安东尼-唐斯;Karl-Anthony Towns;4;5;9;65;88;88;85;85;82;86;68;90;85;77;87;86;86;28;8;森林狼;22;4;35970000;0;201501;86;0;3;0;0;0;2;1;0;0;0;1;0;0;0;0;0;0;0;0;0;0
373;安东尼-爱德华兹;Anthony Edwards;2;3;10;76;92;86;89;94;68;72;86;88;89;88;91;86;89;22;3;森林狼;22;6;52000000;0;202001;85;0;1;0;0;0;0;0;0;0;0;0;0;0;0;0;0;0;0;0;0;0
374;鲁迪-戈贝尔;Rudy Gobert;5;0;9;60;88;50;65;88;91;94;77;82;37;55;65;96;82;31;10;森林狼;22;2;41000000;0;201327;217;0;3;0;0;1;3;0;1;0;1;0;0;0;6;0;0;3;0;0;0;0
375;迈克-康利;Mike Conley;1;0;9;86;76;88;80;81;58;68;78;75;89;74;88;75;82;36;16;森林狼;22;1;22700000;0;200704;247;0;1;0;0;0;0;0;0;0;0;0;0;0;0;0;0;0;0;0;0;0
376;凯尔-安德森;Kyle Anderson;3;4;8;78;78;65;81;82;70;75;80;75;65;75;76;80;79;30;9;森林狼;22;1;9000000;0;201430;794;0;0;0;0;0;0;0;0;0;0;0;0;0;0;0;0;0;0;0;0;0
377;杰登-麦克丹尼尔斯;Jaden McDaniels;3;4;8;64;82;80;76;83;78;68;87;75;76;72;76;83;80;23;3;森林狼;22;5;27200000;0;202028;1285;0;0;0;0;0;0;0;0;0;0;0;0;0;0;0;0;0;0;0;0;0
378;纳兹-里德;Naz Reid;5;4;8;60;86;82;80;81;77;81;63;83;80;78;83;80;81;24;4;森林狼;22;3;14000000;0;201900;1215;0;0;0;0;0;0;0;0;0;0;0;0;0;0;0;0;0;0;0;0;0
379;蒙特-莫里斯;Monte Morris;1;0;7;79;75;81;77;78;55;62;68;70;75;72;80;67;74;28;6;森林狼;22;1;1720000;0;201751;1331;0;0;0;0;0;0;0;0;0;0;0;0;0;0;0;0;0;0;0;0;0
380;TJ-沃伦;T.J. Warren;4;3;8;61;83;78;81;78;63;67;71;73;77;72;77;70;74;30;9;森林狼;22;1;930000;0;201414;318;0;0;0;0;0;0;0;0;0;0;0;0;0;0;0;0;0;0;0;0;0
381;乔丹-麦克劳克林;Jordan McLaughlin;1;2;7;74;79;76;71;76;71;56;67;69;78;63;76;67;72;27;5;森林狼;22;1;3960000;0;201800;613;0;0;0;0;0;0;0;0;0;0;0;0;0;0;0;0;0;0;0;0;0
382;伦纳德-米勒;Leonard Miller;5;4;6;59;82;63;69;78;73;76;59;73;63;62;69;75;72;19;0;森林狼;22;3;2350000;0;202333;2863;0;0;0;0;0;0;0;0;0;0;0;0;0;0;0;0;0;0;0;0;0
383;戴申-尼克斯;Daishen Nix;1;2;6;68;77;76;75;72;53;67;68;65;78;64;73;66;70;21;2;森林狼;22;1;2100000;0;202100;1359;0;0;0;0;0;0;0;0;0;0;0;0;0;0;0;0;0;0;0;0;0
384;尼基尔-亚历山大-沃克;Nickeil Alexander-Walker;1;2;7;70;76;76;72;84;55;63;72;67;81;71;75;71;73;25;4;森林狼;22;2;4500000;0;201917;727;0;0;0;0;0;0;0;0;0;0;0;0;0;0;0;0;0;0;0;0;0
385;小温德尔-摩尔;Wendell Moore Jr.;3;2;7;69;68;65;70;75;59;68;70;66;65;63;66;68;68;21;1;森林狼;22;3;3500000;0;202226;1321;0;0;0;0;0;0;0;0;0;0;0;0;0;0;0;0;0;0;0;0;0
386;卢卡-加尔扎;Luka Garza;5;4;6;51;77;67;75;72;68;70;50;65;65;67;67;66;67;24;2;森林狼;22;1;53176;0;202152;1080;0;0;0;0;0;0;0;0;0;0;0;0;0;0;0;0;0;0;0;0;0
387;杰伦-克拉克;Jaylen Clark;2;0;6;63;68;73;69;75;64;63;65;68;71;59;66;67;66;22;0;森林狼;22;2;1350000;0;202353;2936;0;0;0;0;0;0;0;0;0;0;0;0;0;0;0;0;0;0;0;0;0
388;约什-米诺特;Josh Minott;4;5;6;69;68;60;69;71;58;63;69;63;58;63;64;63;64;21;1;森林狼;22;1;1750000;0;202245;2037;0;0;0;0;0;0;0;0;0;0;0;0;0;0;0;0;0;0;0;0;0
389;德安德烈-艾顿;Deandre Ayton;5;0;9;60;90;62;85;90;80;89;65;90;68;81;81;88;85;25;5;开拓者;23;3;33250000;0;201801;173;0;0;0;0;0;0;0;0;0;0;0;0;0;0;0;0;0;0;0;0;0
390;杰拉米-格兰特;Jerami Grant;4;3;9;63;79;86;88;86;74;70;73;85;85;80;84;79;81;29;9;开拓者;23;5;32000000;0;201439;476;0;0;0;0;0;0;0;0;0;0;0;0;0;0;0;0;0;0;0;0;0
391;马尔科姆-布罗格登;Malcolm Brogdon;1;2;8;76;82;86;85;80;65;68;77;81;85;78;86;76;81;31;7;开拓者;23;1;19760000;0;201636;202;0;0;0;0;0;0;0;0;0;0;1;0;0;0;0;0;0;0;0;0;1
392;罗伯特-威廉姆斯;Robert Williams;4;5;9;60;84;67;71;81;85;88;68;80;66;65;72;86;79;26;5;开拓者;23;3;12050000;0;201827;314;0;0;0;0;0;0;0;0;0;0;0;0;0;0;1;0;0;0;0;0;0
393;安芬尼-西蒙斯;Anfernee Simons;2;1;9;71;81;88;83;85;56;68;65;80;90;86;85;70;78;24;5;开拓者;23;3;25000000;0;201824;323;0;0;0;0;0;0;0;0;0;0;0;0;0;0;0;0;0;0;0;0;0
394;谢顿-夏普;Shaedon Sharpe;2;3;9;65;78;80;82;83;62;68;70;76;80;77;78;72;76;20;1;开拓者;23;3;8250000;0;202207;724;0;0;0;0;0;0;0;0;0;0;0;0;0;0;0;0;0;0;0;0;0
395;斯科特-亨德森;Scoot Henderson;1;0;9;78;79;73;70;81;57;62;68;77;76;67;77;68;73;18;0;开拓者;23;4;11000000;0;202303;501;0;0;0;0;0;0;0;0;0;0;0;0;0;0;0;0;0;0;0;0;0
396;马蒂斯-塞布尔;Matisse Thybulle;3;2;7;59;68;70;70;85;78;60;88;67;64;68;65;81;74;26;4;开拓者;23;3;11000000;0;201920;661;0;0;0;0;0;0;0;0;0;0;0;0;0;0;1;0;0;0;0;0;0
397;克里斯-穆雷;Kris Murray;4;3;7;60;75;76;79;75;69;68;72;73;69;71;73;72;72;22;0;开拓者;23;4;4250000;0;202323;809;0;0;0;0;0;0;0;0;0;0;0;0;0;0;0;0;0;0;0;0;0
398;杜普-里斯;Duop Reath;5;0;7;60;85;60;70;75;70;75;53;85;65;65;73;71;72;27;0;开拓者;23;1;1800000;0;201800;5001;0;0;0;0;0;0;0;0;0;0;0;0;0;0;0;0;0;0;0;0;0
399;贾巴里-沃克;Jabari Walker;4;3;7;60;80;70;70;75;65;70;70;75;70;70;72;70;71;23;1;开拓者;23;1;1150000;0;202257;2213;0;0;0;0;0;0;0;0;0;0;0;0;0;0;0;0;0;0;0;0;0
400;达拉诺-班顿;Dalano Banton;2;1;6;75;71;65;70;76;68;70;66;64;68;60;68;71;69;21;2;开拓者;23;2;3200000;0;202146;835;0;0;0;0;0;0;0;0;0;0;0;0;0;0;0;0;0;0;0;0;0
401;拉扬-吕佩尔;Rayan Rupert;2;1;6;55;75;69;71;76;68;63;73;70;70;61;65;71;68;18;0;开拓者;23;3;1850000;0;202343;2235;0;0;0;0;0;0;0;0;0;0;0;0;0;0;0;0;0;0;0;0;0
402;伊布-巴吉;Ibou Badji;5;0;6;55;74;58;64;78;75;77;57;71;37;63;60;76;68;21;1;开拓者;23;1;53176;0;202200;367;0;0;0;0;0;0;0;0;0;0;0;0;0;0;0;0;0;0;0;0;0
403;图马尼-卡马拉;Toumani Camara;4;5;6;61;75;71;70;73;67;68;61;66;63;65;68;67;67;24;0;开拓者;23;2;1400000;0;202352;2935;0;0;0;0;0;0;0;0;0;0;0;0;0;0;0;0;0;0;0;0;0
404;贾斯廷-米纳亚;Justin Minaya;2;3;6;58;71;68;72;74;75;71;60;64;69;62;64;70;67;25;1;开拓者;23;1;53176;0;202200;2065;0;0;0;0;0;0;0;0;0;0;0;0;0;0;0;0;0;0;0;0;0
405;摩西-布朗;Moses Brown;5;0;7;60;76;50;61;79;78;79;51;69;35;39;57;77;67;24;4;开拓者;23;1;53176;0;201900;412;0;0;0;0;0;0;0;0;0;0;0;0;0;0;0;0;0;0;0;0;0
406;阿什顿-黑根斯;Ashton Hagans;2;3;6;63;59;65;66;63;58;62;66;60;66;40;58;60;59;24;3;开拓者;23;1;53176;0;202000;1845;0;0;0;0;0;0;0;0;0;0;0;0;0;0;0;0;0;0;0;0;0
407;谢伊-吉尔杰斯-亚历山大;Shai Gilgeous-Alexander;1;0;10;84;92;81;94;92;68;72;90;91;82;91;94;88;91;25;5;雷霆;24;3;34400000;0;201811;112;0;1;0;1;0;0;0;0;0;0;0;0;0;0;0;0;0;0;0;0;0
408;杰伦-威廉姆斯;Jalen Williams;4;3;9;74;83;88;85;83;73;73;76;88;82;85;89;79;84;22;1;雷霆;24;3;7000000;0;202212;708;0;0;0;0;0;0;0;0;0;0;0;0;0;0;0;0;0;0;0;0;0
409;切特-霍姆格伦;Chet Holmgren;5;4;10;60;85;80;78;85;90;82;70;84;75;75;81;89;85;21;0;雷霆;24;3;10000000;0;202202;231;0;0;0;0;0;0;0;0;0;0;0;0;0;0;0;0;0;0;0;0;0
410;吕冈茨-多尔特;Luguentz Dort;3;4;8;64;77;82;79;86;73;73;86;70;80;70;76;84;81;24;4;雷霆;24;4;17500000;0;201900;450;0;0;0;0;0;0;0;0;0;0;0;0;0;0;0;0;0;0;0;0;0
411;卡森-华莱士;Cason Wallace;2;1;8;72;78;82;77;82;65;73;82;70;75;70;77;79;78;20;0;雷霆;24;4;7500000;0;202310;505;0;0;0;0;0;0;0;0;0;0;0;0;0;0;0;0;0;0;0;0;0
412;约什-吉迪;Josh Giddey;2;3;8;85;80;77;79;82;55;77;76;82;70;76;82;75;79;21;2;雷霆;24;2;8500000;0;202106;233;0;0;0;0;0;0;0;0;0;0;0;0;0;0;0;0;0;0;0;0;0
413;戈登-海沃德;Gordon Hayward;3;4;9;75;75;78;80;78;63;68;66;72;75;75;78;69;75;33;13;雷霆;24;1;28500000;0;201009;227;0;1;0;0;0;0;0;0;0;0;0;0;0;0;0;0;0;0;0;0;0
414;肯里奇-威廉姆斯;Kenrich Williams;4;5;6;67;76;71;74;76;70;77;76;65;72;65;71;76;74;29;5;雷霆;24;1;2000000;0;201800;709;0;0;0;0;0;0;0;0;0;0;0;0;0;0;0;0;0;0;0;0;0
415;杰林-威廉姆斯;Jaylin Williams;5;4;7;54;71;70;69;78;78;80;65;71;70;61;67;79;73;21;1;雷霆;24;2;2300000;0;202234;1525;0;0;0;0;0;0;0;0;0;0;0;0;0;0;0;0;0;0;0;0;0
416;以赛亚-乔;Isaiah Joe;2;3;7;65;78;87;80;77;65;65;71;70;85;70;78;71;75;23;3;雷霆;24;2;2000000;0;202049;2099;0;0;0;0;0;0;0;0;0;0;0;0;0;0;0;0;0;0;0;0;0
417;阿隆-威金斯;Aaron Wiggins;2;3;7;60;83;85;77;80;60;70;75;78;70;66;75;73;74;24;2;雷霆;24;1;1250000;0;202155;1518;0;0;0;0;0;0;0;0;0;0;0;0;0;0;0;0;0;0;0;0;0
418;迈克-穆斯卡拉;Mike Muscala;5;0;7;56;77;79;71;76;61;73;63;69;77;66;72;69;70;32;10;雷霆;24;1;3500000;0;201344;1344;0;0;0;0;0;0;0;0;0;0;0;0;0;0;0;0;0;0;0;0;0
419;俾斯麦-比永博;Bismack Biyombo;4;5;7;56;81;50;66;87;71;83;69;72;33;54;58;82;70;31;12;雷霆;24;1;53176;0;201107;388;0;0;0;0;0;0;0;0;0;0;0;0;0;0;0;0;0;0;0;0;0
420;奥斯曼-迪昂;Ousmane Dieng;4;5;7;68;72;69;77;77;56;65;68;72;70;69;72;66;69;20;1;雷霆;24;3;7250000;0;202211;440;0;0;0;0;0;0;0;0;0;0;0;0;0;0;0;0;0;0;0;0;0
421;奥利维尔-萨尔;Olivier Sarr;5;0;6;58;71;70;72;69;67;69;66;63;68;65;67;67;67;25;2;雷霆;24;1;53176;0;202100;2107;0;0;0;0;0;0;0;0;0;0;0;0;0;0;0;0;0;0;0;0;0
422;基扬泰-约翰逊;Keyontae Johnson;3;2;7;61;73;68;66;73;63;67;65;68;68;63;65;67;67;24;0;雷霆;24;2;1500000;0;202350;2933;0;0;0;0;0;0;0;0;0;0;0;0;0;0;0;0;0;0;0;0;0
423;林迪-沃特斯;Lindy Waters III;2;3;6;53;66;68;71;72;62;65;60;63;68;59;61;63;62;26;3;雷霆;24;1;1900000;0;202000;1564;0;0;0;0;0;0;0;0;0;0;0;0;0;0;0;0;0;0;0;0;0
424;亚当-弗拉格勒;Adam Flagler;2;0;6;74;62;62;54;66;62;64;58;58;67;55;61;60;60;23;0;雷霆;24;1;53176;0;202300;3127;0;0;0;0;0;0;0;0;0;0;0;0;0;0;0;0;0;0;0;0;0
425;劳里-马尔卡宁;Lauri Markkanen;4;5;10;72;84;87;86;85;68;80;72;84;86;86;89;79;84;26;6;爵士;25;2;15690000;0;201707;269;0;1;0;0;0;0;0;0;0;0;0;0;0;0;0;0;0;0;0;0;0
426;约翰-科林斯;John Collins;4;3;9;55;86;75;78;87;75;87;61;84;75;77;78;83;80;26;6;爵士;25;3;25000000;0;201719;248;0;0;0;0;0;0;0;0;0;0;0;0;0;0;0;0;0;0;0;0;0
427;乔丹-克拉克森;Jordan Clarkson;2;3;8;77;85;79;84;84;45;66;74;82;86;80;85;69;77;31;9;爵士;25;3;18340000;0;201446;549;0;0;0;0;0;0;0;0;0;0;0;0;0;0;0;0;0;0;0;0;1
428;科林-塞克斯顿;Collin Sexton;2;1;8;70;85;85;85;82;60;65;70;80;80;75;83;71;77;25;5;爵士;25;2;13300000;0;201808;663;0;0;0;0;0;0;0;0;0;0;0;0;0;0;0;0;0;0;0;0;0
429;凯恩特-乔治;Keyonte George ;1;2;8;79;80;79;75;76;60;61;73;80;74;75;82;69;76;19;0;爵士;25;4;6000000;0;202316;1029;0;0;0;0;0;0;0;0;0;0;0;0;0;0;0;0;0;0;0;0;0
430;沃克-凯斯勒;Walker Kessler;5;0;9;61;83;60;65;83;88;83;67;65;56;34;62;87;75;21;1;爵士;25;3;4500000;0;202222;1119;0;0;0;0;0;0;0;0;0;0;0;0;0;0;0;0;0;0;0;0;0
431;克里斯-邓恩;Kris Dunn;1;2;7;76;80;74;78;80;52;64;74;74;76;69;78;70;74;29;7;爵士;25;1;1430000;0;201605;438;0;0;0;0;0;0;0;0;0;0;0;0;0;0;0;0;0;0;0;0;0
432;泰勒-亨德里克斯;Taylor Hendricks;4;0;7;57;79;65;71;82;70;75;61;74;71;69;70;75;72;19;0;爵士;25;4;8000000;0;202309;1834;0;0;0;0;0;0;0;0;0;0;0;0;0;0;0;0;0;0;0;0;0
433;塔伦-霍顿-塔克;Talen Horton-Tucker;1;2;8;65;78;72;76;80;68;72;76;75;71;65;72;77;74;23;4;爵士;25;1;10700000;0;201948;1065;0;0;0;0;0;0;0;0;0;0;0;0;0;0;0;0;0;0;0;1;0
434;布里斯-森萨鲍;Brice Sensabaugh;3;2;7;67;76;70;79;76;64;68;65;70;70;71;72;68;71;19;0;爵士;25;4;3000000;0;202328;1937;0;0;0;0;0;0;0;0;0;0;0;0;0;0;0;0;0;0;0;0;0
435;达里厄斯-贝兹利;Darius Bazley;4;3;7;60;80;70;75;76;60;75;65;75;70;70;73;69;71;23;4;爵士;25;1;53176;0;201900;849;0;0;0;0;0;0;0;0;0;0;0;0;0;0;0;0;0;0;0;0;0
436;奥默-尤尔特塞文;Omer Yurtseven;5;0;6;53;74;67;70;76;75;73;58;65;65;62;65;73;69;25;2;爵士;25;1;53176;0;202100;1600;0;0;0;0;0;0;0;0;0;0;0;0;0;0;0;0;0;0;0;0;0
437;小肯尼斯-洛夫顿;Kenneth Lofton Jr.;4;5;7;58;85;65;70;70;65;75;64;80;60;60;70;69;69;21;1;爵士;25;3;53176;0;202200;1245;0;0;0;0;0;0;0;0;0;0;0;0;0;0;0;0;0;0;0;0;0
438;卢卡-沙马尼奇;Luka Šamanić;4;5;6;64;76;68;71;70;67;70;66;64;69;63;69;68;68;24;4;爵士;25;1;53176;0;201919;1440;0;0;0;0;0;0;0;0;0;0;0;0;0;0;0;0;0;0;0;0;0
439;小凯拉-刘易斯;Kira Lewis Jr.;2;1;6;71;73;68;79;72;48;68;68;64;70;70;71;64;67;22;3;爵士;25;1;3640000;0;202013;1224;0;0;0;0;0;0;0;0;0;0;0;0;0;0;0;0;0;0;0;0;0
440;米卡-波特;Micah Potter;5;4;6;50;75;69;50;75;79;76;59;65;66;30;58;76;67;21;2;爵士;25;1;53176;0;202100;861;0;0;0;0;0;0;0;0;0;0;0;0;0;0;0;0;0;0;0;0;0
441;杰森-普雷斯顿;Jason Preston;1;0;6;70;70;70;75;70;50;50;60;63;73;64;71;55;64;23;2;爵士;25;1;53176;0;202133;2088;0;0;0;0;0;0;0;0;0;0;0;0;0;0;0;0;0;0;0;0;0
442;约翰尼-朱赞;Johnny Juzang;4;3;6;63;71;70;69;66;60;63;60;63;70;61;67;60;63;22;1;爵士;25;1;53176;0;202200;1634;0;0;0;0;0;0;0;0;0;0;0;0;0;0;0;0;0;0;0;0;0
443;斯蒂芬-库里;Stephen Curry;1;2;11;82;87;95;93;88;65;66;73;87;95;88;97;76;88;35;14;勇士;26;3;48070000;0;200907;11;0;9;1;4;4;1;2;0;0;0;0;2;1;0;0;0;0;1;2;4;0
444;克里斯-保罗;Chris Paul;1;0;8;90;76;78;85;78;60;65;79;74;77;85;88;74;81;38;18;勇士;26;2;30000000;0;200504;22;0;12;1;4;5;2;0;0;5;0;0;0;6;7;1;0;0;0;0;0;0
445;德雷蒙德-格林;Draymond Green;4;5;9;85;80;76;65;83;80;81;81;76;70;68;79;86;82;33;11;勇士;26;4;25000000;0;201235;104;0;4;0;0;1;1;0;0;0;0;0;0;1;4;4;0;1;0;0;4;0
446;乔纳森-库明加;Jonathan Kuminga;4;3;8;65;89;67;77;88;76;72;76;88;68;75;79;82;80;21;2;勇士;26;2;8250000;0;202107;560;0;0;0;0;0;0;0;0;0;0;0;0;0;0;0;0;0;0;0;1;0
447;克莱-汤普森;Klay Thompson;3;2;9;64;78;91;83;81;60;66;72;78;93;80;83;71;78;33;12;勇士;26;1;35360000;0;201111;147;0;5;0;0;0;2;1;0;0;0;0;0;0;0;1;0;0;0;0;4;0
448;安德鲁-威金斯;Andrew Wiggins;3;4;8;62;78;78;79;82;75;72;78;77;77;75;75;80;79;28;9;勇士;26;4;25000000;0;201401;148;0;1;0;0;0;0;0;0;0;0;1;0;0;0;0;0;0;0;0;1;0
449;凯文-卢尼;Kevon Looney;5;4;7;62;78;62;72;80;76;86;67;73;60;68;70;82;76;28;8;勇士;26;3;8500000;0;201530;586;0;0;0;0;0;0;0;0;0;0;0;0;0;0;0;0;0;0;0;1;0
450;布兰丁-波杰姆斯基;Brandin Podziemski;2;3;8;77;77;79;77;80;70;77;75;70;73;68;77;78;78;21;0;勇士;26;4;5250000;0;202319;2916;0;0;0;0;0;0;0;0;0;0;0;0;0;0;0;0;0;0;0;0;0
451;加里-佩顿二世;Gary Payton II;2;3;7;71;74;85;75;85;62;68;83;70;78;60;75;78;77;31;7;勇士;26;2;9300000;0;201600;646;0;0;0;0;0;0;0;0;0;0;0;0;0;0;0;0;0;0;0;1;0
452;特雷斯-杰克逊-戴维斯;Trayce Jackson-Davis;5;4;7;51;85;65;67;85;80;80;68;85;60;63;70;83;77;24;0;勇士;26;2;1150000;0;202357;2913;0;0;0;0;0;0;0;0;0;0;0;0;0;0;0;0;0;0;0;0;0
453;摩西-穆迪;Moses Moody;3;2;8;69;75;79;80;75;65;67;72;71;79;68;76;70;74;20;2;勇士;26;2;6500000;0;202114;629;0;0;0;0;0;0;0;0;0;0;0;0;0;0;0;0;0;0;0;1;0
454;达里奥-沙里奇;Dario Šarić;5;0;8;70;78;82;80;80;57;74;62;72;77;74;80;69;74;29;7;勇士;26;1;4300000;0;201412;665;0;0;0;0;0;0;0;0;0;0;0;0;0;0;0;0;0;0;0;0;0
455;乌斯曼-加鲁巴;Usman Garuba;4;5;7;61;74;68;70;73;70;71;68;67;66;65;68;71;69;21;2;勇士;26;1;1100000;0;202123;1083;0;0;0;0;0;0;0;0;0;0;0;0;0;0;0;0;0;0;0;0;0
456;莱斯特-基诺内斯;Lester Quinones;2;3;6;68;63;78;75;69;63;66;65;62;78;65;71;65;68;23;1;勇士;26;1;53176;0;202200;2109;0;0;0;0;0;0;0;0;0;0;0;0;0;0;0;0;0;0;0;0;0
457;杰罗姆-罗宾逊;Jerome Robinson;2;1;6;73;71;74;69;71;52;60;70;63;76;57;70;63;67;26;5;勇士;26;1;2050000;0;201813;1980;0;0;0;0;0;0;0;0;0;0;0;0;0;0;0;0;0;0;0;0;0
458;帕特-斯宾塞;Pat Spencer;1;0;6;62;72;72;61;73;71;73;55;69;70;56;65;66;65;27;0;勇士;26;1;53176;0;202200;3131;0;0;0;0;0;0;0;0;0;0;0;0;0;0;0;0;0;0;0;0;0
459;桂-桑托斯;Gui Santos;4;3;6;57;66;65;61;71;69;71;65;63;65;36;57;69;64;23;1;勇士;26;3;2600000;0;202255;2117;0;0;0;0;0;0;0;0;0;0;0;0;0;0;0;0;0;0;0;0;0
460;科怀-伦纳德;Kawhi Leonard;4;3;11;75;88;88;93;85;81;75;88;85;87;90;93;86;89;32;12;快船;27;5;50000000;0;201115;47;0;5;1;3;2;0;0;0;0;0;0;0;1;3;4;0;2;2;0;2;0
461;保罗-乔治;Paul George;3;4;10;75;83;90;88;87;74;76;83;82;90;86;89;84;88;33;13;快船;27;2;44000000;0;201010;139;0;8;0;1;0;5;0;0;0;0;0;0;1;2;2;0;0;0;0;0;0
462;詹姆斯-哈登;James Harden;1;2;10;90;81;88;81;83;65;68;70;80;88;85;93;73;84;34;14;快船;27;1;33000000;0;200903;33;0;10;0;6;0;1;0;0;2;0;0;3;0;0;0;0;0;0;1;0;1
463;拉塞尔-威斯布鲁克;Russell Westbrook;1;2;9;81;81;65;71;85;67;80;75;82;65;70;76;81;78;34;15;快船;27;2;4000000;0;200804;74;0;9;2;2;5;2;0;0;3;0;0;2;0;0;0;0;0;0;1;0;0
464;诺曼-鲍威尔;Norman Powell;2;3;8;65;76;90;85;82;67;68;68;75;90;78;82;73;78;30;8;快船;27;3;18000000;0;201546;844;0;0;0;0;0;0;0;0;0;0;0;0;0;0;0;0;0;0;0;1;0
465;伊维察-祖巴茨;Ivica Zubac;5;0;8;57;86;58;75;82;79;89;60;83;50;69;71;84;78;26;7;快船;27;2;11000000;0;201632;747;0;0;0;0;0;0;0;0;0;0;0;0;0;0;0;0;0;0;0;0;0
466;PJ-塔克;P.J. Tucker;3;4;8;65;68;70;68;73;68;75;73;65;65;50;63;74;69;38;17;快船;27;2;11060000;0;200635;690;0;0;0;0;0;0;0;0;0;0;0;0;0;0;0;0;0;0;0;1;0
467;纳肖恩-海兰德;Nah'Shon Hyland;2;1;7;72;77;76;82;81;60;64;70;78;75;73;77;70;74;23;2;快船;27;2;3500000;0;202126;1026;0;0;0;0;0;0;0;0;0;0;0;0;0;0;0;0;0;0;0;0;0
468;特伦斯-曼;Terance Mann;2;3;6;71;79;75;79;81;61;66;80;66;78;71;75;75;75;27;4;快船;27;1;1520000;0;201948;1295;0;0;0;0;0;0;0;0;0;0;0;0;0;0;0;0;0;0;0;0;0
469;梅森-普拉姆利;Mason Plumlee;5;0;8;69;78;50;71;77;71;78;69;75;30;68;65;76;71;33;10;快船;27;1;5000000;0;201322;1397;0;0;0;0;0;0;0;0;0;0;0;0;0;0;0;0;0;0;0;0;0
470;阿米尔-科菲;Amir Coffey;3;4;6;65;77;76;75;78;56;67;70;66;78;67;72;68;71;26;4;快船;27;2;3660000;0;201900;1134;0;0;0;0;0;0;0;0;0;0;0;0;0;0;0;0;0;0;0;0;0
471;丹尼尔-泰斯;Daniel Theis;5;0;7;57;82;69;81;74;67;76;56;69;68;73;73;70;71;31;9;快船;27;1;3600000;0;201300;691;0;0;0;0;0;0;0;0;0;0;0;0;0;0;0;0;0;0;0;0;0
472;科比-布朗;Kobe Brown;4;5;7;59;82;63;69;78;73;76;59;73;63;62;68;74;71;24;0;快船;27;4;2500000;0;202330;2921;0;0;0;0;0;0;0;0;0;0;0;0;0;0;0;0;0;0;0;0;0
473;凯-琼斯;Kai Jones;4;5;7;58;80;73;72;77;71;76;55;69;72;65;71;72;71;22;2;快船;27;1;53176;0;202119;1415;0;0;0;0;0;0;0;0;0;0;0;0;0;0;0;0;0;0;0;0;0
474;乔丹-米勒;Jordan Miller;3;1;6;71;71;67;64;72;57;59;70;69;65;70;68;63;67;24;0;快船;27;2;1600000;0;202348;2932;0;0;0;0;0;0;0;0;0;0;0;0;0;0;0;0;0;0;0;0;0
475;泽维尔-穆恩;Xavier Moon;2;1;6;65;72;65;69;69;72;65;66;63;66;55;64;68;65;29;2;快船;27;1;53176;0;201700;2048;0;0;0;0;0;0;0;0;0;0;0;0;0;0;0;0;0;0;0;0;0
476;布兰登-波士顿;Brandon Boston;3;2;6;56;68;69;72;78;55;62;61;64;69;55;63;63;64;21;2;快船;27;1;1450000;0;202151;1719;0;0;0;0;0;0;0;0;0;0;0;0;0;0;0;0;0;0;0;0;0
477;穆萨-迪亚巴特;Moussa Diabaté;5;4;7;57;66;63;65;74;66;70;58;65;60;48;59;68;64;23;1;快船;27;1;1850000;0;202243;936;0;0;0;0;0;0;0;0;0;0;0;0;0;0;0;0;0;0;0;0;0
478;安东尼-戴维斯;Anthony Davis;5;4;10;73;94;66;80;90;90;93;76;92;60;81;85;96;91;30;11;湖人;28;6;47980000;0;201201;25;0;8;1;4;0;0;0;3;0;0;0;0;0;2;2;0;0;0;0;1;0
479;勒布朗-詹姆斯;LeBron James;4;3;11;90;92;88;81;89;74;83;76;91;88;80;96;85;90;38;20;湖人;28;2;42500000;0;200301;2;0;19;3;13;3;3;0;0;1;0;1;1;0;5;1;0;0;4;4;4;0
480;丹吉洛-拉塞尔;D'Angelo Russell;1;0;8;84;79;89;84;80;52;65;66;79;88;85;91;67;80;27;8;湖人;28;2;18000000;0;201502;251;0;1;0;0;0;0;0;0;0;0;0;0;0;0;0;0;0;0;0;0;0
481;奥斯汀-里夫斯;Austin Reaves;2;1;8;77;83;82;86;81;55;66;68;79;82;85;85;68;78;25;2;湖人;28;4;14000000;0;202100;581;0;0;0;0;0;0;0;0;0;0;0;0;0;0;0;0;0;0;0;0;0
482;斯潘塞-丁威迪;Spencer Dinwiddie;2;1;7;81;75;76;74;81;66;63;75;76;75;65;77;73;75;30;9;湖人;28;1;1500000;0;201438;208;0;0;0;0;0;0;0;0;0;0;0;0;0;0;0;0;0;0;0;0;0
483;八村塁;Rui Hachimura;4;3;8;58;82;82;83;83;67;68;62;78;75;80;79;72;75;26;4;湖人;28;3;17000000;0;201909;180;0;0;0;0;0;0;0;0;0;0;0;0;0;0;0;0;0;0;0;0;0
484;克里斯蒂安-伍德;Christian Wood;4;5;8;57;80;75;72;80;75;77;61;79;75;70;74;76;75;28;8;湖人;28;2;5100000;0;201500;717;0;0;0;0;0;0;0;0;0;0;0;0;0;0;0;0;0;0;0;0;0
485;贾里德-范德比尔特;Jarred Vanderbilt;3;4;7;60;75;60;64;80;72;83;81;67;65;66;63;83;74;24;5;湖人;28;4;12000000;0;201841;960;0;0;0;0;0;0;0;0;0;0;0;0;0;0;0;0;0;0;0;0;0
486;盖布-文森特;Gabe Vincent;2;1;8;74;72;75;80;78;55;65;79;69;72;77;75;71;73;27;5;湖人;28;3;11000000;0;201800;716;0;0;0;0;0;0;0;0;0;0;0;0;0;0;0;0;0;0;0;0;0
487;托里恩-普林斯;Taurean Prince;3;2;8;65;76;83;78;80;66;63;73;75;79;70;76;71;75;29;7;湖人;28;1;4500000;0;201612;291;0;0;0;0;0;0;0;0;0;0;0;0;0;0;0;0;0;0;0;0;0
488;卡姆-雷迪什;Cam Reddish;2;3;8;55;73;67;71;79;66;64;70;70;65;74;65;71;68;24;4;湖人;28;2;2320000;0;201910;254;0;0;0;0;0;0;0;0;0;0;0;0;0;0;0;0;0;0;0;0;0
489;马克斯-克里斯蒂;Max Christie;2;3;8;60;71;72;71;76;62;63;74;68;65;70;66;70;68;20;1;湖人;28;2;2250000;0;202235;1156;0;0;0;0;0;0;0;0;0;0;0;0;0;0;0;0;0;0;0;0;0
490;贾克森-海斯;Jaxson Hayes;5;4;6;50;80;50;65;82;75;78;68;68;49;60;60;80;70;23;3;湖人;28;2;5100000;0;202007;1028;0;0;0;0;0;0;0;0;0;0;0;0;0;0;0;0;0;0;0;0;0
491;马克斯韦尔-刘易斯;Maxwell-Lewis;3;2;6;60;65;68;68;70;65;61;70;68;73;66;65;66;66;19;0;湖人;28;3;2000000;0;202340;2858;0;0;0;0;0;0;0;0;0;0;0;0;0;0;0;0;0;0;0;0;0
492;斯凯拉-梅斯;Skylar Mays;1;2;6;70;70;74;70;69;48;59;71;63;76;65;71;62;67;26;3;湖人;28;1;2050000;0;202050;2031;0;0;0;0;0;0;0;0;0;0;0;0;0;0;0;0;0;0;0;0;0
493;杰伦-胡德-希菲诺;Jalen Hood-Schifino;2;3;7;72;66;64;70;72;62;59;67;64;70;63;66;64;65;19;0;湖人;28;4;5750000;0;202317;2209;0;0;0;0;0;0;0;0;0;0;0;0;0;0;0;0;0;0;0;0;0
494;科林-卡尔斯特顿;Colin Castleton;5;4;6;66;73;54;64;64;66;73;59;68;61;65;65;65;65;23;0;湖人;28;1;1800000;0;202200;3015;0;0;0;0;0;0;0;0;0;0;0;0;0;0;0;0;0;0;0;0;0
495;哈里-贾尔斯;Harry Giles III;4;5;6;54;74;60;68;55;61;74;68;61;57;51;59;62;61;25;6;湖人;28;1;1300000;0;201720;1087;0;0;0;0;0;0;0;0;0;0;0;0;0;0;0;0;0;0;0;0;0
496;凯文-杜兰特;Kevin Durant;4;3;11;76;90;93;96;88;74;78;76;88;88;96;97;83;90;35;16;太阳;29;2;49500000;0;200702;29;0;13;2;6;4;0;0;0;0;0;1;4;0;0;0;0;0;2;1;2;0
497;德文-布克;Devin Booker;1;2;10;80;88;89;94;88;68;70;74;87;90;94;95;78;88;27;8;太阳;29;5;33790000;0;201513;94;0;3;0;1;0;0;1;0;0;0;0;0;0;0;0;0;0;0;0;0;0
498;布拉德利-比尔;Bradley Beal;3;2;9;77;83;89;86;84;67;66;78;85;88;85;89;76;84;30;11;太阳;29;4;50000000;0;201203;91;0;3;0;0;0;1;0;0;0;0;0;0;0;0;0;0;0;0;0;0;0
499;约瑟夫-努尔基奇;Jusuf Nurkic;5;0;9;75;84;64;71;81;79;90;65;83;60;68;77;85;81;29;9;太阳;29;3;17500000;0;201416;286;0;0;0;0;0;0;0;0;0;0;0;0;0;0;0;0;0;0;0;0;0
500;格雷森-阿伦;Grayson Allen;2;1;8;70;78;92;83;84;60;65;72;75;88;75;83;72;78;28;5;太阳;29;1;8500000;0;201821;761;0;0;0;0;0;0;0;0;0;0;0;0;0;0;0;0;0;0;0;0;0
501;约什-奥科吉;Josh Okogie;3;2;7;62;76;68;75;82;71;70;70;73;65;70;69;75;73;25;5;太阳;29;1;2340000;0;201820;808;0;0;0;0;0;0;0;0;0;0;0;0;0;0;0;0;0;0;0;0;0
502;罗伊斯-奥尼尔;Royce O'Neale;3;4;8;68;72;81;72;79;73;72;79;69;78;60;72;78;76;30;8;太阳;29;1;9300000;0;201500;818;0;0;0;0;0;0;0;0;0;0;0;0;0;0;0;0;0;0;0;0;0
503;埃里克-戈登;Eric Gordon;2;3;8;71;80;82;79;78;50;60;68;75;82;70;79;64;72;35;15;太阳;29;2;2620000;0;200807;471;0;0;0;0;0;0;1;0;0;0;0;0;0;0;0;0;0;0;0;0;1
504;波尔-波尔;Bol Bol;4;5;7;58;81;74;73;75;83;78;50;80;65;70;73;75;74;24;4;太阳;29;1;2200000;0;201944;391;0;0;0;0;0;0;0;0;0;0;0;0;0;0;0;0;0;0;0;0;0
505;纳西尔-利特尔;Nassir Little;3;4;8;70;76;68;76;75;68;72;69;70;74;69;73;72;73;24;4;太阳;29;4;6000000;0;201925;1223;0;0;0;0;0;0;0;0;0;0;0;0;0;0;0;0;0;0;0;0;0
506;小以赛亚-托马斯;Isaiah Thomas;1;0;7;73;75;78;80;70;60;60;72;69;80;70;78;66;73;34;12;太阳;29;1;53176;0;201160;699;0;2;0;0;1;0;0;0;0;0;0;0;0;0;0;0;0;0;0;0;0
507;赛迪斯-杨;Thaddeus Young;5;4;8;64;76;72;72;83;60;70;72;74;65;66;72;71;72;35;16;太阳;29;1;8500000;0;200712;729;0;0;0;0;0;0;0;0;0;0;0;0;0;0;0;0;0;0;0;0;0
508;萨宾-李;Saben Lee;1;0;6;70;76;74;72;73;51;68;76;65;75;64;73;69;71;23;3;太阳;29;1;53176;0;202038;1209;0;0;0;0;0;0;0;0;0;0;0;0;0;0;0;0;0;0;0;0;0
509;德鲁-尤班克斯;Drew Eubanks;5;0;7;51;80;50;70;76;77;81;55;80;50;60;64;77;71;27;5;太阳;29;2;2500000;0;201700;1598;0;0;0;0;0;0;0;0;0;0;0;0;0;0;0;0;0;0;0;0;0
510;达米恩-李;Damion Lee;2;3;7;58;72;84;74;77;62;60;59;67;83;62;71;63;68;31;6;太阳;29;2;2680000;0;201600;579;0;0;0;0;0;0;0;0;0;0;0;0;0;0;0;0;0;0;0;1;0
511;大卫-罗迪;David Roddy;3;4;8;62;78;66;68;78;58;63;61;72;66;55;65;64;66;20;1;太阳;29;3;4250000;0;202223;1240;0;0;0;0;0;0;0;0;0;0;0;0;0;0;0;0;0;0;0;0;0
512;乌多卡-阿祖布伊克;Udoka Azubuike;5;0;6;50;71;50;60;78;79;81;45;65;39;30;51;76;64;24;3;太阳;29;1;1980000;0;202027;772;0;0;0;0;0;0;0;0;0;0;0;0;0;0;0;0;0;0;0;0;0
513;伊什-韦恩莱特;Ish Wainright;4;3;6;50;73;53;61;76;67;78;55;65;46;50;54;71;63;29;2;太阳;29;1;53176;0;202100;2197;0;0;0;0;0;0;0;0;0;0;0;0;0;0;0;0;0;0;0;0;0
514;多曼塔斯-萨博尼斯;Domantas Sabonis;5;0;10;86;90;73;82;87;77;94;71;89;60;75;87;89;88;27;7;国王;30;6;43400000;0;201611;141;0;3;0;0;0;1;0;0;0;1;0;0;0;0;0;0;0;0;0;0;0
515;达龙-福克斯;De’Aaron Fox;1;0;10;84;89;87;84;88;63;71;72;88;87;81;92;77;85;26;6;国王;30;2;32600000;0;201705;102;0;1;0;0;0;1;0;0;0;0;0;0;0;0;0;0;0;0;0;0;0
516;哈里森-巴恩斯;Harrison Barnes;4;3;8;65;80;78;78;82;71;70;70;77;81;75;79;75;77;31;11;国王;30;3;18000000;0;201207;365;0;0;0;0;0;0;0;0;0;0;0;0;0;0;0;0;0;0;0;1;0
517;马利克-蒙克;Malik Monk;2;1;9;76;84;88;83;87;61;68;71;83;86;78;86;74;81;26;6;国王;30;1;9500000;0;201711;617;0;0;0;0;0;0;0;0;0;0;0;0;0;0;0;0;0;0;0;0;0
518;基翁-埃利斯;Keon Ellis;2;1;7;64;74;76;75;82;71;70;82;70;72;65;71;80;75;23;1;国王;30;1;53176;0;202200;777;0;0;0;0;0;0;0;0;0;0;0;0;0;0;0;0;0;0;0;0;0
519;凯文-赫尔特;Kevin Huerter;2;3;7;70;75;85;81;72;61;71;75;70;88;68;79;71;76;25;5;国王;30;1;5000000;0;201819;497;0;0;0;0;0;0;0;0;0;0;0;0;0;0;0;0;0;0;0;0;0
520;特雷-莱尔斯;Trey Lyles;4;5;8;62;76;78;76;80;77;76;61;72;75;79;75;77;76;28;8;国王;30;2;8000000;0;201512;1183;0;0;0;0;0;0;0;0;0;0;0;0;0;0;0;0;0;0;0;0;0
521;基根-穆雷;Keegan Murray;4;3;9;63;83;87;80;83;69;68;74;78;83;75;82;75;79;22;1;国王;30;3;9000000;0;202204;631;0;0;0;0;0;0;0;0;0;0;0;0;0;0;0;0;0;0;0;0;0
522;戴维恩-米切尔;Davion Mitchell;1;2;6;70;78;74;68;82;68;61;82;67;75;57;72;77;74;25;2;国王;30;2;7750000;0;202109;1316;0;0;0;0;0;0;0;0;0;0;0;0;0;0;0;0;0;0;0;0;0
523;克里斯-杜阿尔特;Chris Duarte;3;2;8;68;84;83;78;70;60;64;78;68;80;70;78;68;74;26;2;国王;30;2;6750000;0;202113;942;0;0;0;0;0;0;0;0;0;0;0;0;0;0;0;0;0;0;0;0;0
524;贾维尔-麦基;JaVale McGee;5;0;7;50;88;50;52;84;89;83;50;73;35;71;61;84;73;36;15;国王;30;1;3000000;0;200818;608;0;0;0;0;0;0;0;0;0;0;0;0;0;0;0;0;0;0;0;3;0
525;亚历山大-韦津科夫;Aleksandar Vezenkov;4;3;7;67;78;79;76;71;67;70;65;77;77;73;78;68;73;28;6;国王;30;3;6700000;0;201757;2942;0;0;0;0;0;0;0;0;0;0;0;0;0;0;0;0;0;0;0;0;0
526;科尔比-琼斯;Colby Jones;2;3;7;71;63;76;73;75;60;61;71;70;71;66;70;67;69;20;0;国王;30;3;2300000;0;202334;2859;0;0;0;0;0;0;0;0;0;0;0;0;0;0;0;0;0;0;0;0;0
527;凯斯勒-爱德华兹;Kessler Edwards;3;4;6;60;74;76;75;71;61;63;67;64;75;65;70;64;68;22;2;国王;30;1;1800000;0;202144;788;0;0;0;0;0;0;0;0;0;0;0;0;0;0;0;0;0;0;0;0;0
528;乔丹-福特;Jordan Ford;1;2;6;69;72;77;60;66;66;55;71;68;79;60;70;64;67;25;0;国王;30;1;2050000;0;202000;3090;0;0;0;0;0;0;0;0;0;0;0;0;0;0;0;0;0;0;0;0;0
529;杰伦-斯劳森;Jalen Slawson;3;4;6;62;72;72;61;73;71;73;55;69;70;56;64;68;67;24;0;国王;30;2;1300000;0;202354;2937;0;0;0;0;0;0;0;0;0;0;0;0;0;0;0;0;0;0;0;0;0
530;梅森-琼斯;Mason Jones;2;1;6;71;73;72;75;79;50;60;57;65;73;66;71;60;66;25;3;国王;30;1;53176;0;202000;1416;0;0;0;0;0;0;0;0;0;0;0;0;0;0;0;0;0;0;0;0;0
531;亚历克斯-莱恩;Alex Len;5;0;6;50;79;50;69;79;71;73;51;67;38;58;59;72;65;30;10;国王;30;1;3200000;0;201305;1182;0;0;0;0;0;0;0;0;0;0;0;0;0;0;0;0;0;0;0;0;0
532;小凯文-波特;Kevin Porter Jr.;1;2;9;80;81;81;82;80;55;70;73;79;80;80;85;72;79;23;4;0;0;0;0;0;201930;395;0;0;0;0;0;0;0;0;0;0;0;0;0;0;0;0;0;0;0;0;0
533;约翰-沃尔;John Wall;1;0;9;81;83;75;79;78;61;65;73;82;76;80;83;71;78;33;13;0;0;0;0;0;201001;154;0;5;0;0;0;1;0;0;0;0;0;0;0;0;1;0;0;0;0;0;0
534;维克托-奥拉迪波;Victor Oladipo;2;1;8;75;83;78;76;76;61;71;77;73;76;69;78;73;76;31;10;0;0;0;0;0;201302;179;0;2;0;0;0;1;0;0;0;0;0;0;1;1;0;0;0;0;0;0;0
535;哈米杜-迪亚洛;Hamidou Diallo;3;2;7;71;78;68;74;80;66;70;79;77;70;71;73;76;75;25;5;0;0;0;0;0;201845;937;0;0;0;0;0;0;0;0;0;0;0;0;0;0;0;0;0;0;0;0;0
536;威尔-巴顿;Will Barton;2;3;7;68;74;77;80;83;59;73;70;77;77;71;76;73;75;33;11;0;0;0;0;0;201240;364;0;0;0;0;0;0;0;0;0;0;0;0;0;0;0;0;0;0;0;0;0
537;肯巴-沃克;Kemba Walker;1;0;7;79;73;81;81;79;51;69;60;75;82;73;82;65;74;33;12;0;0;0;0;0;201109;155;0;4;0;0;0;1;0;0;0;0;0;0;0;0;0;0;0;0;0;0;0
538;特伦斯-戴维斯;Terence Davis;2;3;6;74;76;78;73;81;69;64;71;65;78;65;75;73;74;26;4;0;0;0;0;0;201900;432;0;0;0;0;0;0;0;0;0;0;0;0;0;0;0;0;0;0;0;0;0
539;埃弗里-布拉德利;Avery Bradley;1;2;7;68;72;78;76;80;56;60;81;73;80;65;75;73;74;33;13;0;0;0;0;0;201019;406;0;0;0;0;0;0;0;0;0;0;0;0;0;1;1;0;0;0;0;1;0
540;埃里克-布莱德索;Eric Bledsoe;1;2;7;75;82;76;75;85;50;68;65;75;78;67;78;68;74;34;13;0;0;0;0;0;201018;408;0;0;0;0;0;0;0;0;0;0;0;0;0;1;1;0;0;0;0;0;0
541;赛尔吉-伊巴卡;Serge Ibaka;5;4;7;60;74;75;72;75;79;75;62;71;69;70;71;76;74;34;14;0;0;0;0;0;200824;331;0;0;0;0;0;0;0;2;0;0;0;0;0;3;0;0;0;0;0;1;0
542;德马库斯-考辛斯;DeMarcus Cousins;5;4;7;63;81;74;75;73;68;79;68;72;71;71;75;74;74;33;13;0;0;0;0;0;201005;118;0;4;0;0;2;0;0;0;0;0;0;0;0;0;0;0;0;0;0;0;0
543;杰迈克尔-格林;JaMychal Green;4;5;7;61;81;73;79;83;63;76;61;71;72;72;74;73;74;33;9;0;0;0;0;0;201200;995;0;0;0;0;0;0;0;0;0;0;0;0;0;0;0;0;0;0;0;0;0
544;肯-伯奇;Khem Birch;5;4;6;56;79;56;76;82;76;83;66;67;49;69;65;81;74;31;9;0;0;0;0;0;201400;865;0;0;0;0;0;0;0;0;0;0;0;0;0;0;0;0;0;0;0;0;0
545;戈尔吉-迪昂;Gorgui Dieng;5;4;7;66;77;55;78;78;76;79;68;69;47;73;68;79;74;34;10;0;0;0;0;0;201321;441;0;0;0;0;0;0;0;0;0;0;0;0;0;0;0;0;0;0;0;0;0
546;伊斯梅尔-史密斯;Ish Smith;1;0;7;78;78;70;79;78;52;65;70;69;73;71;77;68;73;35;13;0;0;0;0;0;201000;1453;0;0;0;0;0;0;0;0;0;0;0;0;0;0;0;0;0;0;0;1;0
547;兰斯-斯蒂芬森;Lance Stephenson;2;3;7;70;79;76;78;79;52;73;70;69;77;70;75;70;73;33;13;0;0;0;0;0;201040;675;0;0;0;0;0;0;0;0;0;0;0;0;0;0;0;0;0;0;0;0;0
548;扎维尔-辛普森;Zavier Simpson;2;1;6;70;71;73;73;75;70;77;75;64;74;64;70;77;73;27;3;0;0;0;0;0;202000;1581;0;0;0;0;0;0;0;0;0;0;0;0;0;0;0;0;0;0;0;0;0
549;埃尔弗里德-佩顿;Elfrid Payton;1;0;7;78;76;73;78;78;61;71;61;71;75;69;78;68;73;29;9;0;0;0;0;0;201410;1382;0;0;0;0;0;0;0;0;0;0;0;0;0;0;0;0;0;0;0;0;0
550;约什-杰克逊;Josh Jackson;2;3;7;70;78;72;77;80;67;70;69;72;73;68;74;73;73;27;6;0;0;0;0;0;201704;531;0;0;0;0;0;0;0;0;0;0;0;0;0;0;0;0;0;0;0;0;0
551;杰伦-霍尔德;Jaylen Hoard;4;3;6;59;79;65;78;77;70;79;71;66;64;70;69;76;73;24;4;0;0;0;0;0;201900;1067;0;0;0;0;0;0;0;0;0;0;0;0;0;0;0;0;0;0;0;0;0
552;谢里夫-库珀;Sharife Cooper;1;2;7;78;77;64;78;73;60;68;76;69;66;69;74;71;73;22;2;0;0;0;0;0;202148;1168;0;0;0;0;0;0;0;0;0;0;0;0;0;0;0;0;0;0;0;0;0
553;德里克-费沃斯;Derrick Favors;5;4;7;64;79;52;72;75;72;82;74;74;45;68;67;78;73;32;13;0;0;0;0;0;201003;212;0;0;0;0;0;0;0;0;0;0;0;0;0;0;0;0;0;0;0;0;0
554;丹尼-格林;Danny Green;2;3;8;65;70;83;76;78;58;68;68;72;80;76;75;69;72;36;14;0;0;0;0;0;200946;221;0;0;0;0;0;0;0;0;0;0;0;0;0;0;1;0;0;0;0;3;0
555;肯特-贝兹莫尔;Kent Bazemore;2;3;8;65;76;79;76;79;58;68;70;71;79;66;74;70;72;34;11;0;0;0;0;0;201200;850;0;0;0;0;0;0;0;0;0;0;0;0;0;0;0;0;0;0;0;0;0
556;托马斯-萨托兰斯基;Tomas Satoransky;1;2;7;76;79;78;74;74;61;62;63;68;80;66;78;64;72;32;7;0;0;0;0;0;201232;659;0;0;0;0;0;0;0;0;0;0;0;0;0;0;0;0;0;0;0;0;0
557;罗德尼-胡德;Rodney Hood;3;2;7;63;73;78;78;83;51;66;69;72;77;77;74;67;72;31;9;0;0;0;0;0;201423;1050;0;0;0;0;0;0;0;0;0;0;0;0;0;0;0;0;0;0;0;0;0
558;肯德里克-纳恩;Kendrick Nunn;1;2;7;67;77;75;75;75;64;64;67;72;78;71;75;68;72;28;5;0;0;0;0;0;201800;635;0;0;0;0;0;0;0;0;0;0;0;0;0;0;0;0;0;0;0;0;0
559;伊莱贾-休斯;Elijah Hughes;2;0;6;67;73;74;78;78;60;71;72;65;75;68;72;72;72;25;3;0;0;0;0;0;202039;1582;0;0;0;0;0;0;0;0;0;0;0;0;0;0;0;0;0;0;0;0;0
560;乔治-希尔;George Hill;1;2;7;73;71;71;79;78;50;67;72;69;75;75;75;69;72;37;15;0;0;0;0;0;200826;326;0;0;0;0;0;0;0;0;0;0;0;0;0;0;0;0;0;0;0;0;0
561;斯坦利-约翰逊;Stanley Johnson;3;0;7;64;72;70;76;86;47;70;77;72;70;67;70;71;72;27;8;0;0;0;0;0;201508;1617;0;0;0;0;0;0;0;0;0;0;0;0;0;0;0;0;0;0;0;0;0
562;德怀特-霍华德;Dwight Howard;5;0;7;54;80;50;55;80;83;84;58;76;35;65;60;82;72;36;19;0;0;0;0;0;200401;36;0;8;0;5;1;2;0;2;0;5;0;0;0;4;1;0;3;0;0;1;0
563;RJ-汉普顿;R.J. Hampton;1;2;7;59;70;70;78;78;62;70;76;69;72;66;68;74;71;22;3;0;0;0;0;0;202024;495;0;0;0;0;0;0;0;0;0;0;0;0;0;0;0;0;0;0;0;0;0
564;奥托-波特;Otto Porter Jr.;3;4;8;61;74;74;73;80;51;75;70;75;75;72;71;70;71;30;10;0;0;0;0;0;201303;394;0;0;0;0;0;0;0;0;0;0;0;0;0;0;0;0;0;0;0;1;0
565;凯文-诺克斯;Kevin Knox;3;4;7;72;72;69;67;77;72;67;66;67;70;59;68;71;71;24;5;0;0;0;0;0;201809;1366;0;0;0;0;0;0;0;0;0;0;0;0;0;0;0;0;0;0;0;0;0
566;乔-哈里斯;Joe Harris;3;4;7;66;74;84;79;79;45;66;69;69;83;69;76;64;71;32;9;0;0;0;0;0;201433;486;0;0;0;0;0;0;1;0;0;0;0;0;0;0;0;0;0;0;0;0;0
567;特雷-伯克;Trey Burke;1;2;7;71;76;84;71;79;45;61;66;71;85;62;77;63;71;30;9;0;0;0;0;0;201309;397;0;0;0;0;0;0;0;0;0;0;0;0;0;0;0;0;0;0;0;0;0
568;劳尔-内托;Raul Neto;1;0;6;70;73;79;79;77;45;65;67;65;80;68;76;64;71;31;8;0;0;0;0;0;201347;1356;0;0;0;0;0;0;0;0;0;0;0;0;0;0;0;0;0;0;0;0;0
569;DJ-奥古斯丁;D.J. Augustin;1;0;7;74;75;79;82;82;45;55;60;69;80;72;79;60;71;36;15;0;0;0;0;0;200809;805;0;0;0;0;0;0;0;0;0;0;0;0;0;0;0;0;0;0;0;0;0
570;杰里米-兰姆;Jeremy Lamb;2;3;7;61;82;77;83;81;46;71;63;74;77;72;75;65;71;31;11;0;0;0;0;0;201212;571;0;0;0;0;0;0;0;0;0;0;0;0;0;0;0;0;0;0;0;0;0
571;贾勒特-卡尔弗;Jarrett Culver;2;0;7;70;73;76;77;70;61;60;78;66;77;68;74;68;71;24;4;0;0;0;0;0;201906;532;0;0;0;0;0;0;0;0;0;0;0;0;0;0;0;0;0;0;0;0;0
572;以赛亚-罗比;Isaiah Roby;3;2;7;61;79;75;71;73;70;71;68;68;75;63;70;71;71;26;4;0;0;0;0;0;201948;1978;0;0;0;0;0;0;0;0;0;0;0;0;0;0;0;0;0;0;0;0;0
573;马基斯-克里斯;Marquese Chriss;4;5;7;57;78;74;72;75;70;70;67;68;72;64;70;71;71;26;7;0;0;0;0;0;201608;1154;0;0;0;0;0;0;0;0;0;0;0;0;0;0;0;0;0;0;0;0;0
574;奥斯汀-里弗斯;Austin Rivers;2;1;6;73;71;73;76;73;61;67;76;65;70;70;72;71;71;31;11;0;0;0;0;0;201210;1217;0;0;0;0;0;0;0;0;0;0;0;0;0;0;0;0;0;0;0;0;0
575;基马-莫内克;Chima Moneke;4;0;6;55;73;72;71;78;72;77;61;65;71;62;66;74;71;27;1;0;0;0;0;0;202200;1332;0;0;0;0;0;0;0;0;0;0;0;0;0;0;0;0;0;0;0;0;0
576;马克-麦克朗;Mac McClung;2;1;6;73;78;71;69;79;61;67;69;64;73;64;71;70;71;25;2;0;0;0;0;0;202100;2021;0;0;0;0;0;0;0;0;0;0;0;0;0;0;0;0;0;0;0;0;0
577;莱安德罗-博尔马罗;Leandro Bolmaro;3;2;7;61;71;71;72;73;56;68;88;66;71;63;67;73;71;22;3;0;0;0;0;0;202023;866;0;0;0;0;0;0;0;0;0;0;0;0;0;0;0;0;0;0;0;0;0
578;周琦;Zhou Qi;4;5;6;55;73;67;66;79;83;81;60;65;66;49;62;80;71;26;7;0;0;0;0;0;201643;338;0;0;0;0;0;0;0;0;0;0;0;0;0;0;0;0;0;0;0;0;0
579;阿诺达斯-库尔博卡;Arnoldas Kulboka;3;0;6;71;71;60;72;75;73;71;70;64;60;65;66;73;71;25;2;0;0;0;0;0;201855;1163;0;0;0;0;0;0;0;0;0;0;0;0;0;0;0;0;0;0;0;0;0
580;蒙特雷斯-哈雷尔;Montrezl Harrell;5;4;7;59;80;59;74;86;71;73;53;71;52;68;68;75;71;30;8;0;0;0;0;0;201532;485;0;0;0;0;0;0;0;0;0;0;0;0;0;0;0;0;0;0;0;0;1
581;詹姆斯-纳吉;James Nnaji;5;0;7;56;78;59;67;79;70;82;66;68;59;61;65;77;71;18;0;0;0;0;0;0;202331;2880;0;0;0;0;0;0;0;0;0;0;0;0;0;0;0;0;0;0;0;0;0
582;诺伦斯-诺埃尔;Nerlens Noel;5;4;7;59;78;50;61;78;81;85;76;69;31;30;55;85;71;29;10;0;0;0;0;0;201306;288;0;0;0;0;0;0;0;0;0;0;0;0;0;0;0;0;0;0;0;0;0
583;以赛亚-里维尔斯;Isaiah Livers;4;3;6;59;77;78;82;75;60;70;61;65;77;72;74;66;70;24;2;0;0;0;0;0;202142;1219;0;0;0;0;0;0;0;0;0;0;0;0;0;0;0;0;0;0;0;0;0
584;詹姆斯-伯克奈特;James Bouknight;2;3;8;68;76;72;78;76;64;60;70;65;73;69;72;68;70;23;2;0;0;0;0;0;202111;863;0;0;0;0;0;0;0;0;0;0;0;0;0;0;0;0;0;0;0;0;0
585;科里-约瑟夫;Cory Joseph;1;2;7;73;75;75;77;79;45;65;64;70;72;68;75;64;70;32;12;0;0;0;0;0;201129;1620;0;0;0;0;0;0;0;0;0;0;0;0;0;0;0;0;0;0;0;0;0
586;阿尔莫尼-布鲁克斯;Armoni Brooks;1;2;6;62;80;81;82;72;62;60;61;65;82;69;76;62;70;25;3;0;0;0;0;0;201900;899;0;0;0;0;0;0;0;0;0;0;0;0;0;0;0;0;0;0;0;0;0
587;达文-里德;Davon Reed;2;1;6;63;74;78;76;74;60;67;70;65;78;65;71;68;70;28;6;0;0;0;0;0;201732;1962;0;0;0;0;0;0;0;0;0;0;0;0;0;0;0;0;0;0;0;0;0
588;马利克-菲茨;Malik Fitts;4;0;6;60;72;78;72;77;68;70;58;65;76;64;70;69;70;26;3;0;0;0;0;0;202000;961;0;0;0;0;0;0;0;0;0;0;0;0;0;0;0;0;0;0;0;0;0
589;布兰顿-奈特;Brandon Knight;1;2;6;73;78;76;80;73;53;62;61;65;78;70;77;61;70;32;12;0;0;0;0;0;201108;284;0;0;0;0;0;0;0;0;0;0;0;0;0;0;0;0;0;0;0;0;0
590;大卫-努瓦巴;David Nwaba;3;2;6;60;70;76;77;80;62;66;62;65;75;67;70;67;70;30;7;0;0;0;0;0;201600;1364;0;0;0;0;0;0;0;0;0;0;0;0;0;0;0;0;0;0;0;0;0
591;法昆多-坎帕佐;Facundo Campazzo;1;2;7;80;74;75;75;76;48;48;67;73;75;74;79;59;70;32;3;0;0;0;0;0;202000;1123;0;0;0;0;0;0;0;0;0;0;0;0;0;0;0;0;0;0;0;0;0
592;约什-克里斯托弗;Josh Christopher;2;1;8;63;77;74;77;76;61;71;67;67;73;66;71;69;70;21;2;0;0;0;0;0;202124;1160;0;0;0;0;0;0;0;0;0;0;0;0;0;0;0;0;0;0;0;0;0
593;费伦-昆都;Feron Hunt;3;4;6;67;67;71;70;70;72;72;72;63;71;62;67;72;70;24;2;0;0;0;0;0;202100;1172;0;0;0;0;0;0;0;0;0;0;0;0;0;0;0;0;0;0;0;0;0
594;罗密欧-兰福德;Romeo Langford;2;3;6;68;73;70;75;75;64;72;70;65;72;66;69;71;70;24;4;0;0;0;0;0;201914;1195;0;0;0;0;0;0;0;0;0;0;0;0;0;0;0;0;0;0;0;0;0
595;泽维尔-库克斯;Xavier Cooks;3;0;6;65;67;69;72;70;69;73;72;66;68;71;67;72;70;29;1;0;0;0;0;0;202200;2114;0;0;0;0;0;0;0;0;0;0;0;0;0;0;0;0;0;0;0;0;0
596;弗兰克-卡明斯基;Frank Kaminsky;5;0;7;60;74;69;76;79;63;74;61;68;66;70;70;71;70;30;8;0;0;0;0;0;201509;534;0;0;0;0;0;0;0;0;0;0;0;0;0;0;0;0;0;0;0;0;0
597;阿米达-布里马;Amida Brimah;5;0;6;61;78;67;70;67;74;69;53;83;66;65;72;67;70;29;1;0;0;0;0;0;202300;896;0;0;0;0;0;0;0;0;0;0;0;0;0;0;0;0;0;0;0;0;0
598;贾斯蒂斯-温斯洛;Justise Winslow;3;2;7;60;77;64;74;84;58;74;64;70;64;65;67;71;70;27;8;0;0;0;0;0;201510;1550;0;0;0;0;0;0;0;0;0;0;0;0;0;0;0;0;0;0;0;0;0
599;吉列尔莫-埃尔南戈麦斯;Willy Hernangómez;5;4;6;62;80;60;74;77;62;77;67;66;53;69;68;72;70;29;7;0;0;0;0;0;201535;774;0;0;0;0;0;0;0;0;0;0;0;0;0;0;0;0;0;0;0;0;0
600;格雷格-门罗;Greg Monroe;5;0;6;70;76;50;72;82;68;76;60;67;41;69;65;74;70;33;13;0;0;0;0;0;201007;275;0;0;0;0;0;0;0;0;0;0;0;0;0;0;0;0;0;0;0;0;0
601;泰瑞-泰勒;Terry Taylor ;3;4;6;61;78;70;76;76;62;73;60;66;70;67;69;68;69;24;2;0;0;0;0;0;202100;1484;0;0;0;0;0;0;0;0;0;0;0;0;0;0;0;0;0;0;0;0;0
602;基利安-海斯;Killian Hayes;1;2;7;76;76;74;79;69;51;49;70;66;75;72;77;59;69;22;3;0;0;0;0;0;202007;494;0;0;0;0;0;0;0;0;0;0;0;0;0;0;0;0;0;0;0;0;0
603;罗宾-洛佩斯;Robin Lopez;5;0;7;58;85;50;79;81;70;75;45;71;30;73;66;72;69;35;15;0;0;0;0;0;200815;599;0;0;0;0;0;0;0;0;0;0;0;0;0;0;0;0;0;0;0;0;0
604;托斯卡诺-安德森;Juan Toscano-Anderson;3;2;6;62;71;77;75;71;61;65;71;63;76;66;69;67;69;30;4;0;0;0;0;0;201500;797;0;0;0;0;0;0;0;0;0;0;0;0;0;0;0;0;0;0;0;1;0
605;米查尔-穆尔德;Mychal Mulder;2;1;6;71;74;81;79;73;56;62;59;64;81;70;76;61;69;29;4;0;0;0;0;0;201700;2049;0;0;0;0;0;0;0;0;0;0;0;0;0;0;0;0;0;0;0;0;0
606;凯里-托马斯;Khyri Thomas;2;1;6;64;81;80;76;72;46;61;70;66;80;66;75;62;69;27;5;0;0;0;0;0;201838;2169;0;0;0;0;0;0;0;0;0;0;0;0;0;0;0;0;0;0;0;0;0
607;麦金利-赖特四世;McKinley Wright IV;1;0;6;67;70;78;78;71;50;60;70;63;80;66;73;63;69;24;2;0;0;0;0;0;202100;1191;0;0;0;0;0;0;0;0;0;0;0;0;0;0;0;0;0;0;0;0;0
608;胡安-埃尔南戈麦斯;Juan Hernangómez;4;3;6;62;72;76;74;78;60;70;60;65;74;66;70;67;69;28;7;0;0;0;0;0;201615;773;0;0;0;0;0;0;0;0;0;0;0;0;0;0;0;0;0;0;0;0;0
609;蒂莫泰-卢瓦乌-卡巴罗;Timothe Luwawu-Cabarrot;2;3;7;64;76;74;72;78;67;66;62;68;75;62;70;68;69;28;7;0;0;0;0;0;201624;1227;0;0;0;0;0;0;0;0;0;0;0;0;0;0;0;0;0;0;0;0;0
610;大卫-约翰逊;David Johnson;1;2;6;71;72;72;76;70;55;65;72;63;74;65;72;66;69;22;2;0;0;0;0;0;202147;2262;0;0;0;0;0;0;0;0;0;0;0;0;0;0;0;0;0;0;0;0;0
611;詹姆斯-恩尼斯;James Ennis;3;2;7;59;71;71;74;78;53;79;61;67;71;64;67;68;69;33;9;0;0;0;0;0;201350;957;0;0;0;0;0;0;0;0;0;0;0;0;0;0;0;0;0;0;0;0;0
612;卡修斯-温斯顿;Cassius Winston;1;0;6;78;78;71;76;70;45;58;70;65;74;68;76;61;69;25;3;0;0;0;0;0;202053;1549;0;0;0;0;0;0;0;0;0;0;0;0;0;0;0;0;0;0;0;0;0
613;以赛亚-托德;Isaiah Todd;4;0;6;55;70;70;79;78;71;70;55;65;69;69;68;70;69;21;2;0;0;0;0;0;202131;1499;0;0;0;0;0;0;0;0;0;0;0;0;0;0;0;0;0;0;0;0;0
614;朗戴-霍利斯-杰弗森;Rondae Hollis-Jefferson;3;2;7;63;71;70;75;76;64;69;62;67;70;66;68;68;69;29;8;0;0;0;0;0;201523;518;0;0;0;0;0;0;0;0;0;0;0;0;0;0;0;0;0;0;0;0;0
615;德安德烈-本布里;DeAndre' Bembry;2;3;6;70;72;70;72;84;45;67;70;66;72;63;69;68;69;29;7;0;0;0;0;0;201621;386;0;0;0;0;0;0;0;0;0;0;0;0;0;0;0;0;0;0;0;0;0
616;伊曼纽尔-穆迪埃;Emmanuel Mudiay;1;0;7;73;74;68;76;77;54;66;62;68;71;66;73;65;69;27;8;0;0;0;0;0;201507;630;0;0;0;0;0;0;0;0;0;0;0;0;0;0;0;0;0;0;0;0;0
617;加布里埃尔-伦德伯格;Gabriel Lundberg;2;1;6;73;68;68;69;70;71;72;67;63;70;61;67;70;69;29;2;0;0;0;0;0;201600;1976;0;0;0;0;0;0;0;0;0;0;0;0;0;0;0;0;0;0;0;0;0
618;斯科蒂-刘易斯;Scottie Lewis;2;3;6;59;75;68;72;79;62;63;79;66;70;59;65;73;69;23;2;0;0;0;0;0;202156;1971;0;0;0;0;0;0;0;0;0;0;0;0;0;0;0;0;0;0;0;0;0
619;迈克尔-卡特-威廉姆斯;Michael Carter Williams;1;0;6;75;70;66;71;75;53;71;68;64;69;62;70;68;69;32;10;0;0;0;0;0;201311;538;0;0;0;0;0;0;0;0;0;0;1;0;0;0;0;0;0;0;0;0;0
620;罗季翁斯-库鲁茨;Rodions Kurucs;3;4;6;64;75;66;70;73;69;67;67;65;66;62;66;69;69;26;5;0;0;0;0;0;201840;559;0;0;0;0;0;0;0;0;0;0;0;0;0;0;0;0;0;0;0;0;0
621;加布里埃尔-戴克;Gabriel Deck;3;0;6;62;66;66;67;70;71;77;79;62;66;49;61;76;69;28;3;0;0;0;0;0;201700;1756;0;0;0;0;0;0;0;0;0;0;0;0;0;0;0;0;0;0;0;0;0
622;埃里克-帕斯卡尔;Eric Paschall;4;3;7;50;81;61;75;76;69;76;60;69;60;65;65;72;69;27;4;0;0;0;0;0;201941;644;0;0;0;0;0;0;0;0;0;0;0;0;0;0;0;0;0;0;0;0;0
623;德维恩-戴德蒙;Dewayne Dedmon ;5;0;7;50;76;50;75;80;71;81;60;69;37;66;60;77;69;34;10;0;0;0;0;0;201300;911;0;0;0;0;0;0;0;0;0;0;0;0;0;0;0;0;0;0;0;0;0
624;弗朗克-尼利基纳;Frank Ntilikina;1;0;7;70;72;74;78;76;50;54;63;67;76;67;74;60;68;25;6;0;0;0;0;0;201708;1360;0;0;0;0;0;0;0;0;0;0;0;0;0;0;0;0;0;0;0;0;0
625;JR-史密斯;J.R. Smith;2;3;7;65;68;81;79;69;48;65;69;65;81;68;73;62;68;37;19;0;0;0;0;0;200418;296;0;0;0;0;0;0;0;0;0;0;0;0;0;0;0;0;0;0;0;1;0
626;阿伦-克拉布;Allen Crabbe;2;0;7;63;73;80;83;75;45;63;65;67;80;71;75;61;68;31;10;0;0;0;0;0;201331;1139;0;0;0;0;0;0;0;0;0;0;0;0;0;0;0;0;0;0;0;0;0
627;约翰-巴特勒;John Butler;5;0;6;55;67;79;69;71;71;70;57;63;75;61;67;69;68;21;1;0;0;0;0;0;202200;2098;0;0;0;0;0;0;0;0;0;0;0;0;0;0;0;0;0;0;0;0;0
628;特雷弗-哈金斯;Trevor Hudgins;2;1;6;72;64;77;66;74;56;67;72;63;77;51;68;68;68;24;1;0;0;0;0;0;202200;1003;0;0;0;0;0;0;0;0;0;0;0;0;0;0;0;0;0;0;0;0;0
629;本-麦克勒摩;Ben McLemore;2;3;6;57;83;77;77;86;45;60;61;69;77;66;72;63;68;31;10;0;0;0;0;0;201307;1289;0;0;0;0;0;0;0;0;0;0;0;0;0;0;0;0;0;0;0;0;0
630;埃德蒙-萨姆纳;Edmond Sumner;1;2;6;68;70;76;71;75;50;63;66;68;78;57;71;64;68;28;6;0;0;0;0;0;201752;1430;0;0;0;0;0;0;0;0;0;0;0;0;0;0;0;0;0;0;0;0;0
631;托尼-斯内尔;Tony Snell;2;3;7;56;76;76;81;79;51;69;63;69;77;68;70;65;68;32;10;0;0;0;0;0;201320;1463;0;0;0;0;0;0;0;0;0;0;0;0;0;0;0;0;0;0;0;0;0
632;昆顿-杰克逊;Quenton Jackson;2;3;6;66;69;75;74;70;67;70;63;63;76;64;69;67;68;25;1;0;0;0;0;0;202200;2006;0;0;0;0;0;0;0;0;0;0;0;0;0;0;0;0;0;0;0;0;0
633;路易斯-金;Louis King;3;2;6;61;75;75;76;72;59;61;70;64;75;67;70;65;68;24;4;0;0;0;0;0;201900;1899;0;0;0;0;0;0;0;0;0;0;0;0;0;0;0;0;0;0;0;0;0
634;杰克-怀特;Jack White;3;4;6;66;69;74;69;72;66;70;60;63;74;61;67;66;68;26;1;0;0;0;0;0;202200;1057;0;0;0;0;0;0;0;0;0;0;0;0;0;0;0;0;0;0;0;1;0
635;泰勒-约翰逊;Tyler Johnson;2;1;7;69;73;73;76;78;53;61;62;68;74;67;72;63;68;31;8;0;0;0;0;0;201400;740;0;0;0;0;0;0;0;0;0;0;0;0;0;0;0;0;0;0;0;0;0
636;莫里斯-哈克利斯;Maurice Harkless;3;2;7;53;79;73;75;81;53;71;61;70;73;64;68;66;68;30;11;0;0;0;0;0;201215;1005;0;0;0;0;0;0;0;0;0;0;0;0;0;0;0;0;0;0;0;0;0
637;布罗德里克-托马斯;Brodric Thomas;2;1;6;76;75;73;76;71;48;60;70;64;74;69;74;62;68;26;2;0;0;0;0;0;202100;2168;0;0;0;0;0;0;0;0;0;0;0;0;0;0;0;0;0;0;0;0;0
638;昌迪-布朗;Chaundee Brown Jr.;2;3;6;72;78;73;71;71;60;59;65;65;74;64;72;63;68;24;2;0;0;0;0;0;202100;1741;0;0;0;0;0;0;0;0;0;0;0;0;0;0;0;0;0;0;0;0;0
639;卡利克-琼斯;Carlik Jones;1;0;6;78;63;72;69;68;60;64;69;61;74;60;71;65;68;26;2;0;0;0;0;0;202200;1833;0;0;0;0;0;0;0;0;0;0;0;0;0;0;0;0;0;0;0;0;0
640;克里斯-席尔瓦;Chris Silva;3;4;7;61;73;72;70;73;62;69;64;67;72;61;67;67;68;27;4;0;0;0;0;0;201900;723;0;0;0;0;0;0;0;0;0;0;0;0;0;0;0;0;0;0;0;0;0
641;索恩-梅克;Thon Maker;5;4;7;50;70;71;74;77;68;70;57;67;69;65;66;70;68;26;7;0;0;0;0;0;201610;615;0;0;0;0;0;0;0;0;0;0;0;0;0;0;0;0;0;0;0;0;0
642;乔丹-舍克尔;Jordan Schakel;2;3;6;73;66;71;65;71;70;71;71;63;72;45;65;72;68;25;2;0;0;0;0;0;202100;1443;0;0;0;0;0;0;0;0;0;0;0;0;0;0;0;0;0;0;0;0;0
643;克里斯-奇奥萨;Chris Chiozza;1;2;6;70;70;71;76;70;60;61;67;63;74;65;72;64;68;28;5;0;0;0;0;0;201800;2096;0;0;0;0;0;0;0;0;0;0;0;0;0;0;0;0;0;0;0;1;0
644;卢卡-维尔多萨;Luca Vildoza;2;1;6;68;66;71;73;66;70;68;68;62;72;63;68;68;68;28;2;0;0;0;0;0;201700;2201;0;0;0;0;0;0;0;0;0;0;0;0;0;0;0;0;0;0;0;0;0
645;布莱斯-威廉斯;Bryson Williams;4;0;6;65;78;69;57;74;69;65;57;77;70;61;69;67;68;25;0;0;0;0;0;0;202200;5001;0;0;0;0;0;0;0;0;0;0;0;0;0;0;0;0;0;0;0;0;0
646;杰伦-诺埃尔;Jaylen Nowell;2;1;6;71;76;68;81;76;55;59;68;65;70;72;72;64;68;24;4;0;0;0;0;0;201943;637;0;0;0;0;0;0;0;0;0;0;0;0;0;0;0;0;0;0;0;0;0
647;DJ-斯图尔特;D.J. Stewart;2;3;6;71;70;67;68;65;70;72;73;62;69;55;65;70;68;24;2;0;0;0;0;0;202100;1470;0;0;0;0;0;0;0;0;0;0;0;0;0;0;0;0;0;0;0;0;0
648;贾斯汀-安德森;Justin Anderson;2;3;7;59;75;66;79;79;59;73;65;68;68;67;67;70;68;29;8;0;0;0;0;0;201521;793;0;0;0;0;0;0;0;0;0;0;0;0;0;0;0;0;0;0;0;0;0
649;加比-约克;Gabe York;1;2;6;69;71;65;66;68;70;73;73;63;68;41;64;72;68;30;2;0;0;0;0;0;202100;5001;0;0;0;0;0;0;0;0;0;0;0;0;0;0;0;0;0;0;0;0;0
650;安德烈-罗伯森;Andre Roberson;2;3;6;56;72;61;65;78;82;74;80;65;62;38;56;82;68;32;10;0;0;0;0;0;201326;592;0;0;0;0;0;0;0;0;0;0;0;0;0;0;1;0;0;0;0;0;0
651;凯勒-凯利;Kylor Kelley;4;5;6;67;77;58;66;76;71;69;55;70;58;67;67;69;68;26;0;0;0;0;0;0;202300;5001;0;0;0;0;0;0;0;0;0;0;0;0;0;0;0;0;0;0;0;0;0
652;马奎斯-诺厄尔;Markquis Nowell;1;0;6;74;69;68;71;67;61;61;70;64;64;68;70;65;67;23;0;0;0;0;0;0;202300;3007;0;0;0;0;0;0;0;0;0;0;0;0;0;0;0;0;0;0;0;0;0
653;约书亚-普里莫;Joshua Primo;2;0;7;65;70;70;75;75;65;60;65;66;72;65;68;66;67;20;2;0;0;0;0;0;202112;2089;0;0;0;0;0;0;0;0;0;0;0;0;0;0;0;0;0;0;0;0;0
654;泰奥-马勒东;Théo Maledon;1;2;7;72;71;73;72;70;48;62;67;66;75;62;72;62;67;22;3;0;0;0;0;0;202034;1272;0;0;0;0;0;0;0;0;0;0;0;0;0;0;0;0;0;0;0;0;0
655;阿隆-贝恩斯;Aron Baynes;5;4;7;55;76;82;65;72;63;72;45;67;78;53;69;64;67;37;11;0;0;0;0;0;200900;379;0;0;0;0;0;0;0;0;0;0;0;0;0;0;0;0;0;0;0;0;0
656;凯尔-盖伊;Kyle Guy;1;2;6;60;80;81;81;71;51;58;60;65;82;68;75;58;67;26;4;0;0;0;0;0;201955;1802;0;0;0;0;0;0;0;0;0;0;0;0;0;0;0;0;0;0;0;0;0
657;西奥-平森;Theo Pinson;2;3;6;61;70;78;71;73;59;67;64;64;78;57;68;65;67;28;5;0;0;0;0;0;201800;1394;0;0;0;0;0;0;0;0;0;0;0;0;0;0;0;0;0;0;0;0;0
658;凯-鲍曼;Ky Bowman;1;0;6;75;75;78;67;70;45;59;64;64;80;53;73;59;67;26;4;0;0;0;0;0;201900;841;0;0;0;0;0;0;0;0;0;0;0;0;0;0;0;0;0;0;0;0;0
659;艾森-伊利亚索瓦;Ersan Ilyasova;4;0;7;55;77;77;73;71;50;76;64;67;75;64;70;64;67;36;18;0;0;0;0;0;200536;732;0;0;0;0;0;0;0;0;0;0;0;0;0;0;0;0;0;0;0;0;0
660;林德尔-威金顿;Lindell Wigginton;1;0;6;73;75;76;77;70;50;53;60;64;78;67;76;56;67;26;4;0;0;0;0;0;201900;2179;0;0;0;0;0;0;0;0;0;0;0;0;0;0;0;0;0;0;0;0;0
661;杰伊-斯库布;Jay Scrubb;2;3;6;63;76;76;78;72;60;68;53;65;77;67;72;61;67;23;3;0;0;0;0;0;202055;2139;0;0;0;0;0;0;0;0;0;0;0;0;0;0;0;0;0;0;0;0;0
662;乔丹-霍尔;Jordan Hall;2;0;6;60;69;76;73;66;58;63;76;62;77;62;68;66;67;21;1;0;0;0;0;0;202200;1868;0;0;0;0;0;0;0;0;0;0;0;0;0;0;0;0;0;0;0;0;0
663;蒂龙-华莱士;Tyrone Wallace;2;3;6;72;78;74;83;76;45;57;56;66;75;74;76;56;67;29;6;0;0;0;0;0;201660;1052;0;0;0;0;0;0;0;0;0;0;0;0;0;0;0;0;0;0;0;0;0
664;纳坦-奈特;Nathan Knight;4;5;6;51;79;73;82;73;56;76;55;65;72;71;70;65;67;26;3;0;0;0;0;0;202000;1346;0;0;0;0;0;0;0;0;0;0;0;0;0;0;0;0;0;0;0;0;0
665;沙奎尔-哈里森;Shaquille Harrison;2;1;6;60;73;73;76;73;61;63;65;64;74;65;68;65;67;30;7;0;0;0;0;0;201600;1009;0;0;0;0;0;0;0;0;0;0;0;0;0;0;0;0;0;0;0;0;0
666;马修-德拉维多瓦;Matthew Dellavedova;1;2;6;69;70;73;78;70;51;63;61;63;75;66;72;60;67;33;10;0;0;0;0;0;201300;434;0;0;0;0;0;0;0;0;0;0;0;0;0;0;0;0;0;0;0;0;0
667;泰瑞克-埃文斯;Tyreke Evans;3;2;7;73;76;73;73;67;50;65;60;66;73;67;73;58;67;33;14;0;0;0;0;0;200904;172;0;0;0;0;0;0;0;0;0;0;1;0;0;0;0;0;0;0;0;0;0
668;莫哈维-金;Mojave King;2;0;6;68;72;72;61;73;71;73;55;69;70;56;66;67;67;22;0;0;0;0;0;0;202347;2931;0;0;0;0;0;0;0;0;0;0;0;0;0;0;0;0;0;0;0;0;0
669;艾尔-法鲁克-阿米奴;Al-Farouq Aminu;3;4;7;62;69;72;71;68;59;73;66;65;72;62;67;66;67;33;13;0;0;0;0;0;201008;454;0;0;0;0;0;0;0;0;0;0;0;0;0;0;0;0;0;0;0;0;0
670;TJ-利夫;T.J. Leaf;4;3;6;62;77;72;72;65;66;69;61;63;71;65;70;64;67;26;6;0;0;0;0;0;201718;1968;0;0;0;0;0;0;0;0;0;0;0;0;0;0;0;0;0;0;0;0;0
671;多诺万-威廉姆斯;Donovan Williams;2;0;6;66;68;71;65;75;69;67;65;64;72;56;65;69;67;22;1;0;0;0;0;0;202200;1854;0;0;0;0;0;0;0;0;0;0;0;0;0;0;0;0;0;0;0;0;0
672;郭昊文;Guo Haowen;2;1;7;70;68;71;73;68;58;68;67;64;72;64;69;65;67;23;1;0;0;0;0;0;202200;482;0;0;0;0;0;0;0;0;0;0;0;0;0;0;0;0;0;0;0;0;0
673;科比-西蒙斯;Kobi Simmons;1;2;6;67;73;71;74;78;50;62;63;65;74;63;70;63;67;26;6;0;0;0;0;0;201700;2229;0;0;0;0;0;0;0;0;0;0;0;0;0;0;0;0;0;0;0;0;0
674;摩西-赖特;Moses Wright;2;3;6;67;65;70;73;67;68;68;66;62;72;63;66;67;67;25;2;0;0;0;0;0;202100;5001;0;0;0;0;0;0;0;0;0;0;0;0;0;0;0;0;0;0;0;0;0
675;里德-特拉维斯;Reid Travis;4;0;6;68;66;69;67;72;73;68;57;67;65;63;67;68;67;27;0;0;0;0;0;0;201900;5001;0;0;0;0;0;0;0;0;0;0;0;0;0;0;0;0;0;0;0;0;0
676;张镇麟;Kevin Zhang;3;4;7;66;78;69;70;75;56;78;50;68;70;63;69;64;67;24;1;0;0;0;0;0;202200;744;0;0;0;0;0;0;0;0;0;0;0;0;0;0;0;0;0;0;0;0;0
677;蒂姆-弗雷泽;Tim Frazier;1;2;6;72;71;69;72;79;45;63;63;65;72;62;71;63;67;33;9;0;0;0;0;0;201400;974;0;0;0;0;0;0;0;0;0;0;0;0;0;0;0;0;0;0;0;0;0
678;达柳斯-戴斯;Darius Days;3;4;6;60;68;68;76;68;67;71;60;62;69;66;66;66;67;23;1;0;0;0;0;0;202200;912;0;0;0;0;0;0;0;0;0;0;0;0;0;0;0;0;0;0;0;0;0
679;所罗门-希尔;Solomon Hill;2;3;6;65;70;68;73;75;55;73;67;64;70;63;67;68;67;32;10;0;0;0;0;0;201323;1570;0;0;0;0;0;0;0;0;0;0;0;0;0;0;0;0;0;0;0;0;0
680;基利安-蒂利;Killian Tillie;4;5;6;55;76;63;71;74;73;74;54;65;61;62;64;70;67;25;3;0;0;0;0;0;202000;445;0;0;0;0;0;0;0;0;0;0;0;0;0;0;0;0;0;0;0;0;0
681;德米特罗-斯卡平采夫;Dmytro Skapintsev;5;0;6;63;72;61;62;72;71;73;54;71;60;55;64;70;67;25;3;0;0;0;0;0;202000;3096;0;0;0;0;0;0;0;0;0;0;0;0;0;0;0;0;0;0;0;0;0
682;菲利普-彼得鲁塞夫;Filip Petrusev;5;4;6;55;74;61;73;74;71;72;50;65;58;66;64;69;67;23;2;0;0;0;0;0;202150;1716;0;0;0;0;0;0;0;0;0;0;0;0;0;0;0;0;0;0;0;0;0
683;贾希尔-奥卡福;Jahlil Okafor;5;4;7;54;79;60;69;81;62;71;60;70;54;62;65;70;67;28;8;0;0;0;0;0;201503;357;0;0;0;0;0;0;0;0;0;0;0;0;0;0;0;0;0;0;0;0;0
684;弗雷迪-吉莱斯皮;Freddie Gillespie;4;3;6;51;76;56;76;71;76;76;56;64;50;66;61;72;67;26;3;0;0;0;0;0;202000;1880;0;0;0;0;0;0;0;0;0;0;0;0;0;0;0;0;0;0;0;0;0
685;凯尔-奥奎因;Kyle O'Quinn;5;4;7;59;70;53;69;81;70;72;53;68;45;63;60;72;67;33;11;0;0;0;0;0;201249;812;0;0;0;0;0;0;0;0;0;0;0;0;0;0;0;0;0;0;0;0;0
686;埃德-戴维斯;Ed Davis;5;4;7;64;72;50;70;82;60;78;64;68;35;65;61;73;67;34;13;0;0;0;0;0;201013;428;0;0;0;0;0;0;0;0;0;0;0;0;0;0;0;0;0;0;0;0;0
687;德鲁-史密斯;Dru Smith;2;1;6;70;65;72;69;72;57;62;72;63;73;56;67;66;66;25;1;0;0;0;0;0;202200;1445;0;0;0;0;0;0;0;0;0;0;0;0;0;0;0;0;0;0;0;0;0
688;丹纽尔-豪斯;Danuel House Jr.;3;2;6;58;72;79;74;78;45;60;67;65;79;62;69;61;66;30;7;0;0;0;0;0;201600;1042;0;0;0;0;0;0;0;0;0;0;0;0;0;0;0;0;0;0;0;0;0
689;斯特林-布朗;Sterling Brown;2;3;7;60;74;80;82;67;45;57;69;65;80;70;73;58;66;29;6;0;0;0;0;0;201746;888;0;0;0;0;0;0;0;0;0;0;0;0;0;0;0;0;0;0;0;0;0
690;奎因-库克;Quinn Cook;1;0;6;72;81;75;72;72;45;52;60;66;77;63;75;55;66;30;7;0;0;0;0;0;201500;1167;0;0;0;0;0;0;0;0;0;0;0;0;0;0;0;0;0;0;0;1;0
691;杰莫科-皮克特;Jamorko Pickett;3;4;6;53;70;74;74;79;52;65;63;65;74;62;66;64;66;25;2;0;0;0;0;0;202100;2080;0;0;0;0;0;0;0;0;0;0;0;0;0;0;0;0;0;0;0;0;0
692;梅耶斯-伦纳德;Meyers Leonard;4;5;7;56;75;73;68;72;69;67;53;67;72;56;66;66;66;31;11;0;0;0;0;0;201211;1231;0;0;0;0;0;0;0;0;0;0;0;0;0;0;0;0;0;0;0;0;0
693;乔丹-沃克;Jordan Walker;2;0;6;65;68;72;70;71;53;67;66;70;68;71;68;64;66;24;0;0;0;0;0;0;202300;5001;0;0;0;0;0;0;0;0;0;0;0;0;0;0;0;0;0;0;0;0;0
694;曾凡博;Zeng Fanbo;3;4;7;58;69;72;68;71;71;71;57;65;72;50;63;67;66;20;1;0;0;0;0;0;202200;421;0;0;0;0;0;0;0;0;0;0;0;0;0;0;0;0;0;0;0;0;0
695;贾斯汀-刘易斯;Justin Lewis;4;0;6;57;72;70;65;69;65;73;70;63;69;57;64;69;66;21;1;0;0;0;0;0;202200;1879;0;0;0;0;0;0;0;0;0;0;0;0;0;0;0;0;0;0;0;0;0
696;贾巴里-莱斯;Sir'Jabari Rice;2;0;6;77;62;70;65;64;64;58;73;63;73;61;68;64;66;24;0;0;0;0;0;0;202300;3017;0;0;0;0;0;0;0;0;0;0;0;0;0;0;0;0;0;0;0;0;0
697;贾斯汀-尚帕尼;Justin Champagnie;3;2;6;63;73;70;69;73;56;70;61;64;70;59;66;64;66;22;2;0;0;0;0;0;202100;2122;0;0;0;0;0;0;0;0;0;0;0;0;0;0;0;0;0;0;0;0;0
698;DJ-威尔森;D.J. Wilson;4;3;6;52;72;70;78;74;62;72;53;64;69;67;66;65;66;27;6;0;0;0;0;0;201717;1517;0;0;0;0;0;0;0;0;0;0;0;0;0;0;0;0;0;0;0;0;0
699;达伦-科里森;Darren Collison;1;2;7;69;73;69;75;71;50;58;64;66;72;64;71;60;66;35;14;0;0;0;0;0;200921;544;0;0;0;0;0;0;0;0;0;0;0;0;0;0;0;0;0;0;0;0;0
700;阿苏拉斯-图贝利斯;Azuolas Tubelis;4;0;6;66;75;68;60;66;72;64;57;74;68;58;68;64;66;21;0;0;0;0;0;0;202300;3006;0;0;0;0;0;0;0;0;0;0;0;0;0;0;0;0;0;0;0;0;0
701;小罗恩-哈珀;Ron Harper Jr.;4;3;6;59;72;68;60;76;68;72;66;65;68;37;61;72;66;23;1;0;0;0;0;0;202200;1022;0;0;0;0;0;0;0;0;0;0;0;0;0;0;0;0;0;0;0;0;0
702;塞古-敦布亚;Sekou Doumbouya;4;3;7;56;78;67;66;67;65;74;64;66;66;52;64;67;66;23;4;0;0;0;0;0;201915;949;0;0;0;0;0;0;0;0;0;0;0;0;0;0;0;0;0;0;0;0;0
703;余嘉豪;Yu Jiahao;5;0;7;55;72;58;68;70;78;73;50;66;52;58;61;71;66;20;1;0;0;0;0;0;202200;735;0;0;0;0;0;0;0;0;0;0;0;0;0;0;0;0;0;0;0;0;0
704;乔丹-贝尔;Jordan Bell;4;3;7;69;80;50;62;78;64;75;59;72;42;47;61;70;66;29;6;0;0;0;0;0;201738;380;0;0;0;0;0;0;0;0;0;0;0;0;0;0;0;0;0;0;0;0;0
705;兰斯顿-加洛韦;Langston Galloway;1;2;7;71;68;77;71;73;45;59;59;65;79;61;72;57;65;32;9;0;0;0;0;0;201400;525;0;0;0;0;0;0;0;0;0;0;0;0;0;0;0;0;0;0;0;0;0
706;罗德尼-麦格鲁德;Rodney McGruder;2;3;6;54;72;76;70;76;60;60;68;65;77;50;65;66;65;32;7;0;0;0;0;0;201300;1278;0;0;0;0;0;0;0;0;0;0;0;0;0;0;0;0;0;0;0;0;0
707;马科-贝里内利;Marco Belinelli;2;3;7;64;69;76;81;75;45;55;62;66;77;69;72;58;65;37;16;0;0;0;0;0;200718;384;0;0;0;0;0;0;1;0;0;0;0;0;0;0;0;0;0;0;0;0;0
708;德里克-沃顿;Derrick Walton Jr.;1;0;6;75;65;75;76;62;50;60;56;61;77;66;74;54;65;28;5;0;0;0;0;0;201700;1551;0;0;0;0;0;0;0;0;0;0;0;0;0;0;0;0;0;0;0;0;0
709;德克斯特-丹尼斯;Dexter Dennis;1;2;6;77;69;74;71;60;58;52;62;64;69;70;74;55;65;24;0;0;0;0;0;0;202300;3091;0;0;0;0;0;0;0;0;0;0;0;0;0;0;0;0;0;0;0;0;0
710;RJ-亨特;R.J. Hunter;2;0;6;68;62;73;62;60;69;58;74;64;71;65;66;64;65;29;4;0;0;0;0;0;201528;1851;0;0;0;0;0;0;0;0;0;0;0;0;0;0;0;0;0;0;0;0;0
711;加布里埃莱-普罗奇达;Gabriele Procida;2;0;7;59;71;73;71;70;59;63;67;66;74;57;66;64;65;21;1;0;0;0;0;0;202236;2092;0;0;0;0;0;0;0;0;0;0;0;0;0;0;0;0;0;0;0;0;0
712;雷琼-塔克;Rayjon Tucker;2;3;6;62;64;73;69;70;61;60;73;62;74;50;64;66;65;26;4;0;0;0;0;0;201900;2152;0;0;0;0;0;0;0;0;0;0;0;0;0;0;0;0;0;0;0;0;0
713;贾巴里-帕克;Jabari Parker;4;3;7;63;70;71;69;71;51;72;66;66;70;62;67;63;65;28;9;0;0;0;0;0;201402;642;0;0;0;0;0;0;0;0;0;0;0;0;0;0;0;0;0;0;0;0;0
714;布拉德-沃纳梅克;Brad Wanamaker;1;0;6;72;67;70;69;70;49;56;69;63;73;53;68;61;65;34;12;0;0;0;0;0;201100;1558;0;0;0;0;0;0;0;0;0;0;0;0;0;0;0;0;0;0;0;0;0
715;凯弗-塞克斯;Keifer Sykes;2;1;6;66;75;70;73;75;59;51;64;65;72;64;69;61;65;29;2;0;0;0;0;0;201500;2112;0;0;0;0;0;0;0;0;0;0;0;0;0;0;0;0;0;0;0;0;0
716;乔治斯-卡莱察基斯;Georgios Kalaitzakis;2;3;6;65;70;70;70;70;65;60;65;63;72;56;66;64;65;24;2;0;0;0;0;0;202160;1907;0;0;0;0;0;0;0;0;0;0;0;0;0;0;0;0;0;0;0;0;0
717;塔里克-比贝罗维奇;Tarik Biberović;2;3;6;65;68;69;68;70;62;65;63;65;68;69;66;64;65;22;0;0;0;0;0;0;202356;2939;0;0;0;0;0;0;0;0;0;0;0;0;0;0;0;0;0;0;0;0;0
718;迈尔斯-鲍威尔;Myles Powell;1;2;6;65;66;69;72;70;60;61;66;62;72;56;66;64;65;24;3;0;0;0;0;0;202000;1704;0;0;0;0;0;0;0;0;0;0;0;0;0;0;0;0;0;0;0;0;0
719;朱万-摩根;Juwan Morgan;3;0;6;61;69;69;67;70;64;67;68;63;70;49;62;67;65;26;4;0;0;0;0;0;201900;2040;0;0;0;0;0;0;0;0;0;0;0;0;0;0;0;0;0;0;0;0;0
720;安东尼-兰姆;Anthony Lamb;3;4;6;60;71;68;72;70;60;65;60;63;69;63;65;62;65;26;3;0;0;0;0;0;202000;1196;0;0;0;0;0;0;0;0;0;0;0;0;0;0;0;0;0;0;0;0;0
721;卢克-特拉弗斯;Luke Travers;2;3;6;69;64;68;71;68;56;61;70;62;70;61;66;63;65;21;1;0;0;0;0;0;202256;2158;0;0;0;0;0;0;0;0;0;0;0;0;0;0;0;0;0;0;0;0;0
722;马尔科-西蒙诺维奇;Marko Simonovic;4;5;6;58;71;68;72;65;71;70;55;62;68;64;65;65;65;24;3;0;0;0;0;0;202044;1566;0;0;0;0;0;0;0;0;0;0;0;0;0;0;0;0;0;0;0;0;0
723;David-Singleton;David Singleton;2;0;6;74;68;67;67;58;64;67;64;64;68;69;68;61;65;24;0;0;0;0;0;0;202300;5001;0;0;0;0;0;0;0;0;0;0;0;0;0;0;0;0;0;0;0;0;0
724;马里奥-赫佐尼亚;Mario Hezonja;2;3;7;64;74;67;79;70;59;64;59;66;69;68;68;61;65;28;8;0;0;0;0;0;201505;499;0;0;0;0;0;0;0;0;0;0;0;0;0;0;0;0;0;0;0;0;0
725;德文-坎纳迪;Devin Cannady;2;1;6;65;68;66;69;66;71;72;66;62;68;52;63;68;65;27;4;0;0;0;0;0;201900;1915;0;0;0;0;0;0;0;0;0;0;0;0;0;0;0;0;0;0;0;0;0
726;CJ-艾勒比;CJ Elleby;3;4;6;56;78;66;74;74;58;78;49;65;66;64;65;64;65;25;3;0;0;0;0;0;202046;1665;0;0;0;0;0;0;0;0;0;0;0;0;0;0;0;0;0;0;0;0;0
727;德文泰-卡考克;Devontae Cacok;3;4;6;51;71;65;73;73;68;71;60;64;65;59;61;68;65;27;5;0;0;0;0;0;201800;1903;0;0;0;0;0;0;0;0;0;0;0;0;0;0;0;0;0;0;0;1;0
728;泰勒-贝;Tyler Bey;3;0;6;51;70;65;65;72;68;73;75;63;65;39;56;73;65;25;3;0;0;0;0;0;202036;378;0;0;0;0;0;0;0;0;0;0;0;0;0;0;0;0;0;0;0;0;0
729;肯尼迪-钱德勒;Kennedy Chandler;1;0;6;71;71;64;58;73;59;66;74;64;66;40;62;70;65;20;1;0;0;0;0;0;202238;1405;0;0;0;0;0;0;0;0;0;0;0;0;0;0;0;0;0;0;0;0;0
730;谢里夫-奥尼尔;Shareef O'Neal;4;0;7;59;73;63;65;71;68;71;58;66;61;48;62;67;65;23;1;0;0;0;0;0;202200;1685;0;0;0;0;0;0;0;0;0;0;0;0;0;0;0;0;0;0;0;0;0
731;卡修斯-斯坦利;Cassius Stanley;3;2;7;50;73;61;68;80;82;65;55;68;61;44;57;71;65;24;3;0;0;0;0;0;202054;2146;0;0;0;0;0;0;0;0;0;0;0;0;0;0;0;0;0;0;0;0;0
732;奥马里-斯佩尔曼;Omari Spellman;4;0;6;57;74;61;69;69;73;73;50;64;60;58;62;67;65;26;5;0;0;0;0;0;201830;2145;0;0;0;0;0;0;0;0;0;0;0;0;0;0;0;0;0;0;0;0;0
733;谢赫-迪亚洛;Cheick Diallo;4;5;6;50;73;60;66;75;76;73;52;65;57;44;57;71;65;27;7;0;0;0;0;0;201633;1778;0;0;0;0;0;0;0;0;0;0;0;0;0;0;0;0;0;0;0;0;0
734;克里斯-史密斯;Sean Christian Smith ;4;3;6;60;71;58;62;71;72;75;68;63;52;40;57;73;65;23;2;0;0;0;0;0;202100;2129;0;0;0;0;0;0;0;0;0;0;0;0;0;0;0;0;0;0;0;0;0
735;韦尼恩-加布里埃尔;Wenyen Gabriel;4;3;6;51;76;57;71;74;74;76;46;65;52;62;60;70;65;26;4;0;0;0;0;0;201800;1079;0;0;0;0;0;0;0;0;0;0;0;0;0;0;0;0;0;0;0;0;0
736;塔科-法尔;Tacko Fall;5;0;6;50;75;55;65;76;72;77;53;65;49;43;57;73;65;28;4;0;0;0;0;0;201900;958;0;0;0;0;0;0;0;0;0;0;0;0;0;0;0;0;0;0;0;0;0
737;克里斯蒂安-科洛科;Christian Koloko;5;0;6;58;74;53;71;70;68;70;64;64;45;65;61;68;65;23;1;0;0;0;0;0;202233;1138;0;0;0;0;0;0;0;0;0;0;0;0;0;0;0;0;0;0;0;0;0
738;肯尼斯-法里德;Kenneth Faried;5;4;7;59;73;50;64;69;74;74;66;66;34;46;56;72;65;33;12;0;0;0;0;0;201122;453;0;0;0;0;0;0;0;0;0;0;0;0;0;0;0;0;0;0;0;0;0
739;里安-阿尔奇迪亚科诺;Ryan Arcidiacono;2;3;6;68;70;72;74;72;49;51;63;63;73;64;69;57;64;29;6;0;0;0;0;0;201600;754;0;0;0;0;0;0;0;0;0;0;0;0;0;0;0;0;0;0;0;0;0
740;富尔坎-科尔克马兹;Furkan Korkmaz;2;3;6;64;76;74;72;76;50;54;56;65;75;62;70;57;64;26;6;0;0;0;0;0;201626;1133;0;0;0;0;0;0;0;0;0;0;0;0;0;0;0;0;0;0;0;0;0
741;马修-迈耶;Matthew Mayer;2;3;6;68;66;79;57;63;57;56;71;65;77;60;67;60;64;25;0;0;0;0;0;0;202000;5001;0;0;0;0;0;0;0;0;0;0;0;0;0;0;0;0;0;0;0;0;0
742;奥马里-摩尔;Omari Moore;2;1;6;63;59;77;59;69;50;67;68;61;77;65;64;63;64;23;0;0;0;0;0;0;202300;3018;0;0;0;0;0;0;0;0;0;0;0;0;0;0;0;0;0;0;0;0;0
743;杰伦-哈里斯;Jalen Harris;2;3;6;62;78;76;73;73;48;62;52;65;77;63;70;56;64;25;3;0;0;0;0;0;202059;1826;0;0;0;0;0;0;0;0;0;0;0;0;0;0;0;0;0;0;0;0;0
744;菲翁杜-卡本盖莱;Mfiondu Kabengele;4;5;6;53;71;75;62;70;68;72;48;69;73;40;63;65;64;26;4;0;0;0;0;0;201927;1104;0;0;0;0;0;0;0;0;0;0;0;0;0;0;0;0;0;0;0;0;0
745;马克斯-海德格尔;Max Heidegger;1;0;6;71;65;74;58;68;54;55;65;60;73;63;67;59;64;26;0;0;0;0;0;0;202000;5001;0;0;0;0;0;0;0;0;0;0;0;0;0;0;0;0;0;0;0;0;0
746;凯文-潘戈斯;Kevin Pangos;1;2;6;72;75;74;76;64;50;49;60;63;76;66;74;53;64;30;2;0;0;0;0;0;202100;2071;0;0;0;0;0;0;0;0;0;0;0;0;0;0;0;0;0;0;0;0;0
747;特雷韦恩-格雷厄姆;Treveon Graham;2;3;6;57;71;74;68;80;50;66;62;65;75;46;63;64;64;30;7;0;0;0;0;0;201500;477;0;0;0;0;0;0;0;0;0;0;0;0;0;0;0;0;0;0;0;0;0
748;杰克-莱曼;Jake Layman;3;4;6;52;72;74;77;77;59;54;54;65;74;65;67;59;64;29;7;0;0;0;0;0;201647;1949;0;0;0;0;0;0;0;0;0;0;0;0;0;0;0;0;0;0;0;0;0
749;马库斯-泽加罗斯基;Marcus Zegarowski;1;2;6;69;68;73;68;66;58;64;62;62;75;50;67;61;64;24;2;0;0;0;0;0;202149;2267;0;0;0;0;0;0;0;0;0;0;0;0;0;0;0;0;0;0;0;0;0
750;丹泽尔-瓦伦丁;Denzel Valentine;2;3;7;64;69;72;74;71;50;67;60;65;73;63;68;60;64;30;7;0;0;0;0;0;201614;703;0;0;0;0;0;0;0;0;0;0;0;0;0;0;0;0;0;0;0;0;0
751;丹伊恩-多特森;Damyean Dotson;2;3;6;66;73;71;68;69;56;61;63;63;72;53;66;61;64;29;6;0;0;0;0;0;201744;1783;0;0;0;0;0;0;0;0;0;0;0;0;0;0;0;0;0;0;0;0;0
752;泰里斯-马丁;Tyrese Martin;2;3;6;64;63;70;68;71;55;66;70;62;72;50;63;65;64;24;1;0;0;0;0;0;202251;1253;0;0;0;0;0;0;0;0;0;0;0;0;0;0;0;0;0;0;0;0;0
753;伊萨克-邦加;Issac Bonga;1;2;7;60;72;70;70;79;54;62;60;68;73;50;66;63;64;24;5;0;0;0;0;0;201839;373;0;0;0;0;0;0;0;0;0;0;0;0;0;0;0;0;0;0;0;0;0
754;乔治-康迪特四世;George Conditt IV;5;4;6;69;71;69;56;61;72;63;47;70;69;55;67;61;64;23;0;0;0;0;0;0;202200;5001;0;0;0;0;0;0;0;0;0;0;0;0;0;0;0;0;0;0;0;0;0
755;贾里德-哈珀;Jared Harper;1;2;7;72;59;69;66;71;59;59;65;63;72;42;64;63;64;26;4;0;0;0;0;0;201900;489;0;0;0;0;0;0;0;0;0;0;0;0;0;0;0;0;0;0;0;0;0
756;特里蒙特-沃特斯;Tremont Waters;1;2;7;70;71;69;71;65;50;50;67;64;72;61;70;56;64;26;4;0;0;0;0;0;201951;2221;0;0;0;0;0;0;0;0;0;0;0;0;0;0;0;0;0;0;0;0;0
757;特雷尔-布朗;Terrell Brown Jr.;1;2;6;79;60;68;62;66;47;61;64;58;69;62;68;58;64;25;0;0;0;0;0;0;202200;5001;0;0;0;0;0;0;0;0;0;0;0;0;0;0;0;0;0;0;0;0;0
758;马泰奥-斯帕尼奥洛;Matteo Spagnolo;1;0;6;73;70;66;66;69;56;60;65;63;69;45;66;62;64;20;1;0;0;0;0;0;202250;2144;0;0;0;0;0;0;0;0;0;0;0;0;0;0;0;0;0;0;0;0;0
759;迈克尔-德沃;Michael Devoe;2;0;6;71;57;65;71;69;51;65;71;58;68;66;64;64;64;23;0;0;0;0;0;0;202200;5001;0;0;0;0;0;0;0;0;0;0;0;0;0;0;0;0;0;0;0;0;0
760;迈克尔-弗雷泽;Michael Frazier II;3;4;7;55;71;64;66;69;70;67;69;65;64;41;58;69;64;29;7;0;0;0;0;0;201500;467;0;0;0;0;0;0;0;0;0;0;0;0;0;0;0;0;0;0;0;0;0
761;戴洪-贾罗;DeJon Jarreau;1;2;6;70;60;64;70;71;59;62;69;61;66;52;63;65;64;25;2;0;0;0;0;0;202100;1887;0;0;0;0;0;0;0;0;0;0;0;0;0;0;0;0;0;0;0;0;0
762;达迈-博赫;Damion Baugh;1;0;6;67;66;63;66;69;61;67;60;67;70;61;65;63;64;23;0;0;0;0;0;0;202200;5001;0;0;0;0;0;0;0;0;0;0;0;0;0;0;0;0;0;0;0;0;0
763;斯卡尔-拉比西埃;Skal Labissière;4;5;7;58;77;61;70;69;60;69;64;67;60;62;65;64;64;27;7;0;0;0;0;0;201628;1938;0;0;0;0;0;0;0;0;0;0;0;0;0;0;0;0;0;0;0;0;0
764;扬尼克-恩佐萨;Yannick Nzosa;5;0;6;53;72;61;66;73;67;73;56;64;58;51;60;69;64;19;1;0;0;0;0;0;202254;1786;0;0;0;0;0;0;0;0;0;0;0;0;0;0;0;0;0;0;0;0;0
765;哈利法-迪奥普;Khalifa Diop;4;5;6;53;70;60;67;77;70;71;55;64;58;48;58;70;64;21;1;0;0;0;0;0;202239;1773;0;0;0;0;0;0;0;0;0;0;0;0;0;0;0;0;0;0;0;0;0
766;迈尔斯-莫里斯;Miles Norris;4;3;6;68;77;59;63;74;66;59;51;70;60;65;67;62;64;23;0;0;0;0;0;0;202300;3012;0;0;0;0;0;0;0;0;0;0;0;0;0;0;0;0;0;0;0;0;0
767;小弗农-凯里;Vernon Carey Jr.;5;0;6;50;81;50;55;78;72;76;50;67;41;30;54;73;64;22;3;0;0;0;0;0;202032;1116;0;0;0;0;0;0;0;0;0;0;0;0;0;0;0;0;0;0;0;0;0
768;威利-考利-斯坦;Willie Cauley-Stein;5;4;7;59;74;50;63;76;61;77;63;68;34;46;56;70;64;30;8;0;0;0;0;0;201506;1129;0;0;0;0;0;0;0;0;0;0;0;0;0;0;0;0;0;0;0;0;0
769;伊斯梅尔-卡马盖特;Ismael Kamagate;5;0;7;51;77;50;65;74;72;68;64;68;41;47;56;71;64;22;1;0;0;0;0;0;202246;1110;0;0;0;0;0;0;0;0;0;0;0;0;0;0;0;0;0;0;0;0;0
770;马利克-威廉姆斯;Malik Williams;4;5;6;60;74;63;60;75;61;67;53;69;66;61;64;64;64;25;0;0;0;1;0;0;202200;5001;0;0;0;0;0;0;0;0;0;0;0;0;0;0;0;0;0;0;0;0;0
771;乔-维斯坎普;Joe Wieskamp;2;3;6;60;70;85;70;70;55;50;60;63;84;53;70;56;63;23;2;0;0;0;0;0;202141;2203;0;0;0;0;0;0;0;0;0;0;0;0;0;0;0;0;0;0;0;0;0
772;兰德斯-诺莉二世;Landers Nolley II;2;3;6;72;56;77;60;63;62;67;58;58;74;65;66;60;63;23;0;0;0;0;0;0;202000;5001;0;0;0;0;0;0;0;0;0;0;0;0;0;0;0;0;0;0;0;0;0
773;布林-福布斯;Bryn Forbes;2;1;7;57;72;76;78;77;45;57;52;67;77;65;69;55;63;30;7;0;0;0;0;0;201600;468;0;0;0;0;0;0;0;0;0;0;0;0;0;0;0;0;0;0;0;1;0
774;韦恩-塞尔登;Wayne Selden Jr.;2;3;6;60;74;76;64;80;45;45;72;66;77;39;65;60;63;29;6;0;0;0;0;0;201600;2111;0;0;0;0;0;0;0;0;0;0;0;0;0;0;0;0;0;0;0;0;0
775;马特-托马斯;Matt Thomas;2;1;6;56;70;76;78;71;45;73;50;63;73;76;68;57;63;29;4;0;0;0;0;0;201700;2171;0;0;0;0;0;0;0;0;0;0;0;0;0;0;0;0;0;0;0;0;0
776;PJ-多齐尔;P.J. Dozier;2;3;6;66;69;72;65;72;61;61;64;63;73;42;63;64;63;27;6;0;0;0;0;0;201700;451;0;0;0;0;0;0;0;0;0;0;0;0;0;0;0;0;0;0;0;0;0
777;贾文特-斯玛特;Javonte Smart;1;0;6;69;63;71;68;62;46;61;66;66;67;65;67;58;63;24;0;0;0;0;0;0;202100;3087;0;0;0;0;0;0;0;0;0;0;0;0;0;0;0;0;0;0;0;0;0
778;特雷弗-基尔斯;Trevor Keels;2;0;6;70;64;71;66;70;53;65;63;62;72;45;64;61;63;19;1;0;0;0;0;0;202242;1875;0;0;0;0;0;0;0;0;0;0;0;0;0;0;0;0;0;0;0;0;0
779;尼克-施陶斯卡斯;Nik Stauskas;2;3;6;62;72;71;75;73;51;61;57;64;72;64;67;58;63;29;9;0;0;0;0;0;201408;669;0;0;0;0;0;0;0;0;0;0;0;0;0;0;0;0;0;0;0;0;0
780;克肖恩-贾斯蒂斯;Keshawn Justice;3;4;6;73;58;70;58;67;67;57;62;59;65;62;63;61;63;23;0;0;0;0;0;0;202200;5001;0;0;0;0;0;0;0;0;0;0;0;0;0;0;0;0;0;0;0;0;0
781;罗卡斯-约库贝蒂斯;Rokas Jokubaitis;1;2;6;72;70;70;72;65;50;45;66;62;73;62;70;54;63;22;2;0;0;0;0;0;202134;5001;0;0;0;0;0;0;0;0;0;0;0;0;0;0;0;0;0;0;0;0;0
782;亚姆-马达尔;Yam Madar;1;0;6;70;71;70;74;63;45;60;59;62;73;63;71;54;63;22;3;0;0;0;0;0;202047;1994;0;0;0;0;0;0;0;0;0;0;0;0;0;0;0;0;0;0;0;0;0
783;扎南-穆萨;Dzanan Musa;2;3;6;68;68;70;70;62;59;63;60;61;72;61;67;58;63;24;5;0;0;0;0;0;201829;1343;0;0;0;0;0;0;0;0;0;0;0;0;0;0;0;0;0;0;0;0;0
784;RJ-内姆布哈德;RJ Nembhard Jr.;2;1;6;66;65;70;69;70;59;63;68;62;72;33;61;64;63;24;2;0;0;0;0;0;202100;1349;0;0;0;0;0;0;0;0;0;0;0;0;0;0;0;0;0;0;0;0;0
785;克里斯-克莱蒙斯;Chris Clemons;2;3;6;64;69;70;70;74;46;61;65;64;72;56;65;60;63;27;4;0;0;0;0;0;201900;550;0;0;0;0;0;0;0;0;0;0;0;0;0;0;0;0;0;0;0;0;0
786;特维安-琼斯;Tevian Jones;2;1;6;73;68;69;65;56;59;54;72;61;68;62;66;58;63;22;0;0;0;0;0;0;201800;5001;0;0;0;0;0;0;0;0;0;0;0;0;0;0;0;0;0;0;0;0;0
787;弗兰克-梅森;Frank Mason;1;0;6;76;68;69;67;62;47;62;61;61;72;49;68;56;63;29;6;0;0;0;0;0;201734;2029;0;0;0;0;0;0;0;0;0;0;0;0;0;0;0;0;0;0;0;0;0
788;雨果-贝松;Hugo Besson;1;2;6;72;60;69;65;68;56;59;67;61;72;40;64;62;63;22;1;0;0;0;0;0;202258;1708;0;0;0;0;0;0;0;0;0;0;0;0;0;0;0;0;0;0;0;0;0
789;肖恩-麦克德莫特;Sean McDermott;3;4;6;58;70;69;73;70;55;62;58;63;70;63;65;59;63;27;8;0;0;0;0;0;201411;2019;0;0;0;0;0;0;0;0;0;0;0;0;0;0;0;0;0;0;0;0;0
790;杰里安-格兰特;Jerian Grant;1;0;7;62;69;68;73;74;45;56;64;66;71;56;66;59;63;30;8;0;0;0;0;0;201509;1808;0;0;0;0;0;0;0;0;0;0;0;0;0;0;0;0;0;0;0;0;0
791;贾斯廷-詹姆斯;Justin James;2;3;6;68;71;68;68;73;60;50;63;64;70;52;65;60;63;27;4;0;0;0;0;0;201940;2268;0;0;0;0;0;0;0;0;0;0;0;0;0;0;0;0;0;0;0;0;0
792;乔尔-阿亚伊;Joel Ayayi;2;1;6;62;75;68;69;65;60;60;66;63;70;52;64;61;63;23;2;0;0;0;0;0;202100;1646;0;0;0;0;0;0;0;0;0;0;0;0;0;0;0;0;0;0;0;0;0
793;阿卜杜勒-纳迪尔;Abdel Nader;3;2;6;60;76;68;73;71;47;64;59;64;69;64;67;58;63;30;7;0;0;0;0;0;201658;2053;0;0;0;0;0;0;0;0;0;0;0;0;0;0;0;0;0;0;0;0;0
794;格伦-罗宾逊三世;Glenn Robinson III;2;3;6;53;68;68;73;84;46;65;63;65;70;55;61;65;63;30;9;0;0;0;0;0;201440;591;0;0;0;0;0;0;0;0;0;0;0;0;0;0;0;0;0;0;0;0;0
795;马修-赫特;Matt Hurt;4;0;6;56;62;66;60;74;64;68;56;68;63;64;60;66;63;23;1;0;0;0;0;0;202000;5001;0;0;0;0;0;0;0;0;0;0;0;0;0;0;0;0;0;0;0;0;0
796;贾斯廷-杰克逊;Justin Jackson;3;2;6;62;75;66;72;73;50;60;59;65;66;63;66;58;63;28;6;0;0;0;0;0;201715;1094;0;0;0;0;0;0;0;0;0;0;0;0;0;0;0;0;0;0;0;1;0
797;KZ-奥克帕拉;KZ Okpala;3;0;8;60;63;65;64;75;63;67;65;66;65;40;58;67;63;24;4;0;0;0;0;0;201932;811;0;0;0;0;0;0;0;0;0;0;0;0;0;0;0;0;0;0;0;0;0
798;伊夫-庞斯;Yves Pons ;3;4;6;59;70;65;70;69;64;64;58;63;65;54;62;62;63;24;2;0;0;0;0;0;202100;2072;0;0;0;0;0;0;0;0;0;0;0;0;0;0;0;0;0;0;0;0;0
799;诺阿-冯莱;Noah Vonleh;4;5;7;52;76;64;65;78;52;74;60;68;62;44;60;66;63;28;9;0;0;0;0;0;201409;970;0;0;0;0;0;0;0;0;0;0;0;0;0;0;0;0;0;0;0;0;0
800;小迈克尔-福斯特;Michael Foster Jr.;4;0;6;58;70;63;63;70;70;66;65;63;61;41;59;68;63;23;1;0;0;0;0;0;202200;1798;0;0;0;0;0;0;0;0;0;0;0;0;0;0;0;0;0;0;0;0;0
801;加里-克拉克;Gary Clark;3;2;6;56;72;63;70;76;59;71;55;65;64;54;61;64;63;29;5;0;0;0;0;0;201800;1143;0;0;0;0;0;0;0;0;0;0;0;0;0;0;0;0;0;0;0;0;0
802;凯撒-盖茨;Kaiser Gates;4;0;6;71;69;61;63;60;60;68;68;66;66;63;66;61;63;26;0;0;0;0;0;0;201800;3092;0;0;0;0;0;0;0;0;0;0;0;0;0;0;0;0;0;0;0;0;0
803;乔纳-博尔登;Jonah Bolden;3;4;6;59;60;61;61;74;74;70;64;62;61;35;53;71;63;28;6;0;0;0;0;0;201736;402;0;0;0;0;0;0;0;0;0;0;0;0;0;0;0;0;0;0;0;0;0
804;科斯塔斯-阿德托昆博;Kostas Antetokounmpo;3;4;6;60;71;61;66;68;61;63;65;65;64;63;62;63;63;26;5;0;0;0;0;0;201860;750;0;0;0;0;0;0;0;0;0;0;0;0;0;0;0;0;0;0;0;1;0
805;查尔斯-贝迪亚科;Charles Bediako;5;0;6;63;67;54;58;72;72;63;49;70;59;61;61;65;63;21;0;0;0;0;0;0;202300;3095;0;0;0;0;0;0;0;0;0;0;0;0;0;0;0;0;0;0;0;0;0
806;托尼-布拉德利;Tony Bradley;5;4;6;52;77;54;57;76;68;76;53;66;46;30;54;71;63;26;6;0;0;0;0;0;201728;1730;0;0;0;0;0;0;0;0;0;0;0;0;0;0;0;0;0;0;0;0;0
807;阿利兹-约翰逊;Alize Johnson;3;2;6;55;72;50;59;78;69;76;55;65;45;63;54;70;63;27;5;0;0;0;0;0;201850;1602;0;0;0;0;0;0;0;0;0;0;0;0;0;0;0;0;0;0;0;0;0
808;德万-埃尔南德斯;Dewan Hernandez;5;4;6;50;65;50;66;72;76;77;54;63;38;43;51;73;63;27;4;0;0;0;0;0;201959;1648;0;0;0;0;0;0;0;0;0;0;0;0;0;0;0;0;0;0;0;0;0
809;毛金哈-佩雷拉;Mãozinha Pereira;3;0;6;73;67;61;65;67;63;59;59;66;62;67;65;60;63;23;0;0;0;0;0;0;202300;5001;0;0;0;0;0;0;0;0;0;0;0;0;0;0;0;0;0;0;0;0;0
810;布鲁诺-卡博克洛;Bruno Caboclo;3;4;6;57;68;79;70;77;45;60;57;64;78;57;66;57;62;28;9;0;0;0;0;0;201420;1901;0;0;0;0;0;0;0;0;0;0;0;0;0;0;0;0;0;0;0;0;0
811;马库斯-加勒特;Marcus Garrett;2;1;6;68;70;76;64;75;45;45;71;64;77;42;66;58;62;24;2;0;0;0;0;0;202100;1884;0;0;0;0;0;0;0;0;0;0;0;0;0;0;0;0;0;0;0;0;0
812;弗兰克-杰克逊;Frank Jackson;1;2;6;62;70;75;70;72;50;52;61;63;77;50;67;57;62;25;6;0;0;0;0;0;201731;1891;0;0;0;0;0;0;0;0;0;0;0;0;0;0;0;0;0;0;0;0;0
813;萨姆-德克尔;Sam Dekker;3;4;6;63;72;73;60;78;46;66;59;65;73;38;62;61;62;29;7;0;0;0;0;0;201518;931;0;0;0;0;0;0;0;0;0;0;0;0;0;0;0;0;0;0;0;0;0
814;Javonte-Cooke;Javonte Cooke;1;2;6;74;60;73;62;51;58;58;69;56;69;62;67;57;62;24;0;0;0;0;0;0;202300;5001;0;0;0;0;0;0;0;0;0;0;0;0;0;0;0;0;0;0;0;0;0
815;韦斯利-艾旺杜;Wesley Iwundu;2;3;6;64;74;72;66;72;45;64;61;64;73;46;65;59;62;29;6;0;0;0;0;0;201733;1668;0;0;0;0;0;0;0;0;0;0;0;0;0;0;0;0;0;0;0;0;0
816;凯尔金-布莱文斯;Keljin Blevins;2;1;6;71;65;71;70;65;58;62;54;61;72;61;67;56;62;28;3;0;0;0;0;0;201900;1737;0;0;0;0;0;0;0;0;0;0;0;0;0;0;0;0;0;0;0;0;0
817;卡森-爱德华兹;Carsen Edwards;2;1;6;69;65;71;70;70;50;55;63;62;72;61;67;57;62;25;4;0;0;0;0;0;201933;1671;0;0;0;0;0;0;0;0;0;0;0;0;0;0;0;0;0;0;0;0;0
818;德莫伊-霍奇;D'Moi Hodge;2;1;6;62;65;70;64;65;62;54;66;63;71;68;64;60;62;24;0;0;0;0;0;0;202200;3014;0;0;0;0;0;0;0;0;0;0;0;0;0;0;0;0;0;0;0;0;0
819;D.J.-斯图尔特;D.J. Steward;2;0;6;72;65;70;59;63;54;59;64;67;74;60;66;58;62;21;0;0;0;0;0;0;202300;5001;0;0;0;0;0;0;0;0;0;0;0;0;0;0;0;0;0;0;0;0;0
820;布兰登-古德温;Brandon Goodwin;1;2;6;63;70;70;70;70;50;57;61;63;73;50;66;58;62;28;5;0;0;0;0;0;201800;1820;0;0;0;0;0;0;0;0;0;0;0;0;0;0;0;0;0;0;0;0;0
821;贾斯廷-鲍威尔;Justin Powell;2;0;6;74;55;69;68;61;53;58;72;57;67;62;64;59;62;22;0;0;0;0;0;0;202300;5001;0;0;0;0;0;0;0;0;0;0;0;0;0;0;0;0;0;0;0;0;0
822;约吉-费雷尔;Yogi Ferrell;1;0;7;67;68;69;70;67;50;52;64;64;72;53;67;56;62;30;7;0;0;0;0;0;201600;459;0;0;0;0;0;0;0;0;0;0;0;0;0;0;0;0;0;0;0;0;0
823;泽维尔-斯尼德;Xavier Sneed;2;3;6;65;66;68;67;70;56;56;68;62;70;45;62;61;62;26;2;0;0;0;0;0;202100;2143;0;0;0;0;0;0;0;0;0;0;0;0;0;0;0;0;0;0;0;0;0
824;德文-多特森;Devon Dotson;1;2;6;69;68;68;66;68;55;60;62;62;71;42;65;60;62;24;3;0;0;0;0;0;202000;1784;0;0;0;0;0;0;0;0;0;0;0;0;0;0;0;0;0;0;0;0;0
825;奎因达里-韦瑟斯庞;Quinndary Weatherspoon;1;2;6;71;69;67;70;72;48;51;61;63;70;55;67;56;62;27;2;0;0;0;0;0;201949;2199;0;0;0;0;0;0;0;0;0;0;0;0;0;0;0;0;0;0;0;1;0
826;朱安-贝加林;Juhann Begarin;1;2;6;66;66;67;65;68;64;62;64;62;70;39;62;63;62;20;2;0;0;0;0;0;202145;1705;0;0;0;0;0;0;0;0;0;0;0;0;0;0;0;0;0;0;0;0;0
827;肯德里克-戴维斯;Kendric Davis;1;0;6;78;54;65;64;54;51;57;69;61;71;64;67;56;62;24;0;0;0;0;0;0;202300;5001;0;0;0;0;0;0;0;0;0;0;0;0;0;0;0;0;0;0;0;0;0
828;马科斯-洛扎达-席尔瓦;Didi Louzada;2;3;6;65;70;65;70;75;65;60;50;64;66;55;64;60;62;26;3;0;0;0;0;0;201935;1992;0;0;0;0;0;0;0;0;0;0;0;0;0;0;0;0;0;0;0;0;0
829;伊格纳斯-布拉兹代基斯;Ignas Brazdeikis;3;0;6;56;70;64;69;71;56;60;67;63;64;52;60;62;62;25;4;0;0;0;0;0;201947;1734;0;0;0;0;0;0;0;0;0;0;0;0;0;0;0;0;0;0;0;0;0
830;杰伦-克鲁切尔;Jalen Crutcher;1;0;6;69;56;62;58;62;61;52;74;61;70;58;62;62;62;24;0;0;0;0;0;0;201800;5001;0;0;0;0;0;0;0;0;0;0;0;0;0;0;0;0;0;0;0;0;0
831;罗伯特-伍达德;Robert Woodard II;4;5;6;54;71;61;62;78;62;68;55;65;60;38;57;66;62;24;3;0;0;0;0;0;202040;2222;0;0;0;0;0;0;0;0;0;0;0;0;0;0;0;0;0;0;0;0;0
832;迈克尔-基德-吉尔克里斯特;Michael Kidd-Gilchrist;4;3;6;62;67;60;63;75;62;64;68;63;56;41;58;67;62;30;11;0;0;0;0;0;201202;1072;0;0;0;0;0;0;0;0;0;0;0;0;0;0;0;0;0;0;0;0;0
833;卡洛-马特科维奇;Karlo Matkovic;4;5;6;58;76;59;61;72;63;69;57;65;56;38;58;65;62;22;1;0;0;0;0;0;202252;2008;0;0;0;0;0;0;0;0;0;0;0;0;0;0;0;0;0;0;0;0;0
834;奎因达里-韦瑟斯庞;Quinndary Weatherspoon;2;1;6;69;61;56;74;65;55;60;75;61;54;64;61;63;62;27;4;0;0;0;0;0;201949;2199;0;0;0;0;0;0;0;0;0;0;0;0;0;0;0;0;0;0;0;0;0
835;谢米-奥杰莱;Semi Ojeleye;4;5;6;57;71;52;54;77;62;73;61;65;45;54;54;69;62;29;6;0;0;0;0;0;201737;1682;0;0;0;0;0;0;0;0;0;0;0;0;0;0;0;0;0;0;0;0;0
836;泰勒-库克;Tyler Cook;3;4;6;50;70;51;68;73;71;74;65;64;46;43;52;71;62;26;4;0;0;0;0;0;201900;1935;0;0;0;0;0;0;0;0;0;0;0;0;0;0;0;0;0;0;0;0;0
837;伊安-马辛米;Ian Mahinmi;5;0;7;58;73;50;62;75;69;63;66;70;37;41;55;68;62;37;16;0;0;0;0;0;200528;1267;0;0;0;0;0;0;0;0;0;0;0;0;0;0;0;0;0;0;0;0;0
838;约翰-亨森;John Henson;5;4;7;53;69;50;65;74;71;68;63;66;33;43;53;70;62;33;11;0;0;0;0;0;201214;503;0;0;0;0;0;0;0;0;0;0;0;0;0;0;0;0;0;0;0;0;0
839;安特-日日奇;Ante Žižić;5;0;6;60;72;50;64;76;66;69;56;65;37;47;56;68;62;27;6;0;0;0;0;0;201623;2105;0;0;0;0;0;0;0;0;0;0;0;0;0;0;0;0;0;0;0;0;0
840;克里斯蒂亚诺-费利西奥;Cristiano Felicio;5;4;6;59;71;50;64;78;63;72;53;65;38;47;56;68;62;31;8;0;0;0;0;0;201500;461;0;0;0;0;0;0;0;0;0;0;0;0;0;0;0;0;0;0;0;0;0
841;巴尔萨-科普里维察;Balsa Koprivica;5;0;6;50;73;50;64;75;75;72;45;65;39;41;53;70;62;23;2;0;0;0;0;0;202157;1925;0;0;0;0;0;0;0;0;0;0;0;0;0;0;0;0;0;0;0;0;0
842;马尔科姆-卡扎隆;Malcolm Cazalon;4;2;6;64;68;70;68;56;58;64;60;63;74;64;67;56;61;22;0;0;0;0;0;0;202300;3010;0;0;0;0;0;0;0;0;0;0;0;0;0;0;0;0;0;0;0;0;0
843;凯莱布-麦康奈尔;Caleb McConnell;2;3;6;68;59;76;67;62;50;61;55;60;76;67;67;53;61;24;0;0;0;0;0;0;202300;5001;0;0;0;0;0;0;0;0;0;0;0;0;0;0;0;0;0;0;0;0;0
844;伊扎亚赫-布洛克顿;Izaiah Brockington;2;0;6;70;55;75;68;61;53;61;61;59;69;64;65;56;61;24;0;0;0;0;0;0;202200;5001;0;0;0;0;0;0;0;0;0;0;0;0;0;0;0;0;0;0;0;0;0
845;Au'Diese-Toney;Au'Diese Toney;2;0;6;65;60;74;66;62;65;58;59;61;70;61;64;58;61;23;0;0;0;0;0;0;202300;5001;0;0;0;0;0;0;0;0;0;0;0;0;0;0;0;0;0;0;0;0;0
846;卡迪姆-阿伦;Kadeem Allen;2;3;6;54;75;73;68;73;47;62;61;65;74;46;63;59;61;31;6;0;0;0;0;0;201753;1642;0;0;0;0;0;0;0;0;0;0;0;0;0;0;0;0;0;0;0;0;0
847;迈克-斯科特;Mike Scott;4;0;7;60;72;70;72;69;48;64;50;66;69;64;67;55;61;35;11;0;0;0;0;0;201243;1460;0;0;0;0;0;0;0;0;0;0;0;0;0;0;0;0;0;0;0;0;0
848;辛达里厄斯-桑韦尔;Sindarius Thornwell;2;3;6;67;73;70;73;61;47;59;61;62;72;64;68;54;61;28;5;0;0;0;0;0;201748;1439;0;0;0;0;0;0;0;0;0;0;0;0;0;0;0;0;0;0;0;0;0
849;苏利-鲍姆;Souley Boum;1;2;6;69;54;70;71;56;49;55;66;58;71;65;66;54;61;24;0;0;0;0;0;0;202300;5001;0;0;0;0;0;0;0;0;0;0;0;0;0;0;0;0;0;0;0;0;0
850;贾万-约翰逊;Javan Johnson;3;4;6;60;70;69;66;70;54;56;56;72;64;67;65;56;61;24;0;0;0;0;0;0;202300;5001;0;0;0;0;0;0;0;0;0;0;0;0;0;0;0;0;0;0;0;0;0
851;帕特里克-麦考;Patrick McCaw;2;3;6;62;66;69;66;76;60;60;57;63;71;42;61;62;61;28;7;0;0;0;0;0;201638;610;0;0;0;0;0;0;0;0;0;0;0;0;0;0;0;0;0;0;0;0;0
852;马库斯-霍华德;Markus Howard;1;0;6;65;62;68;79;66;50;50;60;61;71;65;67;54;61;24;3;0;0;0;0;0;202000;1869;0;0;0;0;0;0;0;0;0;0;0;0;0;0;0;0;0;0;0;0;0
853;贾奎里-麦克劳克林;JaQuori McLaughlin;2;1;6;60;68;68;63;69;51;68;66;63;70;37;59;63;61;25;2;0;0;0;0;0;202100;2022;0;0;0;0;0;0;0;0;0;0;0;0;0;0;0;0;0;0;0;0;0
854;热迈厄斯-拉姆齐;Jahmi'us Ramsey;2;1;7;60;71;67;68;68;48;62;65;65;69;49;62;59;61;21;3;0;0;0;0;0;202043;1942;0;0;0;0;0;0;0;0;0;0;0;0;0;0;0;0;0;0;0;0;0
855;亨利-埃伦森;Henry Ellenson;4;0;6;64;68;65;66;73;60;64;47;63;64;51;63;60;61;26;6;0;0;0;0;0;201618;1652;0;0;0;0;0;0;0;0;0;0;0;0;0;0;0;0;0;0;0;0;0
856;特伦斯-弗格森;Terrance Ferguson;2;3;6;62;72;65;68;71;57;60;63;64;66;49;62;61;61;25;6;0;0;0;0;0;201721;1789;0;0;0;0;0;0;0;0;0;0;0;0;0;0;0;0;0;0;0;0;0
857;德鲁-皮特森;Drew Peterson;3;4;6;69;71;64;61;62;63;59;56;64;67;59;64;57;61;23;0;0;0;0;0;0;202300;5001;0;0;0;0;0;0;0;0;0;0;0;0;0;0;0;0;0;0;0;0;0
858;BJ-约翰逊;B.J. Johnson;3;4;7;55;65;63;59;68;62;67;60;66;64;63;58;63;61;28;5;0;0;0;0;0;201800;2258;0;0;0;0;0;0;0;0;0;0;0;0;0;0;0;0;0;0;0;0;0
859;梅尔文-弗雷泽;Melvin Frazier;2;3;7;69;69;60;64;63;60;59;70;64;61;41;60;62;61;27;5;0;0;0;0;0;201835;1793;0;0;0;0;0;0;0;0;0;0;0;0;0;0;0;0;0;0;0;0;0
860;德鲁-提米;Drew Timme;4;5;6;60;74;59;57;62;67;64;50;73;59;58;62;59;61;23;0;0;0;0;0;0;202300;5001;0;0;0;0;0;0;0;0;0;0;0;0;0;0;0;0;0;0;0;0;0
861;伊万-拉布;Ivan Rabb;4;3;6;62;69;57;62;71;64;68;61;63;52;40;57;66;61;27;6;0;0;0;0;0;201735;1939;0;0;0;0;0;0;0;0;0;0;0;0;0;0;0;0;0;0;0;0;0
862;贾斯汀-巴顿;Justin Patton;5;4;7;52;71;50;60;75;61;75;56;69;39;36;53;68;61;26;6;0;0;0;0;0;201716;363;0;0;0;0;0;0;0;0;0;0;0;0;0;0;0;0;0;0;0;0;0
863;丹尼尔-奥图鲁;Daniel Oturu;5;4;6;50;74;50;60;70;75;71;50;64;38;36;52;69;61;24;3;0;0;0;0;0;202033;1688;0;0;0;0;0;0;0;0;0;0;0;0;0;0;0;0;0;0;0;0;0
864;特洛伊-丹尼尔斯;Troy Daniels;2;3;6;53;67;80;69;76;45;59;56;64;80;42;64;57;60;32;10;0;0;0;0;0;201300;923;0;0;0;0;0;0;0;0;0;0;0;0;0;0;0;0;0;0;0;1;0
865;贾罗德-尤托夫;Jarrod Uthoff;4;3;6;50;65;72;67;70;67;62;45;62;71;45;59;60;60;30;6;0;0;0;0;0;201600;2256;0;0;0;0;0;0;0;0;0;0;0;0;0;0;0;0;0;0;0;0;0
866;凯尔-曼加斯;Kyle Mangas;1;2;6;72;65;71;58;65;57;51;57;65;65;56;65;54;60;24;0;0;0;0;0;0;202100;5001;0;0;0;0;0;0;0;0;0;0;0;0;0;0;0;0;0;0;0;0;0
867;德翁特-伯顿;Deonte Burton;2;3;6;63;58;71;66;65;62;67;67;59;61;32;57;64;60;30;6;0;0;0;0;0;201700;1724;0;0;0;0;0;0;0;0;0;0;0;0;0;0;0;0;0;0;0;0;0
868;达柳斯-米勒;Darius Miller;3;4;6;61;70;70;71;75;45;51;55;64;70;62;65;53;60;33;18;0;0;0;0;0;200546;1314;0;0;0;0;0;0;0;0;0;0;0;0;0;0;0;0;0;0;0;0;0
869;格兰特-里勒;Grant Riller;2;3;6;61;78;70;67;71;57;60;50;65;72;49;64;56;60;26;3;0;0;0;0;0;202056;1965;0;0;0;0;0;0;0;0;0;0;0;0;0;0;0;0;0;0;0;0;0
870;扎伊尔-史密斯;Zhaire Smith;2;0;6;66;60;69;68;61;57;56;68;60;71;49;62;58;60;24;5;0;0;0;0;0;201816;2131;0;0;0;0;0;0;0;0;0;0;0;0;0;0;0;0;0;0;0;0;0
871;沙巴兹-内皮尔;Shabazz Napier;1;0;7;63;69;69;68;71;45;53;59;67;72;45;64;55;60;32;9;0;0;0;0;0;201424;1351;0;0;0;0;0;0;0;0;0;0;0;0;0;0;0;0;0;0;0;0;0
872;杰雷米亚-马丁;Jeremiah Martin;2;1;6;65;59;68;56;64;59;60;72;60;70;33;57;63;60;27;4;0;0;0;0;0;201900;1995;0;0;0;0;0;0;0;0;0;0;0;0;0;0;0;0;0;0;0;0;0
873;KJ-威廉姆斯;KJ Williams;4;0;6;62;68;67;53;64;65;60;58;64;65;54;61;60;60;24;0;0;0;0;0;0;202300;5001;0;0;0;0;0;0;0;0;0;0;0;0;0;0;0;0;0;0;0;0;0
874;阿玛安-富兰克林;Armaan Franklin;2;0;6;70;56;66;55;68;59;55;66;55;72;62;61;60;60;22;0;0;0;0;0;0;202300;5001;0;0;0;0;0;0;0;0;0;0;0;0;0;0;0;0;0;0;0;0;0
875;阿方索-麦金尼;Alfonzo McKinnie;3;4;6;52;74;65;68;74;47;70;55;65;65;48;60;60;60;31;6;0;0;0;0;0;201500;2011;0;0;0;0;0;0;0;0;0;0;0;0;0;0;0;0;0;0;0;0;0
876;阿伦-斯玛拉基奇;Alen Smailagic;4;3;6;50;74;65;64;69;64;63;56;64;64;40;59;62;60;23;4;0;0;0;0;0;201939;1462;0;0;0;0;0;0;0;0;0;0;0;0;0;0;0;0;0;0;0;0;0
877;保罗-沃特森;Paul Watson;2;1;6;61;65;64;71;64;60;59;63;61;65;54;60;59;60;29;6;0;0;0;0;0;201700;2219;0;0;0;0;0;0;0;0;0;0;0;0;0;0;0;0;0;0;0;0;0
878;米耶-奥尼;Miye Oni;2;1;6;53;66;64;74;66;51;65;70;62;65;54;59;62;60;26;4;0;0;0;0;0;201958;1684;0;0;0;0;0;0;0;0;0;0;0;0;0;0;0;0;0;0;0;0;0
879;查森-兰德尔;Chasson Randle;1;2;6;64;63;63;63;64;59;63;66;61;66;36;59;62;60;31;8;0;0;0;0;0;201500;1952;0;0;0;0;0;0;0;0;0;0;0;0;0;0;0;0;0;0;0;0;0
880;文森特-瓦莱里奥-博登;Vincent Valerio-Bodon;3;2;6;65;69;61;57;66;54;61;61;69;63;57;61;58;60;22;0;0;0;0;0;0;202200;5001;0;0;0;0;0;0;0;0;0;0;0;0;0;0;0;0;0;0;0;0;0
881;马库尔-梅克;Makur Maker;5;0;6;62;63;60;58;63;65;68;48;69;57;57;59;61;60;22;0;0;0;0;0;0;202200;5001;0;0;0;0;0;0;0;0;0;0;0;0;0;0;0;0;0;0;0;0;0
882;亚当-莫科卡;Adam Mokoka;2;1;6;66;72;60;68;68;57;60;59;63;61;51;61;59;60;25;4;0;0;0;0;0;201900;2043;0;0;0;0;0;0;0;0;0;0;0;0;0;0;0;0;0;0;0;0;0
883;贾齐安-戈特曼;Jazian Gortman;1;2;6;74;63;59;59;62;54;58;60;62;64;59;63;56;60;20;0;0;0;0;0;0;202300;3011;0;0;0;0;0;0;0;0;0;0;0;0;0;0;0;0;0;0;0;0;0
884;达顿-霍姆斯;Daulton Hommes;4;3;6;59;68;59;65;70;65;64;56;63;54;44;58;63;60;27;2;0;0;0;0;0;202100;1873;0;0;0;0;0;0;0;0;0;0;0;0;0;0;0;0;0;0;0;0;0
885;戴奎翁-普劳登;Daeqwon Plowden;2;3;6;66;60;70;66;54;62;62;58;57;71;65;63;55;59;25;0;0;0;0;0;0;202200;5001;0;0;0;0;0;0;0;0;0;0;0;0;0;0;0;0;0;0;0;0;0
886;卡里-惠特尼;Kahlil Whitney;3;0;6;71;55;69;60;64;60;56;52;57;66;64;61;54;59;22;0;0;0;0;0;0;202000;5001;0;0;0;0;0;0;0;0;0;0;0;0;0;0;0;0;0;0;0;0;0
887;泰兹-摩尔;Taze Moore;2;1;6;71;54;67;57;68;56;50;65;54;65;62;60;58;59;25;0;0;0;0;0;0;202300;5001;0;0;0;0;0;0;0;0;0;0;0;0;0;0;0;0;0;0;0;0;0
888;凯勒-马丁;Kelan Martin ;3;2;7;52;71;65;69;70;61;62;45;66;65;48;59;56;59;28;5;0;0;0;0;0;201800;601;0;0;0;0;0;0;0;0;0;0;0;0;0;0;0;0;0;0;0;0;0
889;卡里姆-马内;Karim Mané;1;2;6;64;60;63;67;63;53;62;63;60;66;40;59;58;59;23;3;0;0;0;0;0;202000;2005;0;0;0;0;0;0;0;0;0;0;0;0;0;0;0;0;0;0;0;0;0
890;尼科勒-梅利;Nicolo Melli;4;3;6;59;61;63;60;65;65;67;59;61;61;35;55;63;59;33;10;0;0;0;0;0;201300;1301;0;0;0;0;0;0;0;0;0;0;0;0;0;0;0;0;0;0;0;0;0
891;阿多尼斯-阿姆斯;Adonis Arms;1;2;6;72;52;63;68;52;49;52;67;60;69;68;65;52;59;25;0;0;0;0;0;0;202200;5001;0;0;0;0;0;0;0;0;0;0;0;0;0;0;0;0;0;0;0;0;0
892;安热伊斯-帕塞奇尼克斯;Anzejs Pasecniks;5;4;6;52;72;62;64;68;57;67;51;63;60;44;59;59;59;28;6;0;0;0;0;0;201725;2069;0;0;0;0;0;0;0;0;0;0;0;0;0;0;0;0;0;0;0;0;0
893;钱德勒-哈奇森;Chandler Hutchison;3;4;6;60;65;61;61;69;61;59;63;62;61;35;55;61;59;27;5;0;0;0;0;0;201822;1830;0;0;0;0;0;0;0;0;0;0;0;0;0;0;0;0;0;0;0;0;0
894;贾雷尔-布兰特利;Jarrell Brantley;4;0;6;50;69;60;59;72;66;70;45;63;58;31;53;64;59;27;4;0;0;0;0;0;201950;1738;0;0;0;0;0;0;0;0;0;0;0;0;0;0;0;0;0;0;0;0;0
895;乔伊-豪瑟;Joey Hauser;4;0;6;55;62;59;51;68;68;55;61;67;63;58;56;61;59;24;0;0;0;0;0;0;202300;3013;0;0;0;0;0;0;0;0;0;0;0;0;0;0;0;0;0;0;0;0;0
896;彼得-科尔纳利;Petr Cornelie;4;3;6;50;72;58;66;67;64;63;61;63;53;43;56;62;59;28;2;0;0;0;0;0;201653;1920;0;0;0;0;0;0;0;0;0;0;0;0;0;0;0;0;0;0;0;0;0
897;雷吉-佩里;Reggie Perry;5;4;7;59;74;55;59;68;62;65;50;66;47;38;57;60;59;23;3;0;0;0;0;0;202057;1386;0;0;0;0;0;0;0;0;0;0;0;0;0;0;0;0;0;0;0;0;0
898;亨特-马尔多纳多;Hunter Maldonado;2;0;6;71;59;73;62;53;52;58;57;60;70;59;64;50;58;24;0;0;0;0;0;0;202300;5001;0;0;0;0;0;0;0;0;0;0;0;0;0;0;0;0;0;0;0;0;0
899;纳兹-米特鲁-朗;Naz Mitrou-Long;2;1;7;61;61;68;60;64;63;64;59;62;70;33;57;60;58;30;8;0;0;0;0;0;201500;2038;0;0;0;0;0;0;0;0;0;0;0;0;0;0;0;0;0;0;0;0;0
900;贾斯廷-赖特-福尔曼;Justin Wright-Foreman;1;2;6;70;63;68;64;59;56;56;55;60;71;39;63;52;58;26;4;0;0;0;0;0;201953;1951;0;0;0;0;0;0;0;0;0;0;0;0;0;0;0;0;0;0;0;0;0
901;小迈克-迈尔斯;Mike Miles Jr.;2;1;6;62;69;64;56;57;54;58;64;65;69;58;60;55;58;21;0;0;0;0;0;0;202300;3016;0;0;0;0;0;0;0;0;0;0;0;0;0;0;0;0;0;0;0;0;0
902;安东尼斯-克利夫兰;Antonius Cleveland;2;1;6;79;57;64;54;61;57;58;66;59;65;33;58;58;58;30;6;0;0;0;0;0;201700;1929;0;0;0;0;0;0;0;0;0;0;0;0;0;0;0;0;0;0;0;0;0
903;约什-哈尔;Josh Hall;3;4;6;64;60;64;63;60;60;64;59;60;64;39;57;58;58;23;3;0;0;0;0;0;202000;1824;0;0;0;0;0;0;0;0;0;0;0;0;0;0;0;0;0;0;0;0;0
904;尼克-曼尼恩;Nico Mannion;1;0;6;63;69;64;68;62;51;56;61;61;66;45;61;55;58;23;3;0;0;0;0;0;202048;2025;0;0;0;0;0;0;0;0;0;0;0;0;0;0;0;0;0;0;0;0;0
905;戴维达斯-西尔维迪斯;Deividas Sirvydis;3;2;6;61;62;64;63;65;55;63;60;61;64;39;56;58;58;23;4;0;0;0;0;0;201937;2227;0;0;0;0;0;0;0;0;0;0;0;0;0;0;0;0;0;0;0;0;0
906;格雷格-惠廷顿;Greg Whittington;3;4;6;58;59;64;63;64;61;61;64;60;64;37;54;60;58;30;3;0;0;0;0;0;201500;1867;0;0;0;0;0;0;0;0;0;0;0;0;0;0;0;0;0;0;0;0;0
907;达里乌斯-麦吉;Darius McGhee;1;0;6;69;56;62;59;56;55;64;60;58;64;57;60;56;58;24;0;0;0;0;0;0;202300;5001;0;0;0;0;0;0;0;0;0;0;0;0;0;0;0;0;0;0;0;0;0
908;尤斯蒂尼扬-杰斯普;Justinian Jessup;1;2;6;58;70;62;74;74;50;59;49;64;65;54;62;54;58;24;3;0;0;0;0;0;202051;1894;0;0;0;0;0;0;0;0;0;0;0;0;0;0;0;0;0;0;0;0;0
909;泰肖恩-亚历山大;Ty-Shon Alexander;1;2;6;64;58;61;60;67;57;64;61;60;64;32;55;61;58;25;3;0;0;0;0;0;202000;2252;0;0;0;0;0;0;0;0;0;0;0;0;0;0;0;0;0;0;0;0;0
910;杰伦-勒丘;Jalen Lecque;2;1;6;63;64;61;63;64;59;61;63;61;62;37;56;60;58;23;4;0;0;0;0;0;201900;1958;0;0;0;0;0;0;0;0;0;0;0;0;0;0;0;0;0;0;0;0;0
911;马尔科姆-米勒;Malcolm Miller;2;3;6;60;68;61;64;69;61;60;59;63;62;39;57;60;58;30;4;0;0;0;0;0;201900;2036;0;0;0;0;0;0;0;0;0;0;0;0;0;0;0;0;0;0;0;0;0
912;蒂米-阿伦;Timmy Allen;3;0;6;69;61;61;56;61;55;65;54;65;60;58;59;55;58;23;0;0;0;0;0;0;202300;3134;0;0;0;0;0;0;0;0;0;0;0;0;0;0;0;0;0;0;0;0;0
913;威廉-霍华德;William Howard;3;2;6;59;63;60;56;69;59;65;60;62;60;31;52;61;58;30;8;0;0;0;0;0;201500;1870;0;0;0;0;0;0;0;0;0;0;0;0;0;0;0;0;0;0;0;0;0
914;罗伯特-弗兰克斯;Robert Franks;4;5;6;60;65;59;60;68;67;60;54;62;54;36;55;61;58;27;3;0;0;0;0;0;201900;1790;0;0;0;0;0;0;0;0;0;0;0;0;0;0;0;0;0;0;0;0;0
915;维克-劳;Vic Law;3;2;6;58;66;59;73;62;59;59;55;61;58;62;60;55;58;28;4;0;0;0;0;0;201900;1956;0;0;0;0;0;0;0;0;0;0;0;0;0;0;0;0;0;0;0;0;0
916;杰伦-亚当斯;Jaylen Adams;1;2;6;69;60;59;64;70;53;54;64;60;61;35;58;59;58;27;5;0;0;0;0;0;201800;2246;0;0;0;0;0;0;0;0;0;0;0;0;0;0;0;0;0;0;0;0;0
917;约什-格雷;Josh Gray;1;2;6;66;58;58;54;64;56;58;74;60;60;31;53;63;58;30;7;0;0;0;0;0;201600;1812;0;0;0;0;0;0;0;0;0;0;0;0;0;0;0;0;0;0;0;0;0
918;雷-斯波尔丁;Ray Spalding;3;4;6;59;62;58;66;74;57;64;53;60;54;41;54;60;58;26;5;0;0;0;0;0;201856;2132;0;0;0;0;0;0;0;0;0;0;0;0;0;0;0;0;0;0;0;0;0
919;雅各布-埃文斯;Jacob Evans;2;3;6;67;61;75;62;72;50;45;56;60;74;34;61;52;57;26;5;0;0;0;0;0;201828;1657;0;0;0;0;0;0;0;0;0;0;0;0;0;0;0;0;0;0;0;0;0
920;德维恩-培根;Dwayne Bacon;2;3;6;52;68;69;68;70;50;54;59;63;71;40;58;56;57;28;6;0;0;0;0;0;201740;2074;0;0;0;0;0;0;0;0;0;0;0;0;0;0;0;0;0;0;0;0;0
921;内特-达林;Nate Darling;1;2;6;62;58;65;65;64;53;54;63;60;68;37;58;56;57;25;3;0;0;0;0;0;202000;1754;0;0;0;0;0;0;0;0;0;0;0;0;0;0;0;0;0;0;0;0;0
922;马尔科-古杜里奇;Marko Guduric;2;3;6;61;61;64;60;65;60;62;60;61;65;33;55;59;57;28;6;0;0;0;0;0;201700;1821;0;0;0;0;0;0;0;0;0;0;0;0;0;0;0;0;0;0;0;0;0
923;小扎克-诺维尔;Zach Norvell;2;3;6;60;60;64;56;66;59;60;64;61;65;33;54;60;57;26;5;0;0;0;0;0;201800;2063;0;0;0;0;0;0;0;0;0;0;0;0;0;0;0;0;0;0;0;0;0
924;尼格尔-威廉姆斯-戈斯;Nigel Williams-Goss;1;2;6;64;64;62;60;63;59;59;58;61;65;33;57;57;57;29;6;0;0;0;0;0;201755;2187;0;0;0;0;0;0;0;0;0;0;0;0;0;0;0;0;0;0;0;0;0
925;杰里米-帕戈;Jeremy Pargo;1;2;6;71;64;61;57;63;57;58;56;61;64;32;58;55;57;37;14;0;0;0;0;0;200900;1375;0;0;0;0;0;0;0;0;0;0;0;0;0;0;0;0;0;0;0;0;0
926;卡姆-雷诺兹;Cameron Reynolds;3;2;6;61;64;60;59;63;59;59;62;61;60;34;54;58;57;29;4;0;0;0;0;0;201900;1959;0;0;0;0;0;0;0;0;0;0;0;0;0;0;0;0;0;0;0;0;0
927;塔里克-欧文斯;Tariq Owens;3;4;6;58;60;60;63;64;59;61;64;60;60;37;53;60;57;28;6;0;0;0;0;0;201700;2064;0;0;0;0;0;0;0;0;0;0;0;0;0;0;0;0;0;0;0;0;0
928;艾伦-亨利;Aaron Henry;3;4;6;57;66;60;57;63;62;64;63;61;60;31;52;61;57;24;2;0;0;0;0;0;202100;1850;0;0;0;0;0;0;0;0;0;0;0;0;0;0;0;0;0;0;0;0;0
929;马里亚尔-沙约克;Marial Shayok;2;3;6;64;58;59;68;62;57;58;64;60;60;44;56;58;57;28;4;0;0;0;0;0;201954;2120;0;0;0;0;0;0;0;0;0;0;0;0;0;0;0;0;0;0;0;0;0
930;马特-穆尼;Matthew Mooney;2;1;6;63;59;59;63;63;61;60;66;60;60;37;54;61;57;27;4;0;0;0;0;0;201900;2052;0;0;0;0;0;0;0;0;0;0;0;0;0;0;0;0;0;0;0;0;0
931;尤里-科林斯;Yuri Collins;1;0;6;77;50;58;65;60;57;52;56;53;61;60;61;52;57;22;0;0;0;0;0;0;202300;5001;0;0;0;0;0;0;0;0;0;0;0;0;0;0;0;0;0;0;0;0;0
932;威尔-马格奈;Will Magnay;5;0;6;52;62;57;66;64;62;68;53;61;50;43;53;61;57;25;5;0;0;0;0;0;201800;1998;0;0;0;0;0;0;0;0;0;0;0;0;0;0;0;0;0;0;0;0;0
933;帕特里克-加德纳;Patrick Gardner;5;0;6;63;61;53;54;60;68;60;54;63;60;55;56;59;57;24;0;0;0;0;0;0;202300;5001;0;0;0;0;0;0;0;0;0;0;0;0;0;0;0;0;0;0;0;0;0
934;诺维尔-佩莱;Norvel Pelle;4;3;6;50;70;50;62;66;62;75;55;62;43;36;50;64;57;31;9;0;0;0;0;0;201400;2075;0;0;0;0;0;0;0;0;0;0;0;0;0;0;0;0;0;0;0;0;0
935;布莱斯-威尔斯;Bryce Willis;1;2;6;66;54;69;53;60;58;52;58;58;65;53;58;53;56;23;0;0;0;0;0;0;202300;5001;0;0;0;0;0;0;0;0;0;0;0;0;0;0;0;0;0;0;0;0;0
936;贾斯廷-罗宾逊;Justin Robinson;1;2;6;62;61;61;63;61;60;61;57;60;64;34;56;56;56;26;5;0;0;0;0;0;201800;1979;0;0;0;0;0;0;0;0;0;0;0;0;0;0;0;0;0;0;0;0;0
937;埃利-奥科博;Elie Okobo;2;3;6;62;60;61;59;69;60;60;59;61;62;32;54;60;56;26;5;0;0;0;0;0;201831;1683;0;0;0;0;0;0;0;0;0;0;0;0;0;0;0;0;0;0;0;0;0
938;詹姆斯-农纳利;James Nunnally;3;4;6;57;60;61;62;63;60;62;59;60;61;35;53;58;56;33;6;0;0;0;0;0;201300;1363;0;0;0;0;0;0;0;0;0;0;0;0;0;0;0;0;0;0;0;0;0
939;凯尔-亚历山大;Kyle Alexander;3;4;6;61;65;60;61;61;59;59;55;61;60;37;55;55;56;27;4;0;0;0;0;0;201900;2249;0;0;0;0;0;0;0;0;0;0;0;0;0;0;0;0;0;0;0;0;0
940;凯文-赫维;Kevin Hervey;3;2;6;58;70;60;61;63;59;60;55;62;60;35;55;56;56;27;5;0;0;0;0;0;201857;1844;0;0;0;0;0;0;0;0;0;0;0;0;0;0;0;0;0;0;0;0;0
941;阿克塞尔-图帕内;Axel Toupane;2;3;6;57;58;60;57;70;63;62;60;61;61;32;51;62;56;31;3;0;0;0;0;0;202000;2165;0;0;0;0;0;0;0;0;0;0;0;0;0;0;0;0;0;0;0;1;0
942;约什-里夫斯;Josh Reaves;2;3;6;59;73;60;56;69;59;59;56;62;61;32;54;58;56;26;4;0;0;0;0;0;201900;1963;0;0;0;0;0;0;0;0;0;0;0;0;0;0;0;0;0;0;0;0;0
943;布赖恩-鲍恩二世;Brian Bowen II;3;2;6;58;66;59;56;70;61;59;55;62;58;31;52;59;56;25;3;0;0;0;0;0;202000;1703;0;0;0;0;0;0;0;0;0;0;0;0;0;0;0;0;0;0;0;0;0
944;JP-马楚拉;J.P. Macura;2;1;6;63;79;58;54;60;57;57;62;63;58;31;55;56;56;28;5;0;0;0;0;0;201800;1993;0;0;0;0;0;0;0;0;0;0;0;0;0;0;0;0;0;0;0;0;0
945;贾登-沙克尔福德;Jaden Shackelford;1;2;6;66;54;58;67;56;43;48;68;59;62;63;59;51;56;22;0;0;0;0;0;0;202200;5001;0;0;0;0;0;0;0;0;0;0;0;0;0;0;0;0;0;0;0;0;0
946;马利克-纽曼;Malik Newman;2;1;6;57;58;58;58;72;57;57;71;60;58;31;50;64;56;26;5;0;0;0;0;0;201800;2060;0;0;0;0;0;0;0;0;0;0;0;0;0;0;0;0;0;0;0;0;0
947;乔纳森-威廉姆斯;Johnathan Williams;4;3;6;58;75;58;57;63;58;63;54;60;53;30;55;57;56;28;5;0;0;0;0;0;201800;2189;0;0;0;0;0;0;0;0;0;0;0;0;0;0;0;0;0;0;0;0;0
948;亚卡尔-桑普森;Jakarr Sampson;4;3;6;53;69;55;64;69;59;59;53;63;49;40;54;58;56;30;9;0;0;0;0;0;201400;2116;0;0;0;0;0;0;0;0;0;0;0;0;0;0;0;0;0;0;0;0;0
949;乔丹-麦克雷;Jordan McRae;2;1;7;66;68;50;64;63;62;63;59;63;46;39;53;59;56;32;8;0;0;0;0;0;201458;1290;0;0;0;0;0;0;0;0;0;0;0;0;0;0;0;0;0;0;0;0;0
950;樊尚-普瓦里耶;Vincent Poirier;4;5;6;56;60;50;60;75;55;75;45;62;43;35;49;62;56;30;4;0;0;0;0;0;201900;2093;0;0;0;0;0;0;0;0;0;0;0;0;0;0;0;0;0;0;0;0;0
951;乔丹-博恩;Jordan Bone;2;1;6;68;59;61;57;58;59;59;58;59;62;32;55;55;55;26;4;0;0;0;0;0;201957;1726;0;0;0;0;0;0;0;0;0;0;0;0;0;0;0;0;0;0;0;0;0
952;阿朗佐-特里尔;Allonzo Trier;2;1;6;64;58;61;57;62;57;58;60;60;62;32;53;56;55;28;5;0;0;0;0;0;201800;2162;0;0;0;0;0;0;0;0;0;0;0;0;0;0;0;0;0;0;0;0;0
953;肯尼-伍滕;Kenny Wooten;3;4;6;61;59;60;61;65;59;59;55;60;60;35;53;56;55;25;4;0;0;0;0;0;201900;718;0;0;0;0;0;0;0;0;0;0;0;0;0;0;0;0;0;0;0;0;0
954;乔纳森-莫特利;Johnathan Motley;3;2;6;59;60;59;60;63;59;60;58;60;58;34;52;57;55;28;6;0;0;0;0;0;201700;2045;0;0;0;0;0;0;0;0;0;0;0;0;0;0;0;0;0;0;0;0;0
955;泽尔-奇特汉;Zylan Cheatham;3;2;6;64;58;57;54;64;59;61;61;60;56;31;50;59;55;28;6;0;0;0;0;0;201700;2097;0;0;0;0;0;0;0;0;0;0;0;0;0;0;0;0;0;0;0;0;0
